code,name,description,material,size,fragm,cultlayer,execorg,survyear,image_file,match_rule,has_image,group_key,material_raw,type,type_is_missing,part,part_is_missing,integrity,integrity_is_missing,material_is_missing,label_is_uncertain,split
М102-2012-1-0494,Изразец,Изразца красноглиняного с белой поливой и кобальтовой (растительной либо сюжетной ?) росписью фр-т,керамика,"7+ х 3,5+ х 1,1+ см",Фрагмент,Пестрая мешаная супесь,ИИМК РАН,2012.0,data/raw/images/М102-2012-1-0494_orig.jpg,startswith,1,М102-2012-1-0494,Керамика,изразец,0,часть не указана,1,фрагмент,0,0,1,train
М102-2012-1-0496,Изразец,Изразца красноглиняного плоского с белой поливой и голубой росписью фр-т,керамика,"9,9+ х 6,4+ х 1,3+ см",Фрагмент,Пестрая мешаная супесь,ИИМК РАН,2012.0,data/raw/images/М102-2012-1-0496_orig.jpg,startswith,1,М102-2012-1-0496,Керамика,изразец,0,часть не указана,1,фрагмент,0,0,0,train
М102-2012-1-0529,Изразец,Изразца-перемычки красноглиняного с белой поливой и кобальтовой растительной росписью фр-т,керамика,"4,5+ х 4,3 х 4,2+ см",Фрагмент,Пестрая мешаная супесь,ИИМК РАН,2012.0,data/raw/images/М102-2012-1-0529_orig.jpg,startswith,1,М102-2012-1-0529,Керамика,изразец,0,часть не указана,1,фрагмент,0,0,0,test
М102-2012-1-0585,Тарелка,Сосуда (тарелки ?) фаянсового с белой поливой внутри и снаружи края фр-т,фаянс,D? см,Фрагмент,Дерн со щепой,ИИМК РАН,2012.0,data/raw/images/М102-2012-1-0585_orig.jpg,startswith,1,М102-2012-1-0585,Фаянс,тарелка,0,часть не указана,1,фрагмент,0,0,1,train
М102-2012-1-0603,Изразец,Изразца (перемычки?) красноглиняного с белой поливой и голубой росписью фр-т,керамика,"3,8+ х 2,8 х 5,1+ см",Фрагмент,Дерн со щепой,ИИМК РАН,2012.0,data/raw/images/М102-2012-1-0603_orig.jpg,startswith,1,М102-2012-1-0603,Керамика,изразец,0,часть не указана,1,фрагмент,0,0,1,test
М102-2012-1-0611,Изразец,Изразца красноглиняного плоского с белой поливой и голубой росписью фр-т,керамика,"9,8+ х 6,8+ х 2,2 см",Фрагмент,Дерн со щепой,ИИМК РАН,2012.0,data/raw/images/М102-2012-1-0611_orig.jpg,startswith,1,М102-2012-1-0611,Керамика,изразец,0,часть не указана,1,фрагмент,0,0,0,test
М102-2012-1-0691,Миска,"Миски серолощеной с орнаментом ""волна"" снаружи венчика фр-т",керамика,D28 см,Фрагмент,Темно-серая сильногумусированная супесь (низ пестрой),ИИМК РАН,2012.0,data/raw/images/М102-2012-1-0691_orig.jpg,startswith,1,М102-2012-1-0691,Керамика,миска,0,венчик,0,фрагмент,0,0,0,train
М102-2012-1-0752,Тарелка,"Сосуда (тарелки, блюда ?) красноглиняной с белой поливой снаружи и внутри с росписью (синие цветы с листьями в центре сосуда) донца фр-т",керамика,D ок 19 см,Фрагмент,Темно-серая сильногумусированная супесь (низ пестрой),ИИМК РАН,2012.0,data/raw/images/М102-2012-1-0752_orig.jpg,startswith,1,М102-2012-1-0752,Керамика,тарелка,0,донце,0,фрагмент,0,0,1,train
М102-2012-1-0827,Тарелка,Сосуда (тарелки ?) фаянсового с белой поливой внутри и снаружи края фр-т,фаянс,D19 см,Фрагмент,Дерн со щепой,ИИМК РАН,2012.0,data/raw/images/М102-2012-1-0827_orig.jpg,startswith,1,М102-2012-1-0827,Фаянс,тарелка,0,часть не указана,1,фрагмент,0,0,1,test
М102-2012-1-0833,Тарелка,Сосуда (тарелки ?) фаянсового с белой поливой внутри и снаружи края фр-т,фаянс,D? см,Фрагмент,Дерн со щепой,ИИМК РАН,2012.0,data/raw/images/М102-2012-1-0833_orig.jpg,startswith,1,М102-2012-1-0833,Фаянс,тарелка,0,часть не указана,1,фрагмент,0,0,1,train
М102-2012-1-0837,Тарелка,Тарелки фаянсовой с белой поливой внутри и снаружи края фигурного фр-т,фаянс,D? см,Фрагмент,Дерн со щепой,ИИМК РАН,2012.0,data/raw/images/М102-2012-1-0837_orig.jpg,startswith,1,М102-2012-1-0837,Фаянс,тарелка,0,часть не указана,1,фрагмент,0,0,0,test
М102-2012-1-0843,Тарелка,Сосуда (тарелки ?) фаянсового с белой поливой внутри и снаружи края фр-т,фаянс,D? см,Фрагмент,Дерн со щепой,ИИМК РАН,2012.0,data/raw/images/М102-2012-1-0843_orig.jpg,startswith,1,М102-2012-1-0843,Фаянс,тарелка,0,часть не указана,1,фрагмент,0,0,1,train
М102-2012-1-0847,Тарелка,Тарелки фаянсовой с белой поливой внутри и снаружи края фигурного фр-т,фаянс,D? см,Фрагмент,Дерн со щепой,ИИМК РАН,2012.0,data/raw/images/М102-2012-1-0847_orig.jpg,startswith,1,М102-2012-1-0847,Фаянс,тарелка,0,часть не указана,1,фрагмент,0,0,0,test
М102-2012-1-0851,Тарелка,Тарелки фаянсовой с белой поливой внутри и снаружи края фигурного фр-т,фаянс,D ок20 см,Фрагмент,Дерн со щепой,ИИМК РАН,2012.0,data/raw/images/М102-2012-1-0851_orig.jpg,startswith,1,М102-2012-1-0851,Фаянс,тарелка,0,часть не указана,1,фрагмент,0,0,0,val
М102-2012-1-0942,Миска,Миски красноглиняной с белым ангобом внутри и снаружи профиль,керамика,"D26 (донце), D21 (венчик) см",Фрагмент,Дерн со щепой,ИИМК РАН,2012.0,data/raw/images/М102-2012-1-0942_orig.jpg,startswith,1,М102-2012-1-0942,Керамика,миска,0,профиль,0,фрагмент,0,0,0,train
М102-2012-1-0949,Изразец,Изразца красноглиняного плоского с белой поливой и голубой росписью фр-т,керамика,"10+ х 9+ х 1,5; выс румпы=4,5 см",Фрагмент,Дерн со щепой,ИИМК РАН,2012.0,data/raw/images/М102-2012-1-0949_orig.jpg,startswith,1,М102-2012-1-0949,Керамика,изразец,0,часть не указана,1,фрагмент,0,0,0,train
М102-2012-1-1008,Изразец,"Изразца красноглиняного с белой поливой, растительным орнаментом и монохромной растительной росписью фр-т",керамика,"10,7+ х 6,4+ х 6+ см",Фрагмент,Дерн со щепой,ИИМК РАН,2012.0,data/raw/images/М102-2012-1-1008_orig.jpg,startswith,1,М102-2012-1-1008,Керамика,изразец,0,часть не указана,1,фрагмент,0,0,0,val
М102-2012-2-0538,Блюдце,Блюдца (?) фарфорового с полихромной растительной росписью и золотой окантовкой края фр-т,фарфор,D15 см,Фрагмент,Дерн,ИИМК РАН,2012.0,data/raw/images/М102-2012-2-0538_orig.jpg,startswith,1,М102-2012-2-0538,Фарфор,блюдце,0,часть не указана,1,фрагмент,0,0,1,train
М102-2012-2-0543,Блюдце,Блюдца фарфорового с белой поливой снаружи и внутри с зеленой растительной росписью в технике деколь профиля фр-т,фарфор,"D8 (донце), D15 (край) см",Фрагмент,Дерн,ИИМК РАН,2012.0,data/raw/images/М102-2012-2-0543_orig.jpg,startswith,1,М102-2012-2-0543,Фарфор,блюдце,0,профиль,0,фрагмент,0,0,0,train
М102-2012-2-1028,Тарелка,Тарелки фаянсовой с белой поливой снаружи и внутри с полихромной растительной росписью профиль,фаянс,D24 см,Фрагмент,Битый кирпич,ИИМК РАН,2012.0,data/raw/images/М102-2012-2-1028_orig.jpg,startswith,1,М102-2012-2-1028,Фаянс,тарелка,0,профиль,0,фрагмент,0,0,0,test
М102-2012-2-1068,Плитка,Плитки напольной из каменной массы (?) с белой поливой края фр-т,прочее,"10,5+ х 6,5+ х 1 см",Фрагмент,Битый кирпич,ИИМК РАН,2012.0,data/raw/images/М102-2012-2-1068_orig.jpg,startswith,1,М102-2012-2-1068,Каменная масса,прочее,1,часть не указана,1,фрагмент,0,1,1,train
М102-2012-2-1086,Тарелка,Тарелки фаянсовой с белой поливой снаружи и внутри с полихромной растительной росписью донца фр-т,фаянс,D13 см,Фрагмент,"Желтый песок, подсыпка под мостовой 1",ИИМК РАН,2012.0,data/raw/images/М102-2012-2-1086_orig.jpg,startswith,1,М102-2012-2-1086,Фаянс,тарелка,0,донце,0,фрагмент,0,0,0,train
М102-2012-2-1095,Изразец,Изразца(?) белоглиняного с белой поливой фр-т,керамика,"5+ х 5,5 х 2,5+ см",Фрагмент,Битый кирпич,ИИМК РАН,2012.0,data/raw/images/М102-2012-2-1095_orig.jpg,startswith,1,М102-2012-2-1095,Керамика,изразец,0,часть не указана,1,фрагмент,0,0,1,train
М102-2012-2-1121,Блюдце,Блюдца фарфорового с белой поливой снаружи и внутри края фр-т,фарфор,D15 см,Фрагмент,Слой под мостовой 2,ИИМК РАН,2012.0,data/raw/images/М102-2012-2-1121_orig.jpg,startswith,1,М102-2012-2-1121,Фарфор,блюдце,0,часть не указана,1,фрагмент,0,0,0,train
М102-2012-2-1123,Блюдце,Блюдца фарфорового с белой поливой снаружи и зеленой внутри донца фр-т,фарфор,D9 см,Фрагмент,Слой под мостовой 2,ИИМК РАН,2012.0,data/raw/images/М102-2012-2-1123_orig.jpg,startswith,1,М102-2012-2-1123,Фарфор,блюдце,0,донце,0,фрагмент,0,0,0,train
М102-2012-2-1125,Крышка,Сосуда фарфорового с белой поливой внутри и снаружи с золотой окантовкой снаружи крышки фр-т,фарфор,D5 см,Фрагмент,Слой под мостовой 2,ИИМК РАН,2012.0,data/raw/images/М102-2012-2-1125_orig.jpg,startswith,1,М102-2012-2-1125,Фарфор,крышка,0,часть не указана,1,фрагмент,0,0,0,train
М102-2012-2-1166,Блюдце,Блюдца (?) фарфорового с белой поливой внутри и снаружи донца клейменого фр-т,фарфор,D9 см,Фрагмент,,ИИМК РАН,2012.0,data/raw/images/М102-2012-2-1166_orig.jpg,startswith,1,М102-2012-2-1166,Фарфор,блюдце,0,донце,0,фрагмент,0,0,1,train
М102-2012-2-1181,Плитка,Плитки  желтоглиняной облицовочной с голубой поливой снаружи и клеймом на внутренней стороне фр-т,керамика,"12+ х 7,3+ х 1,1 см",Фрагмент,,ИИМК РАН,2012.0,data/raw/images/М102-2012-2-1181_orig.jpg,startswith,1,М102-2012-2-1181,Керамика,прочее,1,часть не указана,1,фрагмент,0,0,0,val
М102-2012-2-1248,Блюдце,Блюдца фарфорового с белой поливой внутри и снаружи донца клейменого фр-т,фарфор,"4+ х 2,9+ х 0,4 см",Фрагмент,,ИИМК РАН,2012.0,data/raw/images/М102-2012-2-1248_orig.jpg,startswith,1,М102-2012-2-1248,Фарфор,блюдце,0,донце,0,фрагмент,0,0,0,test
М102-2012-2-1264,Тарелка,Тарелки фаянсовой с белой поливой снаружи и кобальтовой геометрической росписью внутри края фр-т,фаянс,D26 см,Фрагмент,Слой под цементным полом (мусор XIX века),ИИМК РАН,2012.0,data/raw/images/М102-2012-2-1264_orig.jpg,startswith,1,М102-2012-2-1264,Фаянс,тарелка,0,часть не указана,1,фрагмент,0,0,0,train
М102-2012-2-1265,Тарелка,Тарелки фаянсовой с белой поливой снаружи и кобальтовой растительно-геометрической росписью внутри края фр-т,фаянс,D26 см,Фрагмент,Слой под цементным полом (мусор XIX века),ИИМК РАН,2012.0,data/raw/images/М102-2012-2-1265_orig.jpg,startswith,1,М102-2012-2-1265,Фаянс,тарелка,0,часть не указана,1,фрагмент,0,0,0,train
М102-2012-2-1267,Тарелка,Тарелки фаянсовой с белой поливой снаружи и кобальтовой растительно-геометрической росписью внутри края фр-т,фаянс,D26 см,Фрагмент,Слой под цементным полом (мусор XIX века),ИИМК РАН,2012.0,data/raw/images/М102-2012-2-1267_orig.jpg,startswith,1,М102-2012-2-1267,Фаянс,тарелка,0,часть не указана,1,фрагмент,0,0,0,train
М102-2012-2-1271,Блюдце,Блюдца фарфорового с белой поливой снаружи и внутри с рельефной поверхностью придонной части фр-т,фарфор,D8 см,Фрагмент,Слой под цементным полом (мусор XIX века),ИИМК РАН,2012.0,data/raw/images/М102-2012-2-1271_orig.jpg,startswith,1,М102-2012-2-1271,Фарфор,блюдце,0,часть не указана,1,фрагмент,0,0,0,test
М102-2012-2-1279,Крышка,Сосуда прозрачного стекла крышки фр-т,стекло,"7,5+ х 5,9+ х 0,2 см",Фрагмент,Слой под цементным полом (мусор XIX века),ИИМК РАН,2012.0,data/raw/images/М102-2012-2-1279_orig.jpg,startswith,1,М102-2012-2-1279,Стекло,крышка,0,часть не указана,1,фрагмент,0,0,0,test
М102-2012-2-1313,Блюдце,Блюдца фарфорового с золотой окантовкой снаружи донца клейменого фр-т,фарфор,D9 см,Фрагмент,,ИИМК РАН,2012.0,data/raw/images/М102-2012-2-1313_orig.jpg,startswith,1,М102-2012-2-1313,Фарфор,блюдце,0,донце,0,фрагмент,0,0,0,test
М102-2012-2-1314,Крышка,Сосуда фарфорового с белой поливой внутри и снаружи с золотой окантовкой крышки фр-т,фарфор,D7 см,Фрагмент,,ИИМК РАН,2012.0,data/raw/images/М102-2012-2-1314_orig.jpg,startswith,1,М102-2012-2-1314,Фарфор,крышка,0,часть не указана,1,фрагмент,0,0,0,train
М102-2012-2-1319,Тарелка,Тарелки фаянсовой с белой поливой снаружи и внутри края фр-т,фаянс,D25 см,Фрагмент,Слой под цементным полом (мусор XIX века),ИИМК РАН,2012.0,data/raw/images/М102-2012-2-1319_orig.jpg,startswith,1,М102-2012-2-1319,Фаянс,тарелка,0,часть не указана,1,фрагмент,0,0,0,train
М102-2012-2-1327,Плитка,Плитки белоглиняной облицовочной с белой поливой снаружи края фр-т,керамика,"7,8+ х 5,4+ х 1,1 см",Фрагмент,,ИИМК РАН,2012.0,data/raw/images/М102-2012-2-1327_orig.jpg,startswith,1,М102-2012-2-1327,Керамика,прочее,1,часть не указана,1,фрагмент,0,0,0,train
М102-2012-2-1359,Блюдце,Сосуда (блюдца?) фаянсового с прозрачной поливой внутри и снаружи края фр-т,фаянс,D12 см,Фрагмент,Слой под цементным полом (мусор XIX века),ИИМК РАН,2012.0,data/raw/images/М102-2012-2-1359_orig.jpg,startswith,1,М102-2012-2-1359,Фаянс,блюдце,0,часть не указана,1,фрагмент,0,0,1,train
М102-2012-2-1360,Тарелка,Тарелки фаянсовой с прозрачной поливой внутри и снаружи края волнистого фр-т,фаянс,D? см,Фрагмент,Слой под цементным полом (мусор XIX века),ИИМК РАН,2012.0,data/raw/images/М102-2012-2-1360_orig.jpg,startswith,1,М102-2012-2-1360,Фаянс,тарелка,0,часть не указана,1,фрагмент,0,0,0,train
М102-2012-2-1361,Блюдце,Блюдца фарфорового с белой поливой внутри и снаружи профиль,фарфор,"D14,5 см",Фрагмент,Слой под цементным полом (мусор XIX века),ИИМК РАН,2012.0,data/raw/images/М102-2012-2-1361_orig.jpg,startswith,1,М102-2012-2-1361,Фарфор,блюдце,0,профиль,0,фрагмент,0,0,0,val
М102-2012-2-1394,Крышка,Сосуда фаянсового с полихромной растительно-геометрической росписью и следами позолоты крышка,фаянс,D9 см,Целый,,ИИМК РАН,2012.0,data/raw/images/М102-2012-2-1394_orig.jpg,startswith,1,М102-2012-2-1394,Фаянс,крышка,0,часть не указана,1,целый,0,0,0,val
М102-2012-2-1406,Блюдце,Блюдца фаянсового профиля фр-т,фаянс,D8 см,Фрагмент,Яма с битым кирпичом,ИИМК РАН,2012.0,data/raw/images/М102-2012-2-1406_orig.jpg,startswith,1,М102-2012-2-1406,Фаянс,блюдце,0,профиль,0,фрагмент,0,0,0,val
М102-2012-2-1423,Миска (?),Сосуда (миски ?) красноглиняного со следами желто-зеленой поливы внутри венчика фр-т,керамика,D24 см,Фрагмент,Светло-серая мешаная супесь,ИИМК РАН,2012.0,data/raw/images/М102-2012-2-1423_orig.jpg,startswith,1,М102-2012-2-1423,Керамика,миска,0,венчик,0,фрагмент,0,0,1,test
Мич11-ш01-005,Плитка,Плитки керамической с белой поливой и кобальтовой росписью фр-т,керамика,,Фрагмент,Техноген,ИИМК РАН,2011.0,data/raw/images/Мич11-ш01-005_orig.jpg,startswith,1,Мич11-ш01-005,Керамика,прочее,1,часть не указана,1,фрагмент,0,0,0,train
Мич11-ш01-029,Изразец,Изразца красноглиняного с белой поливой и кобальтовой росписью фр-т,керамика,,Фрагмент,Сильногумусированная коричневая супесь с включениями битого кирпича,ИИМК РАН,2011.0,data/raw/images/Мич11-ш01-029_orig.jpg,startswith,1,Мич11-ш01-029,Керамика,изразец,0,часть не указана,1,фрагмент,0,0,0,train
Мич11-ш02-053,Изразец,Изразца красноглиняного с белой поливой и рельефным кобальтовым орнаментом фр-т,керамика,,Фрагмент,Техноген,ИИМК РАН,2011.0,data/raw/images/Мич11-ш02-053_orig.jpg,startswith,1,Мич11-ш02-053,Керамика,изразец,0,часть не указана,1,фрагмент,0,0,0,train
Мич11-ш02-057,Изразец,Изразца-перемычки красноглиняного с белой поливой и кобальтовой росписью  фр-т,керамика,,Фрагмент,Техноген,ИИМК РАН,2011.0,data/raw/images/Мич11-ш02-057_orig.jpg,startswith,1,Мич11-ш02-057,Керамика,изразец,0,часть не указана,1,фрагмент,0,0,0,train
Мич11-ш04-155,Изразец,Изразца красноглиняного с рельефным орнаментом фр-т,керамика,,Фрагмент,Техноген,ИИМК РАН,2011.0,data/raw/images/Мич11-ш04-155_orig.jpg,startswith,1,Мич11-ш04-155,Керамика,изразец,0,часть не указана,1,фрагмент,0,0,0,val
БП11-Р01-Г01-1247,Тарелка,Тарелки фаянсовой край,фаянс,Д23 см,Фрагмент,Горизонт 1/ темно-коричневый гумусированный суглинок,,,data/raw/images/БП11-Р01-Г01-1247_orig.jpg,startswith,1,БП11-Р01-Г01-1247,Фаянс,тарелка,0,прочее,0,фрагмент,0,0,0,train
БП11-Р01-Г03-6493,Изразец,Изразец красноглиняный изогнутый с зеленой поливой фрагментированный,керамика,"18,5х9+х4,5+ см",Фрагмент,Горизонт 3/ щепа + гумус,,,data/raw/images/БП11-Р01-Г03-6493_orig.jpg,startswith,1,БП11-Р01-Г03-6493,Керамика,изразец,0,часть не указана,1,фрагмент,0,0,0,train
БП11-Р01-Г01-1290,Тарелка,Тарелки фаянсовой профиль,фаянс,Д26 см,Фрагмент,Горизонт 1/ темно-коричневый гумусированный суглинок,,,data/raw/images/БП11-Р01-Г01-1290_orig.jpg,startswith,1,БП11-Р01-Г01-1290,Фаянс,тарелка,0,профиль,0,фрагмент,0,0,0,val
БП11-Р01-Г01-1395,Тарелка,Тарелки фаянсовой с клеймом профиль,фаянс,Д25-14 см,Фрагмент,Горизонт 1/ темно-коричневый гумусированный суглинок,,,data/raw/images/БП11-Р01-Г01-1395_orig.jpg,startswith,1,БП11-Р01-Г01-1395,Фаянс,тарелка,0,профиль,0,фрагмент,0,0,0,train
БП11-Р01-тех-0069,Крышка,Сосуда фаянсового крышка,фаянс,"Д7,5 см",Целый,Горизонт техноген/ внутри дома,,,data/raw/images/БП11-Р01-тех-0069_orig.jpg,startswith,1,БП11-Р01-тех-0069,Фаянс,крышка,0,часть не указана,1,целый,0,0,0,test
БП11-Р01-тех-0468,Крышка,Крышки красноглиняной края фр-т,керамика,Д30 см,Фрагмент,Горизонт техноген,,,data/raw/images/БП11-Р01-тех-0468_orig.jpg,startswith,1,БП11-Р01-тех-0468,Керамика,крышка,0,часть не указана,1,фрагмент,0,0,0,train
БП11-Р01-Г01-1137,Крышка,Сосуда красноглиняного с коричневой поливой снаружи крышки фр-т,керамика,Д20 см,Фрагмент,Горизонт 1/ темно-коричневый гумусированный суглинок,,,data/raw/images/БП11-Р01-Г01-1137_orig.jpg,startswith,1,БП11-Р01-Г01-1137,Керамика,крышка,0,часть не указана,1,фрагмент,0,0,0,train
БП11-Р01-тех-0061,Изразец,Изразца светлоглиняного орнаментированного с белой поливой и полихромной росписью фр-т,керамика,"11,5+х7,8+х 5 см",Фрагмент,Горизонт техноген/ внутри дома,,,data/raw/images/БП11-Р01-тех-0061_orig.jpg,startswith,1,БП11-Р01-тех-0061,Керамика,изразец,0,часть не указана,1,фрагмент,0,0,0,train
БП11-Р01-Г01-1065,Тарелка,Тарелки фаянсовой донца фр-т,фаянс,Д17 см,Фрагмент,Горизонт 1,,,data/raw/images/БП11-Р01-Г01-1065_orig.jpg,startswith,1,БП11-Р01-Г01-1065,Фаянс,тарелка,0,донце,0,фрагмент,0,0,0,train
БП11-Р01-Г01-1251,Тарелка,Тарелки фаянсовой с голубой поливой и полихромной росписью донца фр-т,фаянс,Д8 см,Фрагмент,Горизонт 1/ темно-коричневый гумусированный суглинок,,,data/raw/images/БП11-Р01-Г01-1251_orig.jpg,startswith,1,БП11-Р01-Г01-1251,Фаянс,тарелка,0,донце,0,фрагмент,0,0,0,train
БП11-Р01-Г03-3339,Изразец,Изразца красноглиняного с белой поливой и кобальтовой росписью фр-т,керамика,,Фрагмент,Горизонт 3/ темно-коричневый гумусированный суглинок,,,data/raw/images/БП11-Р01-Г03-3339_orig.jpg,startswith,1,БП11-Р01-Г03-3339,Керамика,изразец,0,часть не указана,1,фрагмент,0,0,0,train
БП11-Р01-Г01-0944,Тарелка,Тарелки фаянсовой с кобальтовой росписью края фр-т,фаянс,Д24 см,Фрагмент,Горизонт 1/ темно-коричневый гумусированный суглинок,,,data/raw/images/БП11-Р01-Г01-0944_orig.jpg,startswith,1,БП11-Р01-Г01-0944,Фаянс,тарелка,0,часть не указана,1,фрагмент,0,0,0,train
БП11-Р01-Г03-3244,Тарелка,Тарелки красноглиняной со светло-желтой и коричневой поливой внутри и полихромной росписью поливой края фр-т,керамика,Д28 см,Фрагмент,Горизонт 3/ темно-коричневый гумусированный суглинок с включениями кирпичной крошки,,,data/raw/images/БП11-Р01-Г03-3244_orig.jpg,startswith,1,БП11-Р01-Г03-3244,Керамика,тарелка,0,часть не указана,1,фрагмент,0,0,0,train
БП11-Р01-тех-0443,Изразец,Изразца красноглиняного орнаментированного с белой поливой и желтой росписью фр-т,керамика,,Фрагмент,Горизонт техноген,,,data/raw/images/БП11-Р01-тех-0443_orig.jpg,startswith,1,БП11-Р01-тех-0443,Керамика,изразец,0,часть не указана,1,фрагмент,0,0,0,train
БП11-Р01-Г01-1315,Тарелка,Тарелки фаянсовой профиль,фаянс,Д24-15 см,Фрагмент,Горизонт 2/ голубая мешанная глина,,,data/raw/images/БП11-Р01-Г01-1315_orig.jpg,startswith,1,БП11-Р01-Г01-1315,Фаянс,тарелка,0,профиль,0,фрагмент,0,0,0,train
БП11-Р01-Г01-1055,Изразец,Изразец (карниз) красноглиняный с белой поливой фрагментированный,керамика,"17х11,5+х6 см",Целый,Горизонт 1,,,data/raw/images/БП11-Р01-Г01-1055_orig.jpg,startswith,1,БП11-Р01-Г01-1055,Керамика,изразец,0,часть не указана,1,фрагмент,0,0,0,train
БП11-Р01-Г01-1397,Тарелка,Тарелки фаянсовой края фр-т,фаянс,Д33 см,Фрагмент,Горизонт 1/ темно-коричневый гумусированный суглинок,,,data/raw/images/БП11-Р01-Г01-1397_orig.jpg,startswith,1,БП11-Р01-Г01-1397,Фаянс,тарелка,0,часть не указана,1,фрагмент,0,0,0,train
БП11-Р01-тех-0381,Тарелка,Тарелки красноглиняной с коричневой поливой снаружи и зеленой поливой внутри с рельефным орнаментом края фр-т,керамика,,Фрагмент,Горизонт техноген,,,data/raw/images/БП11-Р01-тех-0381_orig.jpg,startswith,1,БП11-Р01-тех-0381,Керамика,тарелка,0,часть не указана,1,фрагмент,0,0,0,val
БП11-Р01-тех-0421,Тарелка,Тарелки красноглиняной с росписью профиль,керамика,Д25 см,Фрагмент,Горизонт техноген,,,data/raw/images/БП11-Р01-тех-0421_orig.jpg,startswith,1,БП11-Р01-тех-0421,Керамика,тарелка,0,профиль,0,фрагмент,0,0,0,train
БП11-Р01-Г01-1405,Тарелка,Тарелки фаянсовой с зеленой росписью края фр-т,фаянс,Д16 см,Фрагмент,Горизонт 1/ темно-коричневый гумусированный суглинок,,,data/raw/images/БП11-Р01-Г01-1405_orig.jpg,startswith,1,БП11-Р01-Г01-1405,Фаянс,тарелка,0,часть не указана,1,фрагмент,0,0,0,train
БП11-Р01-Г01-1192,Изразец,Изразца углового красноглиняного с белой поливой фр-т,керамика,,Фрагмент,Горизонт 1/ серо-желтая мешаная супесь,,,data/raw/images/БП11-Р01-Г01-1192_orig.jpg,startswith,1,БП11-Р01-Г01-1192,Керамика,изразец,0,часть не указана,1,фрагмент,0,0,0,train
БП11-Р01-Г01-1197,Крышка,Крышка белого металла на бутылку с изображением герба фрагментированная,прочее,"Д3, толщина 0,1 см",Фрагмент,Горизонт 1/ темно-коричневый гумусированный суглинок с кирпичной крошкой,,,data/raw/images/БП11-Р01-Г01-1197_orig.jpg,startswith,1,БП11-Р01-Г01-1197,Белый металл,крышка,0,часть не указана,1,фрагмент,0,1,0,train
БП11-Р01-Г01-1396,Тарелка,Тарелки фаянсовой края фр-т,фаянс,Д25 см,Фрагмент,Горизонт 1/ темно-коричневый гумусированный суглинок,,,data/raw/images/БП11-Р01-Г01-1396_orig.jpg,startswith,1,БП11-Р01-Г01-1396,Фаянс,тарелка,0,часть не указана,1,фрагмент,0,0,0,train
БП11-Р01-Г01-1248,Тарелка,Тарелки фаянсовой с клеймом донце,фаянс,Д11 см,Фрагмент,Горизонт 1/ темно-коричневый гумусированный суглинок,,,data/raw/images/БП11-Р01-Г01-1248_orig.jpg,startswith,1,БП11-Р01-Г01-1248,Фаянс,тарелка,0,донце,0,фрагмент,0,0,0,train
БП11-Р01-тех-0060,Изразец,Изразца (карниз) красноглиняного с белой поливой фр-т,керамика,"16,8+х12х8,3 см",Фрагмент,Горизонт техноген/ внутри дома,,,data/raw/images/БП11-Р01-тех-0060_orig.jpg,startswith,1,БП11-Р01-тех-0060,Керамика,изразец,0,часть не указана,1,фрагмент,0,0,0,train
БП11-Р01-Г01-1289,Тарелка,Тарелки фаянсовой с красной росписью профиль,фаянс,Д15-12 см,Фрагмент,Горизонт 1/ темно-коричневый гумусированный суглинок,,,data/raw/images/БП11-Р01-Г01-1289_orig.jpg,startswith,1,БП11-Р01-Г01-1289,Фаянс,тарелка,0,профиль,0,фрагмент,0,0,0,train
БП11-Р01-Г03-6484,Блюдце,Блюдца фарфорового с клеймом профиль,фаянс,Д10-14 см,Фрагмент,Горизонт 3/ щепа + гумус,,,data/raw/images/БП11-Р01-Г03-6484_orig.jpg,startswith,1,БП11-Р01-Г03-6484,Фаянс,блюдце,0,профиль,0,фрагмент,0,0,0,train
БП11-Р01-тех-0394,Тарелка,Тарелки фаянсовой края фр-т,фаянс,Д30 см,Фрагмент,Горизонт техноген,,,data/raw/images/БП11-Р01-тех-0394_orig.jpg,startswith,1,БП11-Р01-тех-0394,Фаянс,тарелка,0,часть не указана,1,фрагмент,0,0,0,train
БП11-Р01-Г03-6483,Блюдце,Блюдца фарфорового с кобальтовой росписью профиля фр-т,фарфор,"Д13,5 см",Фрагмент,Горизонт 3/ щепа + гумус,,,data/raw/images/БП11-Р01-Г03-6483_orig.jpg,startswith,1,БП11-Р01-Г03-6483,Фарфор,блюдце,0,профиль,0,фрагмент,0,0,0,train
Кроп-2013-151,Блюдце,Блюдца фарфорового с декольным полихромным орнаментом внутри профиля фр-т,фарфор,Двен=16; Ддон=9 см,Фрагмент,,,2013.0,data/raw/images/Кроп-2013-151_orig.jpg,startswith,1,Кроп-2013-151,Фарфор,блюдце,0,профиль,0,фрагмент,0,0,0,train
Кроп-2013-152,Тарелка,Тарелки фарфоровой с полихромным рельефным пейзажным орнаментом внутри донца фр-т,фарфор,Д=16 см,Фрагмент,,,2013.0,data/raw/images/Кроп-2013-152_orig.jpg,startswith,1,Кроп-2013-152,Фарфор,тарелка,0,донце,0,фрагмент,0,0,0,train
Кроп-2013-155,Блюдце,Сосуда (блюдца ?) фарфорового с растительным полихромным орнаментом внутри венчика фр-т,фарфор,Д=15 см,Фрагмент,,,2013.0,data/raw/images/Кроп-2013-155_orig.jpg,startswith,1,Кроп-2013-155,Фарфор,блюдце,0,венчик,0,фрагмент,0,0,1,train
Кроп-2013-158,Блюдце,Блюдца фарфорового с геометрическим орнаментом внутри и клейменым донцем профиля фр-т,фарфор,Двен=14; Ддон=8 см,Фрагмент,,,2013.0,data/raw/images/Кроп-2013-158_orig.jpg,startswith,1,Кроп-2013-158,Фарфор,блюдце,0,донце,0,фрагмент,0,0,0,train
Кроп-2013-159,Блюдце,"Блюдца фарфорового с декольным орнаментом внутри и клеймом на донце, профиля фр-т",фарфор,"Двен=15; Ддон=8,5 см",Фрагмент,,,2013.0,data/raw/images/Кроп-2013-159_orig.jpg,startswith,1,Кроп-2013-159,Фарфор,блюдце,0,донце,0,фрагмент,0,0,0,train
Кроп-2013-163,Крышка,Сосуда  прозрачного зеленого стекла крышка,стекло,"Д=7,4 см",Целый,,,2013.0,data/raw/images/Кроп-2013-163_orig.jpg,startswith,1,Кроп-2013-163,Стекло,крышка,0,часть не указана,1,целый,0,0,0,val
Кроп-2013-186,Крышка,Сосуда фаянсового с белой поливой внутри и снаружи рельефное навершие крышки,фаянс,"3,7 х 5 х 3,5+ см",Фрагмент,,,2013.0,data/raw/images/Кроп-2013-186_orig.jpg,startswith,1,Кроп-2013-186,Фаянс,крышка,0,часть не указана,1,фрагмент,0,0,0,train
Кроп-2013-203,Миска,Миски светлоглиняной с коричневой поливой внутри и снаружи профиля фр-т,керамика,Двен=34; Ддон=22 см,Фрагмент,,,2013.0,data/raw/images/Кроп-2013-203_orig.jpg,startswith,1,Кроп-2013-203,Керамика,миска,0,профиль,0,фрагмент,0,0,0,train
Кроп-2013-204,Миска,Миски белоглиняной с желто-зеленой поливой внутри и снаружи орнаментированного венчика фр-т,керамика,Д=20 см,Фрагмент,,,2013.0,data/raw/images/Кроп-2013-204_orig.jpg,startswith,1,Кроп-2013-204,Керамика,миска,0,венчик,0,фрагмент,0,0,0,train
Кроп-2013-218,Миска,Миски красноглиняной со светло-коричневой поливой внутри и снаружи венчика фр-т,керамика,Д=17 см,Фрагмент,,,2013.0,data/raw/images/Кроп-2013-218_orig.jpg,startswith,1,Кроп-2013-218,Керамика,миска,0,венчик,0,фрагмент,0,0,0,test
Кроп-2013-240,Миска,Миски белоглиняной с зеленой с коричневым поливой внутри и снаружи профиля фр-т,керамика,"Двен=17; Ддон=8,5 см",Фрагмент,,,2013.0,data/raw/images/Кроп-2013-240_orig.jpg,startswith,1,Кроп-2013-240,Керамика,миска,0,профиль,0,фрагмент,0,0,0,val
Кроп-2013-243,Тарелка,Тарелки фаянсовой с белой поливой внутри и снаружи с рельефным орнаментом по краю профиля фр-т,керамика,"Двен=26; Ддон=14; выс=4,5 см",Фрагмент,,,2013.0,data/raw/images/Кроп-2013-243_orig.jpg,startswith,1,Кроп-2013-243,Керамика,тарелка,0,профиль,0,фрагмент,0,0,0,train
Кроп-2013-248,Блюдце,Блюдца фаянсового с белой поливой снаружи и внутри с синим подглазурным растительным орнаментом внутри донца клейменого фр-т,фаянс,Д=7 см,Фрагмент,,,2013.0,data/raw/images/Кроп-2013-248_orig.jpg,startswith,1,Кроп-2013-248,Фаянс,блюдце,0,донце,0,фрагмент,0,0,0,train
Кроп-2013-252,Блюдце,"Блюдца фаянсового с белой поливой снаружи и внутри, с фиолетовым подглазурным декольным орнаментом и клеймом на донце профиля фр-т",фаянс,"Двен=14; Ддон=7; выс=2,5 см",Фрагмент,,,2013.0,data/raw/images/Кроп-2013-252_orig.jpg,startswith,1,Кроп-2013-252,Фаянс,блюдце,0,донце,0,фрагмент,0,0,0,train
Кроп-2013-262,Тарелка,"Тарелки фаянсовой с белой поливой внутри и снаружи с клеймом на донце, профиля фр-т",фаянс,Двен=21; ддон=14; выс=3 см,Фрагмент,,,2013.0,data/raw/images/Кроп-2013-262_orig.jpg,startswith,1,Кроп-2013-262,Фаянс,тарелка,0,донце,0,фрагмент,0,0,0,test
Кроп-2013-263,Блюдце,"Блюдце фарфоровое с растительным декольным орнаментом внутри, фрагментированное",фарфор,"Двен=15; Ддон=9; выс=2,5 см",Фрагмент,,,2013.0,data/raw/images/Кроп-2013-263_orig.jpg,startswith,1,Кроп-2013-263,Фарфор,блюдце,0,часть не указана,1,фрагмент,0,0,0,train
Кроп-2013-266,Блюдце,"Блюдце фарфоровое рельефное с клеймом на донце и зеленым подглазурным декольным растительно-пейзажным орнаментом, фрагментированное",фарфор,"Двен=14; Ддон=8,3; выс=3 см",Фрагмент,,,2013.0,data/raw/images/Кроп-2013-266_orig.jpg,startswith,1,Кроп-2013-266,Фарфор,блюдце,0,донце,0,фрагмент,0,0,0,test
Кроп-2013-267,Тарелка,Тарелки фарфоровой  с рельефным краем профиля фр-т,фарфор,Двен=25; Ддон=14; выс=3 см,Фрагмент,,,2013.0,data/raw/images/Кроп-2013-267_orig.jpg,startswith,1,Кроп-2013-267,Фарфор,тарелка,0,профиль,0,фрагмент,0,0,0,test
Кроп-2013-268,Тарелка,Тарелки фарфоровой донца клейменого фр-т,фарфор,Д=12 см,Фрагмент,,,2013.0,data/raw/images/Кроп-2013-268_orig.jpg,startswith,1,Кроп-2013-268,Фарфор,тарелка,0,донце,0,фрагмент,0,0,0,train
Кроп-2013-285,Тарелка,"Тарелка фаянсовая с белой поливой внутри и снаружи ,с клеймами на донце, фрагментированная",фаянс,"Двен=15; Ддон=7; выс=1,5 см",Фрагмент,,,2013.0,data/raw/images/Кроп-2013-285_orig.jpg,startswith,1,Кроп-2013-285,Фаянс,тарелка,0,донце,0,фрагмент,0,0,0,train
Кроп-2013-317,Тарелка,"Тарелка фаянсовая с белой поливой внутри и снаружи с линейным орнаментом (зеленый, золотистый) вдоль венчика внутри и клеймом на донце, фрагментированная",фаянс,"Двен=14,5; Ддон=12,5; выс=4,5 см",Фрагмент,,,2013.0,data/raw/images/Кроп-2013-317_orig.jpg,startswith,1,Кроп-2013-317,Фаянс,тарелка,0,венчик,0,фрагмент,0,0,0,train
Кроп-2013-373,Крышка,Сосуда красноглиняного со светло-коричневой снаружи и белой поливой внутри крышки фр-т,керамика,Д=17 см,Фрагмент,,,2013.0,data/raw/images/Кроп-2013-373_orig.jpg,startswith,1,Кроп-2013-373,Керамика,крышка,0,часть не указана,1,фрагмент,0,0,0,train
Кроп-2013-391,Тарелка,"Тарелки фарфоровой с линейным красно-желтым  орнаментом по краю, профиля фр-т",фарфор,Двен=24; Ддон=15; Выс=3 см,Фрагмент,,,2013.0,data/raw/images/Кроп-2013-391_orig.jpg,startswith,1,Кроп-2013-391,Фарфор,тарелка,0,профиль,0,фрагмент,0,0,0,train
Кроп-2013-392,Крышка,Сосуда фарфорового с зеленым растительным подглазурным орнаментом и золотой полосой крышки фр-т,фарфор,Д=10 см,Фрагмент,,,2013.0,data/raw/images/Кроп-2013-392_orig.jpg,startswith,1,Кроп-2013-392,Фарфор,крышка,0,часть не указана,1,фрагмент,0,0,0,train
Кроп-2013-398,Тарелка,Тарелки фаянсовой с белой поливой внутри и снаружи профиля фр-т,фаянс,"Двен=24; Ддон=11; Выс=4,5 см",Фрагмент,,,2013.0,data/raw/images/Кроп-2013-398_orig.jpg,startswith,1,Кроп-2013-398,Фаянс,тарелка,0,профиль,0,фрагмент,0,0,0,train
Кроп-2013-399,Тарелка,Тарелки фарфоровой с геометрическим полихромным орнаментом внутри профиля фр-т,фарфор,Двен=10; Ддон=8; выс=2 см,Фрагмент,,,2013.0,data/raw/images/Кроп-2013-399_orig.jpg,startswith,1,Кроп-2013-399,Фарфор,тарелка,0,профиль,0,фрагмент,0,0,0,train
Кроп-2013-400,Тарелка,Тарелки фарфоровой с линейным золотым орнаментом по краю снаружи донца клейменого фр-т,фарфор,"Д=9,5 см",Фрагмент,,,2013.0,data/raw/images/Кроп-2013-400_orig.jpg,startswith,1,Кроп-2013-400,Фарфор,тарелка,0,донце,0,фрагмент,0,0,0,train
Кроп-2013-401,Тарелка,Тарелки фарфоровой с растительным полихромным орнаментом внутри донца клейменого фр-т,фарфор,Д=8 см,Фрагмент,,,2013.0,data/raw/images/Кроп-2013-401_orig.jpg,startswith,1,Кроп-2013-401,Фарфор,тарелка,0,донце,0,фрагмент,0,0,0,train
Кроп-2013-403,Тарелка,Тарелки фарфоровой с линейным и растительным полихромным орнаментом профиля фр-т,фарфор,Двен=17; Ддон=10; Выс= 3 см,Фрагмент,,,2013.0,data/raw/images/Кроп-2013-403_orig.jpg,startswith,1,Кроп-2013-403,Фарфор,тарелка,0,профиль,0,фрагмент,0,0,0,val
Кроп-2013-414,Тарелка,Сосуда (тарелки ?) фаянсового с темно-синей поливой внутри и снаружи донца фр-т,фаянс,Ддон=12 см,Фрагмент,,,2013.0,data/raw/images/Кроп-2013-414_orig.jpg,startswith,1,Кроп-2013-414,Фаянс,тарелка,0,донце,0,фрагмент,0,0,1,train
Кроп-2013-415,Тарелка,Тарелки фаянсовой с темно-синей поливой внутри и снаружи венчика фр-т,фаянс,Д=19 см,Фрагмент,,,2013.0,data/raw/images/Кроп-2013-415_orig.jpg,startswith,1,Кроп-2013-415,Фаянс,тарелка,0,венчик,0,фрагмент,0,0,0,train
Кроп-2013-421,Тарелка,Сосуда (тарелки ?) фаянсовой с белой поливой внутри и снаружи донца клейменого фр-т,фаянс,Д=не определим,Фрагмент,,,2013.0,data/raw/images/Кроп-2013-421_orig.jpg,startswith,1,Кроп-2013-421,Фаянс,тарелка,0,донце,0,фрагмент,0,0,1,test
Кроп-2013-422,Тарелка,Тарелки фаянсовой с белой поливой снаружи и с растительным полихромным декольным подглазурным орнаментом внутри донца клейменого фр-т,фаянс,Д=не определим,Фрагмент,,,2013.0,data/raw/images/Кроп-2013-422_orig.jpg,startswith,1,Кроп-2013-422,Фаянс,тарелка,0,донце,0,фрагмент,0,0,0,train
Кроп-2013-430,Тарелка,Тарелочки миниатюрной белоглиняной с серо-коричневой поливой снаружи и внутри профиля фр-т,керамика,"Двен=9; Ддон=4; выс=1,5 см",Фрагмент,,,2013.0,data/raw/images/Кроп-2013-430_orig.jpg,startswith,1,Кроп-2013-430,Керамика,тарелка,0,профиль,0,фрагмент,0,0,0,train
Кроп-2013-478,Блюдце,Блюдце фарфоровое с линейным золотым орнаментом внутри и клеймом на донце фрагментированное,фарфор,Двен=15; Ддон=7; выс=3 см,Фрагмент,,,2013.0,data/raw/images/Кроп-2013-478_orig.jpg,startswith,1,Кроп-2013-478,Фарфор,блюдце,0,донце,0,фрагмент,0,0,0,val
Кроп-2013-481,Блюдце,Блюдца фарфорового с золотым линейным орнаментом и клейменым донцем профиля фр-т,фарфор,Двен=15; Ддон=8; выс=3 см,Фрагмент,,,2013.0,data/raw/images/Кроп-2013-481_orig.jpg,startswith,1,Кроп-2013-481,Фарфор,блюдце,0,донце,0,фрагмент,0,0,0,train
Кроп-2013-482,Блюдце,Блюдца фарфорового донца клейменого фр-т,фарфор,Д=8 см,Фрагмент,,,2013.0,data/raw/images/Кроп-2013-482_orig.jpg,startswith,1,Кроп-2013-482,Фарфор,блюдце,0,донце,0,фрагмент,0,0,0,train
Кроп-2013-484,Блюдце,Блюдца фарфорового с клейменым донцем профиля фр-т,фарфор,"Двен=15; Ддон=7,5; выс=3 см",Фрагмент,,,2013.0,data/raw/images/Кроп-2013-484_orig.jpg,startswith,1,Кроп-2013-484,Фарфор,блюдце,0,донце,0,фрагмент,0,0,0,val
Кроп-2013-Тр1-023,Плитка,"Плитка керамическая с белой поливой и зеленым подглазурным растительно-геометрическим орнаментом, клейменая",керамика,"14,8 х 7,5 х 1 см",Целый,,,2013.0,data/raw/images/Кроп-2013-Тр1-023_orig.jpg,startswith,1,Кроп-2013-Тр1-023,Керамика,прочее,1,часть не указана,1,целый,0,0,0,train
Кроп-2013-Тр2-032,Изразец,Изразца красноглиняного углового плоского с белой поливой фр-т,керамика,"8,5+ х 11,5 х 2; рум=4 см",Фрагмент,,,2013.0,data/raw/images/Кроп-2013-Тр2-032_orig.jpg,startswith,1,Кроп-2013-Тр2-032,Керамика,изразец,0,часть не указана,1,фрагмент,0,0,0,train
Кроп-2013-Тр2-045,Тарелка,Тарелки фаянсовой с белой поливой внутри и снаружи с голубым меандром по краю венчика фр-т,фаянс,Д=21 см,Фрагмент,,,2013.0,data/raw/images/Кроп-2013-Тр2-045_orig.jpg,startswith,1,Кроп-2013-Тр2-045,Фаянс,тарелка,0,венчик,0,фрагмент,0,0,0,train
Кроп-2013-Тр2-049,Блюдце,Блюдца фарфорового с белой поливой снаружи и внутри с коричневой каймой и полихромным растительным орнаментом профиль,фарфор,"Двенч=14; Ддон=8; выс=2,5 см",Фрагмент,,,2013.0,data/raw/images/Кроп-2013-Тр2-049_orig.jpg,startswith,1,Кроп-2013-Тр2-049,Фарфор,блюдце,0,профиль,0,фрагмент,0,0,0,train
Кроп-2013-Тр2-050,Блюдце,Блюдца фарфорового с белой поливой снаружи и внутри профиль,фарфор,Двенч=14; Ддон=8; выс=3 см,Фрагмент,,,2013.0,data/raw/images/Кроп-2013-Тр2-050_orig.jpg,startswith,1,Кроп-2013-Тр2-050,Фарфор,блюдце,0,профиль,0,фрагмент,0,0,0,test
Кроп-2013-Тр2-053,Тарелка,"Сосуда (тарелки ?) фаянсового с белой поливой внутри и снаружи донца с фрагментом клейма подглазурного зеленого круглого с изображением чашки в центре и надписью по кругу "".. СФСР М.И. КАЛИНИНА…""  фр-т",фаянс,Д=12 см,Фрагмент,,,2013.0,data/raw/images/Кроп-2013-Тр2-053_orig.jpg,startswith,1,Кроп-2013-Тр2-053,Фаянс,тарелка,0,донце,0,фрагмент,0,0,1,test
Нев11-Г0-005,Плитка,"Плитка бетонно-композитная напольная, орнаментированная",прочее,"21,7 х 21,7 х 2,5 см",Целый,Гориз.0,,2011.0,data/raw/images/Нев11-Г0-005_orig.jpg,startswith,1,Нев11-Г0-005,"Основание - бетон, покрытие - композитный материал",прочее,1,часть не указана,1,целый,0,1,0,val
Нев11-Г0-006,Плитка,"Плитка бетонно-композитная напольная, орнаментированная",прочее,"21,7 х 21,7 х 2,6 см",Целый,Гориз.0,,2011.0,data/raw/images/Нев11-Г0-006_orig.jpg,startswith,1,Нев11-Г0-006,"Основание - бетон, покрытие - композитный материал",прочее,1,часть не указана,1,целый,0,1,0,train
Нев11-Г02-009,Тарелка,Тарелки белоглиняной с изумрудной поливой и орнаментом венчика фр-т,керамика,Д16 см,Фрагмент,Гориз.2,,2011.0,data/raw/images/Нев11-Г02-009_orig.jpg,startswith,1,Нев11-Г02-009,Керамика,тарелка,0,венчик,0,фрагмент,0,0,0,train
Нев11-Г02-010,Тарелка,Тарелки белоглиняной с изумрудной поливой донца фр-т,керамика,,Фрагмент,Гориз.2,,2011.0,data/raw/images/Нев11-Г02-010_orig.jpg,startswith,1,Нев11-Г02-010,Белоглиняная керамика,тарелка,0,донце,0,фрагмент,0,0,0,val
Нев11-Г02-012,Изразец,Изразца красноглиняного с белой поливой и кобальтовой росписью фр-т,керамика,,Фрагмент,Гориз.2,,2011.0,data/raw/images/Нев11-Г02-012_orig.jpg,startswith,1,Нев11-Г02-012,Керамика,изразец,0,часть не указана,1,фрагмент,0,0,0,val
Нев11-Г02-021,Изразец,Изразца плоского красноглиняного с белой поливой  и отверстием для крепления фр-т,керамика,"17+ х 7,4 + х 5,8 см",Фрагмент,Гориз.2,,2011.0,data/raw/images/Нев11-Г02-021_orig.jpg,startswith,1,Нев11-Г02-021,Керамика,изразец,0,часть не указана,1,фрагмент,0,0,0,train
Нев11-Г02-022,Изразец,Изразца плоского  красноглиняного с белой поливой фр-т,керамика,,Фрагмент,Гориз.2,,2011.0,data/raw/images/Нев11-Г02-022_orig.jpg,startswith,1,Нев11-Г02-022,Керамика,изразец,0,часть не указана,1,фрагмент,0,0,0,val
Нев11-Г02-023,Изразец,Изразца плоского красноглиняного с белой поливой фр-т,керамика,"25,8+ х 10,5 х5,8 см",Фрагмент,Гориз.2,,2011.0,data/raw/images/Нев11-Г02-023_orig.jpg,startswith,1,Нев11-Г02-023,Керамика,изразец,0,часть не указана,1,фрагмент,0,0,0,val
Нев11-Г02-033,Тарелка,Тарелки красноглиняной с белой поливой и полихромной росписью донца фр-ты,керамика,,Фрагмент,Гориз.2,,2011.0,data/raw/images/Нев11-Г02-033_orig.jpg,startswith,1,Нев11-Г02-033,Керамика,тарелка,0,донце,0,фрагмент,0,0,0,test
Нев11-Г03-037,Изразец,Изразца рельефного красноглиняного с белой поливой и коричневой росписью фр-т,керамика,"высота 5,5+ см",Фрагмент,Гориз.3,,2011.0,data/raw/images/Нев11-Г03-037_orig.jpg,startswith,1,Нев11-Г03-037,Керамика,изразец,0,часть не указана,1,фрагмент,0,0,0,train
Нев11-Г03-038,Изразец,Изразца плоского красноглиняного с белой поливой фр-т,керамика,,Фрагмент,Гориз.3,,2011.0,data/raw/images/Нев11-Г03-038_orig.jpg,startswith,1,Нев11-Г03-038,Керамика,изразец,0,часть не указана,1,фрагмент,0,0,0,train
Нев11-Г03-043,Изразец,Изразца красноглиняного румпы фр-т,керамика,,Фрагмент,Гориз.3,,2011.0,data/raw/images/Нев11-Г03-043_orig.jpg,startswith,1,Нев11-Г03-043,Керамика,изразец,0,часть не указана,1,фрагмент,0,0,0,train
Нев11-Г03-044,Изразец,Изразца красноглиняного румпы фр-т,керамика,,Фрагмент,Гориз.3,,2011.0,data/raw/images/Нев11-Г03-044_orig.jpg,startswith,1,Нев11-Г03-044,Керамика,изразец,0,часть не указана,1,фрагмент,0,0,0,train
Нев11-Г03-058,Изразец,Изразца плоского красноглиняного с белой поливой фр-т,керамика,"12+ х 10,9 х 3,7+ см",Фрагмент,Гориз.3,,2011.0,data/raw/images/Нев11-Г03-058_orig.jpg,startswith,1,Нев11-Г03-058,Керамика,изразец,0,часть не указана,1,фрагмент,0,0,0,val
Нев11-Г03-096,Изразец,Изразца плоского с белой поливой фр-т,керамика,"7,3+ х 10,5 х 3+ см",Фрагмент,Гориз.3,,2011.0,data/raw/images/Нев11-Г03-096_orig.jpg,startswith,1,Нев11-Г03-096,Керамика,изразец,0,часть не указана,1,фрагмент,0,0,0,train
Нев11-Г03-097,Изразец,Изразца красноглиняного румпы фр-т,керамика,,Фрагмент,Гориз.3,,2011.0,data/raw/images/Нев11-Г03-097_orig.jpg,startswith,1,Нев11-Г03-097,Керамика,изразец,0,часть не указана,1,фрагмент,0,0,0,train
Нев11-Г03-178,Изразец,Изразца плоского с зеленой поливой фр-т,керамика,,Фрагмент,Гориз.3,,2011.0,data/raw/images/Нев11-Г03-178_orig.jpg,startswith,1,Нев11-Г03-178,Керамика,изразец,0,часть не указана,1,фрагмент,0,0,0,train
Нев11-Г03-181,Изразец,Изразца красноглиняного с белой (потемневшей) поливой фр-ты,керамика,,Фрагмент,Гориз.3,,2011.0,data/raw/images/Нев11-Г03-181_orig.jpg,startswith,1,Нев11-Г03-181,Керамика,изразец,0,часть не указана,1,фрагмент,0,0,0,val
Нев11-Г04-182,Тарелка,Тарелки красноглиняной с прозрачной поливой и следами росписи венчика фр-т,керамика,Д20 см,Фрагмент,Гориз.4,,2011.0,data/raw/images/Нев11-Г04-182_orig.jpg,startswith,1,Нев11-Г04-182,Керамика,тарелка,0,венчик,0,фрагмент,0,0,0,train
Нев11-Г04-185,Тарелка,Тарелки красноглиняной с прозрачной поливой и следами росписи венчика фр-ты,керамика,Д22 см,Фрагмент,Гориз.4,,2011.0,data/raw/images/Нев11-Г04-185_orig.jpg,startswith,1,Нев11-Г04-185,Керамика,тарелка,0,венчик,0,фрагмент,0,0,0,test
Нев11-Г04-187,Тарелка,Тарелки красноглиняной с прозрачной поливой и следами росписи профиля фр-т,керамика,Д21 см,Фрагмент,Гориз.4,,2011.0,data/raw/images/Нев11-Г04-187_orig.jpg,startswith,1,Нев11-Г04-187,Керамика,тарелка,0,профиль,0,фрагмент,0,0,0,train
Нев11-Г04-197,Тарелка,Тарелки красноглиняной с серебристой поливой венчика фр-т,керамика,,Фрагмент,Гориз.4,,2011.0,data/raw/images/Нев11-Г04-197_orig.jpg,startswith,1,Нев11-Г04-197,Керамика,тарелка,0,венчик,0,фрагмент,0,0,0,train
Нев11-Г04А-210,Тарелка,Тарелки красноглиняной с серебристой поливой и росписью края фр-т,керамика,Д28 см,Фрагмент,Гориз.4А,,2011.0,data/raw/images/Нев11-Г04А-210_orig.jpg,startswith,1,Нев11-Г04А-210,Керамика,тарелка,0,часть не указана,1,фрагмент,0,0,0,train
Нев11-Г05-055,Крышка,Крышки с ручкой красноглиняной фр-т,керамика,,Фрагмент,Гориз.5,,2011.0,data/raw/images/Нев11-Г05-055_orig.jpg,startswith,1,Нев11-Г05-055,Керамика,крышка,0,ручка,0,фрагмент,0,0,0,train
Нев11-Г05-056,Крышка,Крышки красноглиняной фр-т,керамика,Д27 см,Фрагмент,Гориз.5,,2011.0,data/raw/images/Нев11-Г05-056_orig.jpg,startswith,1,Нев11-Г05-056,Керамика,крышка,0,часть не указана,1,фрагмент,0,0,0,test
Нев11-Г05-228,Тарелка,Тарелки фаянсовой края фр-ты,фаянс,,Фрагмент,Гориз.5,,2011.0,data/raw/images/Нев11-Г05-228_orig.jpg,startswith,1,Нев11-Г05-228,Фаянс,тарелка,0,часть не указана,1,фрагмент,0,0,0,train
Нев11-Г05-235,Изразец,Изразца красноглиняного плоского с белой поливой и серой росписью фр-т,керамика,,Фрагмент,Гориз.5,,2011.0,data/raw/images/Нев11-Г05-235_orig.jpg,startswith,1,Нев11-Г05-235,Керамика,изразец,0,часть не указана,1,фрагмент,0,0,0,train
Нев11-под-001,Плитка,Плитка метлахская восьмиугольная белого цвета с надписью на тыльной стороне ,керамика,"14 х 14 х 1,5 см",Целый,,,2011.0,data/raw/images/Нев11-под-001_orig.jpg,startswith,1,Нев11-под-001,Керамика,прочее,1,часть не указана,1,целый,0,0,0,test
БП12-Г01-0726,Тарелка,Тарелки фаянсовой донца с клеймом фр-т,фаянс,Д15 см,Фрагмент,Горизонт 1/ темная гумусированная супесь с включением щепы и кирпичной крошки,,,data/raw/images/БП12-Г01-0726_orig.jpg,startswith,1,БП12-Г01-0726,Фаянс,тарелка,0,донце,0,фрагмент,0,0,0,train
БП12-Г01-0732,Миска,Миски (?) красноглиняной орнаментированной с клеймом профиль,керамика,"Д11-9,5; высота 2,7 см",Фрагмент,Горизонт 1/ темная гумусированная супесь с включением щепы и кирпичной крошки,,,data/raw/images/БП12-Г01-0732_orig.jpg,startswith,1,БП12-Г01-0732,Красноглиняная керамика,миска,0,профиль,0,фрагмент,0,0,1,test
БП12-Г01-0767,Крышка,Сосуда фарфорового крышка,фарфор,Д7 см,Целый,Горизонт 1/ Темная гумусированная супесь с включением щепы и кирпичной крошки,,,data/raw/images/БП12-Г01-0767_orig.jpg,startswith,1,БП12-Г01-0767,Фарфор,крышка,0,часть не указана,1,целый,0,0,0,train
БП12-Г01-0774,Крышка,Сосуда красноглиняного с белой поливой по слою белого ангоба внутри и коричневой снаружи крышки фр-т,керамика,Д15 см,Фрагмент,Горизонт 1/ Темная гумусированная супесь с включением щепы и кирпичной крошки,,,data/raw/images/БП12-Г01-0774_orig.jpg,startswith,1,БП12-Г01-0774,Красноглиняная керамика,крышка,0,часть не указана,1,фрагмент,0,0,0,test
БП12-Г01-0783,Крышка,Сосуда фаянсового крышки с полихромной росписью фр-т,фаянс,"6,7х3,8х2 см",Фрагмент,Горизонт 1/ Темная гумусированная супесь с включением щепы и кирпичной крошки,,,data/raw/images/БП12-Г01-0783_orig.jpg,startswith,1,БП12-Г01-0783,Фаянс,крышка,0,часть не указана,1,фрагмент,0,0,0,train
БП12-Г01-0784,Блюдце,Блюдца фаянсового с полихромной с росписью профиль,фаянс,Д14-11 см,Фрагмент,Горизонт 1/ Темная гумусированная супесь с включением щепы и кирпичной крошки,,,data/raw/images/БП12-Г01-0784_orig.jpg,startswith,1,БП12-Г01-0784,Фаянс,блюдце,0,профиль,0,фрагмент,0,0,0,val
БП12-Г01-0794,Блюдце,Блюдца фаянсового с полихромной росписью и клеймом профиль,фаянс,Д15-9; высота 3 см,Фрагмент,Горизонт 1/ Темная гумусированная супесь с включением щепы и кирпичной крошки,,,data/raw/images/БП12-Г01-0794_orig.jpg,startswith,1,БП12-Г01-0794,Фаянс,блюдце,0,профиль,0,фрагмент,0,0,0,train
БП12-Г01-0956,Миска,Миски красноглиняной профиль,керамика,"Д15-13; высота 2,3 см",Фрагмент,Горизонт 1/ темный гумусированный суглинок с кирпичной крошкой,,,data/raw/images/БП12-Г01-0956_orig.jpg,startswith,1,БП12-Г01-0956,Красноглиняная керамика,миска,0,профиль,0,фрагмент,0,0,0,train
БП12-Г01-1007,Изразец,Изразца красноглиняного орнаментированного с белой поливой фр-т,керамика,,Фрагмент,Горизонт 1/ темная гумусированная супесь,,,data/raw/images/БП12-Г01-1007_orig.jpg,startswith,1,БП12-Г01-1007,Керамика,изразец,0,часть не указана,1,фрагмент,0,0,0,train
БП12-Г01-1008,Изразец,Изразца красноглиняного плоского с белой поливой и кобальтовой росписью фр-т,керамика,,Фрагмент,Горизонт 1/ темная гумусированная супесь,,,data/raw/images/БП12-Г01-1008_orig.jpg,startswith,1,БП12-Г01-1008,Керамика,изразец,0,часть не указана,1,фрагмент,0,0,0,train
БП12-Г01-1016,Тарелка,Тарелки фаянсовой с полихромной росписью края фр-т,фаянс,Д26 см,Фрагмент,Горизонт 1/ темная гумусированная супесь,,,data/raw/images/БП12-Г01-1016_orig.jpg,startswith,1,БП12-Г01-1016,Фаянс,тарелка,0,часть не указана,1,фрагмент,0,0,0,train
БП12-Г01-1017,Крышка,Сосуда фаянсового крышки с кобальтовой росписью края фр-т,фаянс,Д8-6 см,Фрагмент,Горизонт 1/ темная гумусированная супесь,,,data/raw/images/БП12-Г01-1017_orig.jpg,startswith,1,БП12-Г01-1017,Фаянс,крышка,0,часть не указана,1,фрагмент,0,0,0,train
БП12-Г01-1036,Крышка,Сосуда красноглиняного крышка со следами коричневой поливы внутри и снаружи фрагментированная,керамика,Д13 см,Фрагмент,Горизонт 1/ Темная гумусированная супесь с включением кирпичной крошки,,,data/raw/images/БП12-Г01-1036_orig.jpg,startswith,1,БП12-Г01-1036,Красноглиняная керамика,крышка,0,часть не указана,1,фрагмент,0,0,0,train
БП12-Г01-1697,Блюдце,Блюдца фаянсового с кобальтовой росписью донца фр-т,фаянс,"Д5,5 см",Фрагмент,Горизонт 1/ темный гумусированный суглинок с кирпичной крошкой,,,data/raw/images/БП12-Г01-1697_orig.jpg,startswith,1,БП12-Г01-1697,Фаянс,блюдце,0,донце,0,фрагмент,0,0,0,train
БП12-Г01-1713,Изразец,Изразца красноглиняного плоского с белой поливой и кобальтовой росписью фр-т,керамика,"7х8х1,5 см",Фрагмент,Горизонт 1/ темный гумусированный суглинок с кирпичной крошкой,,,data/raw/images/БП12-Г01-1713_orig.jpg,startswith,1,БП12-Г01-1713,Керамика,изразец,0,часть не указана,1,фрагмент,0,0,0,test
БП12-Г01-1956,Изразец,Изразца красноглиняного изогнутого орнаментированного с белой поливой и желтой по орнаменту фр-т,керамика,,Фрагмент,Горизонт 1/ Темный гумусированый суглинок с включением кирпичной крошки,,,data/raw/images/БП12-Г01-1956_orig.jpg,startswith,1,БП12-Г01-1956,Красноглиняная керамика,изразец,0,часть не указана,1,фрагмент,0,0,0,test
БП12-Г01-1974,Тарелка,Тарелки фаянсовой с клеймом донца фр-т,фаянс,,Фрагмент,Горизонт 1/ Темный гумусированый суглинок с включением кирпичной крошки,,,data/raw/images/БП12-Г01-1974_orig.jpg,startswith,1,БП12-Г01-1974,Фаянс,тарелка,0,донце,0,фрагмент,0,0,0,train
БП12-Г01-1985,Тарелка,Тарелки фаянсовой с клеймом профиль,фаянс,Д 27-15 см,Фрагмент,Горизонт 1/ Темный гумусированый суглинок с включением кирпичной крошки,,,data/raw/images/БП12-Г01-1985_orig.jpg,startswith,1,БП12-Г01-1985,Фаянс,тарелка,0,профиль,0,фрагмент,0,0,0,train
БП12-Г01-2474,Крышка,Сосуда фаянсового крышка фрагментированная,фаянс,"Д4-3,5; высота 1,5 см",Фрагмент,Горизонт 1/ мешаный гумусированный суглинок с кирпичной крошкой,,,data/raw/images/БП12-Г01-2474_orig.jpg,startswith,1,БП12-Г01-2474,Фаянс,крышка,0,часть не указана,1,фрагмент,0,0,0,train
БП12-Г01-2475,Блюдце,Блюдца фарфорового с рельефной поверхностью по внутренней стороне и с кобальтовой росписью профиль,фарфор,Д12-7 см,Фрагмент,Горизонт 1/ мешаный гумусированный суглинок с кирпичной крошкой,,,data/raw/images/БП12-Г01-2475_orig.jpg,startswith,1,БП12-Г01-2475,Фарфор,блюдце,0,профиль,0,фрагмент,0,0,0,train
БП12-Г01-2476,Тарелка,Тарелки фаянсовой с рельефным краем и кобальтовой росписью профиль с клеймом,фаянс,Д25-14 см,Фрагмент,Горизонт 1/ мешаный гумусированный суглинок с кирпичной крошкой,,,data/raw/images/БП12-Г01-2476_orig.jpg,startswith,1,БП12-Г01-2476,Фаянс,тарелка,0,профиль,0,фрагмент,0,0,0,test
БП12-Г01-3217,Крышка,Сосуда красноглиняного крышки профиль,керамика,Д26 см,Фрагмент,Горизонт 1/ темная гумусированная супесь с кирпичной крошкой,,,data/raw/images/БП12-Г01-3217_orig.jpg,startswith,1,БП12-Г01-3217,Красноглиняная керамика,крышка,0,профиль,0,фрагмент,0,0,0,val
БП12-Г01-3218,Крышка,Сосуда красноглиняного крышки ручка,керамика,,Фрагмент,Горизонт 1/ темная гумусированная супесь с кирпичной крошкой,,,data/raw/images/БП12-Г01-3218_orig.jpg,startswith,1,БП12-Г01-3218,Красноглиняная керамика,крышка,0,ручка,0,фрагмент,0,0,0,test
БП12-Г01-3220,Изразец,Изразца красноглиняного изогнутого с зеленой поливой фр-т,керамика,,Фрагмент,Горизонт 1/ темная гумусированная супесь с кирпичной крошкой,,,data/raw/images/БП12-Г01-3220_orig.jpg,startswith,1,БП12-Г01-3220,Керамика,изразец,0,часть не указана,1,фрагмент,0,0,0,train
БП12-Г01-3239,Миска,Миска красноглиняной с зеленой поливой внутри и нагаром снаружи профиль,керамика,Д39-29; высота 7 см,Фрагмент,Горизонт 1/ темная гумусированная супесь с кирпичной крошкой,,,data/raw/images/БП12-Г01-3239_orig.jpg,startswith,1,БП12-Г01-3239,Красноглиняная керамика,миска,0,профиль,0,фрагмент,0,0,0,train
БП12-Г01-3414,Блюдце,Блюдца фаянсового с кобальтовой росписью и клеймом профиль,фаянс,Д15-9 см,Фрагмент,Горизонт 1/ темный гумусированный суглинок с кирпичной крошкой,,,data/raw/images/БП12-Г01-3414_orig.jpg,startswith,1,БП12-Г01-3414,Фаянс,блюдце,0,профиль,0,фрагмент,0,0,0,train
БП12-Г01-3416,Блюдце,Блюдца фаянсового с кобальтовой росписью и клеймом профиль,фаянс,"Д14-10; высота 2,3 см",Фрагмент,Горизонт 1/ темный гумусированный суглинок с кирпичной крошкой,,,data/raw/images/БП12-Г01-3416_orig.jpg,startswith,1,БП12-Г01-3416,Фаянс,блюдце,0,профиль,0,фрагмент,0,0,0,train
БП12-Г01-3461,Крышка,Сосуда красноглиняного крышки с коричневой поливой внутри и снаружи края фр-т,керамика,,Фрагмент,Горизонт 1/ Темный гумусированный суглинок с кирпичной крошкой,,,data/raw/images/БП12-Г01-3461_orig.jpg,startswith,1,БП12-Г01-3461,Красноглиняная керамика,крышка,0,часть не указана,1,фрагмент,0,0,0,val
БП12-Г01-3462,Блюдце,Блюдца фаянсового с росписью профиль,фаянс,Д17-10 см,Фрагмент,Горизонт 1/ Темный гумусированный суглинок с кирпичной крошкой,,,data/raw/images/БП12-Г01-3462_orig.jpg,startswith,1,БП12-Г01-3462,Фаянс,блюдце,0,профиль,0,фрагмент,0,0,0,train
БП12-Г01-3511,Крышка,Сосуда красноглиняного ручка от крышки с темно-серой поливой овальной формы орнаментированная фрагментированная,керамика,,Фрагмент,Горизонт 1/ Темный гумусированный суглинок с кирпичной крошкой,,,data/raw/images/БП12-Г01-3511_orig.jpg,startswith,1,БП12-Г01-3511,Красноглиняная керамика,крышка,0,ручка,0,фрагмент,0,0,0,test
БП12-Г01-3577,Тарелка,Тарелки фаянсовой с клеймом донца фр-т,фаянс,,Фрагмент,Горизонт 1/ темная гумусированная супесь со щепой и кирпичом,,,data/raw/images/БП12-Г01-3577_orig.jpg,startswith,1,БП12-Г01-3577,Фаянс,тарелка,0,донце,0,фрагмент,0,0,0,val
БП12-Г01-4902,Блюдце,Блюдца фарфорового с золотой и розовой каемкой и с клеймом профиль,фарфор,Д13-8; высота 3 см,Фрагмент,Горизонт 1/ серый суглинок со щепой,,,data/raw/images/БП12-Г01-4902_orig.jpg,startswith,1,БП12-Г01-4902,Фарфор,блюдце,0,профиль,0,фрагмент,0,0,0,train
БП12-Г01-4903,Блюдце,Блюдца фаянсового с черной росписью донца фр-т,фаянс,Д12 см,Фрагмент,Горизонт 1/ серый суглинок со щепой,,,data/raw/images/БП12-Г01-4903_orig.jpg,startswith,1,БП12-Г01-4903,Фаянс,блюдце,0,донце,0,фрагмент,0,0,0,train
БП12-Г01-5688,Тарелка,Тарелки фаянсовой с полихромной росписью и рельефным краем,фаянс,"Д22-13; высота 3,5 см",Фрагмент,"Горизонт 1/ черная супесь, щепа, кирпичи",,,data/raw/images/БП12-Г01-5688_orig.jpg,startswith,1,БП12-Г01-5688,Фаянс,тарелка,0,часть не указана,1,фрагмент,0,0,0,val
БП12-Г01-5772,Крышка,Сосуда серолощеного крышки края фр-т,керамика,Д13 см,Фрагмент,Горизонт 1/ темно-коричневая гумусированная супесь с кирпичной крошкой,,,data/raw/images/БП12-Г01-5772_orig.jpg,startswith,1,БП12-Г01-5772,Серолощеная керамика,крышка,0,часть не указана,1,фрагмент,0,0,0,test
БП12-Г01-5843,Крышка,Сосуда фаянсового крышки с золотой каемкой и с полихромной росписью по синей поливе профиль,фаянс,"Д8,5-7 см",Фрагмент,Горизонт 1/ темная гумусированная супесь с включением строительного мусора,,,data/raw/images/БП12-Г01-5843_orig.jpg,startswith,1,БП12-Г01-5843,Фаянс,крышка,0,профиль,0,фрагмент,0,0,0,train
БП12-Г01-5844,Тарелка,Тарелки фаянсовой с клеймом и инициалами донца фр-т,фаянс,Д9 см,Фрагмент,Горизонт 1/ темная гумусированная супесь с включением строительного мусора,,,data/raw/images/БП12-Г01-5844_orig.jpg,startswith,1,БП12-Г01-5844,Фаянс,тарелка,0,донце,0,фрагмент,0,0,0,test
БП12-Г01-5845,Тарелка,Тарелки фаянсовой с клеймом донца фр-т,фаянс,Д10 см,Фрагмент,Горизонт 1/ темная гумусированная супесь с включением строительного мусора,,,data/raw/images/БП12-Г01-5845_orig.jpg,startswith,1,БП12-Г01-5845,Фаянс,тарелка,0,донце,0,фрагмент,0,0,0,val
БП12-Г01-5990,Крышка,Крышки светлоглиняной края  фр-т,керамика,Д22 см,Фрагмент,Горизонт 1/ коричневая супесь с кирпичной крошкой,,,data/raw/images/БП12-Г01-5990_orig.jpg,startswith,1,БП12-Г01-5990,Светлоглиняная керамика,крышка,0,часть не указана,1,фрагмент,0,0,0,test
БП12-Г01-6186,Тарелка,Тарелки фаянсовой орнаментированной с черной росписью края рельефного фр-т,фаянс,,Фрагмент,Горизонт 1/ гумусовая супесь со щепой,,,data/raw/images/БП12-Г01-6186_orig.jpg,startswith,1,БП12-Г01-6186,Фаянс,тарелка,0,часть не указана,1,фрагмент,0,0,0,train
БП12-Г01-6214,Крышка,Сосуда красноглиняного крышки ручки с белой поливой и кобальтовой росписью фр-т,керамика,,Фрагмент,Горизонт 1/ гумусированный суглинок с кирпичной крошкой,,,data/raw/images/БП12-Г01-6214_orig.jpg,startswith,1,БП12-Г01-6214,Красноглиняная керамика,крышка,0,ручка,0,фрагмент,0,0,0,val
БП12-Г01-6335,Изразец,Изразца красноглиняного плоского с белой поливой и кобальтовой росписью фр-т,керамика,,Фрагмент,Горизонт 1/ мешаная серая супесь с кирпичной крошкой,,,data/raw/images/БП12-Г01-6335_orig.jpg,startswith,1,БП12-Г01-6335,Керамика,изразец,0,часть не указана,1,фрагмент,0,0,0,test
БП12-Г01-6336,Тарелка,Тарелки фаянсовой с белой поливой внутри и снаружи и голубой каемкой края фр-т,фаянс,Д23 см,Фрагмент,Горизонт 1/ мешаная серая супесь с кирпичной крошкой,,,data/raw/images/БП12-Г01-6336_orig.jpg,startswith,1,БП12-Г01-6336,Фаянс,тарелка,0,часть не указана,1,фрагмент,0,0,0,val
БП12-Г01-6521,Блюдце,Блюдца фарфорового с полихромной росписью и золотой окантовкой профиль,фарфор,"Д17-9;  высота 2,5 см",Фрагмент,Горизонт 1/ гумусированный суглинок с кирпичной крошкой,,,data/raw/images/БП12-Г01-6521_orig.jpg,startswith,1,БП12-Г01-6521,Фарфор,блюдце,0,профиль,0,фрагмент,0,0,0,train
БП12-Г01-6522,Блюдце,Блюдца фаянсового с красной окантовкой по краю профиль,фаянс,"Д8-6; высота 0,8 см",Фрагмент,Горизонт 1/ гумусированный суглинок с кирпичной крошкой,,,data/raw/images/БП12-Г01-6522_orig.jpg,startswith,1,БП12-Г01-6522,Фаянс,блюдце,0,профиль,0,фрагмент,0,0,0,train
БП12-Г01-6523,Блюдце,Блюдце фаянсовое с зеленой росписью,фаянс,"Д14-6; высота 2,5 см",Целый,Горизонт 1/ гумусированный суглинок с кирпичной крошкой,,,data/raw/images/БП12-Г01-6523_orig.jpg,startswith,1,БП12-Г01-6523,Фаянс,блюдце,0,часть не указана,1,целый,0,0,0,train
БП12-Г01-6524,Блюдце,Блюдца фаянсового профиль,фаянс,"Д14-7,5 см",Фрагмент,Горизонт 1/ гумусированный суглинок с кирпичной крошкой,,,data/raw/images/БП12-Г01-6524_orig.jpg,startswith,1,БП12-Г01-6524,Фаянс,блюдце,0,профиль,0,фрагмент,0,0,0,train
БП12-Г01-6525,Блюдце,Блюдце фарфоровое с клеймом и золотой росписью фрагментированное,фарфор,Д14-8; высота 3 см,Фрагмент,Горизонт 1/ гумусированный суглинок с кирпичной крошкой,,,data/raw/images/БП12-Г01-6525_orig.jpg,startswith,1,БП12-Г01-6525,Фарфор,блюдце,0,часть не указана,1,фрагмент,0,0,0,test
БП12-Г01-6538,Крышка,Сосуда фаянсового крышка,фаянс,Д5; высота 2 см,Целый,Горизонт 1/ гумусированный суглинок с кирпичной крошкой,,,data/raw/images/БП12-Г01-6538_orig.jpg,startswith,1,БП12-Г01-6538,Фаянс,крышка,0,часть не указана,1,целый,0,0,0,train
БП12-Г01-6540,Тарелка,Тарелка фаянсовая с белой и кобальтовой поливой фрагментированная,фаянс,"Д25-13,5; высота 3,5 см",Фрагмент,Горизонт 1/ гумусированный суглинок с кирпичной крошкой,,,data/raw/images/БП12-Г01-6540_orig.jpg,startswith,1,БП12-Г01-6540,Фаянс,тарелка,0,часть не указана,1,фрагмент,0,0,0,test
БП12-Г01-6560,Крышка,Сосуда фаянсового с желтой и темно-коричневой поливой снаружи и желтой внутри крышки фр-т,фаянс,Д12 см,Фрагмент,Горизонт 1/ гумусированный суглинок с кирпичной крошкой,,,data/raw/images/БП12-Г01-6560_orig.jpg,startswith,1,БП12-Г01-6560,Фаянс,крышка,0,часть не указана,1,фрагмент,0,0,0,train
БП12-Г01-6940,Игрушка,Игрушки резиновой фр-т,прочее,длина 8+ см,Фрагмент,Горизонт 1/ темная гумусированная супесь со щепой и кирпичной крошкой,,,data/raw/images/БП12-Г01-6940_orig.jpg,startswith,1,БП12-Г01-6940,Резина,прочее,1,часть не указана,1,фрагмент,0,1,0,train
БП12-Г01-7005,Блюдце,Блюдца фарфорового с красной каемкой профиль,фарфор,Д14-8; высота 3 см,Фрагмент,Горизонт 1/ темная гумусированная супесь со щепой и кирпичной крошкой,,,data/raw/images/БП12-Г01-7005_orig.jpg,startswith,1,БП12-Г01-7005,Фарфор,блюдце,0,профиль,0,фрагмент,0,0,0,test
БП12-Г01-7058,Изразец,Изразец красноглиняный плоский с зеленой поливой фрагментированный,керамика,"21,5х11х5,4+ см",Фрагмент,Горизонт 1/ гумусированная супесь с кирпичной крошкой,,,data/raw/images/БП12-Г01-7058_orig.jpg,startswith,1,БП12-Г01-7058,Керамика,изразец,0,часть не указана,1,фрагмент,0,0,0,train
БП12-Г01-7079,Игрушка,Игрушка белоглиняная с коричневой росписью фрагментированная,керамика,,Фрагмент,Горизонт 1/ гумусированный суглинок с кирпичной крошкой,,,data/raw/images/БП12-Г01-7079_orig.jpg,startswith,1,БП12-Г01-7079,Белоглиняная керамика,прочее,1,часть не указана,1,фрагмент,0,0,0,train
БП12-Г01-7209,Изразец,Изразца красноглиняного орнаментированного с белой поливой фр-т,керамика,,Фрагмент,Горизонт 1/ гумусированный суглинок с кирпичной крошкой,,,data/raw/images/БП12-Г01-7209_orig.jpg,startswith,1,БП12-Г01-7209,Керамика,изразец,0,часть не указана,1,фрагмент,0,0,0,train
БП12-Г01-7210,Изразец,Изразца красноглиняного румпы пронумерованной фр-т,керамика,,Фрагмент,Горизонт 1/ гумусированный суглинок с кирпичной крошкой,,,data/raw/images/БП12-Г01-7210_orig.jpg,startswith,1,БП12-Г01-7210,Керамика,изразец,0,часть не указана,1,фрагмент,0,0,0,val
БП12-Г01-7211,Изразец,Изразца красноглиняного румпы пронумерованной фр-т,керамика,,Фрагмент,Горизонт 1/ гумусированный суглинок с кирпичной крошкой,,,data/raw/images/БП12-Г01-7211_orig.jpg,startswith,1,БП12-Г01-7211,Керамика,изразец,0,часть не указана,1,фрагмент,0,0,0,train
БП12-Г01-7212,Изразец,Изразца красноглиняного декорированного фр-т,керамика,,Фрагмент,Горизонт 1,,,data/raw/images/БП12-Г01-7212_orig.jpg,startswith,1,БП12-Г01-7212,Керамика,изразец,0,часть не указана,1,фрагмент,0,0,0,train
БП12-Г01-7213,Изразец,Изразца красноглиняного декорированного фр-т,керамика,,Фрагмент,Горизонт 1,,,data/raw/images/БП12-Г01-7213_orig.jpg,startswith,1,БП12-Г01-7213,Керамика,изразец,0,часть не указана,1,фрагмент,0,0,0,train
БП12-Г01-7262,Крышка,Сосуда фаянсового крышка фрагментированная,фаянс,"Д7,5-5 см",Фрагмент,Горизонт 1/ гумусированный суглинок с кирпичной крошкой,,,data/raw/images/БП12-Г01-7262_orig.jpg,startswith,1,БП12-Г01-7262,Фаянс,крышка,0,часть не указана,1,фрагмент,0,0,0,train
БП12-Г01-7263,Крышка,Сосуда фаянсового крышка фрагментированная,фаянс,"Д19,5-17,5 см",Фрагмент,Горизонт 1/ гумусированный суглинок с кирпичной крошкой,,,data/raw/images/БП12-Г01-7263_orig.jpg,startswith,1,БП12-Г01-7263,Фаянс,крышка,0,часть не указана,1,фрагмент,0,0,0,train
БП12-Г01-7271,Миска,Миски деревянной профиль,прочее,Д40 см,Фрагмент,Горизонт 1/ гумусированный суглинок с кирпичной крошкой,,,data/raw/images/БП12-Г01-7271_orig.jpg,startswith,1,БП12-Г01-7271,Дерево,миска,0,профиль,0,фрагмент,0,1,0,train
БП12-Г01-7274,Крышка,Бочонка деревянного крышки со сквозным отверстием фр-т,прочее,"Д15,5 см",Фрагмент,Горизонт 1/ гумусированный суглинок с кирпичной крошкой,,,data/raw/images/БП12-Г01-7274_orig.jpg,startswith,1,БП12-Г01-7274,Дерево,крышка,0,часть не указана,1,фрагмент,0,1,0,train
БП12-Г01-7738,Тарелка,Тарелки красноглиняной с белым ангобом внутри и следами зеленой поливы внутри и снаружи профиль,керамика,Д35-22 см,Фрагмент,Горизонт 1/ серая мешаная гумусированная супесь,,,data/raw/images/БП12-Г01-7738_orig.jpg,startswith,1,БП12-Г01-7738,Красноглиняная керамика,тарелка,0,профиль,0,фрагмент,0,0,0,train
БП12-Г01-7742,Крышка,Сосуда красноглиняного крышки с ручкой фр-т,керамика,Д5 см,Фрагмент,Горизонт 1/ серая мешаная гумусированная супесь,,,data/raw/images/БП12-Г01-7742_orig.jpg,startswith,1,БП12-Г01-7742,Красноглиняная керамика,крышка,0,ручка,0,фрагмент,0,0,0,train
БП12-Г01-7754,Тарелка,Тарелки фарфоровой с полихромной росписью и клеймом донца фр-т,фарфор,,Фрагмент,Горизонт 1/ серая мешаная гумусированная супесь,,,data/raw/images/БП12-Г01-7754_orig.jpg,startswith,1,БП12-Г01-7754,Фарфор,тарелка,0,донце,0,фрагмент,0,0,0,train
БП12-Г01-7762,Тарелка,Тарелка фаянсовая фрагментированная,фаянс,"Д25,5-16 см",Фрагмент,Горизонт 1/ серая мешаная гумусированная супесь,,,data/raw/images/БП12-Г01-7762_orig.jpg,startswith,1,БП12-Г01-7762,Фаянс,тарелка,0,часть не указана,1,фрагмент,0,0,0,val
БП12-Г01-7977,Тарелка,Тарелки фаянсовой с кобальтовой росписью и с клеймом профиль,фаянс,Д14-9; высота 3 см,Фрагмент,Горизонт 1/ черная супесь со щепой,,,data/raw/images/БП12-Г01-7977_orig.jpg,startswith,1,БП12-Г01-7977,Фаянс,тарелка,0,профиль,0,фрагмент,0,0,0,train
БП12-Г01-8799,Изразец,Изразца красноглиняного плоского орнаментированного фр-т,керамика,,Фрагмент,Горизонт 1/ гумусированный суглинок с кирпичной крошкой,,,data/raw/images/БП12-Г01-8799_orig.jpg,startswith,1,БП12-Г01-8799,Керамика,изразец,0,часть не указана,1,фрагмент,0,0,0,val
БП12-Г01-8837,Изразец,Изразца красноглиняного изогнутого орнаментированного профиль,керамика,20+х30х13+ см,Фрагмент,Горизонт 1,,,data/raw/images/БП12-Г01-8837_orig.jpg,startswith,1,БП12-Г01-8837,Керамика,изразец,0,профиль,0,фрагмент,0,0,0,train
БП12-Г01-8844,Изразец,Изразца красноглиняного орнаментированного фр-т,керамика,"44+х9,5+х5,5+ см",Фрагмент,Горизонт 1/ строительный мусор,,,data/raw/images/БП12-Г01-8844_orig.jpg,startswith,1,БП12-Г01-8844,Керамика,изразец,0,часть не указана,1,фрагмент,0,0,0,train
БП12-Г02-1422,Миска,Миска светлоглиняная,керамика,"Д9,5-4,8; высота 3,6 см",Целый,Горизонт 2/ Слой погребенной почвы,,,data/raw/images/БП12-Г02-1422_orig.jpg,startswith,1,БП12-Г02-1422,Светлоглиняная керамика,миска,0,часть не указана,1,целый,0,0,0,test
БП12-Г02-1735,Миска,Миски красноглиняной профиль,керамика,Д15-13; высота 2  см,Фрагмент,Горизонт 2/ темная гумусированная супесь,,,data/raw/images/БП12-Г02-1735_orig.jpg,startswith,1,БП12-Г02-1735,Красноглиняная керамика,миска,0,профиль,0,фрагмент,0,0,0,val
БП12-Г02-2581,Тарелка,Тарелки красноглиняной с коричневой поливой внутри и белой по слою белого ангоба снаружи и росписью зеленой поливой края фр-т,керамика,Д32 см,Фрагмент,Горизонт 2/ темная гумусированная супесь,,,data/raw/images/БП12-Г02-2581_orig.jpg,startswith,1,БП12-Г02-2581,Красноглиняная керамика,тарелка,0,часть не указана,1,фрагмент,0,0,0,train
БП12-Г02-2655,Плитка,Плитки светлоглиняной с белой поливой и с кобальтовой росписью фр-т,керамика,"5,5х4,5х0,8 см",Фрагмент,Горизонт 2/ Темная гумусированная супесь,,,data/raw/images/БП12-Г02-2655_orig.jpg,startswith,1,БП12-Г02-2655,Керамика,прочее,1,часть не указана,1,фрагмент,0,0,0,val
БП12-Г02-2723,Изразец,Изразца красноглиняного плоского с зеленой поливой и рельефным орнаментом фр-т,керамика,"10,2х6,1х1 см",Фрагмент,Горизонт 2/ Темная гумусированная супесь с кирпичной крошкой,,,data/raw/images/БП12-Г02-2723_orig.jpg,startswith,1,БП12-Г02-2723,Керамика,изразец,0,часть не указана,1,фрагмент,0,0,0,train
БП12-Г02-2791,Изразец,Изразца красноглиняного с зеленой поливой румпы фр-т,керамика,"высота 6,7+ см",Фрагмент,Горизонт 2/ Темная гумусированная супесь с кирпичной крошкой,,,data/raw/images/БП12-Г02-2791_orig.jpg,startswith,1,БП12-Г02-2791,Керамика,изразец,0,часть не указана,1,фрагмент,0,0,0,train
БП12-Г02-3656,Крышка,Сосуда фаянсового крышки с коричневой поливой снаружи края фр-т,фаянс,Д12 см,Фрагмент,Горизонт 2/ Темно-коричневая гумусированная супесь с кирпичной крошкой,,,data/raw/images/БП12-Г02-3656_orig.jpg,startswith,1,БП12-Г02-3656,Фаянс,крышка,0,часть не указана,1,фрагмент,0,0,0,test
БП12-Г02-3659,Блюдце,Блюдца фаянсового с росписью и с клеймом донца фр-т,фаянс,Д9 см,Фрагмент,Горизонт 2/ Темно-коричневая гумусированная супесь с кирпичной крошкой,,,data/raw/images/БП12-Г02-3659_orig.jpg,startswith,1,БП12-Г02-3659,Фаянс,блюдце,0,донце,0,фрагмент,0,0,0,train
БП12-Г02-3807,Тарелка,Тарелки красноглиняной с белым ангобом снаружи и коричневой и зеленой поливой внутри края фр-т,керамика,Д33 см,Фрагмент,Горизонт 2/ Темная гумусированная супесь,,,data/raw/images/БП12-Г02-3807_orig.jpg,startswith,1,БП12-Г02-3807,Красноглиняная керамика,тарелка,0,часть не указана,1,фрагмент,0,0,0,train
БП12-Г02-3865,Изразец,Изразца красноглиняного с зеленой поливой фр-т,керамика,"высота 11,2х11,3х8,5 см",Фрагмент,Горизонт 2/ Темная мешаная супесь с кирпичной крошкой,,,data/raw/images/БП12-Г02-3865_orig.jpg,startswith,1,БП12-Г02-3865,Керамика,изразец,0,часть не указана,1,фрагмент,0,0,0,train
БП12-Г02-3866,Изразец,Изразца красноглиняного плоского с белой поливой и клеймом фр-т,керамика,"8,5х6,3х1,3 см",Фрагмент,Горизонт 2/ Темная мешаная супесь с кирпичной крошкой,,,data/raw/images/БП12-Г02-3866_orig.jpg,startswith,1,БП12-Г02-3866,Керамика,изразец,0,часть не указана,1,фрагмент,0,0,0,test
БП12-Г02-3927,Крышка,Сосуда красноглиняного с нагарос внутри крышки профиль,керамика,Д27 см,Фрагмент,Горизонт 2/ темная гумусированная супесь с кирпичной крошкой,,,data/raw/images/БП12-Г02-3927_orig.jpg,startswith,1,БП12-Г02-3927,Красноглиняная керамика,крышка,0,профиль,0,фрагмент,0,0,0,train
БП12-Г02-3983,Тарелка,Тарелки фаянсовой с полихромной росписью края фр-т,фаянс,Д21 см,Фрагмент,Горизонт 2/ темная гумусированная супесь со щепой и кирпичной крошкой,,,data/raw/images/БП12-Г02-3983_orig.jpg,startswith,1,БП12-Г02-3983,Фаянс,тарелка,0,часть не указана,1,фрагмент,0,0,0,train
БП12-Г02-3984,Блюдце,Блюдца фаянсового с кобальтовой росписью и рельефными стенками и краем профиль,фаянс,"Д13-6; высота 2,5  см",Фрагмент,Горизонт 2/ темная гумусированная супесь со щепой и кирпичной крошкой,,,data/raw/images/БП12-Г02-3984_orig.jpg,startswith,1,БП12-Г02-3984,Фаянс,блюдце,0,профиль,0,фрагмент,0,0,0,val
БП12-Г02-4011,Тарелка,Тарелки красноглиняной с белой поливой внутри и снаружи и полихромной росписью профиль,керамика,"Д23-12; высота 4,3 см",Фрагмент,Горизонт 2/ темная гумусированная супесь со щепой и кирпичной крошкой,,,data/raw/images/БП12-Г02-4011_orig.jpg,startswith,1,БП12-Г02-4011,Красноглиняная керамика,тарелка,0,профиль,0,фрагмент,0,0,0,test
БП12-Г02-4183,Тарелка,Тарелки красноглиняной с желтой поливой внутри и следами коричневой снаружи края фр-т,керамика,Д26 см,Фрагмент,Горизонт 2/ темная гумусированная супесь с кирпичной крошкой,,,data/raw/images/БП12-Г02-4183_orig.jpg,startswith,1,БП12-Г02-4183,Красноглиняная керамика,тарелка,0,часть не указана,1,фрагмент,0,0,0,train
БП12-Г02-4189,Блюдце,Блюдца фаянсового с полихромной росписью профиля фр-т,фаянс,Д донца 9 см,Фрагмент,Горизонт 2/ темная гумусированная супесь с кирпичной крошкой,,,data/raw/images/БП12-Г02-4189_orig.jpg,startswith,1,БП12-Г02-4189,Фаянс,блюдце,0,профиль,0,фрагмент,0,0,0,train
БП12-Г02-4190,Тарелка,Тарелки фаянсовой с кобальтовой росписью и рельефным краем края фр-т,фаянс,Д24 см,Фрагмент,Горизонт 2/ темная гумусированная супесь с кирпичной крошкой,,,data/raw/images/БП12-Г02-4190_orig.jpg,startswith,1,БП12-Г02-4190,Фаянс,тарелка,0,часть не указана,1,фрагмент,0,0,0,train
БП12-Г02-4243,Плитка,Плитка напольная керамическая метлахская с голубой росписью и следами раствора фрагментированная,керамика,"15,4х7,6х1,8 см",Фрагмент,Горизонт 2/ темная гумусированная супесь с кирпичной крошкой,,,data/raw/images/БП12-Г02-4243_orig.jpg,startswith,1,БП12-Г02-4243,Керамика,прочее,1,часть не указана,1,фрагмент,0,0,0,train
БП12-Г02-4257,Блюдце,Блюдца фаянсового с росписью края фр-т,фаянс,Д14 см,Фрагмент,Горизонт 2/ Темная гумусированная супесь с кирпичной крошкой,,,data/raw/images/БП12-Г02-4257_orig.jpg,startswith,1,БП12-Г02-4257,Фаянс,блюдце,0,часть не указана,1,фрагмент,0,0,0,val
БП12-Г02-4270,Крышка,Сосуда красноглиняного крышки с зеленой поливой внутри и снаружи края фр-т,керамика,,Фрагмент,Горизонт 2/ Темная гумусированная супесь с кирпичной крошкой,,,data/raw/images/БП12-Г02-4270_orig.jpg,startswith,1,БП12-Г02-4270,Красноглиняная керамика,крышка,0,часть не указана,1,фрагмент,0,0,0,train
БП12-Г02-4540,Блюдце,Блюдца фарфорового с росписью профиль,фарфор,Д14-9; высота 3 см,Фрагмент,Горизонт 2/ Темный гумусированный суглинок с щепой и органикой,,,data/raw/images/БП12-Г02-4540_orig.jpg,startswith,1,БП12-Г02-4540,Фарфор,блюдце,0,профиль,0,фрагмент,0,0,0,train
БП12-Г02-4708,Крышка,Чайника фарфорового крышка фрагментированная,фарфор,"Д5,5 см",Фрагмент,Горизонт 2/ Темная гумусированная супесь,,,data/raw/images/БП12-Г02-4708_orig.jpg,startswith,1,БП12-Г02-4708,Фарфор,крышка,0,часть не указана,1,фрагмент,0,0,0,train
БП12-Г02-4758,Тарелка,Тарелки фаянсовой донца фр-т,фаянс,,Фрагмент,Горизонт 2/ Темная гумусированная супесь,,,data/raw/images/БП12-Г02-4758_orig.jpg,startswith,1,БП12-Г02-4758,Фаянс,тарелка,0,донце,0,фрагмент,0,0,0,train
БП12-Г02-5150,Крышка,Сосуда белоглиняного с коричневой поливой снаружи крышки ручка,керамика,"Д4,6 см",Фрагмент,Горизонт 2/ темная гумусированная супесь,,,data/raw/images/БП12-Г02-5150_orig.jpg,startswith,1,БП12-Г02-5150,Белоглиняная керамика,крышка,0,ручка,0,фрагмент,0,0,0,train
БП12-Г02-5226,Тарелка,Тарелки фаянсовой края фр-т,фаянс,Д23 см,Фрагмент,Горизонт 2/ темная гумусированная супесь,,,data/raw/images/БП12-Г02-5226_orig.jpg,startswith,1,БП12-Г02-5226,Фаянс,тарелка,0,часть не указана,1,фрагмент,0,0,0,val
БП12-Г02-5243,Блюдце,Блюдца фаянсового с кобальтовой росписью профиль,фаянс,"Д13-6; высота 2,5 см",Фрагмент,Горизонт 2/ гумусированный суглинок с кирпичной крошкой,,,data/raw/images/БП12-Г02-5243_orig.jpg,startswith,1,БП12-Г02-5243,Фаянс,блюдце,0,профиль,0,фрагмент,0,0,0,train
БП12-Г02-5276,Тарелка,Тарелки фаянсовой с росписью донца фр-т,фаянс,,Фрагмент,Горизонт 2/ серая мешаная супесь. Перекоп,,,data/raw/images/БП12-Г02-5276_orig.jpg,startswith,1,БП12-Г02-5276,Фаянс,тарелка,0,донце,0,фрагмент,0,0,0,val
БП12-Г02-5372,Тарелка,Тарелки фаянсовой донца с клеймом фр-т,фаянс,,Фрагмент,"Горизонт 2/ дерн, навоз",,,data/raw/images/БП12-Г02-5372_orig.jpg,startswith,1,БП12-Г02-5372,Фаянс,тарелка,0,донце,0,фрагмент,0,0,0,train
БП12-Г02-6877,Изразец,Изразец белоглиняный плоский с белой поливой фрагментированный,керамика,высота румпы 5 см,Фрагмент,Горизонт 2,,,data/raw/images/БП12-Г02-6877_orig.jpg,startswith,1,БП12-Г02-6877,Керамика,изразец,0,часть не указана,1,фрагмент,0,0,0,train
БП12-Г02-8020,Изразец,Изразца красноглиняного плоского с зеленой поливой фр-т,керамика,"10,5+х9,5+х7,5 см",Фрагмент,Горизонт 2/ темная гумусированная супесь,,,data/raw/images/БП12-Г02-8020_orig.jpg,startswith,1,БП12-Г02-8020,Красноглиняная керамика,изразец,0,часть не указана,1,фрагмент,0,0,0,train
БП12-Г02-8137,Тарелка,Тарелки белоглиняной с белой поливой внутри и снаружи с кобальтовой росписью донца с рельефными стенками фр-т,керамика,Д17 см,Фрагмент,Горизонт 2,,,data/raw/images/БП12-Г02-8137_orig.jpg,startswith,1,БП12-Г02-8137,Белоглиняная керамика,тарелка,0,донце,0,фрагмент,0,0,0,val
БП12-Т01-8069,Тарелка,Тарелки фаянсовой донца с клеймом фр-т,фаянс,,Фрагмент,,,,data/raw/images/БП12-Т01-8069_orig.jpg,startswith,1,БП12-Т01-8069,Фаянс,тарелка,0,донце,0,фрагмент,0,0,0,train
БП12-Т01-8071,Блюдце,Блюдца-игрушки фаянсового с золотой окантовкой и полихромной росписью профиль,фаянс,"Д7,5-4; высота 1,5 см",Фрагмент,,,,data/raw/images/БП12-Т01-8071_orig.jpg,startswith,1,БП12-Т01-8071,Фаянс,блюдце,0,профиль,0,фрагмент,0,0,0,train
БП12-Т01-8073,Блюдце,Блюдца фаянсового с полихромной росписью донца фр-т,фаянс,Д6 см,Фрагмент,,,,data/raw/images/БП12-Т01-8073_orig.jpg,startswith,1,БП12-Т01-8073,Фаянс,блюдце,0,донце,0,фрагмент,0,0,0,train
БП12-Т01-8074,Блюдце,Блюдца фаянсового с кобальтовой росписью и рельефными стенками донца фр-т,фаянс,Д9 см,Фрагмент,,,,data/raw/images/БП12-Т01-8074_orig.jpg,startswith,1,БП12-Т01-8074,Фаянс,блюдце,0,донце,0,фрагмент,0,0,0,train
БП12-Т02-7986,Крышка,Сосуда фаянсового крышка,фаянс,"Д6,8 см",Целый,,,,data/raw/images/БП12-Т02-7986_orig.jpg,startswith,1,БП12-Т02-7986,Фаянс,крышка,0,часть не указана,1,целый,0,0,0,train
Заг11-ш01-Г01-055,Изразец,Изразца красноглиняного с белой поливой и кобальтовой росписью фр-т,керамика,,Фрагмент,Гориз.1,ИИМК РАН,2011.0,data/raw/images/Заг11-ш01-Г01-055_orig.jpg,startswith,1,Заг11-ш01-Г01-055,Керамика,изразец,0,часть не указана,1,фрагмент,0,0,0,val
Заг11-ш01-Г02-067,Изразец,Изразца (карниз) красноглиняного с белой поливой и полихромной росписью фр-т,керамика,,Фрагмент,Гориз.2,ИИМК РАН,2011.0,data/raw/images/Заг11-ш01-Г02-067_orig.jpg,startswith,1,Заг11-ш01-Г02-067,Керамика,изразец,0,часть не указана,1,фрагмент,0,0,0,train
Заг11-ш01-Г02-068,Изразец,Изразца (перемычка) красноглиняного с белой поливой и кобальтовой росписью фр-т,керамика,,Фрагмент,Гориз.2,ИИМК РАН,2011.0,data/raw/images/Заг11-ш01-Г02-068_orig.jpg,startswith,1,Заг11-ш01-Г02-068,Керамика,изразец,0,часть не указана,1,фрагмент,0,0,0,train
Заг11-ш01-Г03-145,Изразец,Изразца (перемычка) красноглиняного с белой поливой и кобальтовой росписью фр-т,керамика,,Фрагмент,Гориз.3,ИИМК РАН,2011.0,data/raw/images/Заг11-ш01-Г03-145_orig.jpg,startswith,1,Заг11-ш01-Г03-145,Керамика,изразец,0,часть не указана,1,фрагмент,0,0,0,train
Заг11-ш02-Г02-242,Изразец,Изразца красноглиняного с белой поливой и кобальтовой росписью фр-т,керамика,,Фрагмент,Гориз.2,ИИМК РАН,2011.0,data/raw/images/Заг11-ш02-Г02-242_orig.jpg,startswith,1,Заг11-ш02-Г02-242,Керамика,изразец,0,часть не указана,1,фрагмент,0,0,0,train
Заг11-ш02-Г02-246,Тарелка,Тарелки красноглиняной с желто-зеленой росписью поливой внутри и белой краской снаружи донца фр-т,керамика,Д=14 см,Фрагмент,Гориз.2,ИИМК РАН,2011.0,data/raw/images/Заг11-ш02-Г02-246_orig.jpg,startswith,1,Заг11-ш02-Г02-246,Керамика,тарелка,0,донце,0,фрагмент,0,0,0,val
Заг11-ш02-Г04-279,Изразец,Изразца красноглиняного плоского углового с белой поливой и кобальтовой росписью фр-т,керамика,,Фрагмент,Гориз.4,ИИМК РАН,2011.0,data/raw/images/Заг11-ш02-Г04-279_orig.jpg,startswith,1,Заг11-ш02-Г04-279,Керамика,изразец,0,часть не указана,1,фрагмент,0,0,0,train
КБ-2014-Р1-0094,Плитка,Плитка светлоглиняная напольная с растительным вдавленным рисунком,керамика,"16,5х16,5х1,5 см",Целый,Техногенный слой/ гориз.1,ИИМК РАН,2014.0,data/raw/images/КБ-2014-Р1-0094_orig.jpg,startswith,1,КБ-2014-Р1-0094,Глина,прочее,1,часть не указана,1,целый,0,0,0,test
КБ-2014-Р1-0131,Плитка,"Плитки каменной серой  с вдавленным клеймом  ""KLING…"" фрагмент",прочее,15х8 см,Фрагмент,Техногенный слой/ гориз.1,ИИМК РАН,2014.0,data/raw/images/КБ-2014-Р1-0131_orig.jpg,startswith,1,КБ-2014-Р1-0131,Камень,прочее,1,часть не указана,1,фрагмент,0,1,0,train
КБ-2014-Р1-0222,Тарелка,"Тарелки фаянсовой с зеленой полосой по краю и гербом РСФСР (серп и молот. Колосья пшеницы, и лозунг""…ТАНИЕ ПУТЬ К социализму"" края фрагменты",фаянс,мелкие,Фрагмент,Техногенный слой/ гориз.1,ИИМК РАН,2014.0,data/raw/images/КБ-2014-Р1-0222_orig.jpg,startswith,1,КБ-2014-Р1-0222,Фаянс,тарелка,0,часть не указана,1,фрагмент,0,0,0,train
КБ-2014-Р1-0247,Тарелка,"Тарелки фарфоровой с клеймом ""Фабрика ….нецова…"" фрагмент",фарфор,"5,5х3 см",Фрагмент,Техногенный слой/ гориз.1,ИИМК РАН,2014.0,data/raw/images/КБ-2014-Р1-0247_orig.jpg,startswith,1,КБ-2014-Р1-0247,Фарфор,тарелка,0,часть не указана,1,фрагмент,0,0,0,train
КБ-2014-Р1-0281,Тарелка,Тарелки фарфоровой с неровным краем клеймом на дне зеленым цветом в виде монограммы А II над монограммой корона РИ фрагмент,фарфор,D 12 см,Фрагмент,Техногенный слой/ гориз.1,ИИМК РАН,2014.0,data/raw/images/КБ-2014-Р1-0281_orig.jpg,startswith,1,КБ-2014-Р1-0281,Фарфор,тарелка,0,часть не указана,1,фрагмент,0,0,0,test
КБ-2014-Р1-0320,Тарелка,Тарелки фаянсовой с голубым растительным рисунком края фрагмент,фаянс,D 27 см,Фрагмент,Мешанная коричневая супесь с включениями (слоистые подсыпки)/ гориз.1,ИИМК РАН,2014.0,data/raw/images/КБ-2014-Р1-0320_orig.jpg,startswith,1,КБ-2014-Р1-0320,Фаянс,тарелка,0,часть не указана,1,фрагмент,0,0,0,train
КБ-2014-Р1-0378,Тарелка,Тарелки фарфоровой с золотой каймой по краю и изображением герба РИ (двуглавый орел),фарфор,D 26 см,Фрагмент,Мешанная коричневая супесь с включениями (слоистые подсыпки)/ гориз.1,ИИМК РАН,2014.0,data/raw/images/КБ-2014-Р1-0378_orig.jpg,startswith,1,КБ-2014-Р1-0378,Фарфор,тарелка,0,часть не указана,1,фрагмент,0,0,0,test
КБ-2014-Р1-0400,Блюдце,Блюдца фарфорового с коричневым пейзажным рисунком внутри края фрагмент,фарфор,D 15 см,Фрагмент,Мешаный серый суглинок/ гориз.1,ИИМК РАН,2014.0,data/raw/images/КБ-2014-Р1-0400_orig.jpg,startswith,1,КБ-2014-Р1-0400,Фарфор,блюдце,0,часть не указана,1,фрагмент,0,0,0,train
КБ-2014-Р1-0426,Блюдце,"Блюдца фарфорового с растительным орнаментом и клеймом на дне ""Братьев …новьевых""",фарфор,D 14 см,Фрагмент,Мешанная коричневая супесь с включениями (слоистые подсыпки)/ гориз.1,ИИМК РАН,2014.0,data/raw/images/КБ-2014-Р1-0426_orig.jpg,startswith,1,КБ-2014-Р1-0426,Фарфор,блюдце,0,часть не указана,1,фрагмент,0,0,0,train
КБ-2014-Р1-0427,Блюдце,Блюдца фарфорового с синим растительным рисунком и золотой окантовкой фрагмент,фарфор,D 14 см,Фрагмент,Мешанная коричневая супесь с включениями (слоистые подсыпки)/ гориз.1,ИИМК РАН,2014.0,data/raw/images/КБ-2014-Р1-0427_orig.jpg,startswith,1,КБ-2014-Р1-0427,Фарфор,блюдце,0,часть не указана,1,фрагмент,0,0,0,train
КБ-2014-Р1-0446,Блюдце,"Блюдца фарфорового с клеймом на дне ""завода  С.Т. Кузнецова в Риге"" фрагмент",фарфор,D 9 см,Фрагмент,Мешанная коричневая супесь с включениями (слоистые подсыпки)/ гориз.1,ИИМК РАН,2014.0,data/raw/images/КБ-2014-Р1-0446_orig.jpg,startswith,1,КБ-2014-Р1-0446,Фарфор,блюдце,0,часть не указана,1,фрагмент,0,0,0,test
КБ-2014-Р1-0547,Игрушка,Игрушки фаянсовой солдатика с зеленой росписью пуговицы синего цвета (нет головы и ног),фаянс,6 см,Фрагмент,Мешанная коричневая супесь с включениями (слоистые подсыпки)/ гориз.1,ИИМК РАН,2014.0,data/raw/images/КБ-2014-Р1-0547_orig.jpg,startswith,1,КБ-2014-Р1-0547,Фаянс,прочее,1,часть не указана,1,фрагмент,0,0,0,val
КБ-2014-Р1-0679,Блюдце,Блюдца фарфорового с сиреневым растительным рисунками  фрагмент,фарфор,D 15 см,Фрагмент,Мешанная коричневая супесь с включениями (слоистые подсыпки)/ гориз.1,ИИМК РАН,2014.0,data/raw/images/КБ-2014-Р1-0679_orig.jpg,startswith,1,КБ-2014-Р1-0679,Фарфор,блюдце,0,часть не указана,1,фрагмент,0,0,0,train
КБ-2014-Р1-0716,Тарелка,"Тарелки фарфоровой глубокой с зеленой полосой  по краю клеймо на дне монограмма  ""АII"" над ней корона РИ  фрагмент",фарфор,"D дна 11,5 D венчика 24 см",Фрагмент,Заполнение,ИИМК РАН,2014.0,data/raw/images/КБ-2014-Р1-0716_orig.jpg,startswith,1,КБ-2014-Р1-0716,Фарфор,тарелка,0,часть не указана,1,фрагмент,0,0,0,train
КБ-2014-Р1-0718,Тарелка,Тарелки фаянсовой с подглазурным клеймом (не читается) фрагмент,фаянс,D 13 см,Фрагмент,Заполнение,ИИМК РАН,2014.0,data/raw/images/КБ-2014-Р1-0718_orig.jpg,startswith,1,КБ-2014-Р1-0718,Фаянс,тарелка,0,часть не указана,1,фрагмент,0,0,0,val
КБ-2014-Р1-0719,Блюдце,"Блюдца фарфорового рифленого внутри на дне двурядное клеймо ""Ф М САНАШОВА"" фрагмент",фарфор,"D 5,2 см",Фрагмент,Заполнение,ИИМК РАН,2014.0,data/raw/images/КБ-2014-Р1-0719_orig.jpg,startswith,1,КБ-2014-Р1-0719,Фарфор,блюдце,0,донце,0,фрагмент,0,0,0,train
КБ-2014-Р1-0780,Блюдце,"Блюдца фарфорового с синей полосой по краю и золотым орнаментом внутри и КРУГОВЫМ клеймом ""…РСФСР МКМП…"" фрагмент",фарфор,D 14 см,Фрагмент,Мешанная коричневая супесь с включениями (слоистые подсыпки)/ гориз.1,ИИМК РАН,2014.0,data/raw/images/КБ-2014-Р1-0780_orig.jpg,startswith,1,КБ-2014-Р1-0780,Фарфор,блюдце,0,часть не указана,1,фрагмент,0,0,0,train
КБ-2014-Р1-0782,Блюдце,Блюдце фарфоровое с золотыми полосками по краю растительно-геометрическим рисунком внутри и клеймом снаружи в виде герба РСФСР и набора букв (?),фарфор,D 15 см,Целый,Мешанная коричневая супесь с включениями (слоистые подсыпки)/ гориз.1,ИИМК РАН,2014.0,data/raw/images/КБ-2014-Р1-0782_orig.jpg,startswith,1,КБ-2014-Р1-0782,Фарфор,блюдце,0,часть не указана,1,целый,0,0,1,train
КБ-2014-Р1-1032,Блюдце,"Блюдца фарфорового с геометрическим рисунком и бордовыми полосами по кругу клеймом на дне и вдавленной буквой ""И""  фрагмент",фарфор,D 8 см,Фрагмент,Мешанная коричневая супесь с включениями (слоистые подсыпки)/ гориз.1,ИИМК РАН,2014.0,data/raw/images/КБ-2014-Р1-1032_orig.jpg,startswith,1,КБ-2014-Р1-1032,Фарфор,блюдце,0,часть не указана,1,фрагмент,0,0,0,train
КБ-2014-Р1-1033,Тарелка,"Тарелки фарфоровой с клеймом на дне ""братьев Корниловых въ Петербург"" придонной части фрагмент",фарфор,6х4 см,Фрагмент,Мешанная коричневая супесь с включениями (слоистые подсыпки)/ гориз.1,ИИМК РАН,2014.0,data/raw/images/КБ-2014-Р1-1033_orig.jpg,startswith,1,КБ-2014-Р1-1033,Фарфор,тарелка,0,часть не указана,1,фрагмент,0,0,0,train
КБ-2014-Р1-1101,Тарелка,"Тарелки фаянсовой с клеймом на дне ""им.М.И.КАЛИНИНА  Н.К.М.П. Р.С.Ф.С.Р. Дна фрагмент",фаянс,"D 11,5 см",Фрагмент,,ИИМК РАН,2014.0,data/raw/images/КБ-2014-Р1-1101_orig.jpg,startswith,1,КБ-2014-Р1-1101,Фаянс,тарелка,0,часть не указана,1,фрагмент,0,0,0,train
КБ-2014-Р1-1299,Тарелка,"Тарелки фарфоровой с клеймом на дне ""…LLEROY…CH"" и вдавленная ""3"" фрагмент",фарфор,D 23 см,Фрагмент,Под уровнем известняка,ИИМК РАН,2014.0,data/raw/images/КБ-2014-Р1-1299_orig.jpg,startswith,1,КБ-2014-Р1-1299,Фарфор,тарелка,0,часть не указана,1,фрагмент,0,0,0,train
КБ-2014-Р1-1304,Блюдце,"Блюдца фарфорового с зеленой каймой по краю и клеймом на дне ""…КРАСНЫЙ ФАРФОРИСТ г. ЧУДОВО"" фрагмент",фарфор,D 14 см,Фрагмент,Заполнение помещения,ИИМК РАН,2014.0,data/raw/images/КБ-2014-Р1-1304_orig.jpg,startswith,1,КБ-2014-Р1-1304,Фарфор,блюдце,0,часть не указана,1,фрагмент,0,0,0,train
КБ-2014-Р1-1388,Тарелка,"Тарелки фарфоровой с синим цветочным рисунком внутри придонной части фрагмент клеймо снаружи вдавлено ""Мeissen…2 1/2""  подглазурно синим ""Meissen…39""",фарфор,D 13 см,Фрагмент,Техногенный слой/ гориз.1,ИИМК РАН,2014.0,data/raw/images/КБ-2014-Р1-1388_orig.jpg,startswith,1,КБ-2014-Р1-1388,Фарфор,тарелка,0,часть не указана,1,фрагмент,0,0,0,train
КБ-2014-Р1-1464,Изразец,"Изразца красноглиняного с белой поливой   с клеймом внутри ""…ПОСПЪЕВ…""лицевой пластины фрагмент",керамика,10х7 см,Фрагмент,,ИИМК РАН,2014.0,data/raw/images/КБ-2014-Р1-1464_orig.jpg,startswith,1,КБ-2014-Р1-1464,Глина,изразец,0,часть не указана,1,фрагмент,0,0,0,train
КБ-2014-Р1-1489,Изразец,Изразца красноглиняного с белой поливой лицевой пластины фрагмент,керамика,16х10х7 см,Фрагмент,Мешанная коричневая супесь с включениями (слоистые подсыпки)/ гориз.1,ИИМК РАН,2014.0,data/raw/images/КБ-2014-Р1-1489_orig.jpg,startswith,1,КБ-2014-Р1-1489,Глина,изразец,0,часть не указана,1,фрагмент,0,0,0,train
КБ-2014-Р1-1508,Тарелка,"Тарелки фарфоровой с клеймом на дне ""АII"" дна фрагмент",фарфор,,Фрагмент,Мешанная коричневая супесь с включениями (слоистые подсыпки)/ гориз.1,ИИМК РАН,2014.0,data/raw/images/КБ-2014-Р1-1508_orig.jpg,startswith,1,КБ-2014-Р1-1508,Фарфор,тарелка,0,часть не указана,1,фрагмент,0,0,0,val
КБ-2014-Р1-1518,Тарелка,"Тарелки фаянсовой с клеймом на дне ""KPM DRGY LING SRUSCH"" Дна фрагмент",фаянс,5х9 см,Фрагмент,Мешанная коричневая супесь с включениями (слоистые подсыпки)/ гориз.1,ИИМК РАН,2014.0,data/raw/images/КБ-2014-Р1-1518_orig.jpg,startswith,1,КБ-2014-Р1-1518,Фаянс,тарелка,0,часть не указана,1,фрагмент,0,0,0,val
КБ-2014-Р1-1539,Блюдце,Блюдца фарфорового с цветочным и геометрическим орнаментов на дне клеймо профиля фрагмент,фарфор,D 15 см,Фрагмент,Слой разрушения дома/ гориз.1,ИИМК РАН,2014.0,data/raw/images/КБ-2014-Р1-1539_orig.jpg,startswith,1,КБ-2014-Р1-1539,Фарфор,блюдце,0,профиль,0,фрагмент,0,0,0,train
КБ-2014-Р1-1540,Блюдце,Блюдца фарфорового с голубым рисунком внутри профиля фрагмент,фарфор,D 14 см,Фрагмент,Слой разрушения дома/ гориз.1,ИИМК РАН,2014.0,data/raw/images/КБ-2014-Р1-1540_orig.jpg,startswith,1,КБ-2014-Р1-1540,Фарфор,блюдце,0,профиль,0,фрагмент,0,0,0,val
КБ-2014-Р1-1541,Блюдце,Блюдца фарфорового с коричневой геометрической росписью по краю внутри и клеймом снаружи профиль,фарфор,D 14 см,Фрагмент,Техногенный слой/ гориз.1,ИИМК РАН,2014.0,data/raw/images/КБ-2014-Р1-1541_orig.jpg,startswith,1,КБ-2014-Р1-1541,Фарфор,блюдце,0,профиль,0,фрагмент,0,0,0,train
КБ-2014-Р1-1568,Блюдце,Блюдца фарфорового  с монохромным цветочным рисунком внутри неровным краем профиля фрагмент,фарфор,D 15 см,Фрагмент,Техногенный слой/ гориз.1,ИИМК РАН,2014.0,data/raw/images/КБ-2014-Р1-1568_orig.jpg,startswith,1,КБ-2014-Р1-1568,Фарфор,блюдце,0,профиль,0,фрагмент,0,0,0,val
КБ-2014-Р2-0056,Блюдце,Блюдце фаянсовое с голубоватой (?) поливой и растительным и геометрическим синим орнаментом профиль,фаянс,"Двен=16; Ддон=7,8; выс=2,5 см",Фрагмент,Слой 3/ гориз.2,ИИМК РАН,2014.0,data/raw/images/КБ-2014-Р2-0056_orig.jpg,startswith,1,КБ-2014-Р2-0056,Фаянс,блюдце,0,профиль,0,фрагмент,0,0,1,train
КБ-2014-Р2-0088,Тарелка,Тарелка фаянсовая с рельефным краем и растительным декольным зеленым орнаментом профиль с клеймом на донце,фаянс,"Двен=16; Ддон=10; выс=1,5 см",Фрагмент,Слой 1/ гориз.1,ИИМК РАН,2014.0,data/raw/images/КБ-2014-Р2-0088_orig.jpg,startswith,1,КБ-2014-Р2-0088,Фаянс,тарелка,0,донце,0,фрагмент,0,0,0,val
КБ-2014-Р2-0091,Крышка,Чайника фарфорового с полихромным цветочным и линейным декольным орнаментом крышка,фарфор,"Д=4,5; выс=2,5 см",Целый,Слой 1/ гориз.1,ИИМК РАН,2014.0,data/raw/images/КБ-2014-Р2-0091_orig.jpg,startswith,1,КБ-2014-Р2-0091,Фарфор,крышка,0,часть не указана,1,целый,0,0,0,train
КБ-2014-Р2-0092,Блюдце,Блюдце фарфоровое с зеленым линейным орнаментом по краю внутри и клеймом на донце фр-ое,фарфор,"Двен=14; Ддон=8; выс=3,2 см",Фрагмент,Слой 1/ гориз.1,ИИМК РАН,2014.0,data/raw/images/КБ-2014-Р2-0092_orig.jpg,startswith,1,КБ-2014-Р2-0092,Фарфор,блюдце,0,донце,0,фрагмент,0,0,0,train
КБ-2014-Р2-0094,Тарелка,"Тарелки фарфоровой с растительным полихромным орнаментом внутри, с рельефным краем и клеймом на донце, профиль",фарфор,"Двен=18; Ддон=10; выс=2,5 см",Фрагмент,Слой 1/ гориз.1,ИИМК РАН,2014.0,data/raw/images/КБ-2014-Р2-0094_orig.jpg,startswith,1,КБ-2014-Р2-0094,Фарфор,тарелка,0,донце,0,фрагмент,0,0,0,test
КБ-2014-Р2-0127,Тарелка,Тарелки фаянсовой с растительным полихромным орнаментом внутри донца клейменого фр-т,фаянс,Д=11 см,Фрагмент,Слой 1/ гориз.1,ИИМК РАН,2014.0,data/raw/images/КБ-2014-Р2-0127_orig.jpg,startswith,1,КБ-2014-Р2-0127,Фаянс,тарелка,0,донце,0,фрагмент,0,0,0,train
КБ-2014-Р2-0128,Крышка,Сосуда фарфорового рельефной крышки профиль,фарфор,"Д=4; выс=1,3 см",Фрагмент,Слой 1/ гориз.1,ИИМК РАН,2014.0,data/raw/images/КБ-2014-Р2-0128_orig.jpg,startswith,1,КБ-2014-Р2-0128,Фарфор,крышка,0,профиль,0,фрагмент,0,0,0,train
КБ-2014-Р2-0130,Блюдце,Блюдце фарфоровое с клеймом на донце фр-ое,фарфор,"Двен=15,5; Ддон=8; выс=2,5 см",Фрагмент,Слой 1/ гориз.1,ИИМК РАН,2014.0,data/raw/images/КБ-2014-Р2-0130_orig.jpg,startswith,1,КБ-2014-Р2-0130,Фарфор,блюдце,0,донце,0,фрагмент,0,0,0,train
КБ-2014-Р2-0132,Блюдце,Блюдце фарфоровое с полихромным пейзажным орнаментом и клеймом на донце профиль,фарфор,"Двен=ок159; Ддон=; выс=2,5 см",Фрагмент,Слой 1/ гориз.1,ИИМК РАН,2014.0,data/raw/images/КБ-2014-Р2-0132_orig.jpg,startswith,1,КБ-2014-Р2-0132,Фарфор,блюдце,0,донце,0,фрагмент,0,0,0,train
КБ-2014-Р2-0133,Крышка,Чайника фарфорового с полихромным цветочным декольным орнаментом крышка,фарфор,"Д=4,5; выс=3 см",Целый,Слой 1/ гориз.1,ИИМК РАН,2014.0,data/raw/images/КБ-2014-Р2-0133_orig.jpg,startswith,1,КБ-2014-Р2-0133,Фарфор,крышка,0,часть не указана,1,целый,0,0,0,train
КБ-2014-Р2-0185,Крышка,Сосуда фаянсового с синей поливой снаружи и внутри со сквозными отверстиями крышки профиль,фаянс,Д=10; выс=2 см,Фрагмент,Слой 2/ гориз.2,ИИМК РАН,2014.0,data/raw/images/КБ-2014-Р2-0185_orig.jpg,startswith,1,КБ-2014-Р2-0185,Фаянс,крышка,0,профиль,0,фрагмент,0,0,0,train
КБ-2014-Р2-0189,Блюдце,Блюдца фарфорового с полихромным цветочным и рельефным орнаментом внутри профиль,фарфор,Двен=14; Ддон=8; выс=2 см,Фрагмент,Слой 2/ гориз.2,ИИМК РАН,2014.0,data/raw/images/КБ-2014-Р2-0189_orig.jpg,startswith,1,КБ-2014-Р2-0189,Фарфор,блюдце,0,профиль,0,фрагмент,0,0,0,train
КБ-2014-Р2-0197,Тарелка,Тарелки миниатюрной фарфоровой с полихромным и рельефным орнаментом внутри профиль,фарфор,"Двен=7,5; Ддон=4,5; выс=1,3 см",Фрагмент,Слой 3а/ гориз.2,ИИМК РАН,2014.0,data/raw/images/КБ-2014-Р2-0197_orig.jpg,startswith,1,КБ-2014-Р2-0197,Фарфор,тарелка,0,профиль,0,фрагмент,0,0,0,test
КБ-2014-Р2-0211,Блюдце,"Блюдца фарфорового с золотым линейным и буквенным синим орнаментом внутри и клеймом на донце, профиль",фарфор,"Двен=не определен; Ддон=8; выс=2,2 см",Фрагмент,Слой 3а/ гориз.2,ИИМК РАН,2014.0,data/raw/images/КБ-2014-Р2-0211_orig.jpg,startswith,1,КБ-2014-Р2-0211,Фарфор,блюдце,0,донце,0,фрагмент,0,0,0,val
КБ-2014-Р2-0218,Блюдце,"Блюдце фарфоровое с полихромным линейным и растительным орнаментом внутри и клеймом на донце, фр-ое",фарфор,"Двен=14,5; Ддон=8,5; выс=2,5 см",Фрагмент,Слой 1/ гориз.1,ИИМК РАН,2014.0,data/raw/images/КБ-2014-Р2-0218_orig.jpg,startswith,1,КБ-2014-Р2-0218,Фарфор,блюдце,0,донце,0,фрагмент,0,0,0,train
КБ-2014-Р2-0221,Крышка,Сосуда фарфорового со сквозными отверстиями и золотым орнаментом крышки фр-т,фарфор,Д=не определен см,Фрагмент,Слой 3а/ гориз.2,ИИМК РАН,2014.0,data/raw/images/КБ-2014-Р2-0221_orig.jpg,startswith,1,КБ-2014-Р2-0221,Фарфор,крышка,0,часть не указана,1,фрагмент,0,0,0,test
КБ-2014-Р2-0320,Изразец,Изразца светлоглиняного плоского с черным геометрическим и растительным орнаментом фр-т,керамика,"10+ х 9 х 1,5; рум=2 см",Фрагмент,,ИИМК РАН,2014.0,data/raw/images/КБ-2014-Р2-0320_orig.jpg,startswith,1,КБ-2014-Р2-0320,Керамика,изразец,0,часть не указана,1,фрагмент,0,0,0,test
КБ-2014-Р2-0323,Миска,"Миски красноглиняной с зелено-коричневой поливой внутри с белым волновым и линейным белым орнаментом, профиль",керамика,Двен=20; Ддон=10; выс=6 см,Фрагмент,Слой 3а/ гориз.2,ИИМК РАН,2014.0,data/raw/images/КБ-2014-Р2-0323_orig.jpg,startswith,1,КБ-2014-Р2-0323,Керамика,миска,0,профиль,0,фрагмент,0,0,0,val
КБ-2014-Р2-0331,Тарелка,Тарелки миниатюрной фарфоровой с полихромным и рельефным орнаментом внутри профиль,фарфор,"Двен=8; Ддон=4,5; выс=1,5 см",Фрагмент,Слой 2/ гориз.2,ИИМК РАН,2014.0,data/raw/images/КБ-2014-Р2-0331_orig.jpg,startswith,1,КБ-2014-Р2-0331,Фарфор,тарелка,0,профиль,0,фрагмент,0,0,0,val
КБ-2014-Р2-0332,Крышка,Сосуда красноглиняного с белой внутри и коричневой снаружи крышка фр-ая,керамика,"Д=13,5; выс=5 см",Фрагмент,Слой 2/ гориз.2,ИИМК РАН,2014.0,data/raw/images/КБ-2014-Р2-0332_orig.jpg,startswith,1,КБ-2014-Р2-0332,Керамика,крышка,0,часть не указана,1,фрагмент,0,0,0,train
КБ-2014-Р2-0337,Изразец,Изразец угловой карнизный светлоглиняный с белой поливой,керамика,"14 х 15 х 2; рум=5,5 см",Целый,Слой 2/ гориз.2,ИИМК РАН,2014.0,data/raw/images/КБ-2014-Р2-0337_orig.jpg,startswith,1,КБ-2014-Р2-0337,Керамика,изразец,0,часть не указана,1,целый,0,0,0,train
КБ-2014-Р2-0338,Изразец,Изразец карнизный светлоглиняный с белой поливой,керамика,"23,5 х 10 х 2; рум=5 см",Целый,Слой 2/ гориз.2,ИИМК РАН,2014.0,data/raw/images/КБ-2014-Р2-0338_orig.jpg,startswith,1,КБ-2014-Р2-0338,Керамика,изразец,0,часть не указана,1,целый,0,0,0,train
КБ-2014-Р2-0340,Изразец,Изразец угловой карнизный светлоглиняный с белой поливой,керамика,"17 х 14 х 2; рум=5,5 см",Целый,Слой 2/ гориз.2,ИИМК РАН,2014.0,data/raw/images/КБ-2014-Р2-0340_orig.jpg,startswith,1,КБ-2014-Р2-0340,Керамика,изразец,0,часть не указана,1,целый,0,0,0,train
КБ-2014-Р2-0361,Тарелка,"Тарелка фарфоровая с линейным красным, желтым и рельефным орнаментом внутри, с клеймом на донце",фарфор,"Двен=21,5; Ддон=13; выс=2,5 см",Фрагмент,Слой 4,ИИМК РАН,2014.0,data/raw/images/КБ-2014-Р2-0361_orig.jpg,startswith,1,КБ-2014-Р2-0361,Фарфор,тарелка,0,донце,0,фрагмент,0,0,0,train
КБ-2014-Р2-0370,Миска,"Мисочка прозрачного стекла с рельефным краем и рельефным орнаментом звезд снаружи, профиль",стекло,"Двен=13,5; Ддон=5,5; выс=3 см",Фрагмент,Слой 4,ИИМК РАН,2014.0,data/raw/images/КБ-2014-Р2-0370_orig.jpg,startswith,1,КБ-2014-Р2-0370,Стекло,миска,0,профиль,0,фрагмент,0,0,0,train
КБ-2014-Р2-0394,Тарелка,Тарелки миниатюрной фарфоровой с черным линейным орнаментом внутри профиль,фарфор,"Двен=6,3; Ддон=4; выс=1 см",Фрагмент,Слой 4,ИИМК РАН,2014.0,data/raw/images/КБ-2014-Р2-0394_orig.jpg,startswith,1,КБ-2014-Р2-0394,Фарфор,тарелка,0,профиль,0,фрагмент,0,0,0,test
КБ-2014-Р2-0395,Блюдце,"Блюдца фарфорового с коричневы линейным орнаментом внутри, с клеймом на донце, профиль",фарфор,Двен=14; Ддон=8; выс=3 см,Фрагмент,Слой 4,ИИМК РАН,2014.0,data/raw/images/КБ-2014-Р2-0395_orig.jpg,startswith,1,КБ-2014-Р2-0395,Фарфор,блюдце,0,донце,0,фрагмент,0,0,0,train
КБ-2014-Р2-0430,Блюдце,Блюдца фарфорового с полихромным растительным орнаментом внутри профиль с клеймом на донце,фарфор,Двен=13; Ддон=8; выс=3 см,Фрагмент,Слой 3а,ИИМК РАН,2014.0,data/raw/images/КБ-2014-Р2-0430_orig.jpg,startswith,1,КБ-2014-Р2-0430,Фарфор,блюдце,0,донце,0,фрагмент,0,0,0,train
КБ-2014-Р2-0431,Блюдце,Блюдца фарфорового с полихромным растительным орнаментом внутри профиль с клеймом на донце,фарфор,Двен=13; Ддон=8; выс=3 см,Фрагмент,Слой 3а,ИИМК РАН,2014.0,data/raw/images/КБ-2014-Р2-0431_orig.jpg,startswith,1,КБ-2014-Р2-0431,Фарфор,блюдце,0,донце,0,фрагмент,0,0,0,train
КБ-2014-Р2-0432,Блюдце,Блюдца фарфорового с полихромным растительным орнаментом внутри профиль с клеймом на донце,фарфор,Двен=15; Ддон=7; выс=4 см,Фрагмент,Слой 3а,ИИМК РАН,2014.0,data/raw/images/КБ-2014-Р2-0432_orig.jpg,startswith,1,КБ-2014-Р2-0432,Фарфор,блюдце,0,донце,0,фрагмент,0,0,0,test
КБ-2014-Р2-0435,Крышка,Сосуда красноглиняного с коричневой снаружи и белой поливой внутри крышка,керамика,"Д=8,5; выс=4 см",Целый,,ИИМК РАН,2014.0,data/raw/images/КБ-2014-Р2-0435_orig.jpg,startswith,1,КБ-2014-Р2-0435,Керамика,крышка,0,часть не указана,1,целый,0,0,0,val
КБ-2014-Р2-0459,Блюдце,"Блюдце фарфоровое с полихромным растительным орнаментом внутри и клеймом на донце, фр-ое",фарфор,"Двен=13,5; Ддон=8; выс=3 см",Фрагмент,Слой 3а,ИИМК РАН,2014.0,data/raw/images/КБ-2014-Р2-0459_orig.jpg,startswith,1,КБ-2014-Р2-0459,Фарфор,блюдце,0,донце,0,фрагмент,0,0,0,train
КБ-2014-Р2-0478,Тарелка,Тарелка голубого прозрачного стекла с рельефным орнаментом снаружи фр-ая,стекло,"Двен=14,5; Ддон=6,5; выс=2,5 см",Фрагмент,Слой 2/ гориз.2,ИИМК РАН,2014.0,data/raw/images/КБ-2014-Р2-0478_orig.jpg,startswith,1,КБ-2014-Р2-0478,Стекло,тарелка,0,часть не указана,1,фрагмент,0,0,0,test
КБ-2014-Р2-0484,Миска,Миски белоглиняной с нагаром и следами черной поливы снаружи и внутри профиль,керамика,"Двен=16,5; Ддон=6,5; выс=6 см",Фрагмент,Слой 5/ гориз.3,ИИМК РАН,2014.0,data/raw/images/КБ-2014-Р2-0484_orig.jpg,startswith,1,КБ-2014-Р2-0484,Керамика,миска,0,профиль,0,фрагмент,0,0,0,val
КБ-2014-Р2-0485,Миска,Миски (?) с ручкой белоглиняного с нагаром и частичной зеленой поливой снаружи и внутри профиль,керамика,"Двен=22; Ддон=13; выс=5,5 см",Фрагмент,Слой 5/ гориз.3,ИИМК РАН,2014.0,data/raw/images/КБ-2014-Р2-0485_orig.jpg,startswith,1,КБ-2014-Р2-0485,Керамика,миска,0,профиль,0,фрагмент,0,0,1,train
КБ-2014-Р2-0492,Крышка,"Сосуда парфюмерного фарфорового с золотым линейным орнаментом снаружи и клеймом внутри, крышка",фарфор,"Д=5,3; выс=2 см",Целый,Слой 3/ гориз.2,ИИМК РАН,2014.0,data/raw/images/КБ-2014-Р2-0492_orig.jpg,startswith,1,КБ-2014-Р2-0492,Фарфор,крышка,0,часть не указана,1,целый,0,0,0,train
КБ-2014-Р2-0532,Тарелка,Тарелка фаянсовая с рельефным краем и растительным и пейзажным декольным синим орнаментом фр-ая с клеймом на донце,фаянс,"Двен=24; Ддон=14; выс=2,5 см",Фрагмент,Слой 4,ИИМК РАН,2014.0,data/raw/images/КБ-2014-Р2-0532_orig.jpg,startswith,1,КБ-2014-Р2-0532,Фаянс,тарелка,0,донце,0,фрагмент,0,0,0,train
КБ-2014-Р2-0555,Тарелка,"Тарелки фаянсовой с желтой поливой снаружи и внутри со следами нагара, клеймом на донце, профиль",фаянс,Д=не определен см,Фрагмент,Слой 5/ гориз.3,ИИМК РАН,2014.0,data/raw/images/КБ-2014-Р2-0555_orig.jpg,startswith,1,КБ-2014-Р2-0555,Фаянс,тарелка,0,донце,0,фрагмент,0,0,0,train
КБ-2014-Р2-0558,Блюдце,"Блюдца фаянсового с черным растительным и сюжетным декольным орнаментом внутри и клеймом на донце, профиль",фаянс,"Двен=16; Ддон=7; выс=2,5 см",Фрагмент,Слой 3/ гориз.2,ИИМК РАН,2014.0,data/raw/images/КБ-2014-Р2-0558_orig.jpg,startswith,1,КБ-2014-Р2-0558,Фаянс,блюдце,0,донце,0,фрагмент,0,0,0,train
КБ-2014-Р2-0559,Тарелка,Тарелка миниатюрная фарфоровая с полихромной растительной росписью внутри фр-ая,фарфор,"Двен=8; Ддон=3,8; выс=1,3 см",Фрагмент,Слой 3/ гориз.2,ИИМК РАН,2014.0,data/raw/images/КБ-2014-Р2-0559_orig.jpg,startswith,1,КБ-2014-Р2-0559,Фарфор,тарелка,0,часть не указана,1,фрагмент,0,0,0,val
КБ-2014-Р2-0566,Тарелка,"Тарелка фаянсовая с синим геометрическим орнаментом внутри и клеймом на донце, фр-ая",фаянс,"Двен=26,5; Ддон=15; выс=3,5 см",Фрагмент,Слой 2/ гориз.2,ИИМК РАН,2014.0,data/raw/images/КБ-2014-Р2-0566_orig.jpg,startswith,1,КБ-2014-Р2-0566,Фаянс,тарелка,0,донце,0,фрагмент,0,0,0,train
КБ-2014-Р2-0568,Плитка,Плитка керамическая с клеймом,керамика,5 х 5 х 1 см,Целый,Слой 2/ гориз.2,ИИМК РАН,2014.0,data/raw/images/КБ-2014-Р2-0568_orig.jpg,startswith,1,КБ-2014-Р2-0568,Керамика,прочее,1,часть не указана,1,целый,0,0,0,train
КБ-2014-Р2-0571,Миска,Миска фаянсовая с черной поливой снаружи и внутри фр-ая,фаянс,"Двен=13; Ддон=8,5; выс=6,5 см",Фрагмент,Слой 5/ гориз.3,ИИМК РАН,2014.0,data/raw/images/КБ-2014-Р2-0571_orig.jpg,startswith,1,КБ-2014-Р2-0571,Фаянс,миска,0,часть не указана,1,фрагмент,0,0,0,train
КБ-2014-Р2-0574,Крышка,Сосуда фаянсового с черной поливой снаружи и внутри крышки венчика фр-т,фаянс,Д=35 см,Фрагмент,Слой 5/ гориз.3,ИИМК РАН,2014.0,data/raw/images/КБ-2014-Р2-0574_orig.jpg,startswith,1,КБ-2014-Р2-0574,Фаянс,крышка,0,венчик,0,фрагмент,0,0,0,train
КБ-2014-Р2-0576,Миска,"Миски красноглиняной с белым ангобом снаружи и внутри с зеленой люстровой поливой, профиль",керамика,Двен=15; Ддон=6; выс=4 см,Фрагмент,Слой 5/ гориз.3,ИИМК РАН,2014.0,data/raw/images/КБ-2014-Р2-0576_orig.jpg,startswith,1,КБ-2014-Р2-0576,Керамика,миска,0,профиль,0,фрагмент,0,0,0,train
КБ-2014-Р2-0596,Блюдце,"Блюдца фаянсового с белой поливой снаружи и внутри с красным растительным орнаментом и клеймом на донце, профиль",фаянс,Двен=14; Ддон=8; выс=3 см,Фрагмент,Слой 3/ гориз.2,ИИМК РАН,2014.0,data/raw/images/КБ-2014-Р2-0596_orig.jpg,startswith,1,КБ-2014-Р2-0596,Фаянс,блюдце,0,донце,0,фрагмент,0,0,0,val
КБ-2014-Р2-0597,Блюдце,"Блюдца фаянсового с белой поливой снаружи и внутри с зеленым растительным орнаментом и клеймом на донце, профиль",фаянс,Двен=14; Ддон=8; выс=3 см,Фрагмент,Слой 3/ гориз.2,ИИМК РАН,2014.0,data/raw/images/КБ-2014-Р2-0597_orig.jpg,startswith,1,КБ-2014-Р2-0597,Фаянс,блюдце,0,донце,0,фрагмент,0,0,0,train
КБ-2014-Р2-0603,Изразец,Изразец фигурный красноглиняный с белой поливой,керамика,"6,5 х 5,5 х 3,5 см",Целый,Слой 3/ гориз.2,ИИМК РАН,2014.0,data/raw/images/КБ-2014-Р2-0603_orig.jpg,startswith,1,КБ-2014-Р2-0603,Керамика,изразец,0,часть не указана,1,целый,0,0,0,train
КБ-2014-Р2-0605,Крышка,Сосуда фаянсового с белой поливой снаружи и внутри венчика крышки фр-т,фаянс,"Двен=16; выс=6,5 см",Фрагмент,Слой 3/ гориз.2,ИИМК РАН,2014.0,data/raw/images/КБ-2014-Р2-0605_orig.jpg,startswith,1,КБ-2014-Р2-0605,Фаянс,крышка,0,венчик,0,фрагмент,0,0,0,train
КБ-2014-Р2-0607,Тарелка,Тарелка миниатюрная фарфоровая с черным линейным орнаментом внутри,фарфор,"Двен=9,5; Ддон=5,5; выс=1,5 см",Целый,Слой 3/ гориз.2,ИИМК РАН,2014.0,data/raw/images/КБ-2014-Р2-0607_orig.jpg,startswith,1,КБ-2014-Р2-0607,Фарфор,тарелка,0,часть не указана,1,целый,0,0,0,train
КБ-2014-Р2-0612,Крышка,Сосуда фарфорового с синим и золотым линейным орнаментом снаружи крышка,фарфор,"Д=3; выс=2,5 см",Целый,Слой 3/ гориз.2,ИИМК РАН,2014.0,data/raw/images/КБ-2014-Р2-0612_orig.jpg,startswith,1,КБ-2014-Р2-0612,Фарфор,крышка,0,часть не указана,1,целый,0,0,0,train
КБ-2014-Р2-0616,Блюдце,"Блюдце фаянсовое с белой поливой снаружи и внутри с синим и черным линейным орнаментом и клеймом на донце, профиль",фаянс,"Двен=15; Ддон=9,5; выс=3 см",Фрагмент,,ИИМК РАН,2014.0,data/raw/images/КБ-2014-Р2-0616_orig.jpg,startswith,1,КБ-2014-Р2-0616,Фаянс,блюдце,0,донце,0,фрагмент,0,0,0,train
КБ-2014-Р2-0632,Изразец,Изразец фигурный красноглиняный с белой поливой,керамика,"7,8 х 7 х 6 см",Целый,Слой 5/ гориз.3,ИИМК РАН,2014.0,data/raw/images/КБ-2014-Р2-0632_orig.jpg,startswith,1,КБ-2014-Р2-0632,Керамика,изразец,0,часть не указана,1,целый,0,0,0,test
КБ-2014-Р2-0638,Блюдце,"Блюдца фарфорового с золотым линейным орнаментом внутри, с клеймом на донце, профиль",фарфор,Двен=16; Ддон=9; выс=3 см,Фрагмент,Слой 3/ гориз.2,ИИМК РАН,2014.0,data/raw/images/КБ-2014-Р2-0638_orig.jpg,startswith,1,КБ-2014-Р2-0638,Фарфор,блюдце,0,донце,0,фрагмент,0,0,0,train
КБ-2014-Р2-0643,Крышка,Сосуда парфюмерного (?) прямоугольного прозрачного стекла крышка с рельефной надписью сверху фр-ая,стекло,"7 х 4,6 х 1,5 см",Фрагмент,,ИИМК РАН,2014.0,data/raw/images/КБ-2014-Р2-0643_orig.jpg,startswith,1,КБ-2014-Р2-0643,Стекло,крышка,0,часть не указана,1,фрагмент,0,0,1,train
КБ-2014-Р2-0646,Блюдце,"Блюдце фарфоровое с золотым линейным и рельефным орнаментом внутри, с клеймом на донце фр-ое",фарфор,"Двен=14,5; Ддон=8,5; выс=3 см",Фрагмент,Слой 4,ИИМК РАН,2014.0,data/raw/images/КБ-2014-Р2-0646_orig.jpg,startswith,1,КБ-2014-Р2-0646,Фарфор,блюдце,0,донце,0,фрагмент,0,0,0,train
КБ-2014-Р2-0651,Миска,Миски белоглиняной с обваром снаружи и внутри профиль,керамика,"Двен=23; Ддон=15; выс=5,5 см",Фрагмент,Слой 5/ гориз.3,ИИМК РАН,2014.0,data/raw/images/КБ-2014-Р2-0651_orig.jpg,startswith,1,КБ-2014-Р2-0651,Керамика,миска,0,профиль,0,фрагмент,0,0,0,test
КБ-2014-Р2-0656,Миска,Миски белоглиняной с зеленой поливой снаружи и внутри профиль,керамика,Двен=22; Ддон=10; выс=10 см,Фрагмент,,ИИМК РАН,2014.0,data/raw/images/КБ-2014-Р2-0656_orig.jpg,startswith,1,КБ-2014-Р2-0656,Керамика,миска,0,профиль,0,фрагмент,0,0,0,train
КБ-2014-Р2-0668,Блюдце,Сосуда (блюдца ?) фарфорового с золотым линейным орнаментом внутри донца с клеймом фр-т,фарфор,,Фрагмент,Слой 4,ИИМК РАН,2014.0,data/raw/images/КБ-2014-Р2-0668_orig.jpg,startswith,1,КБ-2014-Р2-0668,Фарфор,блюдце,0,донце,0,фрагмент,0,0,1,train
КБ-2014-Р2-0701,Изразец,Изразца (?) красноглиняного в виде колонны на постаменте фр-т,керамика,"7,5+ х 6+ х 5+ см",Фрагмент,Слой 3/ гориз.2,ИИМК РАН,2014.0,data/raw/images/КБ-2014-Р2-0701_orig.jpg,startswith,1,КБ-2014-Р2-0701,Керамика,изразец,0,часть не указана,1,фрагмент,0,0,1,train
КБ-2014-Р2-0708,Тарелка,Тарелки фарфоровой с зеленым орнаментом внутри профиль,фарфор,Двен=25; Ддон=12; выс=5 см,Фрагмент,Слой 2/ гориз.2,ИИМК РАН,2014.0,data/raw/images/КБ-2014-Р2-0708_orig.jpg,startswith,1,КБ-2014-Р2-0708,Фарфор,тарелка,0,профиль,0,фрагмент,0,0,0,train
КБ-2014-Р2-0712,Тарелка,"Тарелки фаянсовой с белой поливой снаружи и внутри с красным линейным орнаментом и рельефным краем, с клеймом на донце, профиль",фаянс,"Двен=19; Ддон=10; выс=2,5 см",Фрагмент,Слой 2а/ гориз.2,ИИМК РАН,2014.0,data/raw/images/КБ-2014-Р2-0712_orig.jpg,startswith,1,КБ-2014-Р2-0712,Фаянс,тарелка,0,донце,0,фрагмент,0,0,0,train
КБ-2014-Р2-0717,Крышка,Сосуда фаянсового с белой поливой внутри и снаружи с золотым линейным орнаментом крышка фр-ая,фаянс,Д=8; выс=5 см,Фрагмент,Слой 2/ гориз.2,ИИМК РАН,2014.0,data/raw/images/КБ-2014-Р2-0717_orig.jpg,startswith,1,КБ-2014-Р2-0717,Фаянс,крышка,0,часть не указана,1,фрагмент,0,0,0,train
КБ-2014-Р2-0755,Изразец,Изразец (?) полуколонна красноглиняный с рельефным орнаментом фр-ый,керамика,24+ х 8+ х 2 см,Фрагмент,Слой 2/ гориз.2,ИИМК РАН,2014.0,data/raw/images/КБ-2014-Р2-0755_orig.jpg,startswith,1,КБ-2014-Р2-0755,Керамика,изразец,0,часть не указана,1,фрагмент,0,0,1,train
КБ-2014-Р2-0773,Миска,Миска красноглиняная с белым ангобом снаружи и полихромной поливой внутри,керамика,Двен=15; Ддон= 7; выс=4 см,Целый,Слой 5/ гориз.3,ИИМК РАН,2014.0,data/raw/images/КБ-2014-Р2-0773_orig.jpg,startswith,1,КБ-2014-Р2-0773,Керамика,миска,0,часть не указана,1,целый,0,0,0,train
КБ-2014-Р2-0780,Крышка,Сосуда фаянсового с белой поливой снаружи и внутри крышка с навершием в виде цветка фр-ая,фаянс,"Д=3,3; выс=3,5 см",Фрагмент,Слой 5/ гориз.2,ИИМК РАН,2014.0,data/raw/images/КБ-2014-Р2-0780_orig.jpg,startswith,1,КБ-2014-Р2-0780,Фаянс,крышка,0,часть не указана,1,фрагмент,0,0,0,train
КБ-2014-Р2-0782,Тарелка,Тарелки фаянсовой с черной поливой снаружи и внутри профиль с рельефным краем,фаянс,Двен=25; Ддон=13; выс=4 см,Фрагмент,Слой 5/ гориз.2,ИИМК РАН,2014.0,data/raw/images/КБ-2014-Р2-0782_orig.jpg,startswith,1,КБ-2014-Р2-0782,Фаянс,тарелка,0,профиль,0,фрагмент,0,0,0,train
КБ-2014-Р2-0791,Блюдце,Блюдце миниатюрное фарфоровое,фарфор,"Двен=6; Ддон=3,5; выс=1,5 см",Целый,Слой 5/ гориз.3,ИИМК РАН,2014.0,data/raw/images/КБ-2014-Р2-0791_orig.jpg,startswith,1,КБ-2014-Р2-0791,Фарфор,блюдце,0,часть не указана,1,целый,0,0,0,train
КБ-2014-Р3-0022,Тарелка,Тарелки фарфоровой с белой поливой снаружи и внутри донца с клеймом фр-т,фарфор,,Фрагмент,Слой 1/ гориз.1,ИИМК РАН,2014.0,data/raw/images/КБ-2014-Р3-0022_orig.jpg,startswith,1,КБ-2014-Р3-0022,Фарфор,тарелка,0,донце,0,фрагмент,0,0,0,val
КБ-2014-Р3-0049,Тарелка,Тарелки фарфоровой с белой поливой снаружи и внутри донца с двумя клеймами фр-т,фарфор,D15 см,Фрагмент,Слой 1/ гориз.1,ИИМК РАН,2014.0,data/raw/images/КБ-2014-Р3-0049_orig.jpg,startswith,1,КБ-2014-Р3-0049,Фарфор,тарелка,0,донце,0,фрагмент,0,0,0,val
КБ-2014-Р3-0060,Изразец,Изразца красноглиняного с белой поливой снаружи карнизная часть с румпой фрагментированная с клеймом,керамика,"18,3 х 15 х 2; hрум=6 см",Фрагмент,Слой 2/ гориз.1,ИИМК РАН,2014.0,data/raw/images/КБ-2014-Р3-0060_orig.jpg,startswith,1,КБ-2014-Р3-0060,Керамика,изразец,0,часть не указана,1,фрагмент,0,0,0,train
КБ-2014-Р3-0064,Блюдце,Блюдца фарфорового с белой поливой снаружи и внутри донца с клеймом фр-т,фарфор,D10 см,Фрагмент,Слой 2/ гориз.1,ИИМК РАН,2014.0,data/raw/images/КБ-2014-Р3-0064_orig.jpg,startswith,1,КБ-2014-Р3-0064,Фарфор,блюдце,0,донце,0,фрагмент,0,0,0,train
КБ-2014-Р3-0070,Тарелка,Тарелки фарфоровой с белой поливой снаружи и белой поливой с полихромным надглазурным сюжетным орнаментом внутри профиль,фарфор,"Dвен=25, Dдон=15; Выс=6,8 см",Фрагмент,Слой 2/ гориз.1,ИИМК РАН,2014.0,data/raw/images/КБ-2014-Р3-0070_orig.jpg,startswith,1,КБ-2014-Р3-0070,Фарфор,тарелка,0,профиль,0,фрагмент,0,0,0,test
КБ-2014-Р3-0073,Тарелка,Тарелки фарфоровой с белой поливой снаружи и белой поливой с полихромным надглазурным цветочным орнаментом и синей окантовкой внутри профиль,фарфор,"Dвен=18; Dдон=12; Выс=1,8 см",Фрагмент,Слой 2/ гориз.1,ИИМК РАН,2014.0,data/raw/images/КБ-2014-Р3-0073_orig.jpg,startswith,1,КБ-2014-Р3-0073,Фарфор,тарелка,0,профиль,0,фрагмент,0,0,0,test
КБ-2014-Р3-0086,Тарелка,Тарелки фаянсовой с белой поливой снаружи и внутри донца с клеймом фр-т,фаянс,D15 см,Фрагмент,Слой 2/ гориз.1,ИИМК РАН,2014.0,data/raw/images/КБ-2014-Р3-0086_orig.jpg,startswith,1,КБ-2014-Р3-0086,Фаянс,тарелка,0,донце,0,фрагмент,0,0,0,train
КБ-2014-Р3-0105,Блюдце,Блюдца фарфорового с белой поливой снаружи и голубой поливой с полихромным сюжетным орнаментом (изображен ангел) профиль с волнистым венчиком,фарфор,"Dвен=10; Dдон=8; Выс=1,8 см",Фрагмент,Слой 2/ гориз.1,ИИМК РАН,2014.0,data/raw/images/КБ-2014-Р3-0105_orig.jpg,startswith,1,КБ-2014-Р3-0105,Фарфор,блюдце,0,венчик,0,фрагмент,0,0,0,test
КБ-2014-Р3-0114,Тарелка,Тарелка фаянсовая с белой поливой снаружи и белой поливой с коричневым надглазурным цветочным орнаментом в стиле деколь внутри профиль с клеймом на донце,фаянс,"Dвен=17; Dдон=9; Выс=1,6 см",Фрагмент,Слой 1/ гориз.1,ИИМК РАН,2014.0,data/raw/images/КБ-2014-Р3-0114_orig.jpg,startswith,1,КБ-2014-Р3-0114,Фаянс,тарелка,0,донце,0,фрагмент,0,0,0,train
КБ-2014-Р3-0115,Блюдце,Блюдца фарфорового с белой поливой снаружи и белой поливой с надглазурным зеленым цветочным орнаментов в стиле деколь профиль с клеймом на донце,фарфор,"Dвен=14; Dдон=7; Выс=2,5 см",Фрагмент,Слой 1/ гориз.1,ИИМК РАН,2014.0,data/raw/images/КБ-2014-Р3-0115_orig.jpg,startswith,1,КБ-2014-Р3-0115,Фарфор,блюдце,0,донце,0,фрагмент,0,0,0,train
КБ-2014-Р3-0116,Блюдце,Блюдечка фарфорового с белой поливой снаружи и белой поливой с зеленым подглазурным растительным орнаментом внутри профиль,фарфор,Dвен=8; Dдон=4; Выс=1 см,Фрагмент,Слой 1/ гориз.1,ИИМК РАН,2014.0,data/raw/images/КБ-2014-Р3-0116_orig.jpg,startswith,1,КБ-2014-Р3-0116,Фарфор,блюдце,0,профиль,0,фрагмент,0,0,0,val
КБ-2014-Р3-0138,Тарелка,Тарелки фарфоровой с белой поливой снаружи и белой поливой с зеленой окантовкой внутри профиль с клеймом на донце,фарфор,"Dвен=25; Dдон=15; Выс=2,3 см",Фрагмент,Слой 2/ гориз.1,ИИМК РАН,2014.0,data/raw/images/КБ-2014-Р3-0138_orig.jpg,startswith,1,КБ-2014-Р3-0138,Фарфор,тарелка,0,донце,0,фрагмент,0,0,0,val
КБ-2014-Р3-0141,Тарелка,Тарелка фарфоровая с белой поливой снаружи и белой поливой с полихромным надглазурным цветочным орнаментом(ручная роспись) внутри фрагментированная с клеймом на донце,фарфор,"Dвен=18; Dдон=10,5; Выс=1,9 см",Целый,Слой 2/ гориз.1,ИИМК РАН,2014.0,data/raw/images/КБ-2014-Р3-0141_orig.jpg,startswith,1,КБ-2014-Р3-0141,Фарфор,тарелка,0,донце,0,фрагмент,0,0,0,val
КБ-2014-Р3-0147,Изразец,Изразца белоглиняного с коричневой поливой и рельефным орнаментом снаружи карнизной части с румпой фр-т,керамика,"16,5+ х 14,5 х 2,5; hрум=3 см",Фрагмент,Слой 2/ гориз.1,ИИМК РАН,2014.0,data/raw/images/КБ-2014-Р3-0147_orig.jpg,startswith,1,КБ-2014-Р3-0147,Керамика,изразец,0,часть не указана,1,фрагмент,0,0,0,train
КБ-2014-Р3-0151,Крышка,Крышка белоглиняная с коричневой поливой с зеленым рельефным орнаментом снаружи и желто-коричневой поливой внутри фрагментированная,керамика,D6 см,Фрагмент,Слой 2/ гориз.1,ИИМК РАН,2014.0,data/raw/images/КБ-2014-Р3-0151_orig.jpg,startswith,1,КБ-2014-Р3-0151,Керамика,крышка,0,часть не указана,1,фрагмент,0,0,0,test
КБ-2014-Р3-0157,Блюдце,Блюдца фарфорового с белой поливой снаружи и белой поливой с полихромным надглазурным орнаментом и золотистой каймой внутри донце с клеймом,фарфор,"D6,5 см",Целый,Слой 2/ гориз.1,ИИМК РАН,2014.0,data/raw/images/КБ-2014-Р3-0157_orig.jpg,startswith,1,КБ-2014-Р3-0157,Фарфор,блюдце,0,донце,0,фрагмент,0,0,0,train
КБ-2014-Р3-0158,Тарелка,Тарелки фаянсовой с белой поливой снаружи и внутри донца с клеймом фр-т,фаянс,D12 см,Фрагмент,Слой 2/ гориз.1,ИИМК РАН,2014.0,data/raw/images/КБ-2014-Р3-0158_orig.jpg,startswith,1,КБ-2014-Р3-0158,Фаянс,тарелка,0,донце,0,фрагмент,0,0,0,train
КБ-2014-Р3-0171,Тарелка,Тарелки фарфоровой с белой поливой снаружи и внутри донца с клеймом фр-т,фарфор,D13 см,Фрагмент,Слой 2/ гориз.1,ИИМК РАН,2014.0,data/raw/images/КБ-2014-Р3-0171_orig.jpg,startswith,1,КБ-2014-Р3-0171,Фарфор,тарелка,0,донце,0,фрагмент,0,0,0,val
КБ-2014-Р3-0252,Блюдце,Сосуда(блюдца) фарфорового с белой поливой снаружи и белой поливой с полихромным надглазурным орнаментом внутри донца с клеймом фр-т,фарфор,,Фрагмент,Слой 3/ гориз.1,ИИМК РАН,2014.0,data/raw/images/КБ-2014-Р3-0252_orig.jpg,startswith,1,КБ-2014-Р3-0252,Фарфор,блюдце,0,донце,0,фрагмент,0,0,0,train
КБ-2014-Р3-0253,Изразец,Изразец-городок(корона) светлоглиняный рельефный,керамика,"11,5 х 8,5 х 3; hрум=3 см",Целый,Слой 3/ гориз.1,ИИМК РАН,2014.0,data/raw/images/КБ-2014-Р3-0253_orig.jpg,startswith,1,КБ-2014-Р3-0253,Керамика,изразец,0,часть не указана,1,целый,0,0,0,test
КБ-2014-Р3-0268,Крышка,Крышки фаянсовой с бело-коричневой поливой снаружи с коричневым линейным орнаментом и бело-коричневой поливой внутри профиль,фаянс,"D11; Выс=1,5 см",Фрагмент,Слой 2/ гориз.1,ИИМК РАН,2014.0,data/raw/images/КБ-2014-Р3-0268_orig.jpg,startswith,1,КБ-2014-Р3-0268,Фаянс,крышка,0,профиль,0,фрагмент,0,0,0,train
КБ-2014-Р3-0299,Блюдце,Блюдца фарфорового с белой поливой снаружи и внутри донца с клеймом фр-т,фарфор,D8 см,Фрагмент,Слой 3/ гориз.1,ИИМК РАН,2014.0,data/raw/images/КБ-2014-Р3-0299_orig.jpg,startswith,1,КБ-2014-Р3-0299,Фарфор,блюдце,0,донце,0,фрагмент,0,0,0,train
КБ-2014-Р3-0302,Блюдце,Блюдце фарфоровое с белой поливой снаружи и бело-коричневой поливой с полихромным надглазурным цветочным орнаментом внутри фрагментированное с клеймом на донце,фарфор,"Dвен=15; Dдон=8; Выс=3,1 см",Фрагмент,Слой 3/ гориз.1,ИИМК РАН,2014.0,data/raw/images/КБ-2014-Р3-0302_orig.jpg,startswith,1,КБ-2014-Р3-0302,Фарфор,блюдце,0,донце,0,фрагмент,0,0,0,val
КБ-2014-Р3-0342,Изразец,Изразца красноглиняного плоского клейменого с белой поливой снаружи фр-т,керамика,"16+ х 17,5+ х 1,5 см",Фрагмент,,ИИМК РАН,2014.0,data/raw/images/КБ-2014-Р3-0342_orig.jpg,startswith,1,КБ-2014-Р3-0342,Керамика,изразец,0,часть не указана,1,фрагмент,0,0,0,train
КБ-2014-Р3-0391,Крышка,Крышка от кувшина фаянсовая с бежевой поливой снаружи и внутри с фр-том металлического крепления клейменая,фаянс,"D7,3 см",Фрагмент,Слой 2/ гориз.1,ИИМК РАН,2014.0,data/raw/images/КБ-2014-Р3-0391_orig.jpg,startswith,1,КБ-2014-Р3-0391,Фаянс,крышка,0,часть не указана,1,фрагмент,0,0,0,test
КБ-2014-Р3-0394,Тарелка,Тарелки красноглиняной с белым ангобом снаружи и зеленой поливой внутри профиль,керамика,Dвен=17; Dдон=8; Выс=3 см,Фрагмент,Слой 1/ гориз.1,ИИМК РАН,2014.0,data/raw/images/КБ-2014-Р3-0394_orig.jpg,startswith,1,КБ-2014-Р3-0394,Керамика,тарелка,0,профиль,0,фрагмент,0,0,0,train
КБ-2014-Р3-0397,Изразец,Изразца красноглиняного плоского клейменого с белой поливой снаружи фр-т,керамика,,Фрагмент,Слой 2/ гориз.1,ИИМК РАН,2014.0,data/raw/images/КБ-2014-Р3-0397_orig.jpg,startswith,1,КБ-2014-Р3-0397,Керамика,изразец,0,часть не указана,1,фрагмент,0,0,0,train
КБ-2014-Р3-0399,Тарелка,Тарелки красноглиняной с белым ангобом снаружи и бежево-коричневой поливой с полихромным орнаментом по белому ангобу внутри профиль,керамика,"Dвен=15; Dдон=8; Выс=3,8 см",Фрагмент,Слой 2/ гориз.1,ИИМК РАН,2014.0,data/raw/images/КБ-2014-Р3-0399_orig.jpg,startswith,1,КБ-2014-Р3-0399,Керамика,тарелка,0,профиль,0,фрагмент,0,0,0,train
КБ-2014-Р3-0419,Крышка,Крышка пластмассовая красная с рельефной надписью,прочее,6 х 5 х 1 см,Целый,Слой 2/ гориз.1,ИИМК РАН,2014.0,data/raw/images/КБ-2014-Р3-0419_orig.jpg,startswith,1,КБ-2014-Р3-0419,Пластмасса,крышка,0,часть не указана,1,целый,0,1,0,val
КБ-2014-Р3-0436,Тарелка,Тарелки фаянсовой с белой поливой снаружи и белой поливой с черным подглазурным растительным орнаментом в стиле деколь профиль с клеймом на донце,фаянс,"Dвен=17; Dдон=9; Выс=1,6 см",Фрагмент,Слой 2/ гориз.1,ИИМК РАН,2014.0,data/raw/images/КБ-2014-Р3-0436_orig.jpg,startswith,1,КБ-2014-Р3-0436,Фаянс,тарелка,0,донце,0,фрагмент,0,0,0,val
КБ-2014-Р3-0442,Крышка,Крышки фаянсовой с белой поливой с черным подглазурным орнаментом в виде георгиевского креста с лентой и белой поливой внутри профиль,фаянс,D17 см,Фрагмент,Слой 2/ гориз.1,ИИМК РАН,2014.0,data/raw/images/КБ-2014-Р3-0442_orig.jpg,startswith,1,КБ-2014-Р3-0442,Фаянс,крышка,0,профиль,0,фрагмент,0,0,0,train
КБ-2014-Р3-0535,Миска,Миски белоглиняной с серо-желтой поливой внутри профиль с ручкой,керамика,"Dвен=17; Dдон=14; Выс=5,5 см",Фрагмент,Слой 5/ гориз.2,ИИМК РАН,2014.0,data/raw/images/КБ-2014-Р3-0535_orig.jpg,startswith,1,КБ-2014-Р3-0535,Керамика,миска,0,профиль,0,фрагмент,0,0,0,train
КБ-2014-Р3-0543,Крышка,Крышки белоглиняной с коричневой поливой снаружи ручка,керамика,D4 см,Фрагмент,Слой 5/ гориз.2,ИИМК РАН,2014.0,data/raw/images/КБ-2014-Р3-0543_orig.jpg,startswith,1,КБ-2014-Р3-0543,Керамика,крышка,0,ручка,0,фрагмент,0,0,0,test
КБ-2014-Р4-081,Тарелка,"Тарелки фарфоровой с орнаментом внутри и подглазурным клеймом снаружи ""Н"" дна фрагмент",фарфор,D7 см,Фрагмент,Слой 3,ИИМК РАН,2014.0,data/raw/images/КБ-2014-Р4-081_orig.jpg,startswith,1,КБ-2014-Р4-081,Фарфор,тарелка,0,часть не указана,1,фрагмент,0,0,0,test
КБ-2014-Р4-248,Блюдце,"Блюдца фарфорового с цветочным орнаментом внутри и клеймом снаружи на дне ""Тво МСКУЗНЕЦОВА"" фрагмент",фарфор,D14 см,Фрагмент,Слой 3,ИИМК РАН,2014.0,data/raw/images/КБ-2014-Р4-248_orig.jpg,startswith,1,КБ-2014-Р4-248,Фарфор,блюдце,0,часть не указана,1,фрагмент,0,0,0,val
КБ-2014-Р4-250,Блюдце,"Блюдца фарфорового с цветочным орнаментом внутри и клеймом снаружи на дне ""Тво М.С.КУЗНЕЦОВА"" фрагмент",фарфор,"D14,5 см",Фрагмент,Слой 3,ИИМК РАН,2014.0,data/raw/images/КБ-2014-Р4-250_orig.jpg,startswith,1,КБ-2014-Р4-250,Фарфор,блюдце,0,часть не указана,1,фрагмент,0,0,0,train
КБ-2014-Р4-307,Блюдце,"Блюдца фарфорового фрагмент на дне клеймо в круге ""ВР"" ниже ""КУЗНЕЦОВА"" фрагмент",фарфор,D14 см,Фрагмент,Слой 3,ИИМК РАН,2014.0,data/raw/images/КБ-2014-Р4-307_orig.jpg,startswith,1,КБ-2014-Р4-307,Фарфор,блюдце,0,часть не указана,1,фрагмент,0,0,0,val
КБ-2014-Р4-368,Блюдце,"Блюдца фарфорового с цветочным рисунком внутри и клеймом ""красный фарфорист село грузино"" фрагмент",фарфор,D 15  см,Фрагмент,Слой 3,ИИМК РАН,2014.0,data/raw/images/КБ-2014-Р4-368_orig.jpg,startswith,1,КБ-2014-Р4-368,Фарфор,блюдце,0,часть не указана,1,фрагмент,0,0,0,train
КБ-2014-Р4-375,Блюдце,"Блюдца фарфорового с надписью внутри ""…ою жену."" фрагмент",фарфор,D 7 см,Фрагмент,Слой 3,ИИМК РАН,2014.0,data/raw/images/КБ-2014-Р4-375_orig.jpg,startswith,1,КБ-2014-Р4-375,Фарфор,блюдце,0,часть не указана,1,фрагмент,0,0,0,train
КБ-2014-Р4-389,Блюдце,"Блюдца фарфорового с клеймом на дне ""Т-во М.С.КУЗНЕЦОВА РИГА"" фрагмент",фарфор,"D7,3 см",Фрагмент,Слой 3,ИИМК РАН,2014.0,data/raw/images/КБ-2014-Р4-389_orig.jpg,startswith,1,КБ-2014-Р4-389,Фарфор,блюдце,0,часть не указана,1,фрагмент,0,0,0,train
КБ-2014-Р4-424,Миска,"Миска фаянсовая на дне клеймо ""М.С.КУЗНЕЦОВА. Въ г. Ригъ""",фаянс,D8 см,Целый,Слой 3,ИИМК РАН,2014.0,data/raw/images/КБ-2014-Р4-424_orig.jpg,startswith,1,КБ-2014-Р4-424,Фаянс,миска,0,часть не указана,1,целый,0,0,0,train
КБ-2014-Р4-438,Тарелка,"Тарелки фарфоровой с цветочным рисунком внутри и клеймом на дне снаружи  перекрещенные  мечи точка  ""ВI."" фрагмент",фарфор,"D8,5 см",Фрагмент,Слой 3,ИИМК РАН,2014.0,data/raw/images/КБ-2014-Р4-438_orig.jpg,startswith,1,КБ-2014-Р4-438,Фарфор,тарелка,0,часть не указана,1,фрагмент,0,0,0,train
КБ-2014-Р4-462,Изразец,Изразец печной красноглиняный с кобальтовой росписью по белой поливе,керамика,,Целый,Слой 5в,ИИМК РАН,2014.0,data/raw/images/КБ-2014-Р4-462_orig.jpg,startswith,1,КБ-2014-Р4-462,Глина,изразец,0,часть не указана,1,целый,0,0,0,train
КБ-2014-Р4-494,Тарелка,"Тарелки фарфоровой с цветочным рисунком внутри и клеймом на дне снаружи  ""G"" дна фрагмент",фарфор,"5,5х7 см",Фрагмент,Слой 5б,ИИМК РАН,2014.0,data/raw/images/КБ-2014-Р4-494_orig.jpg,startswith,1,КБ-2014-Р4-494,Фарфор,тарелка,0,часть не указана,1,фрагмент,0,0,0,train
КБ-2014-Р4-495,Изразец,Изразца красноглиняного с белой поливой и кобальтовой пейзажной росписью лицевой платины фрагмент,керамика,16х8х3 см,Фрагмент,Слой 5б,ИИМК РАН,2014.0,data/raw/images/КБ-2014-Р4-495_orig.jpg,startswith,1,КБ-2014-Р4-495,Глина,изразец,0,часть не указана,1,фрагмент,0,0,0,val
КБ-2014-Р4-508,Блюдце,"Блюдца фарфорового с с кобальтовым орнаментом по краю внутри и с клеймом снаружи на дне в овале по центру ""ВЪ СПБ"" по кругу ""В.С.САВЕЛЬЕВЪГОСТИНЫЙДВОРЪ"" изображение герба фрагмент",фарфор,D15 см,Фрагмент,Слой 1,ИИМК РАН,2014.0,data/raw/images/КБ-2014-Р4-508_orig.jpg,startswith,1,КБ-2014-Р4-508,Фарфор,блюдце,0,часть не указана,1,фрагмент,0,0,0,train
КБ-2014-Р4-517,Тарелка,"Тарелки фаянсовый с цветочным рисунком внутри и клеймом синей краской снаружи  изображение герба ""фабрики гарднеръ"" фрагмент",фаянс,5х6 см,Фрагмент,Слой 1,ИИМК РАН,2014.0,data/raw/images/КБ-2014-Р4-517_orig.jpg,startswith,1,КБ-2014-Р4-517,Фаянс,тарелка,0,часть не указана,1,фрагмент,0,0,0,train
КБ-2014-Р4-551,Миска,"Миски фаянсовой на дне процарапан номер ""870"" придонной части фрагмент",фаянс,D8 см,Фрагмент,Слой 5б,ИИМК РАН,2014.0,data/raw/images/КБ-2014-Р4-551_orig.jpg,startswith,1,КБ-2014-Р4-551,Фаянс,миска,0,часть не указана,1,фрагмент,0,0,0,test
КБ-2014-Р4-571,Тарелка,"Тарелки фарфоровой профиля фрагмент на вдавленное клеймо герб ""М .С. КУЗНЕЦОВА 4""",фарфор,D11.5 см,Фрагмент,Слой 1,ИИМК РАН,2014.0,data/raw/images/КБ-2014-Р4-571_orig.jpg,startswith,1,КБ-2014-Р4-571,Фарфор,тарелка,0,профиль,0,фрагмент,0,0,0,train
КБ-2014-Р4-581,Блюдце,"Блюдца фарфорового с растительным точечным рисунком внутри на дне клеймо ""VILLEROY&BOC….DRESDEN""",фарфор,D9 см,Целый,Слой 1,ИИМК РАН,2014.0,data/raw/images/КБ-2014-Р4-581_orig.jpg,startswith,1,КБ-2014-Р4-581,Фарфор,блюдце,0,часть не указана,1,целый,0,0,0,val
КБ-2014-Р4-583,Блюдце,"Блюдца фарфорового на дне клеймо красного цвета  шестигранная звезда ""Тва И.Е.КУЗНЕЦОВА В.Ф."" дна фрагмент",фарфор,D7.5 см,Фрагмент,Слой 1,ИИМК РАН,2014.0,data/raw/images/КБ-2014-Р4-583_orig.jpg,startswith,1,КБ-2014-Р4-583,Фарфор,блюдце,0,часть не указана,1,фрагмент,0,0,0,train
КБ-2014-Р5-0032,Крышка,Сосуда фарфорового с белой поливой внутри и снаружи с рельефным орнаментом крышка,фарфор,"Д=4; выс=1,3 см",Целый,Слой 1/ гориз.1,ИИМК РАН,2014.0,data/raw/images/КБ-2014-Р5-0032_orig.jpg,startswith,1,КБ-2014-Р5-0032,Фарфор,крышка,0,часть не указана,1,целый,0,0,0,train
КБ-2014-Р5-0035,Тарелка,"Тарелки фаянсовой с белой поливой снаружи и внутри с полихромным декольным растительным орнаментом, с клеймом на донце, профиль",фаянс,Ддон=10; выс=2 см,Фрагмент,Слой 1/ гориз.1,ИИМК РАН,2014.0,data/raw/images/КБ-2014-Р5-0035_orig.jpg,startswith,1,КБ-2014-Р5-0035,Фаянс,тарелка,0,донце,0,фрагмент,0,0,0,train
КБ-2014-Р5-0059,Крышка,Банка светло-зеленого прозрачного стекла с резьбой для крышки,стекло,"Дгор=4; Ддон=4,5; выс=4 см",Целый,Слой 1/ гориз.1,ИИМК РАН,2014.0,data/raw/images/КБ-2014-Р5-0059_orig.jpg,startswith,1,КБ-2014-Р5-0059,Стекло,крышка,0,часть не указана,1,целый,0,0,0,train
КБ-2014-Р5-0065,Блюдце,"Блюдце фарфоровое с рельефным краем, белой поливой снаружи и внутри с полихромным декольным цветочным и рельефным орнаментом фр-ое",фарфор,"Двен=13,5; Ддон=8; выс=2,5 см",Фрагмент,,ИИМК РАН,2014.0,data/raw/images/КБ-2014-Р5-0065_orig.jpg,startswith,1,КБ-2014-Р5-0065,Фарфор,блюдце,0,часть не указана,1,фрагмент,0,0,0,train
КБ-2014-Р5-0066,Блюдце,Блюдце фарфоровое с белой поливой снаружи и внутри с золотым линейным орнаментом и клеймом на донце фр-ое,фарфор,"Двен=13; Ддон=7; выс=3,5 см",Фрагмент,,ИИМК РАН,2014.0,data/raw/images/КБ-2014-Р5-0066_orig.jpg,startswith,1,КБ-2014-Р5-0066,Фарфор,блюдце,0,донце,0,фрагмент,0,0,0,train
КБ-2014-Р5-0067,Блюдце,"Блюдца фарфорового с белой поливой снаружи и внутри с золотым линейным орнаментом по краю и клеймом на донце, профиль",фарфор,Двен=15; Ддон=8; выс=3 см,Фрагмент,,ИИМК РАН,2014.0,data/raw/images/КБ-2014-Р5-0067_orig.jpg,startswith,1,КБ-2014-Р5-0067,Фарфор,блюдце,0,донце,0,фрагмент,0,0,0,train
КБ-2014-Р5-0068,Блюдце,"Блюдце фарфоровое с белой поливой снаружи и внутри с синим линейным и зеленым растительным орнаментом, клеймом на донце фр-ое",фарфор,"Двен=14; Ддон=7,5; выс=2,5 см",Фрагмент,,ИИМК РАН,2014.0,data/raw/images/КБ-2014-Р5-0068_orig.jpg,startswith,1,КБ-2014-Р5-0068,Фарфор,блюдце,0,донце,0,фрагмент,0,0,0,train
КБ-2014-Р5-0069,Блюдце,Блюдца фарфорового с белой поливой снаружи и внутри с линейным золотым орнаментом и клеймом на донце профиля фр-т,фарфор,Двен=15; Ддон=7; выс=3 см,Фрагмент,,ИИМК РАН,2014.0,data/raw/images/КБ-2014-Р5-0069_orig.jpg,startswith,1,КБ-2014-Р5-0069,Фарфор,блюдце,0,донце,0,фрагмент,0,0,0,train
КБ-2014-Р5-0070,Блюдце,Блюдце фарфоровое с белой поливой снаружи и внутри с золотым линейным орнаментом по краю и клеймом на донце фр-ое,фарфор,"Двен=14,5; Ддон=8; выс=3 см",Фрагмент,,ИИМК РАН,2014.0,data/raw/images/КБ-2014-Р5-0070_orig.jpg,startswith,1,КБ-2014-Р5-0070,Фарфор,блюдце,0,донце,0,фрагмент,0,0,0,train
КБ-2014-Р5-0071,Блюдце,"Блюдца фарфорового с белой поливой снаружи и внутри с полихромным и рельефным орнаментом, с клеймом на донце профиль",фарфор,Двен=15; Ддон=10; выс=3 см,Фрагмент,,ИИМК РАН,2014.0,data/raw/images/КБ-2014-Р5-0071_orig.jpg,startswith,1,КБ-2014-Р5-0071,Фарфор,блюдце,0,донце,0,фрагмент,0,0,0,train
КБ-2014-Р5-0072,Блюдце,"Блюдце фарфоровое с белой поливой снаружи и белой и зеленой внутри с полихромным растительным и рельефным орнаментом, профиль",фарфор,"Двен=14; Ддон=7,5; выс=2,5 см",Фрагмент,,ИИМК РАН,2014.0,data/raw/images/КБ-2014-Р5-0072_orig.jpg,startswith,1,КБ-2014-Р5-0072,Фарфор,блюдце,0,профиль,0,фрагмент,0,0,0,train
КБ-2014-Р5-0073,Блюдце,"Блюдца фарфорового с белой поливой снаружи и белой и синей внутри с золотым растительным орнаментом, профиль",фарфор,"Двен=14; Ддон=8; выс=2,5 см",Фрагмент,,ИИМК РАН,2014.0,data/raw/images/КБ-2014-Р5-0073_orig.jpg,startswith,1,КБ-2014-Р5-0073,Фарфор,блюдце,0,профиль,0,фрагмент,0,0,0,train
КБ-2014-Р5-0074,Крышка,Сосуда фарфорового с белой поливой внутри и снаружи с полихромной растительной росписью и рельефным орнаментом крышка фр-ая,фарфор,"Д=6,5 см",Фрагмент,,ИИМК РАН,2014.0,data/raw/images/КБ-2014-Р5-0074_orig.jpg,startswith,1,КБ-2014-Р5-0074,Фарфор,крышка,0,часть не указана,1,фрагмент,0,0,0,train
КБ-2014-Р5-0078,Блюдце,Блюдце фарфоровое с белой поливой снаружи и внутри с полихромной росписью и клеймом на донце фр-ое,фарфор,"Двен=14,5; Ддон=8; выс=3 см",Фрагмент,,ИИМК РАН,2014.0,data/raw/images/КБ-2014-Р5-0078_orig.jpg,startswith,1,КБ-2014-Р5-0078,Фарфор,блюдце,0,донце,0,фрагмент,0,0,0,train
КБ-2014-Р5-0079,Блюдце,"Блюдца фарфорового с белой поливой снаружи и внутри с полихромным цветочным, золотым линейным и рельефным орнаментом, клеймом на донце профиль",фарфор,"Двен=15,5; Ддон=9; выс=3 см",Фрагмент,,ИИМК РАН,2014.0,data/raw/images/КБ-2014-Р5-0079_orig.jpg,startswith,1,КБ-2014-Р5-0079,Фарфор,блюдце,0,донце,0,фрагмент,0,0,0,val
КБ-2014-Р5-0081,Блюдце,Блюдце фарфоровое с белой поливой снаружи и внутри клеймом на донце фр-ое,фарфор,"Двен=13,5; Ддон=7; выс=3 см",Фрагмент,,ИИМК РАН,2014.0,data/raw/images/КБ-2014-Р5-0081_orig.jpg,startswith,1,КБ-2014-Р5-0081,Фарфор,блюдце,0,донце,0,фрагмент,0,0,0,val
КБ-2014-Р5-0082,Тарелка,"Тарелка фарфоровая с рельефным краем, белой поливой снаружи и внутри с зеленым и золотым растительным орнаментом, с инвентарным номером  и клеймом на донце фр-ая",фарфор,"Двен=24; Ддон=15; выс=2,5 см",Фрагмент,,ИИМК РАН,2014.0,data/raw/images/КБ-2014-Р5-0082_orig.jpg,startswith,1,КБ-2014-Р5-0082,Фарфор,тарелка,0,донце,0,фрагмент,0,0,0,train
КБ-2014-Р5-0092,Блюдце,Блюдце фаянсовое  с белой поливой снаружи и внутри с синим и золотым орнаментом и клеймом на донце фр-ое,фаянс,"Двен=14,5; Ддон=7; выс=3 см",Фрагмент,,ИИМК РАН,2014.0,data/raw/images/КБ-2014-Р5-0092_orig.jpg,startswith,1,КБ-2014-Р5-0092,Фаянс,блюдце,0,донце,0,фрагмент,0,0,0,train
КБ-2014-Р5-0093,Тарелка,"Тарелка фаянсовая с белой поливой снаружи и внутри с синим декольным растительным орнаментом и клеймом на донце, фр-ая",фаянс,"Двен=18,5; Ддон=9,5; выс=2,5 см",Фрагмент,,ИИМК РАН,2014.0,data/raw/images/КБ-2014-Р5-0093_orig.jpg,startswith,1,КБ-2014-Р5-0093,Фаянс,тарелка,0,донце,0,фрагмент,0,0,0,train
КБ-2014-Р5-0094,Тарелка,"Тарелка фаянсовая с белой поливой снаружи и внутри с золотым линейным орнаментом и клеймом на донце, фр-ая",фаянс,"Двен=24; Ддон=13,5; выс=3 см",Фрагмент,,ИИМК РАН,2014.0,data/raw/images/КБ-2014-Р5-0094_orig.jpg,startswith,1,КБ-2014-Р5-0094,Фаянс,тарелка,0,донце,0,фрагмент,0,0,0,train
КБ-2014-Р5-0097,Тарелка,"Тарелка фаянсовая с белой поливой снаружи и внутри с голубым и золотым линейным орнаментом и клеймом на донце, фр-ая",фаянс,"Двен=18; Ддон=9; выс=2,5 см",Фрагмент,,ИИМК РАН,2014.0,data/raw/images/КБ-2014-Р5-0097_orig.jpg,startswith,1,КБ-2014-Р5-0097,Фаянс,тарелка,0,донце,0,фрагмент,0,0,0,train
КБ-2014-Р5-0102,Тарелка,Тарелка фаянсовая с белой поливой снаружи и внутри с кобальтовым растительным орнаментом и клеймом на донце,фаянс,"Двен=22; Ддон=10; выс=3,5 см",Целый,,ИИМК РАН,2014.0,data/raw/images/КБ-2014-Р5-0102_orig.jpg,startswith,1,КБ-2014-Р5-0102,Фаянс,тарелка,0,донце,0,фрагмент,0,0,0,train
КБ-2014-Р5-0103,Тарелка,"Тарелка фаянсовая с белой поливой снаружи и внутри с полихромным растительным орнаментом, рельефным краем и клеймом на донце",фаянс,"Двен=25,5; Ддон=11; выс=4,5 см",Целый,,ИИМК РАН,2014.0,data/raw/images/КБ-2014-Р5-0103_orig.jpg,startswith,1,КБ-2014-Р5-0103,Фаянс,тарелка,0,донце,0,фрагмент,0,0,0,test
КБ-2014-Р5-0105,Миска,Миска красноглиняная с коричневой поливой внутри и частично снаружи фр-ая,керамика,"Двен=24; Ддон=14; выс=10,5 см",Фрагмент,,ИИМК РАН,2014.0,data/raw/images/КБ-2014-Р5-0105_orig.jpg,startswith,1,КБ-2014-Р5-0105,Керамика,миска,0,часть не указана,1,фрагмент,0,0,0,train
КБ-2014-Р5-0106,Миска,Миска красноглиняная с зеленой поливой внутри и частичной черной снаружи со следами нагара фр-ая,керамика,"Двен=17,5; Ддон=10; выс=6,5 см",Фрагмент,,ИИМК РАН,2014.0,data/raw/images/КБ-2014-Р5-0106_orig.jpg,startswith,1,КБ-2014-Р5-0106,Керамика,миска,0,часть не указана,1,фрагмент,0,0,0,test
КБ-2014-Р5-0107,Миска,Миска красноглиняная с зеленоватой поливой внутри фр-ая,керамика,Двен=25; Ддон=10; выс=11 см,Фрагмент,,ИИМК РАН,2014.0,data/raw/images/КБ-2014-Р5-0107_orig.jpg,startswith,1,КБ-2014-Р5-0107,Керамика,миска,0,часть не указана,1,фрагмент,0,0,0,train
КБ-2014-Р5-0108,Миска,Миска красноглиняная со светло-коричневой оббитой поливой внутри и частично снаружи фр-ая,керамика,"Двен=20,5; Ддон=13; выс=9 см",Фрагмент,,ИИМК РАН,2014.0,data/raw/images/КБ-2014-Р5-0108_orig.jpg,startswith,1,КБ-2014-Р5-0108,Керамика,миска,0,часть не указана,1,фрагмент,0,0,0,val
КБ-2014-Р5-0111,Миска,Миска красноглиняная со светло-желтой поливой внутри и частичной коричневой снаружи фр-ая,керамика,"Двен=20; Ддон=11,5; выс=8 см",Фрагмент,,ИИМК РАН,2014.0,data/raw/images/КБ-2014-Р5-0111_orig.jpg,startswith,1,КБ-2014-Р5-0111,Керамика,миска,0,часть не указана,1,фрагмент,0,0,0,train
КБ-2014-Р5-0118,Тарелка,"Тарелка красноглиняная с коричневой поливой снаружи и светло-желтой внутри с рельефной надписью по краю, фр-ая",керамика,"Двен=25,5; Ддон=13; выс=4,5 см",Фрагмент,,ИИМК РАН,2014.0,data/raw/images/КБ-2014-Р5-0118_orig.jpg,startswith,1,КБ-2014-Р5-0118,Керамика,тарелка,0,часть не указана,1,фрагмент,0,0,0,train
КБ-2014-Р5-0120,Крышка,Сосуда красноглиняного с коричневой поливой снаружи и белой внутри крышка фр-ая,керамика,Д=15; выс=5 см,Фрагмент,,ИИМК РАН,2014.0,data/raw/images/КБ-2014-Р5-0120_orig.jpg,startswith,1,КБ-2014-Р5-0120,Керамика,крышка,0,часть не указана,1,фрагмент,0,0,0,val
КБ-2014-Р5-0134,Крышка,Банка парфюмерная белого глухого стекла с крышкой,стекло,"Двен=6; Ддон=7,5; выс=3,5 см",Целый,,ИИМК РАН,2014.0,data/raw/images/КБ-2014-Р5-0134_orig.jpg,startswith,1,КБ-2014-Р5-0134,Стекло,крышка,0,часть не указана,1,целый,0,0,0,train
КБ-2014-Р5-0229,Блюдце,Блюдце миниатюрное фарфоровое с белой поливой снаружи и внутри с золотым линейным орнаментом фр-ое,фарфор,"Двен=7; Ддон=3,5; выс=1,5 см",Фрагмент,Слой 3/ гориз.1,ИИМК РАН,2014.0,data/raw/images/КБ-2014-Р5-0229_orig.jpg,startswith,1,КБ-2014-Р5-0229,Фарфор,блюдце,0,часть не указана,1,фрагмент,0,0,0,train
КБ-2014-Р5-0297,Тарелка,Тарелки фаянсовой с белой поливой снаружи и внутри донца клейменого фр-т,фаянс,Д=16 см,Фрагмент,Слой 5/ гориз.2,ИИМК РАН,2014.0,data/raw/images/КБ-2014-Р5-0297_orig.jpg,startswith,1,КБ-2014-Р5-0297,Фаянс,тарелка,0,донце,0,фрагмент,0,0,0,train
КБ-2014-Р5-0303,Крышка,Сосуда фаянсового с белой поливой снаружи и внутри крышка миниатюрная,фаянс,"Д=2,2; выс=2 см",Фрагмент,Слой 5/ гориз.2,ИИМК РАН,2014.0,data/raw/images/КБ-2014-Р5-0303_orig.jpg,startswith,1,КБ-2014-Р5-0303,Фаянс,крышка,0,часть не указана,1,фрагмент,0,0,0,train
КБ-2014-Р5-0415,Миска,Миска красноглиняная с коричневой поливой внутри фр-ая,керамика,Двен=22; Ддон=12; выс=6 см,Фрагмент,,ИИМК РАН,2014.0,data/raw/images/КБ-2014-Р5-0415_orig.jpg,startswith,1,КБ-2014-Р5-0415,Керамика,миска,0,часть не указана,1,фрагмент,0,0,0,val
КБ-2014-Р5-0421,Тарелка,Тарелка с рельефным краем фаянсовая с белой поливой снаружи и внутри с фиолетовым растительным и  цветочным орнаментом фр-ая,фаянс,"Двен=26,5; Ддон=14,5; выс=2,5 см",Фрагмент,,ИИМК РАН,2014.0,data/raw/images/КБ-2014-Р5-0421_orig.jpg,startswith,1,КБ-2014-Р5-0421,Фаянс,тарелка,0,часть не указана,1,фрагмент,0,0,0,val
КБ-2014-Р5-0422,Тарелка,"Тарелка фаянсовая с белой поливой снаружи и внутри с синим, черным и розовым линейным орнаментом и клеймом на донце, фр-ая",фаянс,"Двен=25,5; Ддон=12; выс=4 см",Фрагмент,,ИИМК РАН,2014.0,data/raw/images/КБ-2014-Р5-0422_orig.jpg,startswith,1,КБ-2014-Р5-0422,Фаянс,тарелка,0,донце,0,фрагмент,0,0,0,test
КБ-2014-Р5-0430,Плитка,Плитка керамическая с полихромным орнаментом в виде рельефной мозаики,керамика,"4,5+ х 5+ х 2 см",Целый,,ИИМК РАН,2014.0,data/raw/images/КБ-2014-Р5-0430_orig.jpg,startswith,1,КБ-2014-Р5-0430,Керамика,прочее,1,часть не указана,1,целый,0,0,0,val
КБ-2014-Р5-0477,Плитка,"Плитка керамическая 8-гранная с клеймом, фр-ая",керамика,"17 х 10 х 1,5 см",Фрагмент,,ИИМК РАН,2014.0,data/raw/images/КБ-2014-Р5-0477_orig.jpg,startswith,1,КБ-2014-Р5-0477,Керамика,прочее,1,часть не указана,1,фрагмент,0,0,0,train
КБ-2014-Р5-0486,Блюдце,"Блюдо фарфоровое с белой поливой снаружи и внутри с красным орнаментом и надписью ""АКВАРIУМЪ."", с клеймом на донце фр-ое",фарфор,"12+ х 9 х 2,5 см",Фрагмент,Слой 3/ гориз.1,ИИМК РАН,2014.0,data/raw/images/КБ-2014-Р5-0486_orig.jpg,startswith,1,КБ-2014-Р5-0486,Фарфор,блюдце,0,донце,0,фрагмент,0,0,0,train
КБ-2014-Р5-0491,Блюдце,Блюдце фаянсовое  с белой поливой снаружи и внутри с золотым линейным орнаментом и клеймом на донце,фаянс,"Двен=10,5; Ддон=5; выс=1,8 см",Целый,Слой 3/ гориз.1,ИИМК РАН,2014.0,data/raw/images/КБ-2014-Р5-0491_orig.jpg,startswith,1,КБ-2014-Р5-0491,Фаянс,блюдце,0,донце,0,фрагмент,0,0,0,val
КБ-2014-Р6-018,Крышка,Крышка фарфоровая с бело-голубой поливой снаружи и белой поливой внутри со сквозным отверстием,фарфор,D=7.3 см,Целый,Слой 1/ техноген,ИИМК РАН,2014.0,data/raw/images/КБ-2014-Р6-018_orig.jpg,startswith,1,КБ-2014-Р6-018,Фарфор,крышка,0,часть не указана,1,целый,0,0,0,train
КБ-2014-Р6-036,Миска,Миски красноглиняной с коричневой поливой внутри венчика фр-т,керамика,D=25 см,Фрагмент,Слой 1/ техноген,ИИМК РАН,2014.0,data/raw/images/КБ-2014-Р6-036_orig.jpg,startswith,1,КБ-2014-Р6-036,Керамика,миска,0,венчик,0,фрагмент,0,0,0,train
КБ-2014-Р6-048,Крышка,Крышка фарфоровая с белой поливой снаружи и внутри,фарфор,D=5.5 см,Целый,Слой 2/ Слой засыпки с известковым раствором и кирпичной крошкой (слой разрушения дома),ИИМК РАН,2014.0,data/raw/images/КБ-2014-Р6-048_orig.jpg,startswith,1,КБ-2014-Р6-048,Фарфор,крышка,0,часть не указана,1,целый,0,0,0,train
КБ-2014-Р6-068,Крышка,Крышка от сосуда фарфоровая с белой поливой снаружи и внутри,фарфор,D=4 ; Выс=3 см,Целый,Слой 5/ Щепа и переотложенная щепа,ИИМК РАН,2014.0,data/raw/images/КБ-2014-Р6-068_orig.jpg,startswith,1,КБ-2014-Р6-068,Фарфор,крышка,0,часть не указана,1,целый,0,0,0,train
КБ-2014-Р6-072,Блюдце,Блюдца фарфорового с  белой поливой снаружи и белой поливой с полихромным надглазурным цветочным орнаментом внутри профиль,фарфор,D=14 см,Фрагмент,Слой 5/ Щепа и переотложенная щепа,ИИМК РАН,2014.0,data/raw/images/КБ-2014-Р6-072_orig.jpg,startswith,1,КБ-2014-Р6-072,Фарфор,блюдце,0,профиль,0,фрагмент,0,0,0,train
КБ-2014-Р6-088,Крышка,Крышка от сосуда фарфоровая с зеленой поливой с темно-зеленым подглазурным растительным орнаментом снаружи и белой поливой внутри,фарфор,D=6 см,Целый,Слой 5/ Щепа и переотложенная щепа,ИИМК РАН,2014.0,data/raw/images/КБ-2014-Р6-088_orig.jpg,startswith,1,КБ-2014-Р6-088,Фарфор,крышка,0,часть не указана,1,целый,0,0,0,val
КБ-2014-Р6-091,Крышка,Сосуда красноглиняного с бежевой поливой снаружи и внутри крышки фр-т,керамика,,Фрагмент,Слой 2/ Слой засыпки с известковым раствором и кирпичной крошкой (слой разрушения дома),ИИМК РАН,2014.0,data/raw/images/КБ-2014-Р6-091_orig.jpg,startswith,1,КБ-2014-Р6-091,Керамика,крышка,0,часть не указана,1,фрагмент,0,0,0,train
КБ-2014-Р6-095,Тарелка,Тарелки фаянсовой с белой поливой снаружи и белой поливой с синим подглазурным цветочным орнаментом в стиле деколь профиль с клеймом на донце,фаянс,Dвен не опред; Dдон=10; Выс=4.5 см,Фрагмент,Слой 5/ Щепа и переотложенная щепа,ИИМК РАН,2014.0,data/raw/images/КБ-2014-Р6-095_orig.jpg,startswith,1,КБ-2014-Р6-095,Фаянс,тарелка,0,донце,0,фрагмент,0,0,0,train
КБ-2014-Р6-096,Тарелка,Тарелки фарфоровой с белой поливой снаружи и белой поливой с полихромным надглазурным цветочным орнаментов внутри профиль,фарфор,Dвен=25; Dдон=12; Выс=2.5 см,Фрагмент,Слой 5/ Щепа и переотложенная щепа,ИИМК РАН,2014.0,data/raw/images/КБ-2014-Р6-096_orig.jpg,startswith,1,КБ-2014-Р6-096,Фарфор,тарелка,0,профиль,0,фрагмент,0,0,0,train
КБ-2014-Р6-097,Крышка,Крышка от сосуда фарфоровая с белой поливой с золотистой окантовкой снаружи и белой поливой внутри,фарфор,D=7.5 см,Целый,Слой 5/ Щепа и переотложенная щепа,ИИМК РАН,2014.0,data/raw/images/КБ-2014-Р6-097_orig.jpg,startswith,1,КБ-2014-Р6-097,Фарфор,крышка,0,часть не указана,1,целый,0,0,0,train
КБ-2014-Р6-111,Тарелка,Тарелки фарфоровой с белой поливой снаружи и внутри донца с клеймом фр-т,фарфор,,Фрагмент,Слой 5/ Щепа и переотложенная щепа,ИИМК РАН,2014.0,data/raw/images/КБ-2014-Р6-111_orig.jpg,startswith,1,КБ-2014-Р6-111,Фарфор,тарелка,0,донце,0,фрагмент,0,0,0,train
КБ-2014-Р6-122,Миска,Миски красноглиняной с темно-коричневой поливой снаружи и светло-коричневой поливой внутри профиль,керамика,D не опред.; Выс=3.5 см,Фрагмент,Слой 5/ Щепа и переотложенная щепа (зап.щепы и серый мешаный песок),ИИМК РАН,2014.0,data/raw/images/КБ-2014-Р6-122_orig.jpg,startswith,1,КБ-2014-Р6-122,Керамика,миска,0,профиль,0,фрагмент,0,0,0,train
КБ-2014-Р6-123,Крышка,Сосуда красноглиняного крышки фр-т,керамика,D=20 см,Фрагмент,Слой 5/ Щепа и переотложенная щепа (зап.щепы и серый мешаный песок),ИИМК РАН,2014.0,data/raw/images/КБ-2014-Р6-123_orig.jpg,startswith,1,КБ-2014-Р6-123,Керамика,крышка,0,часть не указана,1,фрагмент,0,0,0,train
КБ-2014-Р6-137,Крышка,Крышка фарфоровая с белой поливой с фиолетовым надглазурным орнаментом снаружи и белой поливой внутри,фарфор,D=5; Выс=3 см,Целый,Слой 1/ техноген,ИИМК РАН,2014.0,data/raw/images/КБ-2014-Р6-137_orig.jpg,startswith,1,КБ-2014-Р6-137,Фарфор,крышка,0,часть не указана,1,целый,0,0,0,val
КБ-2014-Р6-183,Миска,Миска красноглиняная с коричневой поливой снаружи и внутри фрагментированная,керамика,Dвен=20; Dдон=-10; Выс=9 см,Фрагмент,Слой 5/ Щепа и переотложенная щепа,ИИМК РАН,2014.0,data/raw/images/КБ-2014-Р6-183_orig.jpg,startswith,1,КБ-2014-Р6-183,Керамика,миска,0,часть не указана,1,фрагмент,0,0,0,train
КБ-2014-Р6-187,Тарелка,Тарелки красноглиняной с коричневой поливой с желтым геометрическим орнаментом внутри венчика фр-т,керамика,D=25 см,Фрагмент,Слой 5/ Щепа и переотложенная щепа,ИИМК РАН,2014.0,data/raw/images/КБ-2014-Р6-187_orig.jpg,startswith,1,КБ-2014-Р6-187,Керамика,тарелка,0,венчик,0,фрагмент,0,0,0,test
КБ-2014-Р6-193,Крышка,Крышки фаянсовой с полихромной поливой снаружи и белой поливой внутри профиль,фаянс,,Фрагмент,Слой 2/ Слой засыпки с известковым раствором и кирпичной крошкой (слой разрушения дома),ИИМК РАН,2014.0,data/raw/images/КБ-2014-Р6-193_orig.jpg,startswith,1,КБ-2014-Р6-193,Фаянс,крышка,0,профиль,0,фрагмент,0,0,0,train
КБ-2014-Р6-194,Тарелка,Тарелки фарфоровой с белой поливой снаружи и внутри донца с клеймом фр-т,фарфор,,Фрагмент,Слой 2/ Слой засыпки с известковым раствором и кирпичной крошкой (слой разрушения дома),ИИМК РАН,2014.0,data/raw/images/КБ-2014-Р6-194_orig.jpg,startswith,1,КБ-2014-Р6-194,Фарфор,тарелка,0,донце,0,фрагмент,0,0,0,train
КБ-2014-Р6-199,Блюдце,Блюдце фарфоровое с белой поливой снаружи и белой поливой с полихромным геометрическим орнаментом внутри и клеймом на донце фрагментированное,фарфор,Dвен=14.5; Dдон=8; Выс=3 см,Фрагмент,Слой 2/ Слой засыпки с известковым раствором и кирпичной крошкой (слой разрушения дома),ИИМК РАН,2014.0,data/raw/images/КБ-2014-Р6-199_orig.jpg,startswith,1,КБ-2014-Р6-199,Фарфор,блюдце,0,донце,0,фрагмент,0,0,0,val
КБ-2014-Р6-202,Миска,Миска красноглиняная с коричневой поливой снаружи и внутри фрагментированная,керамика,Dвен=18; Dдон=7.5; Выс=6  см,Фрагмент,Слой 2/ Слой засыпки с известковым раствором и кирпичной крошкой (слой разрушения дома),ИИМК РАН,2014.0,data/raw/images/КБ-2014-Р6-202_orig.jpg,startswith,1,КБ-2014-Р6-202,Керамика,миска,0,часть не указана,1,фрагмент,0,0,0,train
ЛАО-2012-М102-Ш1-004,Миска,Миски красноглиняной венчика фр-т,керамика,Д30 см,Фрагмент,Строительный мусор (битый кирпич),ИИМК РАН,2012.0,data/raw/images/ЛАО-2012-М102-Ш1-004_orig.jpg,startswith,1,ЛАО-2012-М102-Ш1-004,Керамика,миска,0,венчик,0,фрагмент,0,0,0,val
ЛАО-2012-М102-Ш1-005,Миска,Сосуда красноглиняного с желто-зеленой поливой внутри профиль,керамика,"Д венчика16, Д донца 12 см",Фрагмент,Строительный мусор (битый кирпич),ИИМК РАН,2012.0,data/raw/images/ЛАО-2012-М102-Ш1-005_orig.jpg,startswith,1,ЛАО-2012-М102-Ш1-005,Керамика,миска,0,профиль,0,фрагмент,0,0,0,train
ЛАО-2012-М102-Ш1-006,Миска,Сосуда красноглиняного с желто-зеленой поливой внутри венчика фр-т,керамика,Д24 см,Фрагмент,Строительный мусор (битый кирпич),ИИМК РАН,2012.0,data/raw/images/ЛАО-2012-М102-Ш1-006_orig.jpg,startswith,1,ЛАО-2012-М102-Ш1-006,Керамика,миска,0,венчик,0,фрагмент,0,0,0,train
ЛАО-2012-М102-Ш1-021,Тарелка,Тарелки фаянсовой края фр-т,фаянс,Д26 см,Фрагмент,Строительный мусор (битый кирпич),ИИМК РАН,2012.0,data/raw/images/ЛАО-2012-М102-Ш1-021_orig.jpg,startswith,1,ЛАО-2012-М102-Ш1-021,Фаянс,тарелка,0,часть не указана,1,фрагмент,0,0,0,train
ЛАО-2012-М102-Ш1-057,Изразец,Изразца красноглиняного с сюжетным орнаментом кобальтовой росписью по белому фону фр-т,керамика,,Фрагмент,Серо-коричневая мешаная супесь,ИИМК РАН,2012.0,data/raw/images/ЛАО-2012-М102-Ш1-057_orig.jpg,startswith,1,ЛАО-2012-М102-Ш1-057,Керамика,изразец,0,часть не указана,1,фрагмент,0,0,0,train
ЛАО-2012-М102-Ш3-118,Изразец,Изразца красноглиняного с сюжетным орнаментом и кобальтовой росписью по белому фону фр-т,керамика,,Фрагмент,Строительный мусор (битый кирпич),ИИМК РАН,2012.0,data/raw/images/ЛАО-2012-М102-Ш3-118_orig.jpg,startswith,1,ЛАО-2012-М102-Ш3-118,Керамика,изразец,0,часть не указана,1,фрагмент,0,0,0,train
ЛАО-2012-М102-Ш3-131,Тарелка,Тарелки белоглиняной с белым ангобом внутри края фр-т,керамика,Д22 см,Фрагмент,Черный гумусированный супесчанный культурный слой со слоем щепы,ИИМК РАН,2012.0,data/raw/images/ЛАО-2012-М102-Ш3-131_orig.jpg,startswith,1,ЛАО-2012-М102-Ш3-131,Керамика,тарелка,0,часть не указана,1,фрагмент,0,0,0,train
ЛАО-2012-М102-Ш3-132,Миска,Сосуда красноглиняного с зелено-коричневой поливой внутри и снаружи венчика фр-т,керамика,Д22 см,Фрагмент,Черный гумусированный супесчанный культурный слой со слоем щепы,ИИМК РАН,2012.0,data/raw/images/ЛАО-2012-М102-Ш3-132_orig.jpg,startswith,1,ЛАО-2012-М102-Ш3-132,Керамика,миска,0,венчик,0,фрагмент,0,0,0,train
ЛАО-2012-М102-Ш4-175,Тарелка,Тарелки фаянсовой с рельефным краем профиль,фаянс,"Д венчика 24, Д донца 14 см",Фрагмент,Светло-серая мешаная супесь,ИИМК РАН,2012.0,data/raw/images/ЛАО-2012-М102-Ш4-175_orig.jpg,startswith,1,ЛАО-2012-М102-Ш4-175,Фаянс,тарелка,0,профиль,0,фрагмент,0,0,0,train
ЛАО-2012-М102-Ш4-179,Миска,Миски красноглиняной с полихромной росписью по коричневой поливе внутри профиль,керамика,"Д венчика 26, Д донца 18 см",Фрагмент,Мешаный темно-коричневый гумусированный слой с включениями битого кирпича,ИИМК РАН,2012.0,data/raw/images/ЛАО-2012-М102-Ш4-179_orig.jpg,startswith,1,ЛАО-2012-М102-Ш4-179,Керамика,миска,0,профиль,0,фрагмент,0,0,0,train
ЛАО-2012-М102-Ш4-181,Изразец,Изразца красноглиняного с сюжетным орнаментом и кобальтовой росписью по белому фону фр-т,керамика,8+х8 см,Фрагмент,Мешаный темно-коричневый гумусированный слой с включениями битого кирпича,ИИМК РАН,2012.0,data/raw/images/ЛАО-2012-М102-Ш4-181_orig.jpg,startswith,1,ЛАО-2012-М102-Ш4-181,Керамика,изразец,0,часть не указана,1,фрагмент,0,0,0,train
ЛАО-2012-М102-Ш4-182,Изразец,Изразца красноглиняного с сюжетным орнаментом и кобальтовой росписью по белому фону фр-т,керамика,22х11 см,Фрагмент,Мешаный темно-коричневый гумусированный слой с включениями битого кирпича,ИИМК РАН,2012.0,data/raw/images/ЛАО-2012-М102-Ш4-182_orig.jpg,startswith,1,ЛАО-2012-М102-Ш4-182,Керамика,изразец,0,часть не указана,1,фрагмент,0,0,0,train
ЛАО-2012-М102-Ш5-186,Тарелка,Тарелки фаянсовой с полихромной росписью внутри профиль,фаянс,"Д венчика 25, Д донца 12 см",Фрагмент,Темно-серый гумусированный слой с включениями битого кирпича и кирпичной крошки (засыпка траншеи),ИИМК РАН,2012.0,data/raw/images/ЛАО-2012-М102-Ш5-186_orig.jpg,startswith,1,ЛАО-2012-М102-Ш5-186,Фаянс,тарелка,0,профиль,0,фрагмент,0,0,0,train
ЛАО-2012-М102-Ш5-188,Тарелка,Тарелка фаянсовая с монохромной росписью внутри с клеймом  фрагментированная,фаянс,"Д венчика 26, Д донца 15 см",Фрагмент,Темно-серый гумусированный слой с включениями битого кирпича и кирпичной крошки (засыпка траншеи),ИИМК РАН,2012.0,data/raw/images/ЛАО-2012-М102-Ш5-188_orig.jpg,startswith,1,ЛАО-2012-М102-Ш5-188,Фаянс,тарелка,0,часть не указана,1,фрагмент,0,0,0,train
ЛАО-2012-М102-Ш5-189,Тарелка,Тарелка фаянсовая с полихромной росписью внутри с клеймом  фрагментированная,фаянс,"Д венчика 23, Д донца 12 см",Фрагмент,Темно-серый гумусированный слой с включениями битого кирпича и кирпичной крошки (засыпка траншеи),ИИМК РАН,2012.0,data/raw/images/ЛАО-2012-М102-Ш5-189_orig.jpg,startswith,1,ЛАО-2012-М102-Ш5-189,Фаянс,тарелка,0,часть не указана,1,фрагмент,0,0,0,train
ЛАО-2012-М102-Ш5-190,Тарелка,"Тарелка фаянсовая с рельефным краем, с монохромной росписью и клеймом фрагментированная",фаянс,"Д венчика 25, Д донца 14,5 см",Фрагмент,Темно-серый гумусированный слой с включениями битого кирпича и кирпичной крошки (засыпка траншеи),ИИМК РАН,2012.0,data/raw/images/ЛАО-2012-М102-Ш5-190_orig.jpg,startswith,1,ЛАО-2012-М102-Ш5-190,Фаянс,тарелка,0,часть не указана,1,фрагмент,0,0,0,train
ЛАО-2012-М102-Ш5-191,Тарелка,Тарелка фаянсовая с монохромной росписью фрагментированная,фаянс,"Д венчика 26, Д донца 15 см",Фрагмент,Темно-серый гумусированный слой с включениями битого кирпича и кирпичной крошки (засыпка траншеи),ИИМК РАН,2012.0,data/raw/images/ЛАО-2012-М102-Ш5-191_orig.jpg,startswith,1,ЛАО-2012-М102-Ш5-191,Фаянс,тарелка,0,часть не указана,1,фрагмент,0,0,0,val
ЛАО-2012-М102-Ш5-192,Тарелка,Тарелки фаянсовой с монохромной росписью и клеймом профиль,фаянс,"Д венчика 23, Д донца 10,5 см",Фрагмент,Темно-серый гумусированный слой с включениями битого кирпича и кирпичной крошки (засыпка траншеи),ИИМК РАН,2012.0,data/raw/images/ЛАО-2012-М102-Ш5-192_orig.jpg,startswith,1,ЛАО-2012-М102-Ш5-192,Фаянс,тарелка,0,профиль,0,фрагмент,0,0,0,train
ЛАО-2012-М102-Ш5-193,Тарелка,Тарелки фаянсовой с монохромной росписью профиль,фаянс,"Д венчика 22, Д донца 16 см",Фрагмент,Темно-серый гумусированный слой с включениями битого кирпича и кирпичной крошки (засыпка траншеи),ИИМК РАН,2012.0,data/raw/images/ЛАО-2012-М102-Ш5-193_orig.jpg,startswith,1,ЛАО-2012-М102-Ш5-193,Фаянс,тарелка,0,профиль,0,фрагмент,0,0,0,train
ЛАО-2012-М102-Ш5-194,Тарелка,Тарелки фаянсовой с монохромной росписью профиль,фаянс,"Д венчика 26, Д донца 15 см",Фрагмент,Темно-серый гумусированный слой с включениями битого кирпича и кирпичной крошки (засыпка траншеи),ИИМК РАН,2012.0,data/raw/images/ЛАО-2012-М102-Ш5-194_orig.jpg,startswith,1,ЛАО-2012-М102-Ш5-194,Фаянс,тарелка,0,профиль,0,фрагмент,0,0,0,train
ЛАО-2012-М102-Ш5-195,Тарелка,Тарелки фаянсовой с монохромной росписью профиль,фаянс,"Д венчика 26, Д донца 15 см",Фрагмент,Темно-серый гумусированный слой с включениями битого кирпича и кирпичной крошки (засыпка траншеи),ИИМК РАН,2012.0,data/raw/images/ЛАО-2012-М102-Ш5-195_orig.jpg,startswith,1,ЛАО-2012-М102-Ш5-195,Фаянс,тарелка,0,профиль,0,фрагмент,0,0,0,test
ЛАО-2012-М102-Ш5-196,Тарелка,Тарелки фаянсовой профиль,фаянс,"Д венчика 26, Д донца 15 см",Фрагмент,Темно-серый гумусированный слой с включениями битого кирпича и кирпичной крошки (засыпка траншеи),ИИМК РАН,2012.0,data/raw/images/ЛАО-2012-М102-Ш5-196_orig.jpg,startswith,1,ЛАО-2012-М102-Ш5-196,Фаянс,тарелка,0,профиль,0,фрагмент,0,0,0,test
ЛАО-2012-М102-Ш5-197,Тарелка,Тарелки фаянсовой с монохромной росписью профиль,фаянс,"Д венчика 26, Д донца 16 см",Фрагмент,Темно-серый гумусированный слой с включениями битого кирпича и кирпичной крошки (засыпка траншеи),ИИМК РАН,2012.0,data/raw/images/ЛАО-2012-М102-Ш5-197_orig.jpg,startswith,1,ЛАО-2012-М102-Ш5-197,Фаянс,тарелка,0,профиль,0,фрагмент,0,0,0,train
ЛАО-2012-М102-Ш5-203,Блюдце,Блюдца фаянсового профиль,фаянс,"Д венчика 15, Д донца 10 см",Фрагмент,Темно-серый гумусированный слой с включениями битого кирпича и кирпичной крошки (засыпка траншеи),ИИМК РАН,2012.0,data/raw/images/ЛАО-2012-М102-Ш5-203_orig.jpg,startswith,1,ЛАО-2012-М102-Ш5-203,Фаянс,блюдце,0,профиль,0,фрагмент,0,0,0,train
Маяк-11-Ш1-06,Крышка,Крышка фарфоровая,фарфор,5 см,Фрагмент,,,2011.0,data/raw/images/Маяк-11-Ш1-06_orig.jpg,startswith,1,Маяк-11-Ш1-06,Фарфор,крышка,0,часть не указана,1,фрагмент,0,0,0,test
Маяк-11-Ш1-07,Крышка,Крышка фарфоровая,фарфор,7 см,Целый,,,2011.0,data/raw/images/Маяк-11-Ш1-07_orig.jpg,startswith,1,Маяк-11-Ш1-07,Фарфор,крышка,0,часть не указана,1,целый,0,0,0,train
Маяк-11-Ш2-21,Тарелка,Тарелки фаянсовой края фр-ты,фаянс,,Фрагмент,,,2011.0,data/raw/images/Маяк-11-Ш2-21_orig.jpg,startswith,1,Маяк-11-Ш2-21,Фаянс,тарелка,0,часть не указана,1,фрагмент,0,0,0,train
Маяк-11-Ш2-37,Изразец,Изразца красноглиняного плоского пластины лицевой с белой поливой фр-т,керамика,17+ х 11+ х 2 см,Фрагмент,,,2011.0,data/raw/images/Маяк-11-Ш2-37_orig.jpg,startswith,1,Маяк-11-Ш2-37,Керамика,изразец,0,часть не указана,1,фрагмент,0,0,0,train
Маяк-11-Ш3-68,Тарелка,Тарелки фарфоровой с подглазурным (?) печатным полихромным растительным орнаментом и клеймом профиль,фарфор,18 см,Фрагмент,,,2011.0,data/raw/images/Маяк-11-Ш3-68_orig.jpg,startswith,1,Маяк-11-Ш3-68,Фарфор,тарелка,0,профиль,0,фрагмент,0,0,1,train
Маяк-11-Ш3-72,Тарелка,Сосуда фаянсового с подглазурным (?) печатным кобальтовым растительным орнаментом снаружи венчика фр-т,фаянс,18 см,Фрагмент,,,2011.0,data/raw/images/Маяк-11-Ш3-72_orig.jpg,startswith,1,Маяк-11-Ш3-72,Фаянс,тарелка,0,венчик,0,фрагмент,0,0,1,val
Нц-106-19,Изразец,Изразца фрагмент,керамика,,Фрагмент,Перемешанный/ гориз.1,,,data/raw/images/Нц-106-19_orig.jpg,startswith,1,Нц-106-19,Глина,изразец,0,часть не указана,1,фрагмент,0,0,0,val
Нц-23-0180,Изразец,Изразца румпы фр-т,керамика,4.4х4.2х1.6 см,Фрагмент,,,,data/raw/images/Нц-23-0180_orig.jpg,startswith,1,Нц-23-0180,Глина,изразец,0,часть не указана,1,фрагмент,0,0,0,train
Нц-102-1519,Плитка,Плитка со шлифовкой,прочее,"1,9+x1,1x0,2 см",Целый,Светлый песок/ гориз.2,,,data/raw/images/Нц-102-1519_orig.jpg,startswith,1,Нц-102-1519,Сланец,прочее,1,часть не указана,1,целый,0,1,0,train
Нц-102-1523,Плитка,Плитки фр-т,прочее,"2,4+x0,8+x0,6 см",Фрагмент,Светлый песок/ гориз.2,,,data/raw/images/Нц-102-1523_orig.jpg,startswith,1,Нц-102-1523,Сланец,прочее,1,часть не указана,1,фрагмент,0,1,0,test
Нц-102-1945,Плитка,Шлифовальная плита,прочее,"22,2+x14+x5 см",Целый,Светлый среднезернистый песок с галькой/ гориз.6,,,data/raw/images/Нц-102-1945_orig.jpg,startswith,1,Нц-102-1945,Песчаник,прочее,1,часть не указана,1,целый,0,1,0,val
Нц-102-1976,Плитка,Плиты шлифовальной фр-т,прочее,"8+x7,5+x1,2+ см",Фрагмент,Светлый среднезернистый песок/ гориз.7,,,data/raw/images/Нц-102-1976_orig.jpg,startswith,1,Нц-102-1976,Песчаник,прочее,1,часть не указана,1,фрагмент,0,1,0,train
Нц-102-1977,Плитка,Плитки шлифовальной фр-т,прочее,"6,4+x3,8+x1,6+ см",Фрагмент,Среднезернистый песок с галькой/ гориз.6,,,data/raw/images/Нц-102-1977_orig.jpg,startswith,1,Нц-102-1977,Песчаник,прочее,1,часть не указана,1,фрагмент,0,1,0,train
Нц-106-03,Тарелка,Тарелки фаянсовой профиль,фаянс,D 43 см,Фрагмент,Перемешанный/ гориз.1,,,data/raw/images/Нц-106-03_orig.jpg,startswith,1,Нц-106-03,Фаянс,тарелка,0,профиль,0,фрагмент,0,0,0,test
Нц-106-11,Тарелка,Тарелки красноглиняной с поливой снаружи венчика фрагмент,керамика,D 25 см,Фрагмент,Перемешанный/ гориз.1,,,data/raw/images/Нц-106-11_orig.jpg,startswith,1,Нц-106-11,Глина,тарелка,0,венчик,0,фрагмент,0,0,0,train
Нц-23-0261,Изразец,Изразца фигурного с серой поливой фр-т,керамика,0.6 см,Фрагмент,,,,data/raw/images/Нц-23-0261_orig.jpg,startswith,1,Нц-23-0261,Глина,изразец,0,часть не указана,1,фрагмент,0,0,0,test
Нц-23-0561,Изразец,Изразца красноглиняного с белой поливой румпы фр-т,керамика,10+ х 4.5+ х 5 см,Фрагмент,,,,data/raw/images/Нц-23-0561_orig.jpg,startswith,1,Нц-23-0561,Глина,изразец,0,часть не указана,1,фрагмент,0,0,0,train
Нц-23-1058,Тарелка,Тарелки красноглиняной с зеленой росписью по коричневой поливе внутри стенки фр-т,керамика,,Фрагмент,Темно-серая гумусир. супесь,,,data/raw/images/Нц-23-1058_orig.jpg,startswith,1,Нц-23-1058,Глина,тарелка,0,прочее,0,фрагмент,0,0,0,train
Нц-23-1080,Изразец,Изразца красноглиняного с рельефным орнаментом по зеленой поливе фр-т,керамика,,Фрагмент,Дерн,,,data/raw/images/Нц-23-1080_orig.jpg,startswith,1,Нц-23-1080,Глина,изразец,0,часть не указана,1,фрагмент,0,0,0,val
Нц-23-1215,Тарелка,Тарелки белоглиняной с белой поливой снаружи и голубым орнаментом по белой поливе внутри придонной части фр-т,керамика,,Фрагмент,Переотложенная серо-желтая супесь,,,data/raw/images/Нц-23-1215_orig.jpg,startswith,1,Нц-23-1215,Глина,тарелка,0,часть не указана,1,фрагмент,0,0,0,train
Нц-23-1503,Тарелка,Тарелки красноглиняной орнаментированной зеленой поливой внутри венчика фр-т,керамика,D20 см,Фрагмент,Темно-серая супесь,,,data/raw/images/Нц-23-1503_orig.jpg,startswith,1,Нц-23-1503,Глина,тарелка,0,венчик,0,фрагмент,0,0,0,train
Нц-23-1785,Тарелка,Тарелки красноглиняной с белой и зеленой росписью по коричневой поливе внутри придонной части фр-т,керамика,,Фрагмент,Темно-серая супесь,,,data/raw/images/Нц-23-1785_orig.jpg,startswith,1,Нц-23-1785,Глина,тарелка,0,часть не указана,1,фрагмент,0,0,0,train
Нц-23-1970,Изразец,Изразца красноглиняного с коричневой поливой снаружи фр-т,керамика,,Фрагмент,Темно-серая супесь,,,data/raw/images/Нц-23-1970_orig.jpg,startswith,1,Нц-23-1970,Глина,изразец,0,часть не указана,1,фрагмент,0,0,0,train
Нц-23-2064,Изразец,Изразца красноглиняного фр-т,керамика,12.8+ х 4.6+ х 2.4 см,Фрагмент,Перекоп,,,data/raw/images/Нц-23-2064_orig.jpg,startswith,1,Нц-23-2064,Глина,изразец,0,часть не указана,1,фрагмент,0,0,0,train
Нц-23-2163,Тарелка,Тарелки красноглиняной с зеленой и коричневой росписью по желтой поливе внутри края фр-т,керамика,,Фрагмент,Серо-желтая (пестрая) переотложенная супесь,,,data/raw/images/Нц-23-2163_orig.jpg,startswith,1,Нц-23-2163,Глина,тарелка,0,часть не указана,1,фрагмент,0,0,0,train
Нц-23-2188,Изразец,Изразца шведского красноглиняного с растительным орнаментом по черной поливе снаружи фр-т,керамика,6.7+ х 4.4+ 1 см,Фрагмент,Темно-серая супесь,,,data/raw/images/Нц-23-2188_orig.jpg,startswith,1,Нц-23-2188,Глина,изразец,0,часть не указана,1,фрагмент,0,0,0,train
Нц-23-2266,Тарелка,Тарелки красноглиняной с черной росписью по зеленой поливе внутри края фр-т,керамика,,Фрагмент,Темно-серая супесь,,,data/raw/images/Нц-23-2266_orig.jpg,startswith,1,Нц-23-2266,Глина,тарелка,0,часть не указана,1,фрагмент,0,0,0,test
Нц-23-2271,Тарелка,Тарелки красноглиняной с черной и зеленой росписью   по зеленой поливе внутри края фр-т,керамика,,Фрагмент,Темно-серая супесь,,,data/raw/images/Нц-23-2271_orig.jpg,startswith,1,Нц-23-2271,Глина,тарелка,0,часть не указана,1,фрагмент,0,0,0,val
Нц-24-026,Тарелка,Тарелки (?) стеклянной края фр-т,стекло,D16 см,Фрагмент,Желтая мешаная супесь/ гориз.2,,,data/raw/images/Нц-24-026_orig.jpg,startswith,1,Нц-24-026,Стекло,тарелка,0,часть не указана,1,фрагмент,0,0,1,train
Нц-24-129,Миска,Сосуда (миска) красноглиняного с желтовато-зеленой и коричневой поливой по краю венчика фр-т,керамика,D25 см,Фрагмент,Серая мешаная супесь/ гориз.3,,,data/raw/images/Нц-24-129_orig.jpg,startswith,1,Нц-24-129,Керамика,миска,0,венчик,0,фрагмент,0,0,0,test
Нц-24-130,Миска,Сосуда (миска) красноглиняного с желтовато-зеленой и коричневой поливой внутри венчика фр-т,керамика,D25 см,Фрагмент,Серая мешаная супесь/ гориз.3,,,data/raw/images/Нц-24-130_orig.jpg,startswith,1,Нц-24-130,Керамика,миска,0,венчик,0,фрагмент,0,0,0,train
Нц-24-190,Миска,Миски (?) белоглиняной с белой поливой снаружи и внутри с синей росписью венчика фр-т,керамика,D15 см,Фрагмент,Желтая мешаная супесь/,,,data/raw/images/Нц-24-190_orig.jpg,startswith,1,Нц-24-190,Керамика,миска,0,венчик,0,фрагмент,0,0,1,test
Нц-25-0068,Изразец,Изразца красноглиняного с зеленой поливой  фр-т,керамика,,Фрагмент,Строительный мусор/ гориз.1,,,data/raw/images/Нц-25-0068_orig.jpg,startswith,1,Нц-25-0068,Керамика,изразец,0,часть не указана,1,фрагмент,0,0,0,test
Нц-25-0093,Изразец,Изразец красноглиняный с белой поливой фрагментированный,керамика,22 x 13 x 4 см,Целый,Строительный мусор/ гориз.1,,,data/raw/images/Нц-25-0093_orig.jpg,startswith,1,Нц-25-0093,Керамика,изразец,0,часть не указана,1,фрагмент,0,0,0,train
Нц-25-0417,Изразец,Изразца красноглиняного с черной поливой фр-т,керамика,,Фрагмент,Супесь светло-серая/ гориз.5,,,data/raw/images/Нц-25-0417_orig.jpg,startswith,1,Нц-25-0417,Керамика,изразец,0,часть не указана,1,фрагмент,0,0,0,train
Нц-25-0652,Изразец,Изразца красноглиняного с бело-зеленой поливой фр-т,керамика,,Фрагмент,Супесь серо-желтая/ гориз.2,,,data/raw/images/Нц-25-0652_orig.jpg,startswith,1,Нц-25-0652,Керамика,изразец,0,часть не указана,1,фрагмент,0,0,0,test
Нц-25-0730,Изразец,Изразца красноглиняного с белой поливой и кобальтовой росписью лицевой пластины фр-т,керамика,,Фрагмент,Супесь темно-серая / гориз.3,,,data/raw/images/Нц-25-0730_orig.jpg,startswith,1,Нц-25-0730,Керамика,изразец,0,часть не указана,1,фрагмент,0,0,0,test
Нц-25-0759,Изразец,Изразца красноглиняного в виде барельефного изображения человеческого лица с зеленой поливой снаружи фр-т,керамика,8.5 х 5 см,Фрагмент,Супесь светло-серая/ гориз.5,,,data/raw/images/Нц-25-0759_orig.jpg,startswith,1,Нц-25-0759,Керамика,изразец,0,часть не указана,1,фрагмент,0,0,0,test
Нц-25-1004,Изразец,Изразца сероглиняного с рельефным растительным орн-том и черной поливой снаружи скол,керамика,7 х 3.5 см,Фрагмент,Супесь светло-серая/ гориз.6,,,data/raw/images/Нц-25-1004_orig.jpg,startswith,1,Нц-25-1004,Керамика,изразец,0,часть не указана,1,фрагмент,0,0,0,train
Нц-26-027,Изразец,Изразца красноглиняного фрагмент,керамика,9 х 7 х 1 см,Фрагмент,Техногенный / горизонт 2,,,data/raw/images/Нц-26-027_orig.jpg,startswith,1,Нц-26-027,Глина,изразец,0,часть не указана,1,фрагмент,0,0,0,train
Нц-27-261,Изразец,Изразца красноглиняного с черной поливой и орнаментом фр-т,керамика,,Фрагмент,Серая супесь/ гориз.5,,,data/raw/images/Нц-27-261_orig.jpg,startswith,1,Нц-27-261,Керамика,изразец,0,часть не указана,1,фрагмент,0,0,0,val
Нц-27-470,Изразец,Изразца красноглиняного фр-т,керамика,11.9+ см,Фрагмент,Строительный мусор / гориз.2,,,data/raw/images/Нц-27-470_orig.jpg,startswith,1,Нц-27-470,Керамика,изразец,0,часть не указана,1,фрагмент,0,0,0,test
Нц-27-481,Изразец,Изразца красноглиняного  с темно-серебристой поливой и орнаментом фр-т,керамика,11.2+ см,Фрагмент,Серая супесь/ гориз.6,,,data/raw/images/Нц-27-481_orig.jpg,startswith,1,Нц-27-481,Керамика,изразец,0,часть не указана,1,фрагмент,0,0,0,test
Нц-27-493,Изразец,Изразца красноглиняного со следами темно-серебристой поливы внутри и со следами темно-серебристой поливы с линейным орнаментом снаружи фр-т,керамика,11.5+ см,Фрагмент,Дерн/ гориз.6,,,data/raw/images/Нц-27-493_orig.jpg,startswith,1,Нц-27-493,Керамика,изразец,0,часть не указана,1,фрагмент,0,0,0,val
Нц-27-537,Изразец,Изразца красноглиняного с черной поливой и орнаментом фр-т,керамика,5+ x 4.4+ x 1.2 см,Фрагмент,Строительный мусор / гориз.2,,,data/raw/images/Нц-27-537_orig.jpg,startswith,1,Нц-27-537,Керамика,изразец,0,часть не указана,1,фрагмент,0,0,0,train
Нц-27-591,Изразец,Изразца красноглиняного с темно-серебристой поливой и орнаментом фр-т,керамика,11+ x 4.7+ x 6.3 см,Фрагмент,Серо-желтая супесь/ гориз.3,,,data/raw/images/Нц-27-591_orig.jpg,startswith,1,Нц-27-591,Керамика,изразец,0,часть не указана,1,фрагмент,0,0,0,train
Нц-27-617,Изразец,Изразца красноглиняного с темно-серебристой поливой и орнаментом фр-т,керамика,10.1+ x 9.5+ x 6.2+ см,Фрагмент,Серая супесь / гориз.4,,,data/raw/images/Нц-27-617_orig.jpg,startswith,1,Нц-27-617,Керамика,изразец,0,часть не указана,1,фрагмент,0,0,0,train
Нц-29-17,Изразец,Изразца красноглиняного  с черной поливой и растительным орнаментом фр-т,керамика,"11,6+х10,7+х6+ см",Фрагмент,Темная супесь/гориз.3,,,data/raw/images/Нц-29-17_orig.jpg,startswith,1,Нц-29-17,Керамика,изразец,0,часть не указана,1,фрагмент,0,0,0,test
Нц-30-025,Тарелка,Тарелки красноглиняного с коричнево-зеленой поливой внутри придонной части фр-т,керамика,,Фрагмент,Предматериковый слой/ гориз.5,,,data/raw/images/Нц-30-025_orig.jpg,startswith,1,Нц-30-025,Керамика,тарелка,0,часть не указана,1,фрагмент,0,0,0,train
Нц-30-065,Тарелка,Тарелки красноглиняной с растительным орнаментом и темно-зеленой поливой снаружи фр-т,керамика,D32 см,Фрагмент,Темно-серая гумусированная супесь / гориз.3,,,data/raw/images/Нц-30-065_orig.jpg,startswith,1,Нц-30-065,Керамика,тарелка,0,часть не указана,1,фрагмент,0,0,0,train
Нц-30-131,Миска,Миски красноглиняной с коричневой поливой внутри придонной части фр-т,керамика,,Фрагмент,Предматериковый слой/ гориз.5,,,data/raw/images/Нц-30-131_orig.jpg,startswith,1,Нц-30-131,Керамика,миска,0,часть не указана,1,фрагмент,0,0,0,train
Нц-30-662,Крышка,Крышки бесцветного стекла орнаментированной с ручкой фр-т,стекло,,Фрагмент,Мешаные серо-желтая и темно-серые супеси/ гориз.2,,,data/raw/images/Нц-30-662_orig.jpg,startswith,1,Нц-30-662,Стекло,крышка,0,ручка,0,фрагмент,0,0,0,train
Нц-30-689,Тарелка,Тарелки фаянсовой с клеймом донца  фр-т,фаянс,,Фрагмент,Мешаные серо-желтая и темно-серые супеси/ гориз.2,,,data/raw/images/Нц-30-689_orig.jpg,startswith,1,Нц-30-689,Фаянс,тарелка,0,донце,0,фрагмент,0,0,0,test
Нц-30-705,Тарелка,Тарелки красноглиняной с зелено-белой росписью по коричневой поливе внутри венчика фр-т,керамика,D23 см,Фрагмент,Строительный мусор/ гориз.2,,,data/raw/images/Нц-30-705_orig.jpg,startswith,1,Нц-30-705,Керамика,тарелка,0,венчик,0,фрагмент,0,0,0,test
Нц-30-716,Тарелка,Тарелки фаянсовой с клеймом донца фр-т,фаянс,,Фрагмент,Мешаные серо-желтая и темно-серые супеси/ гориз.2,,,data/raw/images/Нц-30-716_orig.jpg,startswith,1,Нц-30-716,Фаянс,тарелка,0,донце,0,фрагмент,0,0,0,test
Нц-30-733,Тарелка,Тарелка фаянсовая с золотой росписью по белой и голубой поливе внутри и белой поливой снаружи  фрагментированная,фаянс,"D14,2 см",Фрагмент,Мешаные серо-желтая и темно-серые супеси/ гориз.2,,,data/raw/images/Нц-30-733_orig.jpg,startswith,1,Нц-30-733,Фаянс,тарелка,0,часть не указана,1,фрагмент,0,0,0,train
Нц-30-736,Тарелка,Тарелки фаянсовой с серой поливой снаружи и внутри придонной части фр-т,фаянс,D25 см,Фрагмент,Мешаные серо-желтая и темно-серые супеси/ гориз.2,,,data/raw/images/Нц-30-736_orig.jpg,startswith,1,Нц-30-736,Фаянс,тарелка,0,часть не указана,1,фрагмент,0,0,0,test
Нц-30-899,Блюдце,Блюдца деревянного профиль,прочее,D12 см,Фрагмент,"Щепа, засыпка 2/ гориз.5",,,data/raw/images/Нц-30-899_orig.jpg,startswith,1,Нц-30-899,Дерево,блюдце,0,профиль,0,фрагмент,0,1,0,test
Нц-30-935,Изразец,Изразца красноглиняного орнаментированного с черной (зеленой) поливой снаружи фр-т,керамика,"6,4*5*3 см",Фрагмент,Серо-желтая супесь/ гориз.3,,,data/raw/images/Нц-30-935_orig.jpg,startswith,1,Нц-30-935,Керамика,изразец,0,часть не указана,1,фрагмент,0,0,0,test
Нц-30-968,Блюдце,Блюдце фаянсовое фрагментированное,фаянс,"D8,5 см",Фрагмент,Мешаные серо-желтая и темно-серые супеси/ гориз.2,,,data/raw/images/Нц-30-968_orig.jpg,startswith,1,Нц-30-968,Фаянс,блюдце,0,часть не указана,1,фрагмент,0,0,0,train
Нц-30-982,Тарелка,Тарелки красноглиняной с коричневой поливой внутри профиля фр-т,керамика,D22 см,Фрагмент,Мешаные серо-желтая и темно-серые супеси/ гориз.3,,,data/raw/images/Нц-30-982_orig.jpg,startswith,1,Нц-30-982,Керамика,тарелка,0,профиль,0,фрагмент,0,0,0,train
Нц-31-0148,Изразец,Изразца стенового фр-т,керамика,"5,0х3,2х0,6 см",Фрагмент,Перемешанная супесь со строительным мусором/ гориз.1,,,data/raw/images/Нц-31-0148_orig.jpg,startswith,1,Нц-31-0148,Керамика,изразец,0,часть не указана,1,фрагмент,0,0,0,train
Нц-31-0204,Изразец,Изразца стенового с росписью фр-т,керамика,"6,0х4,1х1,2 см",Фрагмент,Перемешанная супесь со строительным мусором/ гориз.1,,,data/raw/images/Нц-31-0204_orig.jpg,startswith,1,Нц-31-0204,Керамика,изразец,0,часть не указана,1,фрагмент,0,0,0,train
Нц-31-0251,Изразец,Изразца стенового с росписью фр-т,керамика,"16,0х4,8х2,3 см",Фрагмент,Перемешанная супесь со строительным мусором/ гориз.1,,,data/raw/images/Нц-31-0251_orig.jpg,startswith,1,Нц-31-0251,Керамика,изразец,0,часть не указана,1,фрагмент,0,0,0,train
Нц-31-0391,Изразец,Изразца стенового фр-т,керамика,"4,2х3,2х1,2 см",Фрагмент,Супесь светло-серая/ гориз.5,,,data/raw/images/Нц-31-0391_orig.jpg,startswith,1,Нц-31-0391,Керамика,изразец,0,часть не указана,1,фрагмент,0,0,0,train
Нц-31-0593,Изразец,Изразца красноглиняного горшковидного фр-т,керамика,"7,5х5,4х0,5 см",Фрагмент,Супесь светло-серая/ гориз.5,,,data/raw/images/Нц-31-0593_orig.jpg,startswith,1,Нц-31-0593,Керамика,изразец,0,донце,0,фрагмент,0,0,0,val
Нц-31-0639,Изразец,Изразца сероглиняного стенки фр-т,керамика,"6,7х4,2х1,2 см",Фрагмент,Щепа/ гориз.3,,,data/raw/images/Нц-31-0639_orig.jpg,startswith,1,Нц-31-0639,Керамика,изразец,0,прочее,0,фрагмент,0,0,0,test
Нц-31-0850,Тарелка,Тарелки фаянсовой с синей росписью внутри придонной части фр-т,фаянс,d-11 (дно) см,Фрагмент,Супесь светло-серая/ гориз.5,,,data/raw/images/Нц-31-0850_orig.jpg,startswith,1,Нц-31-0850,Фаянс,тарелка,0,часть не указана,1,фрагмент,0,0,0,test
Нц-32-0018,Изразец,Изразца красноглиняного с голубой росписью по белой поливе фр-т,керамика,,Фрагмент,Техногенный,,,data/raw/images/Нц-32-0018_orig.jpg,startswith,1,Нц-32-0018,Керамика,изразец,0,часть не указана,1,фрагмент,0,0,0,val
Нц-32-0019,Изразец,Изразца красноглиняного с белой поливой карниза фр-т,керамика,,Фрагмент,Техногенный,,,data/raw/images/Нц-32-0019_orig.jpg,startswith,1,Нц-32-0019,Керамика,изразец,0,часть не указана,1,фрагмент,0,0,0,val
Нц-32-0024,Изразец,Изразца красноглиняного румпы фр-т,керамика,,Фрагмент,Техногенный,,,data/raw/images/Нц-32-0024_orig.jpg,startswith,1,Нц-32-0024,Керамика,изразец,0,часть не указана,1,фрагмент,0,0,0,train
Нц-32-0062,Изразец,Изразца красноглиняного с белой поливой снаружи фр-т,керамика,,Фрагмент,Строительный мусор/ гориз.1,,,data/raw/images/Нц-32-0062_orig.jpg,startswith,1,Нц-32-0062,Керамика,изразец,0,часть не указана,1,фрагмент,0,0,0,train
Нц-32-0063,Тарелка,Тарелки фаянсовой донца фр-т,фаянс,,Фрагмент,Гориз.1,,,data/raw/images/Нц-32-0063_orig.jpg,startswith,1,Нц-32-0063,Фаянс,тарелка,0,донце,0,фрагмент,0,0,0,train
Нц-32-0087,Миска,Миски красноглиняной с зеленой поливой внутри венчика фр-т,керамика,,Фрагмент,Дерн + гумус/ гориз.3,,,data/raw/images/Нц-32-0087_orig.jpg,startswith,1,Нц-32-0087,Керамика,миска,0,венчик,0,фрагмент,0,0,0,train
Нц-32-0096,Изразец,Изразца красноглиняного с белой поливой снаружи фр-т,керамика,,Фрагмент,Строительный мусор/ гориз.3,,,data/raw/images/Нц-32-0096_orig.jpg,startswith,1,Нц-32-0096,Керамика,изразец,0,часть не указана,1,фрагмент,0,0,0,train
Нц-32-0099,Миска,Миски красноглиняной с зеленой поливой внутри венчика фр-т,керамика,D22 см,Фрагмент,Переотложеное заполнение верфи/ гориз.4,,,data/raw/images/Нц-32-0099_orig.jpg,startswith,1,Нц-32-0099,Керамика,миска,0,венчик,0,фрагмент,0,0,0,train
Нц-32-0101,Тарелка,Тарелки белоглиняной с серой поливой снаружи и внутри края фр-т,керамика,,Фрагмент,Строительный мусор/ гориз.3,,,data/raw/images/Нц-32-0101_orig.jpg,startswith,1,Нц-32-0101,Керамика,тарелка,0,часть не указана,1,фрагмент,0,0,0,val
Нц-32-0130,Изразец,Изразца красноглиняного румпы фр-т,керамика,,Фрагмент,Переотложеное заполнение верфи/ гориз.4,,,data/raw/images/Нц-32-0130_orig.jpg,startswith,1,Нц-32-0130,Керамика,изразец,0,часть не указана,1,фрагмент,0,0,0,train
Нц-32-0136,Тарелка,Тарелки красноглиняной с желтой поливой внутри придонной части фр-т,керамика,,Фрагмент,Дерновый слой/ гориз.5,,,data/raw/images/Нц-32-0136_orig.jpg,startswith,1,Нц-32-0136,Керамика,тарелка,0,часть не указана,1,фрагмент,0,0,0,test
Нц-32-0217,Миска,Миски красноглиняной с желто-зеленой поливой внутри венчика фр-т,керамика,D15 см,Фрагмент,Серая мешанаяя супесь/ гориз.2,,,data/raw/images/Нц-32-0217_orig.jpg,startswith,1,Нц-32-0217,Керамика,миска,0,венчик,0,фрагмент,0,0,0,test
Нц-32-0339,Тарелка,Тарелки белоглиняной с зеленой поливой снаружи и  внутри донца фр-т,керамика,,Фрагмент,Темно-коричневая супесь/ гориз.3,,,data/raw/images/Нц-32-0339_orig.jpg,startswith,1,Нц-32-0339,Керамика,тарелка,0,донце,0,фрагмент,0,0,0,train
Нц-32-0344,Тарелка,Тарелки фаянсовой профиля фр-т,фаянс,D33 см,Фрагмент,Серая мешаная супесь/ гориз.2,,,data/raw/images/Нц-32-0344_orig.jpg,startswith,1,Нц-32-0344,Фаянс,тарелка,0,профиль,0,фрагмент,0,0,0,train
Нц-32-0466,Изразец,Изразца красноглиняного с белой поливой снаружи фр-т,керамика,,Фрагмент,Серая мешаная супесь/ гориз.2,,,data/raw/images/Нц-32-0466_orig.jpg,startswith,1,Нц-32-0466,Керамика,изразец,0,часть не указана,1,фрагмент,0,0,0,train
Нц-32-0509,Тарелка,Тарелки фарфоровой с синим орнаментом края фр-т,фарфор,,Фрагмент,Серая мешаная супесь/ гориз.2,,,data/raw/images/Нц-32-0509_orig.jpg,startswith,1,Нц-32-0509,Фарфор,тарелка,0,часть не указана,1,фрагмент,0,0,0,test
Нц-32-0785,Миска,Миски красноглиняной с зеленой поливой снаружи и внутри профиля (с частью ручки) фр-т,керамика,,Фрагмент,Темно-коричневая супесь/ гориз.3,,,data/raw/images/Нц-32-0785_orig.jpg,startswith,1,Нц-32-0785,Керамика,миска,0,профиль,0,фрагмент,0,0,0,train
Нц-32-0837,Изразец,Изразца красноглиняного с белой поливой снаружи фр-т,керамика,13.9+ х 12+ 3.5 см,Фрагмент,Серая мешаная супесь/ гориз.4,,,data/raw/images/Нц-32-0837_orig.jpg,startswith,1,Нц-32-0837,Керамика,изразец,0,часть не указана,1,фрагмент,0,0,0,val
Нц-32-0918,Изразец,Изразца красноглиняного румпы фр-т,керамика,,Фрагмент,Серая мешаная супесь/ гориз.4,,,data/raw/images/Нц-32-0918_orig.jpg,startswith,1,Нц-32-0918,Керамика,изразец,0,часть не указана,1,фрагмент,0,0,0,train
Нц-32-0937,Тарелка,Тарелки красноглиняной  с коричневой поливой внутри края фр-т,керамика,,Фрагмент,Серая мешаная супесь/ гориз.4,,,data/raw/images/Нц-32-0937_orig.jpg,startswith,1,Нц-32-0937,Керамика,тарелка,0,часть не указана,1,фрагмент,0,0,0,train
Нц-32-0978,Изразец,Изразца красноглиняного орнаментированого  с черной поливой снаружи фр-т,керамика,4.2+ х 3.4+ см,Фрагмент,Серая мешаная супесь/ гориз.4,,,data/raw/images/Нц-32-0978_orig.jpg,startswith,1,Нц-32-0978,Керамика,изразец,0,часть не указана,1,фрагмент,0,0,0,train
Нц-32-1000,Тарелка,Тарелки красноглиняной с коричневой растительной росписью по зеленой поливе внутри края фр-т,керамика,,Фрагмент,Серая мешаная супесь/ гориз.4,,,data/raw/images/Нц-32-1000_orig.jpg,startswith,1,Нц-32-1000,Керамика,тарелка,0,часть не указана,1,фрагмент,0,0,0,train
Нц-32-1037,Тарелка,Тарелки красноглиняной с зеленой росписью по желтой поливе внутри края фр-т,керамика,,Фрагмент,Дерн/ гориз.6,,,data/raw/images/Нц-32-1037_orig.jpg,startswith,1,Нц-32-1037,Керамика,тарелка,0,часть не указана,1,фрагмент,0,0,0,val
Нц-33-0068,Тарелка,Тарелки фаянсовой с синей росписью фр-т,фаянс,,Фрагмент,Техноген/ гориз.1,,,data/raw/images/Нц-33-0068_orig.jpg,startswith,1,Нц-33-0068,Фаянс,тарелка,0,часть не указана,1,фрагмент,0,0,0,val
Нц-33-0072,Изразец,Изразца красноглиняного с белой поливой румпы фр-т,керамика,,Фрагмент,Техноген/ гориз.1,,,data/raw/images/Нц-33-0072_orig.jpg,startswith,1,Нц-33-0072,Керамика,изразец,0,часть не указана,1,фрагмент,0,0,0,train
Нц-33-0075,Тарелка,Тарелки фаянсовой с зеленой росписью по желтой поливе снаружи и желтой внутри стенки фр-т,фаянс,D15 см,Фрагмент,Техноген/ гориз.1,,,data/raw/images/Нц-33-0075_orig.jpg,startswith,1,Нц-33-0075,Фаянс,тарелка,0,прочее,0,фрагмент,0,0,0,train
Нц-33-0113,Блюдце,Блюдца фарфорового с зеленой монохромной росписью снаружи придонной части фр-т,фарфор,D13.5 см,Фрагмент,Техноген/ гориз.1,,,data/raw/images/Нц-33-0113_orig.jpg,startswith,1,Нц-33-0113,Фарфор,блюдце,0,часть не указана,1,фрагмент,0,0,0,train
Нц-33-0129,Крышка,Сосуда стеклянного крышка,стекло,D2.2 см,Фрагмент,Техноген/ гориз.1,,,data/raw/images/Нц-33-0129_orig.jpg,startswith,1,Нц-33-0129,Стекло,крышка,0,часть не указана,1,фрагмент,0,0,0,train
Нц-33-0135,Изразец,Изразца красноглиняного с белой поливой румпы фр-т,керамика,,Фрагмент,Техноген/ гориз.1,,,data/raw/images/Нц-33-0135_orig.jpg,startswith,1,Нц-33-0135,Керамика,изразец,0,часть не указана,1,фрагмент,0,0,0,train
Нц-33-0179,Блюдце,Блюдца фарфорового с красной монохромной росписью внутри профиля фр-т,фарфор,D14 см,Фрагмент,Техноген/ гориз.1,,,data/raw/images/Нц-33-0179_orig.jpg,startswith,1,Нц-33-0179,Фарфор,блюдце,0,профиль,0,фрагмент,0,0,0,train
Нц-33-0286,Тарелка,Тарелки фаянсовой донца с клеймом фр-т,фаянс,,Фрагмент,Техноген/ гориз.1,,,data/raw/images/Нц-33-0286_orig.jpg,startswith,1,Нц-33-0286,Фаянс,тарелка,0,донце,0,фрагмент,0,0,0,train
Нц-33-0307,Изразец,Изразца красноглиняного с белой поливой карниза фр-т,керамика,11.3+ x 11.5+ x 7.5+ см,Фрагмент,Техноген/ гориз.1,,,data/raw/images/Нц-33-0307_orig.jpg,startswith,1,Нц-33-0307,Керамика,изразец,0,часть не указана,1,фрагмент,0,0,0,train
Нц-33-0621,Тарелка,Тарелки фаянсовой с зеленым орнаментом края фр-т,фаянс,,Фрагмент,Серая супесь/ гориз.3,,,data/raw/images/Нц-33-0621_orig.jpg,startswith,1,Нц-33-0621,Фаянс,тарелка,0,часть не указана,1,фрагмент,0,0,0,train
Нц-33-0703,Тарелка,Тарелки фаянсовой края фр-т,фаянс,,Фрагмент,Серая супесь/ гориз.3,,,data/raw/images/Нц-33-0703_orig.jpg,startswith,1,Нц-33-0703,Фаянс,тарелка,0,часть не указана,1,фрагмент,0,0,0,val
Нц-33-1349,Тарелка,Тарелки белоглиняной с геометрическим орнаментом венчика фр-т,керамика,D22 см,Фрагмент,Серая супесь/ гориз.5,,,data/raw/images/Нц-33-1349_orig.jpg,startswith,1,Нц-33-1349,Керамика,тарелка,0,венчик,0,фрагмент,0,0,0,test
Нц-33-1499,Тарелка,Тарелки фаянсовой с сюжетным орнаментом донца-т,фаянс,D7 см,Целый,Серая супесь/ гориз.5,,,data/raw/images/Нц-33-1499_orig.jpg,startswith,1,Нц-33-1499,Фаянс,тарелка,0,донце,0,целый,0,0,0,train
Нц-33-1686,Тарелка,Тарелки белоглиняной с белой поливой внутри и снаружи и полихромной росписью внутри стенки фр-т,керамика,,Фрагмент,Серая супесь/ гориз.5,,,data/raw/images/Нц-33-1686_orig.jpg,startswith,1,Нц-33-1686,Керамика,тарелка,0,прочее,0,фрагмент,0,0,0,train
Нц-33-1713,Миска,Миски красноглиняной с зеленой поливой внутри профиля фр-т,керамика,D22 см,Фрагмент,Серая мешаная супесь/ гориз.1,,,data/raw/images/Нц-33-1713_orig.jpg,startswith,1,Нц-33-1713,Керамика,миска,0,профиль,0,фрагмент,0,0,0,val
Нц-33-1733,Тарелка,Тарелки фаянсовой с белой поливой внутри и снаружи донца фр-т,фаянс,D11 см,Фрагмент,Серая мешаная супесь/ гориз.4,,,data/raw/images/Нц-33-1733_orig.jpg,startswith,1,Нц-33-1733,Фаянс,тарелка,0,донце,0,фрагмент,0,0,0,val
Нц-33-1878,Тарелка,Тарелки фаянсовой с зеленой поливой снаружи и желтой внутри  венчика фр-т,фаянс,D20 см,Фрагмент,Серая супесь/ гориз.5,,,data/raw/images/Нц-33-1878_orig.jpg,startswith,1,Нц-33-1878,Фаянс,тарелка,0,венчик,0,фрагмент,0,0,0,train
Нц-33-2946,Тарелка,Тарелки фаянсовой с серой росписью края фр-т,фаянс,D24 см,Фрагмент,Серая супесь/ гориз.5,,,data/raw/images/Нц-33-2946_orig.jpg,startswith,1,Нц-33-2946,Фаянс,тарелка,0,часть не указана,1,фрагмент,0,0,0,train
Нц-33-2470,Тарелка,Тарелки красноглиняной с белокоричневой росписью внутри сектора фр-т,керамика,,Фрагмент,Серая супесь/ гориз.5,,,data/raw/images/Нц-33-2470_orig.jpg,startswith,1,Нц-33-2470,Керамика,тарелка,0,часть не указана,1,фрагмент,0,0,0,val
Нц-33-2608,Тарелка,Тарелки фаянсовой со следами белой поливы снаружи и с белой поливой с голубым орнаментом внутри стенки фр-т,фаянс,,Фрагмент,Серая супесь/ гориз.5,,,data/raw/images/Нц-33-2608_orig.jpg,startswith,1,Нц-33-2608,Фаянс,тарелка,0,прочее,0,фрагмент,0,0,0,train
Нц-33-2748,Миска,Миски красноглиняной с белой роспистю по коричневой поливе внутри придонной части фр-т,керамика,D12 см,Фрагмент,Дерн со щепой/ гориз.6,,,data/raw/images/Нц-33-2748_orig.jpg,startswith,1,Нц-33-2748,Керамика,миска,0,часть не указана,1,фрагмент,0,0,0,train
Нц-33-2751,Тарелка,Тарелки красноглиняной с серо-желтой поливой внутри фр-т,керамика,D20 см,Фрагмент,Дерн со щепой/ гориз.6,,,data/raw/images/Нц-33-2751_orig.jpg,startswith,1,Нц-33-2751,Керамика,тарелка,0,часть не указана,1,фрагмент,0,0,0,train
Нц-33-2813,Тарелка,Тарелки красноглиняной с коричневой поливой внутри края фр-т,керамика,D34 см,Фрагмент,Серая супесь/ гориз.5,,,data/raw/images/Нц-33-2813_orig.jpg,startswith,1,Нц-33-2813,Керамика,тарелка,0,часть не указана,1,фрагмент,0,0,0,train
Нц-33-2934,Тарелка,Тарелки красноглиняной с коричнево-зеленой поливой внутри края фр-т,керамика,D36 см,Фрагмент,Серая супесь/ гориз.5,,,data/raw/images/Нц-33-2934_orig.jpg,startswith,1,Нц-33-2934,Керамика,тарелка,0,часть не указана,1,фрагмент,0,0,0,train
Нц-33-2938,Тарелка,Тарелки красноглиняной с коричневой и белой поливой внутри края фр-т,керамика,D26 см,Фрагмент,Серая супесь/ гориз.5,,,data/raw/images/Нц-33-2938_orig.jpg,startswith,1,Нц-33-2938,Керамика,тарелка,0,часть не указана,1,фрагмент,0,0,0,val
Нц-33-2959,Тарелка,Тарелки красноглиняной с белой поливой и синей и коричневой росписью внутри и коричневой поливой снаружи края фр-т,керамика,D34 см,Фрагмент,Серая супесь/ гориз.5,,,data/raw/images/Нц-33-2959_orig.jpg,startswith,1,Нц-33-2959,Керамика,тарелка,0,часть не указана,1,фрагмент,0,0,0,val
Нц-33-2987,Тарелка,Тарелки фаянсовой с синей росписью профиля фр-т,фаянс,D22 см,Фрагмент,"Дерн со щепой, заполнение ямы/ гориз.6",,,data/raw/images/Нц-33-2987_orig.jpg,startswith,1,Нц-33-2987,Фаянс,тарелка,0,профиль,0,фрагмент,0,0,0,train
Нц-33-2988,Тарелка,Тарелки фаянсовой с синей росписью края фр-т,фаянс,D22 см,Фрагмент,"Дерн со щепой, заполнение ямы/ гориз.6",,,data/raw/images/Нц-33-2988_orig.jpg,startswith,1,Нц-33-2988,Фаянс,тарелка,0,часть не указана,1,фрагмент,0,0,0,test
Нц-33-2989,Тарелка,Тарелки фаянсовой с синей росписью стенки фр-т,фаянс,,Фрагмент,"Дерн со щепой, заполнение ямы/ гориз.6",,,data/raw/images/Нц-33-2989_orig.jpg,startswith,1,Нц-33-2989,Фаянс,тарелка,0,прочее,0,фрагмент,0,0,0,train
Нц-33-2990,Тарелка,Тарелки фаянсовой с синей росписью стенки фр-т,фаянс,,Фрагмент,"Дерн со щепой, заполнение ямы/ гориз.6",,,data/raw/images/Нц-33-2990_orig.jpg,startswith,1,Нц-33-2990,Фаянс,тарелка,0,прочее,0,фрагмент,0,0,0,val
Нц-33-2991,Тарелка,Тарелки белоглиняной с пестрой бело-коричневой поливой внутри и снаружи стенки фр-т,керамика,,Фрагмент,"Дерн со щепой, заполнение ямы/ гориз.6",,,data/raw/images/Нц-33-2991_orig.jpg,startswith,1,Нц-33-2991,Керамика,тарелка,0,прочее,0,фрагмент,0,0,0,train
Нц-33-3019,Тарелка,Тарелки фаянсовой с орнаментом по краю венчика фр-т,фаянс,,Фрагмент,Серая супесь/ гориз.5,,,data/raw/images/Нц-33-3019_orig.jpg,startswith,1,Нц-33-3019,Фаянс,тарелка,0,венчик,0,фрагмент,0,0,0,train
Нц-33-3732,Тарелка,Тарелки белоглиняной с красно-зеленой росписью внутри донца фр-т,керамика,D12 см,Фрагмент,Дерн со щепой/ гориз.7,,,data/raw/images/Нц-33-3732_orig.jpg,startswith,1,Нц-33-3732,Керамика,тарелка,0,донце,0,фрагмент,0,0,0,test
Нц-33-4316,Тарелка,Тарелки фаянсовой с синей монохромной росписью снаружи и внутри венчика фр-т,фаянс,,Фрагмент,Серая супесь/ гориз.5,,,data/raw/images/Нц-33-4316_orig.jpg,startswith,1,Нц-33-4316,Фаянс,тарелка,0,венчик,0,фрагмент,0,0,0,train
Нц-33-4872,Тарелка,Тарелки белоглиняной с синей росписью профиля фр-т,керамика,D22 см,Фрагмент,Дерн со щепой/ гориз.7,,,data/raw/images/Нц-33-4872_orig.jpg,startswith,1,Нц-33-4872,Керамика,тарелка,0,профиль,0,фрагмент,0,0,0,train
Нц-33-5144,Тарелка,Тарелки красноглиняной с зеленой поливой внутри и растительным орнаментом по краю профиля фр-т,керамика,D14 см,Фрагмент,Серая супесь/ гориз.5,,,data/raw/images/Нц-33-5144_orig.jpg,startswith,1,Нц-33-5144,Керамика,тарелка,0,профиль,0,фрагмент,0,0,0,test
Нц-33-5186,Крышка,Сосуда красноглиняного крышки с ручкой фр-т,керамика,D25 см,Фрагмент,Дерн со щепой/ гориз.6,,,data/raw/images/Нц-33-5186_orig.jpg,startswith,1,Нц-33-5186,Керамика,крышка,0,ручка,0,фрагмент,0,0,0,train
Нц-33-5212,Тарелка,Тарелки красноглиняной бело-коричневой поливой внутри и зеленой снаружи венчика фр-т,керамика,D32 см,Фрагмент,Серая супесь/ гориз.5,,,data/raw/images/Нц-33-5212_orig.jpg,startswith,1,Нц-33-5212,Керамика,тарелка,0,венчик,0,фрагмент,0,0,0,train
Нц-33-5293,Тарелка,Тарелки красноглиняной с желтой росписью по коричневой поливе венчика фр-т,керамика,D22 см,Фрагмент,Серая супесь/ гориз.5,,,data/raw/images/Нц-33-5293_orig.jpg,startswith,1,Нц-33-5293,Керамика,тарелка,0,венчик,0,фрагмент,0,0,0,train
Нц-33-5509,Тарелка,Тарелки фаянсовой с зеленой поливой и цветочной росписью снаружи и зеленой внутри донца фр-т,фаянс,,Фрагмент,Серая супесь/ гориз.5,,,data/raw/images/Нц-33-5509_orig.jpg,startswith,1,Нц-33-5509,Фаянс,тарелка,0,донце,0,фрагмент,0,0,0,train
Нц-33-5519,Тарелка,Тарелки красноглиняной со следами белой поливы снаружи и внутри профиля фр-т,керамика,D14 см,Фрагмент,Серая супесь/ гориз.5,,,data/raw/images/Нц-33-5519_orig.jpg,startswith,1,Нц-33-5519,Керамика,тарелка,0,профиль,0,фрагмент,0,0,0,val
Нц-33-5520,Тарелка,Тарелки красноглиняной с белой поливой снаружи и внутри с полихромной росписью профиля фр-т,керамика,D15 см,Фрагмент,Серая супесь/ гориз.5,,,data/raw/images/Нц-33-5520_orig.jpg,startswith,1,Нц-33-5520,Керамика,тарелка,0,профиль,0,фрагмент,0,0,0,train
Нц-33-5563,Изразец,Изразца красноглиняного с синей росписью по белой поливе внутри придонной части фр-т,керамика,,Фрагмент,Слой строительного мусора/ гориз.1,,,data/raw/images/Нц-33-5563_orig.jpg,startswith,1,Нц-33-5563,Керамика,изразец,0,часть не указана,1,фрагмент,0,0,0,train
Нц-33-5574,Тарелка,Тарелки белоглиняной с желтой поливой внутри и зеленой поливой снаружи края фр-т,керамика,D25 см,Фрагмент,Мешаная желтая супесь с гумусом/ гориз.3,,,data/raw/images/Нц-33-5574_orig.jpg,startswith,1,Нц-33-5574,Керамика,тарелка,0,часть не указана,1,фрагмент,0,0,0,train
Нц-33-5599,Тарелка,Тарелки красноглиняной с голубой росписью по белой поливе внутри сектор,керамика,D30 см,Фрагмент,Слой строительного мусора/ гориз.1,,,data/raw/images/Нц-33-5599_orig.jpg,startswith,1,Нц-33-5599,Керамика,тарелка,0,часть не указана,1,фрагмент,0,0,0,train
Нц-33-5640,Тарелка,Тарелки фаянсовой края фр-т,фаянс,D30 см,Фрагмент,Слой строительного мусора/ гориз.1,,,data/raw/images/Нц-33-5640_orig.jpg,startswith,1,Нц-33-5640,Фаянс,тарелка,0,часть не указана,1,фрагмент,0,0,0,test
Нц-33-5724,Миска,Миски красноглиняной с зеленой поливой внутри края фр-т,керамика,,Фрагмент,Мешаная желтая супесь/ гориз.2,,,data/raw/images/Нц-33-5724_orig.jpg,startswith,1,Нц-33-5724,Керамика,миска,0,часть не указана,1,фрагмент,0,0,0,train
Нц-33-5728,Тарелка,Тарелки красноглиняной с полихромной росписью по коричневой поливе внутри края фр-т,керамика,D30 см,Фрагмент,Мешаная желтая супесь/ гориз.2,,,data/raw/images/Нц-33-5728_orig.jpg,startswith,1,Нц-33-5728,Керамика,тарелка,0,часть не указана,1,фрагмент,0,0,0,val
Нц-33-5736,Изразец,Изразца красноглиняного с черной поливой и рельефным орнаментом фр-т,керамика,,Фрагмент,Мешаная желтая супесь/ гориз.2,,,data/raw/images/Нц-33-5736_orig.jpg,startswith,1,Нц-33-5736,Керамика,изразец,0,часть не указана,1,фрагмент,0,0,0,train
Нц-33-5749,Блюдце,Блюдца фарфорового края фр-т,фарфор,D12 см,Фрагмент,Мешаная желтая супесь/ гориз.2,,,data/raw/images/Нц-33-5749_orig.jpg,startswith,1,Нц-33-5749,Фарфор,блюдце,0,часть не указана,1,фрагмент,0,0,0,train
Нц-33-5758,Тарелка,Тарелки фаянсовой с полихромной росписью внутри края фр-т,фаянс,D25 см,Фрагмент,Слой строительного мусора/ гориз.1,,,data/raw/images/Нц-33-5758_orig.jpg,startswith,1,Нц-33-5758,Фаянс,тарелка,0,часть не указана,1,фрагмент,0,0,0,train
Нц-33-5772,Тарелка,Тарелки фаянсовой с полихромной росписью внутри придонной части фр-т,фаянс,D11 см,Фрагмент,Мешаная желтая супесь/ гориз.2,,,data/raw/images/Нц-33-5772_orig.jpg,startswith,1,Нц-33-5772,Фаянс,тарелка,0,часть не указана,1,фрагмент,0,0,0,test
Нц-33-5782,Тарелка,Тарелки красноглиняной с желтой росписью по коричневой поливе края фр-т,керамика,D29 см,Фрагмент,Мешаная желтая супесь/ гориз.2,,,data/raw/images/Нц-33-5782_orig.jpg,startswith,1,Нц-33-5782,Керамика,тарелка,0,часть не указана,1,фрагмент,0,0,0,train
Нц-33-5829,Крышка,Сосуда красноглиняного с коричневой поливой снаружи и внутри крышки фр-т,керамика,D25 см,Фрагмент,"Серая мешаная супесь с гумусом, дерном и щепой/ гориз.6",,,data/raw/images/Нц-33-5829_orig.jpg,startswith,1,Нц-33-5829,Керамика,крышка,0,часть не указана,1,фрагмент,0,0,0,train
Нц-33-5841,Тарелка,Тарелки красноглиняной венчика фр-т,керамика,D32 см,Фрагмент,Серая супесь переотложенная/ гориз.4,,,data/raw/images/Нц-33-5841_orig.jpg,startswith,1,Нц-33-5841,Керамика,тарелка,0,венчик,0,фрагмент,0,0,0,train
Нц-33-5842,Тарелка,Тарелки белоглиняной донца фр-т,керамика,D15 см,Фрагмент,Серая супесь переотложенная/ гориз.4,,,data/raw/images/Нц-33-5842_orig.jpg,startswith,1,Нц-33-5842,Керамика,тарелка,0,донце,0,фрагмент,0,0,0,train
Нц-34-079,Изразец,Изразца стенового с белой поливой фрагмент,керамика,"13,8х10,3х0,8 см",Фрагмент,Шлак/ гориз. 1,,,data/raw/images/Нц-34-079_orig.jpg,startswith,1,Нц-34-079,Керамика,изразец,0,часть не указана,1,фрагмент,0,0,0,train
Нц-34-081,Изразец,Изразца стенового с белой поливой фрагмент,керамика,"9,8х8,9х0,8 см",Фрагмент,Перемешанная супесь со строительным мусором/ гориз. 1,,,data/raw/images/Нц-34-081_orig.jpg,startswith,1,Нц-34-081,Керамика,изразец,0,часть не указана,1,фрагмент,0,0,0,train
Нц-34-099,Изразец,Изразца настенного орнаментированного  фрагмент,керамика,"18,5х6,7х5,0 см",Фрагмент,Битый кирпич/ гориз. 2,,,data/raw/images/Нц-34-099_orig.jpg,startswith,1,Нц-34-099,Керамика,изразец,0,часть не указана,1,фрагмент,0,0,0,train
Нц-34-137,Тарелка,Тарелки красноглиняной с зеленой поливой внутри придонной части фрагмент,керамика,D11 см,Фрагмент,Перемешанная супесь со строительным мусором/ гориз. 3,,,data/raw/images/Нц-34-137_orig.jpg,startswith,1,Нц-34-137,Керамика,тарелка,0,часть не указана,1,фрагмент,0,0,0,test
Нц-35-033,Тарелка,Тарелки фаянсовой с клеймом на донце придонной части фр-т,фаянс, ,Фрагмент,Строительный мусор/ гориз. 2,,,data/raw/images/Нц-35-033_orig.jpg,startswith,1,Нц-35-033,Фаянс,тарелка,0,донце,0,фрагмент,0,0,0,val
Нц-35-123,Изразец,Изразца красноглиняного с белой глазурью румпы фр-т,керамика,8+ х 18 х 5.4 см,Фрагмент,Переотложенная темно-серая гумусированная  супесь / гориз. 3,,,data/raw/images/Нц-35-123_orig.jpg,startswith,1,Нц-35-123,Керамика,изразец,0,часть не указана,1,фрагмент,0,0,0,train
Нц-35-151,Тарелка,Сосуда (тарелки?) фарфорового донной части фр-т,фарфор,D9 см,Фрагмент,Строительный мусор/ гориз. 2,,,data/raw/images/Нц-35-151_orig.jpg,startswith,1,Нц-35-151,Фарфор,тарелка,0,часть не указана,1,фрагмент,0,0,1,val
Нц-35-180,Изразец,Изразца красноглиняного румпы фр-т,керамика,7+ х 1.7+ х 4+ см,Фрагмент,Строительный мусор/ гориз. 2,,,data/raw/images/Нц-35-180_orig.jpg,startswith,1,Нц-35-180,Керамика,изразец,0,часть не указана,1,фрагмент,0,0,0,test
Нц-35-190,Блюдце,Блюдце фарфоровое с клеймом на донце,фарфор,D14.5 см,Целый,Переотложенная серая гумусированная супесь с фрагментами дерева/ гориз. 4,,,data/raw/images/Нц-35-190_orig.jpg,startswith,1,Нц-35-190,Фарфор,блюдце,0,донце,0,фрагмент,0,0,0,val
Нц-35-225,Блюдце,Блюдца фарфорового с монохромной росписью придонной части фр-ты,фарфор, ,Фрагмент,Строительный мусор/ гориз. 2,,,data/raw/images/Нц-35-225_orig.jpg,startswith,1,Нц-35-225,Фарфор,блюдце,0,часть не указана,1,фрагмент,0,0,0,train
Нц-35-314,Тарелка,Тарелки фаянсовой с белой поливой внутри и снаружи сектора фр-т,фаянс,D15 см,Фрагмент,Строительный мусор/ гориз. 4,,,data/raw/images/Нц-35-314_orig.jpg,startswith,1,Нц-35-314,Фаянс,тарелка,0,часть не указана,1,фрагмент,0,0,0,test
Нц-36-274,Тарелка,Тарелки фаянсовой венчика фр-т,фаянс,D26 см,Фрагмент,Древесная щепа/ гориз.3,,,data/raw/images/Нц-36-274_orig.jpg,startswith,1,Нц-36-274,Фаянс,тарелка,0,венчик,0,фрагмент,0,0,0,val
Нц-36-397,Тарелка,Тарелки красноглиняной с коричневой поливой снаружи и изнутри профиля фр-т,керамика,"D19,D10 см",Фрагмент,Древесная щепа/ гориз.3,,,data/raw/images/Нц-36-397_orig.jpg,startswith,1,Нц-36-397,Глина,тарелка,0,профиль,0,фрагмент,0,0,0,val
Нц-36-401,Тарелка,Тарелки фаянсовой донца фр-т,фаянс,D11 см,Фрагмент,Древесная щепа/ гориз.1,,,data/raw/images/Нц-36-401_orig.jpg,startswith,1,Нц-36-401,Фаянс,тарелка,0,донце,0,фрагмент,0,0,0,train
Нц-36-469,Тарелка,Тарелки фаянсовой донца фр-т,фаянс,D15 см,Фрагмент,Древесная щепа/ гориз.3,,,data/raw/images/Нц-36-469_orig.jpg,startswith,1,Нц-36-469,Фаянс,тарелка,0,донце,0,фрагмент,0,0,0,train
Нц-36-503,Тарелка,Тарелки фаянсовой c синей цветочной росписью венчика фр-т,фаянс,D23 см,Фрагмент,Древесная щепа/ гориз.1,,,data/raw/images/Нц-36-503_orig.jpg,startswith,1,Нц-36-503,Фаянс,тарелка,0,венчик,0,фрагмент,0,0,0,val
Нц-36-532,Тарелка,Тарелки фаянса коричневого венчика фр-т,фаянс,,Фрагмент,Древесная щепа/ гориз.3,,,data/raw/images/Нц-36-532_orig.jpg,startswith,1,Нц-36-532,Фаянс,тарелка,0,венчик,0,фрагмент,0,0,0,test
Нц-36-704,Тарелка,Тарелки белоглиняной венчика фр-т,керамика,D18 см,Фрагмент,Древесная щепа/ гориз.3,,,data/raw/images/Нц-36-704_orig.jpg,startswith,1,Нц-36-704,Глина,тарелка,0,венчик,0,фрагмент,0,0,0,train
Нц-37-0054,Изразец,Изразца белоглиняного с белой поливой фр-т,керамика,13.2+ х 12.2+ х 5.5 см,Фрагмент,Строительный мусор/ гориз.1.2,,,data/raw/images/Нц-37-0054_orig.jpg,startswith,1,Нц-37-0054,Керамика,изразец,0,часть не указана,1,фрагмент,0,0,0,train
Нц-37-0071,Тарелка,Тарелки красноглиняной с зеленовато-коричневой поливой внутри края фр-т,керамика,D30 см,Фрагмент,Строительный мусор/ гориз.1.2,,,data/raw/images/Нц-37-0071_orig.jpg,startswith,1,Нц-37-0071,Керамика,тарелка,0,часть не указана,1,фрагмент,0,0,0,train
Нц-37-0125,Изразец,Изразца красноглиняного с серой поливой и сюжетным орнаментом фр-т,керамика,8.6+ х 10.2+ х 1.5 см,Фрагмент,Строительный мусор/ гориз.1.2,,,data/raw/images/Нц-37-0125_orig.jpg,startswith,1,Нц-37-0125,Керамика,изразец,0,часть не указана,1,фрагмент,0,0,0,train
Нц-37-0195,Изразец,Изразца красноглиняного со следами белой поливы фр-т,керамика,17+ х 3.5+ х 4.3+ см,Фрагмент,Строительный мусор/ гориз.1.2,,,data/raw/images/Нц-37-0195_orig.jpg,startswith,1,Нц-37-0195,Керамика,изразец,0,часть не указана,1,фрагмент,0,0,0,train
Нц-37-0203,Тарелка,Тарелки красноглиняной с желтовато-коричневой поливой внутри края фр-т,керамика,D28 см,Фрагмент,Строительный мусор/ гориз.1.2,,,data/raw/images/Нц-37-0203_orig.jpg,startswith,1,Нц-37-0203,Керамика,тарелка,0,часть не указана,1,фрагмент,0,0,0,train
Нц-37-0344,Изразец,Изразца красноглиняного с белой поливой фр-т,керамика,18.5+ х 8.5+ х 5.4 см,Фрагмент,Строительный мусор/ гориз.1.1,,,data/raw/images/Нц-37-0344_orig.jpg,startswith,1,Нц-37-0344,Керамика,изразец,0,часть не указана,1,фрагмент,0,0,0,train
Нц-37-0466,Изразец,Изразца белоглиняного с белой поливой фр-т,керамика,19+ х 6.5+ х 6.2+ см,Фрагмент,Строительный мусор/ гориз.1.1,,,data/raw/images/Нц-37-0466_orig.jpg,startswith,1,Нц-37-0466,Керамика,изразец,0,часть не указана,1,фрагмент,0,0,0,train
Нц-37-0585,Изразец,Изразца красноглиняного с белой поливой фр-т,керамика,18.3 х 6.9 х 5.6 см,Фрагмент,Строительный мусор/ гориз.1.1,,,data/raw/images/Нц-37-0585_orig.jpg,startswith,1,Нц-37-0585,Керамика,изразец,0,часть не указана,1,фрагмент,0,0,0,test
Нц-37-0586,Изразец,Изразца красноглиняного с белой поливой фр-т,керамика,,Фрагмент,Строительный мусор/ гориз.1.1,,,data/raw/images/Нц-37-0586_orig.jpg,startswith,1,Нц-37-0586,Керамика,изразец,0,часть не указана,1,фрагмент,0,0,0,train
Нц-37-0587,Изразец,Изразца красноглиняного с белой поливой фр-т,керамика,11+ х 6.7+ х 4.8+ см,Фрагмент,Строительный мусор/ гориз.1.1,,,data/raw/images/Нц-37-0587_orig.jpg,startswith,1,Нц-37-0587,Керамика,изразец,0,часть не указана,1,фрагмент,0,0,0,val
Нц-37-0588,Изразец,Изразца красноглиняного с белой поливой фр-т,керамика,,Фрагмент,Строительный мусор/ гориз.1.1,,,data/raw/images/Нц-37-0588_orig.jpg,startswith,1,Нц-37-0588,Керамика,изразец,0,часть не указана,1,фрагмент,0,0,0,train
Нц-37-0589,Изразец,Изразца красноглиняного с белой поливой фр-т,керамика,,Фрагмент,Строительный мусор/ гориз.1.1,,,data/raw/images/Нц-37-0589_orig.jpg,startswith,1,Нц-37-0589,Керамика,изразец,0,часть не указана,1,фрагмент,0,0,0,train
Нц-37-0590,Изразец,Изразца красноглиняного с белой поливой фр-т,керамика,,Фрагмент,Строительный мусор/ гориз.1.1,,,data/raw/images/Нц-37-0590_orig.jpg,startswith,1,Нц-37-0590,Керамика,изразец,0,часть не указана,1,фрагмент,0,0,0,train
Нц-37-0653,Изразец,Изразца красноглиняного с белой поливой фр-т,керамика,12.5+ 9 х 5.8 см,Фрагмент,Строительный мусор/ гориз.1.1,,,data/raw/images/Нц-37-0653_orig.jpg,startswith,1,Нц-37-0653,Керамика,изразец,0,часть не указана,1,фрагмент,0,0,0,train
Нц-37-0654,Изразец,Изразец красноглиняный с белой поливой фрагментированный,керамика,27.2 х 11.8 х 6 см,Фрагмент,Строительный мусор/ гориз.1.1,,,data/raw/images/Нц-37-0654_orig.jpg,startswith,1,Нц-37-0654,Керамика,изразец,0,часть не указана,1,фрагмент,0,0,0,train
Нц-37-0655,Изразец,Изразец красноглиняный с белой поливой фрагментированный,керамика,28 х 18.4 х 5.3 см,Фрагмент,Строительный мусор/ гориз.1.1,,,data/raw/images/Нц-37-0655_orig.jpg,startswith,1,Нц-37-0655,Керамика,изразец,0,часть не указана,1,фрагмент,0,0,0,train
Нц-37-0656,Изразец,Изразец красноглиняный с белой поливой,керамика,27.5 х 18 х 5.8 см,Целый,Строительный мусор/ гориз.1.1,,,data/raw/images/Нц-37-0656_orig.jpg,startswith,1,Нц-37-0656,Керамика,изразец,0,часть не указана,1,целый,0,0,0,train
Нц-37-1369,Изразец,Изразца красноглиняного горшковидного румпы фр-т,керамика,,Фрагмент,Серая супесь/ гориз.3.2,,,data/raw/images/Нц-37-1369_orig.jpg,startswith,1,Нц-37-1369,Керамика,изразец,0,донце,0,фрагмент,0,0,0,train
Нц-37-1482,Изразец,Изразца белоглиняного с серой поливой фр-т,керамика,,Фрагмент,Серая супесь/ гориз.3.2,,,data/raw/images/Нц-37-1482_orig.jpg,startswith,1,Нц-37-1482,Керамика,изразец,0,часть не указана,1,фрагмент,0,0,0,train
Нц-37-1527,Изразец,Изразца красноглиняного с серой поливой орнаментированного фр-т,керамика,,Фрагмент,Серая супесь/ гориз.3.2,,,data/raw/images/Нц-37-1527_orig.jpg,startswith,1,Нц-37-1527,Керамика,изразец,0,часть не указана,1,фрагмент,0,0,0,val
Нц-37-1843,Изразец,Изразца красноглиняного с белой эмалью и нагаром фр-т,керамика,13.5 х 8.0 х 5.5 см,Фрагмент,Строительный мусор,,,data/raw/images/Нц-37-1843_orig.jpg,startswith,1,Нц-37-1843,Керамика,изразец,0,часть не указана,1,фрагмент,0,0,0,test
Нц-38-09,Изразец,Изразца красноглиняного румпы фр-т,керамика,D9 см,Фрагмент,Супесь желтая/ гориз.2,,,data/raw/images/Нц-38-09_orig.jpg,startswith,1,Нц-38-09,Керамика,изразец,0,часть не указана,1,фрагмент,0,0,0,train
Нц-40-067,Тарелка,Тарелки красноглиняной с бело-зеленой росписью по коричневой поливе внутри края фр-т,керамика,D27 см,Фрагмент,Техноген/ гориз.1,,,data/raw/images/Нц-40-067_orig.jpg,startswith,1,Нц-40-067,Керамика,тарелка,0,часть не указана,1,фрагмент,0,0,0,train
Нц-40-358,Изразец,Изразца белоглиняного румпы фр-т,керамика,,Фрагмент,Техноген/ гориз.1,,,data/raw/images/Нц-40-358_orig.jpg,startswith,1,Нц-40-358,Керамика,изразец,0,часть не указана,1,фрагмент,0,0,0,train
Нц-41-0031,Крышка,Крышка бронзовая,прочее,"7,5 х 3,7 х 0,7 см",Целый,Техноген/ гориз.1,,,data/raw/images/Нц-41-0031_orig.jpg,startswith,1,Нц-41-0031,Бронза,крышка,0,часть не указана,1,целый,0,1,0,train
Нц-41-0069,Изразец,Изразца красноглиняного фр-т,керамика,,Фрагмент,Техноген/ гориз.1,,,data/raw/images/Нц-41-0069_orig.jpg,startswith,1,Нц-41-0069,Керамика,изразец,0,часть не указана,1,фрагмент,0,0,0,train
Нц-41-0162,Изразец,Изразца красноглиняного румпы фр-т,керамика,,Фрагмент,Техноген/ гориз.1,,,data/raw/images/Нц-41-0162_orig.jpg,startswith,1,Нц-41-0162,Керамика,изразец,0,часть не указана,1,фрагмент,0,0,0,test
Нц-41-0178,Изразец,Изразца красноглиняного фр-т,керамика,,Фрагмент,Гориз.1,,,data/raw/images/Нц-41-0178_orig.jpg,startswith,1,Нц-41-0178,Керамика,изразец,0,часть не указана,1,фрагмент,0,0,0,train
Нц-41-0331,Изразец,Изразца сероглиняного с антропоморфным рисунком снаружи стенки фр-т,керамика,,Фрагмент,Гориз.2,,,data/raw/images/Нц-41-0331_orig.jpg,startswith,1,Нц-41-0331,Керамика,изразец,0,прочее,0,фрагмент,0,0,0,val
Нц-41-0527,Изразец,Изразца красноглиняного с темно-красной поливой и растительным орнаментом фр-т,керамика,"8,6+ х 10,7 см",Фрагмент,Гориз.5,,,data/raw/images/Нц-41-0527_orig.jpg,startswith,1,Нц-41-0527,Керамика,изразец,0,часть не указана,1,фрагмент,0,0,0,test
Нц-41-0620,Изразец,Изразца красноглиняного с темно-серой поливой и рельефным растительным орнаментом снаружи фр-т,керамика,,Фрагмент,Гориз.4,,,data/raw/images/Нц-41-0620_orig.jpg,startswith,1,Нц-41-0620,Керамика,изразец,0,часть не указана,1,фрагмент,0,0,0,train
Нц-41-0782,Изразец,Изразца красноглиняного с темно-коричневой поливой и геометрическим орнаментом фр-т,керамика,,Фрагмент,Темно-серая супесь/ гориз.6,,,data/raw/images/Нц-41-0782_orig.jpg,startswith,1,Нц-41-0782,Керамика,изразец,0,часть не указана,1,фрагмент,0,0,0,train
Нц-41-0964,Изразец,Изразца красноглиняного румпы фр-т,керамика,,Фрагмент,Темно-серая супесь/ гориз.5,,,data/raw/images/Нц-41-0964_orig.jpg,startswith,1,Нц-41-0964,Керамика,изразец,0,часть не указана,1,фрагмент,0,0,0,train
Нц-41-1212,Тарелка,Тарелки красноглиняной с зеленой поливой и желтым геометрическим рисунком внутри венчика фр-т,керамика,D58 см,Фрагмент,Гориз.3,,,data/raw/images/Нц-41-1212_orig.jpg,startswith,1,Нц-41-1212,Керамика,тарелка,0,венчик,0,фрагмент,0,0,0,val
Нц-41-1213,Тарелка,Тарелки красноглиняной с желтьой поливой и геометрическим рисунком внутри венчика фр-т,керамика,D35 см,Фрагмент,Гориз.3,,,data/raw/images/Нц-41-1213_orig.jpg,startswith,1,Нц-41-1213,Керамика,тарелка,0,венчик,0,фрагмент,0,0,0,train
Нц-43-06,Тарелка,Тарелки фаянсовой фр-т,фаянс,,Фрагмент,Строительный мусор,,,data/raw/images/Нц-43-06_orig.jpg,startswith,1,Нц-43-06,Фаянс,тарелка,0,часть не указана,1,фрагмент,0,0,0,val
Нц-44-0086,Изразец,Изразца красноглиняного глазурованного фр-т,керамика,12+ х 10.5 х 5.3+ см,Фрагмент,Строительный мусор/ гориз.3,,,data/raw/images/Нц-44-0086_orig.jpg,startswith,1,Нц-44-0086,Керамика,изразец,0,часть не указана,1,фрагмент,0,0,0,train
Нц-44-0131,Изразец,Изразца красноглиняного с рельефным орнаментом и зеленой поливой снаружи фр-т,керамика,5+ х 4.5+ х 0.7 см,Фрагмент,Дерн,,,data/raw/images/Нц-44-0131_orig.jpg,startswith,1,Нц-44-0131,Керамика,изразец,0,часть не указана,1,фрагмент,0,0,0,val
Нц-44-0353,Изразец,Изразца красноглиняного с голубой монохромной росписью по белой поливе фр-ты,керамика,23.5+ х 13+ х 5.5 см,Фрагмент,Строительный мусор/ гориз.2,,,data/raw/images/Нц-44-0353_orig.jpg,startswith,1,Нц-44-0353,Керамика,изразец,0,часть не указана,1,фрагмент,0,0,0,train
Нц-44-0458,Тарелка,Тарелки фарфоровой с зеленой росписью внутри и коричневой каемкой по венчику профиля фр-т,фарфор,D14 см,Фрагмент,Щепа/ гориз.4,,,data/raw/images/Нц-44-0458_orig.jpg,startswith,1,Нц-44-0458,Фарфор,тарелка,0,венчик,0,фрагмент,0,0,0,train
Нц-44-0498,Изразец,Изразца красноглиняного фр-т,керамика,7.3+ х 5+ х 1.7 см,Фрагмент,Щепа,,,data/raw/images/Нц-44-0498_orig.jpg,startswith,1,Нц-44-0498,Керамика,изразец,0,часть не указана,1,фрагмент,0,0,0,train
Нц-44-0500,Изразец,Изразца красноглиняного с рельефным орнаментом и черной поливой снаружи фр-т,керамика,6.6+ х 4.5+ х 0.9 см,Фрагмент,Супесь серо-желтая с дерном,,,data/raw/images/Нц-44-0500_orig.jpg,startswith,1,Нц-44-0500,Керамика,изразец,0,часть не указана,1,фрагмент,0,0,0,val
Нц-44-0870,Изразец,Изразец красноглиняный с белой поливой снаружи,керамика,29.5 х 13.7 х 7 см,Целый,Щепа/ гориз.3,,,data/raw/images/Нц-44-0870_orig.jpg,startswith,1,Нц-44-0870,Керамика,изразец,0,часть не указана,1,целый,0,0,0,val
Нц-44-1035,Тарелка,Тарелки фаянсовой края с рельефным орнаментом по краю фр-т,фаянс,D23 см,Фрагмент,Щепа/ гориз.3,,,data/raw/images/Нц-44-1035_orig.jpg,startswith,1,Нц-44-1035,Фаянс,тарелка,0,часть не указана,1,фрагмент,0,0,0,test
Нц-44-1075,Тарелка,Тарелки фаянсовой венчика фр-т,фаянс,D32 см,Фрагмент,Щепа/ гориз.3,,,data/raw/images/Нц-44-1075_orig.jpg,startswith,1,Нц-44-1075,Фаянс,тарелка,0,венчик,0,фрагмент,0,0,0,test
Нц-44-1077,Тарелка,Тарелки фаянсовой венчика фр-т,фаянс,D25 см,Фрагмент,Щепа/ гориз.3,,,data/raw/images/Нц-44-1077_orig.jpg,startswith,1,Нц-44-1077,Фаянс,тарелка,0,венчик,0,фрагмент,0,0,0,test
Нц-44-1159,Изразец,Изразца красноглиняного с белой поливой снаружи фр-т,керамика,12.5+ х 13.4 х 7 см,Фрагмент,Супесь серо-желтая/ гориз.4,,,data/raw/images/Нц-44-1159_orig.jpg,startswith,1,Нц-44-1159,Керамика,изразец,0,часть не указана,1,фрагмент,0,0,0,val
Нц-44-1181,Изразец,Изразца красноглиняного румпы фр-т,керамика,6.5+ х 3.1+ см,Фрагмент,Супесь серо-желтая/ гориз.4,,,data/raw/images/Нц-44-1181_orig.jpg,startswith,1,Нц-44-1181,Керамика,изразец,0,часть не указана,1,фрагмент,0,0,0,train
Нц-44-1182,Изразец,Изразца красноглиняного горшковидного фр-т,керамика,8+ х 3.5+ х 2 см,Фрагмент,Щепа/ гориз.3,,,data/raw/images/Нц-44-1182_orig.jpg,startswith,1,Нц-44-1182,Керамика,изразец,0,донце,0,фрагмент,0,0,0,test
Нц-45-0092,Изразец,Изразца красноглиняного с белой поливой румпы фр-т,керамика,"4,9+ x 5+ x 5,1+ см",Фрагмент,Шлак/ гориз.6,,,data/raw/images/Нц-45-0092_orig.jpg,startswith,1,Нц-45-0092,Керамика,изразец,0,часть не указана,1,фрагмент,0,0,0,val
Нц-44-1771,Тарелка,Тарелки фаянсовой венчика фр-т,фаянс,D26 см,Фрагмент,Щепа/ гориз.3,,,data/raw/images/Нц-44-1771_orig.jpg,startswith,1,Нц-44-1771,Фаянс,тарелка,0,венчик,0,фрагмент,0,0,0,train
Нц-44-1814,Миска,Миски красноглиняной с желто-коричневой поливой внутри профиля фр-т,керамика,D23; D12 см,Фрагмент,Щепа/ гориз.3,,,data/raw/images/Нц-44-1814_orig.jpg,startswith,1,Нц-44-1814,Керамика,миска,0,профиль,0,фрагмент,0,0,0,train
Нц-45-0009,Тарелка,Тарелки фаянсовой с кобальтовой росписью внутри донца фр-т,фаянс,D9 см,Фрагмент,Строительный мусор/ гориз.1,,,data/raw/images/Нц-45-0009_orig.jpg,startswith,1,Нц-45-0009,Фаянс,тарелка,0,донце,0,фрагмент,0,0,0,train
Нц-45-0012,Тарелка,Тарелки белоглиняной с белой поливой венчика фр-ты,керамика,D29 см,Фрагмент,Шлак/ гориз.6,,,data/raw/images/Нц-45-0012_orig.jpg,startswith,1,Нц-45-0012,Керамика,тарелка,0,венчик,0,фрагмент,0,0,0,train
Нц-45-0018,Тарелка,Тарелки фаянсовой с белой поливой  профиля фр-т,фаянс,D25 см,Фрагмент,Шлак/ гориз.6,,,data/raw/images/Нц-45-0018_orig.jpg,startswith,1,Нц-45-0018,Фаянс,тарелка,0,профиль,0,фрагмент,0,0,0,train
Нц-45-0019,Тарелка,Тарелки белоглиняной с белой поливой венчика фр-т,керамика,D19 см,Фрагмент,Шлак/ гориз.6,,,data/raw/images/Нц-45-0019_orig.jpg,startswith,1,Нц-45-0019,Керамика,тарелка,0,венчик,0,фрагмент,0,0,0,train
Нц-45-0020,Тарелка,Тарелки фаянсовой с белой поливой  профиля фр-т,фаянс,D63 см,Фрагмент,Шлак/ гориз.6,,,data/raw/images/Нц-45-0020_orig.jpg,startswith,1,Нц-45-0020,Фаянс,тарелка,0,профиль,0,фрагмент,0,0,0,train
Нц-45-0021,Тарелка,Тарелки фаянсовой с полихромной росписью внутри венчика фр-т,фаянс,D25 см,Фрагмент,Шлак/ гориз.6,,,data/raw/images/Нц-45-0021_orig.jpg,startswith,1,Нц-45-0021,Фаянс,тарелка,0,венчик,0,фрагмент,0,0,0,train
Нц-45-0035,Изразец,Изразца красноглиняного с белой поливой  румпы фр-т,керамика,"9,7+ x 7,9+ x 3,4+ см",Фрагмент,Строительный мусор/ гориз.1,,,data/raw/images/Нц-45-0035_orig.jpg,startswith,1,Нц-45-0035,Керамика,изразец,0,часть не указана,1,фрагмент,0,0,0,test
Нц-45-0036,Изразец,Изразца красноглиняного со следами  белой поливы румпы фр-т,керамика,"9,4+ x 5,8+ x 4,8+ см",Фрагмент,Строительный мусор/ гориз.1,,,data/raw/images/Нц-45-0036_orig.jpg,startswith,1,Нц-45-0036,Керамика,изразец,0,часть не указана,1,фрагмент,0,0,0,train
Нц-45-0046,Изразец,Изразца красноглиняного фр-т,керамика,"4+ x 4+ x 3,5+ см",Фрагмент,Строительный мусор/ гориз.1,,,data/raw/images/Нц-45-0046_orig.jpg,startswith,1,Нц-45-0046,Керамика,изразец,0,часть не указана,1,фрагмент,0,0,0,val
Нц-45-0070,Изразец,Изразца красноглиняного с белой поливой румпы фр-т,керамика,"11,9+ x 7,6+ x 4,6 см",Фрагмент,Шлак/ гориз.6,,,data/raw/images/Нц-45-0070_orig.jpg,startswith,1,Нц-45-0070,Керамика,изразец,0,часть не указана,1,фрагмент,0,0,0,train
Нц-45-0230,Тарелка,Тарелки фаянсовой венчика фр-т,фаянс,D27 см,Фрагмент,Шлак/ гориз.6,,,data/raw/images/Нц-45-0230_orig.jpg,startswith,1,Нц-45-0230,Фаянс,тарелка,0,венчик,0,фрагмент,0,0,0,train
Нц-45-0102,Миска,Миски красноглиняной со сливом с коричневой поливой снаружи и внутри венчика фр-т,керамика,D26 см,Фрагмент,Шлак/ гориз.6,,,data/raw/images/Нц-45-0102_orig.jpg,startswith,1,Нц-45-0102,Керамика,миска,0,венчик,0,фрагмент,0,0,0,train
Нц-45-0121,Тарелка,Тарелки фарфоровой стенки фр-т,фарфор,,Фрагмент,Шлак/ гориз.6,,,data/raw/images/Нц-45-0121_orig.jpg,startswith,1,Нц-45-0121,Фарфор,тарелка,0,прочее,0,фрагмент,0,0,0,train
Нц-45-0160,Изразец,Изразца красноглиняного румпы фр-т,керамика,,Фрагмент,Шлак/ гориз.6,,,data/raw/images/Нц-45-0160_orig.jpg,startswith,1,Нц-45-0160,Керамика,изразец,0,часть не указана,1,фрагмент,0,0,0,train
Нц-45-0198,Изразец,Изразца красноглиняного со следами белой поливы  румпы фр-т,керамика,"10,9+ x 3,6+ x 2+ см",Фрагмент,Шлак/ гориз.6,,,data/raw/images/Нц-45-0198_orig.jpg,startswith,1,Нц-45-0198,Керамика,изразец,0,часть не указана,1,фрагмент,0,0,0,train
Нц-45-0199,Изразец,Изразца красноглиняного со следами белой поливы румпы фр-т,керамика,"8,3+ x 9,6+ x 3,9+ см",Фрагмент,Шлак/ гориз.6,,,data/raw/images/Нц-45-0199_orig.jpg,startswith,1,Нц-45-0199,Керамика,изразец,0,часть не указана,1,фрагмент,0,0,0,test
Нц-45-0203,Изразец,Изразца красноглиняного румпы фр-т,керамика,,Фрагмент,Шлак/ гориз.6,,,data/raw/images/Нц-45-0203_orig.jpg,startswith,1,Нц-45-0203,Керамика,изразец,0,часть не указана,1,фрагмент,0,0,0,train
Нц-45-0233,Изразец,Изразца красноглиняного орнаментированного фр-т,керамика,"4,7+ x 8,8+ x 7,6 см",Фрагмент,Шлак/ гориз.6,,,data/raw/images/Нц-45-0233_orig.jpg,startswith,1,Нц-45-0233,Керамика,изразец,0,часть не указана,1,фрагмент,0,0,0,val
Нц-45-0235,Изразец,Изразца белоглиняного с белой поливой фр-т,керамика,"14,5 x 8+ x 6,5+ см",Фрагмент,Шлак/ гориз.6,,,data/raw/images/Нц-45-0235_orig.jpg,startswith,1,Нц-45-0235,Керамика,изразец,0,часть не указана,1,фрагмент,0,0,0,test
Нц-45-0253,Изразец,Изразца белоглиняного с белой поливой фр-т,керамика,"18,6+ x 4,9+ x 5,5 см",Фрагмент,Шлак/ гориз.6,,,data/raw/images/Нц-45-0253_orig.jpg,startswith,1,Нц-45-0253,Керамика,изразец,0,часть не указана,1,фрагмент,0,0,0,val
Нц-45-0273,Тарелка,Тарелки фаянсовой венчика фр-т,фаянс,D24 см,Фрагмент,Шлак/ гориз.6,,,data/raw/images/Нц-45-0273_orig.jpg,startswith,1,Нц-45-0273,Фаянс,тарелка,0,венчик,0,фрагмент,0,0,0,val
Нц-45-0278,Изразец,Изразца красноглиняного со следами полихромной поливы фр-т,керамика,"12,5+ x 8,3+ x 5,3 см",Фрагмент,Шлак/ гориз.6,,,data/raw/images/Нц-45-0278_orig.jpg,startswith,1,Нц-45-0278,Керамика,изразец,0,часть не указана,1,фрагмент,0,0,0,train
Нц-45-0287,Тарелка,Тарелки фаянсовой венчика фр-т,фаянс,D23 см,Фрагмент,Шлак/ гориз.6,,,data/raw/images/Нц-45-0287_orig.jpg,startswith,1,Нц-45-0287,Фаянс,тарелка,0,венчик,0,фрагмент,0,0,0,train
Нц-45-0357,Тарелка,Тарелки фаянсовой с полихромной росписью внутри придонной части фр-т,фаянс,D15 см,Фрагмент,Шлак/ гориз.6,,,data/raw/images/Нц-45-0357_orig.jpg,startswith,1,Нц-45-0357,Фаянс,тарелка,0,часть не указана,1,фрагмент,0,0,0,train
Нц-45-0370,Тарелка,Тарелки фаянсовой с зеленой росписью внутри придонной части фр-т,фаянс,D13 см,Фрагмент,Шлак/ гориз.6,,,data/raw/images/Нц-45-0370_orig.jpg,startswith,1,Нц-45-0370,Фаянс,тарелка,0,часть не указана,1,фрагмент,0,0,0,train
Нц-45-0371,Тарелка,Тарелки фаянсовой с зеленой поливой внутри профиля фр-т,фаянс,D11 см,Фрагмент,Шлак/ гориз.6,,,data/raw/images/Нц-45-0371_orig.jpg,startswith,1,Нц-45-0371,Фаянс,тарелка,0,профиль,0,фрагмент,0,0,0,train
Нц-45-0375,Изразец,Изразца красноглиняного с белой поливой  фр-т,керамика,"13,8+ x 8,6+ x 4,6 см",Фрагмент,Шлак/ гориз.6,,,data/raw/images/Нц-45-0375_orig.jpg,startswith,1,Нц-45-0375,Керамика,изразец,0,часть не указана,1,фрагмент,0,0,0,train
Нц-45-0391,Тарелка,Тарелки фаянсовой с золотистой росписью внутри венчика фр-т,фаянс,D22 см,Фрагмент,Битый кирпич/ гориз.9,,,data/raw/images/Нц-45-0391_orig.jpg,startswith,1,Нц-45-0391,Фаянс,тарелка,0,венчик,0,фрагмент,0,0,0,train
Нц-45-0392,Тарелка,Тарелки фарфоровой с золотистой росписью внутри придонной части фр-т,фарфор,D14 см,Фрагмент,Битый кирпич/ гориз.9,,,data/raw/images/Нц-45-0392_orig.jpg,startswith,1,Нц-45-0392,Фарфор,тарелка,0,часть не указана,1,фрагмент,0,0,0,train
Нц-45-0407,Блюдце,Блюдца фарфорового с зеленой росписью внутри профиля фр-т,фарфор,D8 см,Фрагмент,Шлак/ гориз.6,,,data/raw/images/Нц-45-0407_orig.jpg,startswith,1,Нц-45-0407,Фарфор,блюдце,0,профиль,0,фрагмент,0,0,0,train
Нц-45-0408,Изразец,Изразца красноглиняного с белой поливой фр-т,керамика,,Фрагмент,Шлак/ гориз.6,,,data/raw/images/Нц-45-0408_orig.jpg,startswith,1,Нц-45-0408,Керамика,изразец,0,часть не указана,1,фрагмент,0,0,0,test
Нц-45-0409,Изразец,Изразца красноглиняного с белой поливой фр-т,керамика,"11,3+ x 5,9+ x 6,2 см",Фрагмент,Шлак/ гориз.6,,,data/raw/images/Нц-45-0409_orig.jpg,startswith,1,Нц-45-0409,Керамика,изразец,0,часть не указана,1,фрагмент,0,0,0,train
Нц-45-0416,Тарелка,Тарелки красноглиняной со следами зеленой поливой снаружи и с полихромной поливой внутри венчика фр-т,керамика,D18 см,Фрагмент,Шлак/ гориз.6,,,data/raw/images/Нц-45-0416_orig.jpg,startswith,1,Нц-45-0416,Керамика,тарелка,0,венчик,0,фрагмент,0,0,0,test
Нц-45-0437,Изразец,Изразца красноглиняного с белой поливой фр-т,керамика,"9,4+ x 5,3+ x 3,6+ см",Фрагмент,Шлак/ гориз.6,,,data/raw/images/Нц-45-0437_orig.jpg,startswith,1,Нц-45-0437,Керамика,изразец,0,часть не указана,1,фрагмент,0,0,0,train
Нц-45-0438,Изразец,Изразца красноглиняного с белой поливой фр-т,керамика,"5,2+ x 4,6+ x 4,8+ см",Фрагмент,Шлак/ гориз.6,,,data/raw/images/Нц-45-0438_orig.jpg,startswith,1,Нц-45-0438,Керамика,изразец,0,часть не указана,1,фрагмент,0,0,0,train
Нц-45-0472,Изразец,Изразца красноглиняного с белой поливой фр-т,керамика,"7,3+ x 6,8+ x 4,5 см",Фрагмент,Битый кирпич/ гориз.9,,,data/raw/images/Нц-45-0472_orig.jpg,startswith,1,Нц-45-0472,Керамика,изразец,0,часть не указана,1,фрагмент,0,0,0,train
Нц-45-0513,Изразец,Изразца красноглиняного со следами белой поливы с синей росписью снаружи фр-т,керамика,,Фрагмент,Шлак/ гориз.6,,,data/raw/images/Нц-45-0513_orig.jpg,startswith,1,Нц-45-0513,Керамика,изразец,0,часть не указана,1,фрагмент,0,0,0,val
Нц-45-0514,Изразец,Изразца красноглиняного со следами белой поливы с синей росписью снаружи фр-т,керамика,,Фрагмент,Шлак/ гориз.6,,,data/raw/images/Нц-45-0514_orig.jpg,startswith,1,Нц-45-0514,Керамика,изразец,0,часть не указана,1,фрагмент,0,0,0,val
Нц-45-0515,Изразец,Изразца красноглиняного со следами белой поливы с синей росписью снаружи фр-т,керамика,,Фрагмент,Шлак/ гориз.6,,,data/raw/images/Нц-45-0515_orig.jpg,startswith,1,Нц-45-0515,Керамика,изразец,0,часть не указана,1,фрагмент,0,0,0,val
Нц-45-0516,Изразец,Изразца красноглиняного со следами белой поливы фр-т,керамика,,Фрагмент,Шлак/ гориз.6,,,data/raw/images/Нц-45-0516_orig.jpg,startswith,1,Нц-45-0516,Керамика,изразец,0,часть не указана,1,фрагмент,0,0,0,train
Нц-45-0522,Изразец,Изразца красноглиняного с белой поливой фр-т,керамика,"10,9+ x 5,7+ x 2,2+ см",Фрагмент,Шлак/ гориз.6,,,data/raw/images/Нц-45-0522_orig.jpg,startswith,1,Нц-45-0522,Керамика,изразец,0,часть не указана,1,фрагмент,0,0,0,val
Нц-45-0530,Тарелка,Тарелки фаянсовой придонной части фр-т,фаянс,D12 см,Фрагмент,Шлак/ гориз.6,,,data/raw/images/Нц-45-0530_orig.jpg,startswith,1,Нц-45-0530,Фаянс,тарелка,0,часть не указана,1,фрагмент,0,0,0,test
Нц-45-0532,Изразец,Изразца красноглиняного с белой поливой фр-т,керамика,"12,7+ x 4,8+ x 5,2 см",Фрагмент,Шлак/ гориз.6,,,data/raw/images/Нц-45-0532_orig.jpg,startswith,1,Нц-45-0532,Керамика,изразец,0,часть не указана,1,фрагмент,0,0,0,val
Нц-45-0540,Изразец,Изразца красноглиняного со следами серой поливы  с рельефным орнаментом фр-т,керамика,"11,2+ x 7,4+ x 1,4+ см",Фрагмент,Шлак/ гориз.6,,,data/raw/images/Нц-45-0540_orig.jpg,startswith,1,Нц-45-0540,Керамика,изразец,0,часть не указана,1,фрагмент,0,0,0,train
Нц-45-0550,Блюдце,Блюдца фарфорового профиля фр-т,фарфор,D7 см,Фрагмент,Шлак/ гориз.6,,,data/raw/images/Нц-45-0550_orig.jpg,startswith,1,Нц-45-0550,Фарфор,блюдце,0,профиль,0,фрагмент,0,0,0,train
Нц-45-0558,Тарелка,Тарелки фаянсовой венчика фр-т,фаянс,D23 см,Фрагмент,Шлак/ гориз.6,,,data/raw/images/Нц-45-0558_orig.jpg,startswith,1,Нц-45-0558,Фаянс,тарелка,0,венчик,0,фрагмент,0,0,0,train
Нц-45-0567,Блюдце,Блюдца фарфорового с полихромной росписью снаружи донца фр-т,фарфор,D8 см,Фрагмент,Битый кирпич/ гориз.9,,,data/raw/images/Нц-45-0567_orig.jpg,startswith,1,Нц-45-0567,Фарфор,блюдце,0,донце,0,фрагмент,0,0,0,train
Нц-45-0573,Изразец,Изразца красноглиняного с белой поливой фр-т,керамика,"13,3+ x 5,1+ x 5+ см",Фрагмент,Битый кирпич/ гориз.9,,,data/raw/images/Нц-45-0573_orig.jpg,startswith,1,Нц-45-0573,Керамика,изразец,0,часть не указана,1,фрагмент,0,0,0,test
Нц-45-0599,Изразец,Изразца красноглиняного румпы фр-т,керамика,"5,2+ см",Фрагмент,Шлак/ гориз.6,,,data/raw/images/Нц-45-0599_orig.jpg,startswith,1,Нц-45-0599,Керамика,изразец,0,часть не указана,1,фрагмент,0,0,0,train
Нц-45-0600,Тарелка,Тарелки красноглиняной со следами желтой поливы снаружи и с желтой поливой с белой росписью внутри венчика фр-т,керамика,D27 см,Фрагмент,Шлак/ гориз.6,,,data/raw/images/Нц-45-0600_orig.jpg,startswith,1,Нц-45-0600,Керамика,тарелка,0,венчик,0,фрагмент,0,0,0,train
Нц-45-0612,Тарелка,Тарелки фаянсовой придонной части фр-т,фаянс,D12 см,Фрагмент,Шлак/ гориз.6,,,data/raw/images/Нц-45-0612_orig.jpg,startswith,1,Нц-45-0612,Фаянс,тарелка,0,часть не указана,1,фрагмент,0,0,0,train
Нц-45-0850,Миска,Миски  красноглиняного с белой поливой снаружи и с белой поливой с цветными разводами  внутри придонной части фр-т,керамика,D11 см,Фрагмент,Шлак/ гориз.6,,,data/raw/images/Нц-45-0850_orig.jpg,startswith,1,Нц-45-0850,Керамика,миска,0,часть не указана,1,фрагмент,0,0,0,train
Нц-45-0863,Тарелка,Тарелки фаянсовой профиля фр-т,фаянс,D13 см,Фрагмент,Строительный мусор/ гориз.1,,,data/raw/images/Нц-45-0863_orig.jpg,startswith,1,Нц-45-0863,Фаянс,тарелка,0,профиль,0,фрагмент,0,0,0,train
Нц-45-0885,Тарелка,Тарелки фаянсовой с черной росписью внутри придонной части фр-ты,фаянс,D22 см,Фрагмент,Шлак/ гориз.6,,,data/raw/images/Нц-45-0885_orig.jpg,startswith,1,Нц-45-0885,Фаянс,тарелка,0,часть не указана,1,фрагмент,0,0,0,train
Нц-45-0905,Тарелка,Тарелки фаянсовой с черной росписью внутри донца фр-т,фаянс,D22 см,Фрагмент,Шлак/ гориз.6,,,data/raw/images/Нц-45-0905_orig.jpg,startswith,1,Нц-45-0905,Фаянс,тарелка,0,донце,0,фрагмент,0,0,0,train
Нц-45-0907,Тарелка,Тарелки красноглиняной со следами бело-серой поливы внутри венчика фр-т,керамика,D26 см,Фрагмент,Шлак/ гориз.6,,,data/raw/images/Нц-45-0907_orig.jpg,startswith,1,Нц-45-0907,Керамика,тарелка,0,венчик,0,фрагмент,0,0,0,train
Нц-45-0998,Миска,Миски красноглиняной с коричневой поливой и желтыми радиальными кругами венчика фр-т,керамика,D29 см,Фрагмент,Шлак/ гориз.6,,,data/raw/images/Нц-45-0998_orig.jpg,startswith,1,Нц-45-0998,Керамика,миска,0,венчик,0,фрагмент,0,0,0,train
Нц-45-1013,Изразец,Изразца красноглиняного с белой поливой фр-т,керамика,"9,6+ x 8,5+ x 5,7 см",Фрагмент,Шлак/ гориз.6,,,data/raw/images/Нц-45-1013_orig.jpg,startswith,1,Нц-45-1013,Керамика,изразец,0,часть не указана,1,фрагмент,0,0,0,val
Нц-45-1035,Изразец,Изразца красноглиняного со следами темной поливы румпы фр-т,керамика,,Фрагмент,Шлак/ гориз.6,,,data/raw/images/Нц-45-1035_orig.jpg,startswith,1,Нц-45-1035,Керамика,изразец,0,часть не указана,1,фрагмент,0,0,0,test
Нц-45-1079,Тарелка,Тарелки фарфоровой с золотистой окантовкой по краю донца с клеймом фр-т,фарфор,D10 см,Фрагмент,Шлак/ гориз.6,,,data/raw/images/Нц-45-1079_orig.jpg,startswith,1,Нц-45-1079,Фарфор,тарелка,0,донце,0,фрагмент,0,0,0,train
Нц-45-1085,Тарелка,Тарелки фаянсового с синей росписью внутри донца фр-т,фаянс,D9 см,Фрагмент,Шлак/ гориз.6,,,data/raw/images/Нц-45-1085_orig.jpg,startswith,1,Нц-45-1085,Фаянс,тарелка,0,донце,0,фрагмент,0,0,0,train
Нц-45-1232,Изразец,Изразец красноглиняный с белой поливой,керамика,"26,4 x 15,7 x 4,6 см",Целый,Шлак/ гориз.6,,,data/raw/images/Нц-45-1232_orig.jpg,startswith,1,Нц-45-1232,Керамика,изразец,0,часть не указана,1,целый,0,0,0,train
Нц-45-1233,Изразец,Изразец красноглиняный орнаментированный,керамика,"24,9 x 9,8 x 7,6 см",Целый,Шлак/ гориз.6,,,data/raw/images/Нц-45-1233_orig.jpg,startswith,1,Нц-45-1233,Керамика,изразец,0,часть не указана,1,целый,0,0,0,train
Нц-45-1236,Изразец,Изразца красноглинянного орнаментированного фр-т,керамика,"9,4+ x 13,2 x 8,9 см",Фрагмент,Шлак/ гориз.6,,,data/raw/images/Нц-45-1236_orig.jpg,startswith,1,Нц-45-1236,Керамика,изразец,0,часть не указана,1,фрагмент,0,0,0,train
Нц-45-1239,Крышка,Крышки красноглиняной с желто-коричневой поливой с белой росписью снаружи и с желто-коричневой поливой внутри профиля фр-т,керамика,D25 см,Фрагмент,Шлак/ гориз.6,,,data/raw/images/Нц-45-1239_orig.jpg,startswith,1,Нц-45-1239,Керамика,крышка,0,профиль,0,фрагмент,0,0,0,train
Нц-45-1242,Изразец,Изразца белоглиняного с темной поливой  орнаментированного фр-т,керамика,"9,5+ x 5,9+ x 3,4+ см",Фрагмент,Щепа/ гориз.7,,,data/raw/images/Нц-45-1242_orig.jpg,startswith,1,Нц-45-1242,Керамика,изразец,0,часть не указана,1,фрагмент,0,0,0,train
Нц-45-1243,Изразец,Изразца красноглиняного орнаментированного с фр-т,керамика,"10+ x 11 x 6,6 см",Фрагмент,Щепа/ гориз.7,,,data/raw/images/Нц-45-1243_orig.jpg,startswith,1,Нц-45-1243,Керамика,изразец,0,часть не указана,1,фрагмент,0,0,0,train
Нц-45-1257,Крышка,Крышки красноглиняной с коричневой поливой снаружи и с белой поливой внутри края фр-т,керамика,D26 см,Фрагмент,Шлак/ гориз.6,,,data/raw/images/Нц-45-1257_orig.jpg,startswith,1,Нц-45-1257,Керамика,крышка,0,часть не указана,1,фрагмент,0,0,0,train
Нц-45-1259,Изразец,Изразец красноглиняный с белой поливой,керамика,"15 x 8,5 x 5,3 см",Целый,Шлак/ гориз.6,,,data/raw/images/Нц-45-1259_orig.jpg,startswith,1,Нц-45-1259,Керамика,изразец,0,часть не указана,1,целый,0,0,0,train
Нц-45-1265,Тарелка,Тарелки фарфоровой с клеймом донца фр-т,фарфор,,Фрагмент,Шлак/ гориз.6,,,data/raw/images/Нц-45-1265_orig.jpg,startswith,1,Нц-45-1265,Фарфор,тарелка,0,донце,0,фрагмент,0,0,0,train
Нц-45-1267,Изразец,"Изразец типа ""валик"" красноглиняный с белой поливой",керамика,"13,7 x 3,2 x 4,2 см",Целый,Шлак/ гориз.6,,,data/raw/images/Нц-45-1267_orig.jpg,startswith,1,Нц-45-1267,Керамика,изразец,0,часть не указана,1,целый,0,0,0,train
Нц-45-1287,Изразец,Изразец красноглиняный с белой поливой,керамика,"14 x 10,6 x 5,8 см",Целый,Шлак/ гориз.6,,,data/raw/images/Нц-45-1287_orig.jpg,startswith,1,Нц-45-1287,Керамика,изразец,0,часть не указана,1,целый,0,0,0,train
Нц-45-1288,Изразец,Изразец красноглиняный с белой поливой,керамика,"16,2 x 10,7 x 6 см",Целый,Шлак/ гориз.6,,,data/raw/images/Нц-45-1288_orig.jpg,startswith,1,Нц-45-1288,Керамика,изразец,0,часть не указана,1,целый,0,0,0,train
Нц-45-1296,Крышка,Крышка фаянсовая с золотым кантом,фаянс,D7 см,Целый,Шлак/ гориз.6,,,data/raw/images/Нц-45-1296_orig.jpg,startswith,1,Нц-45-1296,Фаянс,крышка,0,часть не указана,1,целый,0,0,0,train
Нц-45-1299,Изразец,"Изразца типа ""полувал"" красноглиняного с белой поливой фр-т",керамика,"4,5+ x 14,8 x 6,5 см",Фрагмент,Шлак/ гориз.6,,,data/raw/images/Нц-45-1299_orig.jpg,startswith,1,Нц-45-1299,Керамика,изразец,0,часть не указана,1,фрагмент,0,0,0,val
Нц-45-1306,Изразец,Изразец красноглиняный c белой поливой,керамика,"13,4 x 8,2 x 7 см",Целый,Шлак/ гориз.6,,,data/raw/images/Нц-45-1306_orig.jpg,startswith,1,Нц-45-1306,Керамика,изразец,0,часть не указана,1,целый,0,0,0,train
Нц-45-1308,Изразец,Изразца  красноглиняного с белой поливой  в виде изображения человеческого лица фр-т,керамика,"8,1+ см",Фрагмент,Щепа/ гориз.7,,,data/raw/images/Нц-45-1308_orig.jpg,startswith,1,Нц-45-1308,Керамика,изразец,0,часть не указана,1,фрагмент,0,0,0,train
Нц-45-1434,Плитка,Плитки белоглиняной с полихромной росписью  с клеймом фр-т,керамика,"10,7+ x 11,7 x 1,6 см",Фрагмент,Шлак/ гориз.6,,,data/raw/images/Нц-45-1434_orig.jpg,startswith,1,Нц-45-1434,Керамика,прочее,1,часть не указана,1,фрагмент,0,0,0,val
Нц-45-1436,Изразец,Изразца красноглиняного с рельефным орнаментом фр-т,керамика,"8,7+ x 16,8 x 6,1+ см",Фрагмент,Шлак/ гориз.6,,,data/raw/images/Нц-45-1436_orig.jpg,startswith,1,Нц-45-1436,Керамика,изразец,0,часть не указана,1,фрагмент,0,0,0,train
Нц-45-1441,Изразец,Изразца белоглиняного с зеленой поливой с рельефным орнаментом и клеймом фр-т,керамика,"8,2+ x 3,4+ x 4,6 см",Фрагмент,Шлак/ гориз.6,,,data/raw/images/Нц-45-1441_orig.jpg,startswith,1,Нц-45-1441,Керамика,изразец,0,часть не указана,1,фрагмент,0,0,0,train
Нц-45-1444,Тарелка,Тарелки фарфоровой с золотистой окантовкой и вензелем венчика фр-т,фарфор,D27 см,Фрагмент,Шлак/ гориз.6,,,data/raw/images/Нц-45-1444_orig.jpg,startswith,1,Нц-45-1444,Фарфор,тарелка,0,венчик,0,фрагмент,0,0,0,test
Нц-45-1445,Крышка,Крышки фаянсовой с коричневой и зеленой поливой снаружи с рельефным орнаментом фигурной фр-т,фаянс,,Фрагмент,Шлак/ гориз.6,,,data/raw/images/Нц-45-1445_orig.jpg,startswith,1,Нц-45-1445,Фаянс,крышка,0,часть не указана,1,фрагмент,0,0,0,train
Нц-45-1460,Изразец,Изразца красноглиняного со следами темно-коричневой поливы фр-т,керамика,"7,9+ x 8,4+ x 2,1+ см",Фрагмент,Слой разрушения/ гориз.12,,,data/raw/images/Нц-45-1460_orig.jpg,startswith,1,Нц-45-1460,Керамика,изразец,0,часть не указана,1,фрагмент,0,0,0,test
Нц-45-1463,Изразец,"Изразца красноглиняного с коричневой поливой и рельефным растительным орнаментом типа ""Подсолнухи"" фр-т",керамика,"9,5+ x 16,5+ см",Фрагмент,Слой разрушения/ гориз.12,,,data/raw/images/Нц-45-1463_orig.jpg,startswith,1,Нц-45-1463,Керамика,изразец,0,часть не указана,1,фрагмент,0,0,0,train
Нц-45-1466,Изразец,Изразца красноглиняного со следами темной поливы фр-т,керамика,,Фрагмент,Слой разрушения/ гориз.12,,,data/raw/images/Нц-45-1466_orig.jpg,startswith,1,Нц-45-1466,Керамика,изразец,0,часть не указана,1,фрагмент,0,0,0,train
Нц-45-1467,Изразец,Изразца красноглиняного с темной поливой и с рельефным орнаментом фр-т,керамика,"7,2+ x 8,5+ x 3,2+ см",Фрагмент,Слой разрушения/ гориз.12,,,data/raw/images/Нц-45-1467_orig.jpg,startswith,1,Нц-45-1467,Керамика,изразец,0,часть не указана,1,фрагмент,0,0,0,train
Нц-45-1476,Изразец,Изразца красноглиняного со следами темной поливы румпы фр-т,керамика,,Фрагмент,Светло-серая супесь с включением дерна/ гориз.10,,,data/raw/images/Нц-45-1476_orig.jpg,startswith,1,Нц-45-1476,Керамика,изразец,0,часть не указана,1,фрагмент,0,0,0,test
Нц-45-1529,Миска,Миски  белоглиняной с полихромной поливой внутри венчика фр-т,керамика,D32 см,Фрагмент,Слой разрушения/ гориз.12,,,data/raw/images/Нц-45-1529_orig.jpg,startswith,1,Нц-45-1529,Керамика,миска,0,венчик,0,фрагмент,0,0,0,train
Нц-45-1531,Миска,Миски  красноглиняной с коричневой поливой и белой росписью  венчика с ручкой фр-т,керамика,D16 см,Фрагмент,Дерн/ гориз.11,,,data/raw/images/Нц-45-1531_orig.jpg,startswith,1,Нц-45-1531,Керамика,миска,0,венчик,0,фрагмент,0,0,0,train
Нц-45-1537,Изразец,Изразца красноглиняного с темной перламутровой поливой и рельефным орнаментом фр-т,керамика,"7,9+ x 2,6+ x 3,8 см",Фрагмент,Светло-серая супесь с включением дерна/ гориз.10,,,data/raw/images/Нц-45-1537_orig.jpg,startswith,1,Нц-45-1537,Керамика,изразец,0,часть не указана,1,фрагмент,0,0,0,train
Нц-45-1562,Миска,Миски красноглиняноой со следами коричневой поливы с белой росписью снаружи и с желто-зеленой поливой внутри венчика фр-т,керамика,D15 см,Фрагмент,Дерн/ гориз.11,,,data/raw/images/Нц-45-1562_orig.jpg,startswith,1,Нц-45-1562,Керамика,миска,0,венчик,0,фрагмент,0,0,0,val
Нц-45-1564,Миска,Миски  красноглиняного со следами темной поливы с белой росписью внутри венчика фр-т,керамика,D29 см,Фрагмент,Светло-серая супесь с включением дерна/ гориз.10,,,data/raw/images/Нц-45-1564_orig.jpg,startswith,1,Нц-45-1564,Керамика,миска,0,венчик,0,фрагмент,0,0,0,train
Нц-45-1579,Тарелка,Тарелки фаянсовой с синей росписью внутри придонной части фр-т,фаянс,D17 см,Фрагмент,Слой разрушения/ гориз.12,,,data/raw/images/Нц-45-1579_orig.jpg,startswith,1,Нц-45-1579,Фаянс,тарелка,0,часть не указана,1,фрагмент,0,0,0,train
Нц-46-067,Тарелка,Тарелки фаянсовой с серой поливой внутри и снаружи края фр-т,фаянс,D41? см,Фрагмент,Шлак,,,data/raw/images/Нц-46-067_orig.jpg,startswith,1,Нц-46-067,Фаянс,тарелка,0,часть не указана,1,фрагмент,0,0,0,train
Нц-46-137,Тарелка,Тарелки фаянсовой полихромной росписью по белой поливе внутри и белой поливой снаружи края фр-т,фаянс,D32 см,Фрагмент,Шлак,,,data/raw/images/Нц-46-137_orig.jpg,startswith,1,Нц-46-137,Фаянс,тарелка,0,часть не указана,1,фрагмент,0,0,0,train
Нц-46-144,Тарелка,Тарелки фаянсовой с белой поливой внутри и снаружи клейменной донца фр-т зеленое надглазурное клеймо «Т-ва  И.Е. Кузнецова» на Волхове),фаянс,D14 см,Фрагмент,Шлак,,,data/raw/images/Нц-46-144_orig.jpg,startswith,1,Нц-46-144,Фаянс,тарелка,0,донце,0,фрагмент,0,0,0,train
Нц-46-148,Изразец,Изразца красноглиняного с белой поливой снаружи пластины с румпой фр-т,керамика,"13 х 9 х 1,3 см",Фрагмент,Шлак,,,data/raw/images/Нц-46-148_orig.jpg,startswith,1,Нц-46-148,Керамика,изразец,0,часть не указана,1,фрагмент,0,0,0,train
Нц-46-150,Крышка,Крышка сахарницы(?) фаянсовая с ручкой с белой поливой внутри и снаружи,фаянс,"D7,5 см",Целый,Шлак,,,data/raw/images/Нц-46-150_orig.jpg,startswith,1,Нц-46-150,Фаянс,крышка,0,ручка,0,фрагмент,0,0,1,test
Нц-46-152,Миска,Миски фаянсовой с синей и белой поливой внутри и белой поливой снаружи профиля фр-т,фаянс,D16 см,Фрагмент,Шлак,,,data/raw/images/Нц-46-152_orig.jpg,startswith,1,Нц-46-152,Фаянс,миска,0,профиль,0,фрагмент,0,0,0,train
Нц-46-162,Тарелка,Тарелки фаянсовой с синей росписью по белой поливе внутри и белой поливой снаружи края фр-т,фаянс,D16 см,Фрагмент,Шлак,,,data/raw/images/Нц-46-162_orig.jpg,startswith,1,Нц-46-162,Фаянс,тарелка,0,часть не указана,1,фрагмент,0,0,0,train
Нц-46-170,Тарелка,Тарелки фарфоровой придонной части фр-т,фарфор,D8 см,Фрагмент,Шлак,,,data/raw/images/Нц-46-170_orig.jpg,startswith,1,Нц-46-170,Фарфор,тарелка,0,часть не указана,1,фрагмент,0,0,0,test
Нц-46-193,Тарелка,Тарелки фаянсовой с белой поливой внутри и снаружи профиля фр-т,фаянс,D25 см,Фрагмент,Шлак,,,data/raw/images/Нц-46-193_orig.jpg,startswith,1,Нц-46-193,Фаянс,тарелка,0,профиль,0,фрагмент,0,0,0,train
Нц-46-204,Изразец,Изразца красноглиняного с белой поливой снаружи пластины с румпой фр-т,керамика,"10 х 11,7 х 4,4 см",Фрагмент,Строительный мусор,,,data/raw/images/Нц-46-204_orig.jpg,startswith,1,Нц-46-204,Керамика,изразец,0,часть не указана,1,фрагмент,0,0,0,train
Нц-46-210,Тарелка,Тарелки фарфоровой края фр-т,фарфор,D24 см,Фрагмент,Темно-коричневая супесь,,,data/raw/images/Нц-46-210_orig.jpg,startswith,1,Нц-46-210,Фарфор,тарелка,0,часть не указана,1,фрагмент,0,0,0,test
Нц-46-211,Тарелка,Тарелки фаянсовой с белой поливой внутри и снаружи края фр-т,фаянс,D16 см,Фрагмент,Темно-коричневая супесь,,,data/raw/images/Нц-46-211_orig.jpg,startswith,1,Нц-46-211,Фаянс,тарелка,0,часть не указана,1,фрагмент,0,0,0,train
Нц-46-221,Тарелка,Тарелки фаянсовой с белой поливой внутри и снаружи края фр-т,фаянс,D23 см,Фрагмент,Строительный мусор,,,data/raw/images/Нц-46-221_orig.jpg,startswith,1,Нц-46-221,Фаянс,тарелка,0,часть не указана,1,фрагмент,0,0,0,train
Нц-46-225,Тарелка,Тарелки фаянсовой с золотой росписью по белой поливе внутри и белой поливой снаружи края фр-т,фаянс,D16 см,Фрагмент,Шлак,,,data/raw/images/Нц-46-225_orig.jpg,startswith,1,Нц-46-225,Фаянс,тарелка,0,часть не указана,1,фрагмент,0,0,0,val
Нц-46-228,Тарелка,Тарелки фаянсовой с белой поливой  внутри и снаружи края фр-т,фаянс,D20 см,Фрагмент,Шлак,,,data/raw/images/Нц-46-228_orig.jpg,startswith,1,Нц-46-228,Фаянс,тарелка,0,часть не указана,1,фрагмент,0,0,0,train
Нц-46-230,Блюдце,Блюдца фарфорового с полихромной росписью внутри придонной части фр-т,фарфор,D6 см,Фрагмент,Шлак,,,data/raw/images/Нц-46-230_orig.jpg,startswith,1,Нц-46-230,Фарфор,блюдце,0,часть не указана,1,фрагмент,0,0,0,val
Нц-46-235,Тарелка,Тарелки фарфоровой орнаментированного края фр-т,фарфор,D14 см,Фрагмент,Шлак,,,data/raw/images/Нц-46-235_orig.jpg,startswith,1,Нц-46-235,Фарфор,тарелка,0,часть не указана,1,фрагмент,0,0,0,train
Нц-46-240,Тарелка,Тарелки фарфоровой с полихромной росписью внутри придонной части фр-т,фарфор,D7 см,Фрагмент,Шлак,,,data/raw/images/Нц-46-240_orig.jpg,startswith,1,Нц-46-240,Фарфор,тарелка,0,часть не указана,1,фрагмент,0,0,0,train
Нц-46-253,Блюдце,Блюдца фарфорового профиля фр-т,фарфор,D15 см,Фрагмент,Шлак,,,data/raw/images/Нц-46-253_orig.jpg,startswith,1,Нц-46-253,Фарфор,блюдце,0,профиль,0,фрагмент,0,0,0,train
Нц-46-260,Тарелка,Тарелки фаянсовой с золотой росписью по голубой поливе снаружи и белой поливой внутри профиля фр-т,фаянс,DO см,Фрагмент,Шлак,,,data/raw/images/Нц-46-260_orig.jpg,startswith,1,Нц-46-260,Фаянс,тарелка,0,профиль,0,фрагмент,0,0,0,test
Нц-46-264,Тарелка,Тарелки фаянсовой с белой поливой внутри и снаружи края фр-т,фаянс,D25 см,Фрагмент,Шлак,,,data/raw/images/Нц-46-264_orig.jpg,startswith,1,Нц-46-264,Фаянс,тарелка,0,часть не указана,1,фрагмент,0,0,0,train
Нц-46-320,Тарелка,Тарелки фаянсовой с синей росписью по белой поливе внутри и белой поливой снаружи придонной части фр-т,фаянс,D10 см,Фрагмент,Шлак,,,data/raw/images/Нц-46-320_orig.jpg,startswith,1,Нц-46-320,Фаянс,тарелка,0,часть не указана,1,фрагмент,0,0,0,train
Нц-46-335,Тарелка,Тарелки фаянсовой с белой поливой внутри и снаружи донца клейменного фр-т (черное подглазурное клеймо «Т-ва  М.С. Кузнецова» R.P.M.Dreyling Sbusch),фаянс,"D8,8 см",Фрагмент,Шлак,,,data/raw/images/Нц-46-335_orig.jpg,startswith,1,Нц-46-335,Фаянс,тарелка,0,донце,0,фрагмент,0,0,0,test
Нц-46-336,Тарелка,Тарелки фаянсовой с белой поливой внутри и снаружи донца клейменного фр-т (зеленое подглазурное клеймо «Виноградов. Новый двор),фаянс,"7,8 х 5,7 см",Фрагмент,Шлак,,,data/raw/images/Нц-46-336_orig.jpg,startswith,1,Нц-46-336,Фаянс,тарелка,0,донце,0,фрагмент,0,0,0,test
Нц-46-369,Изразец,Изразца красноглиняного с белой поливой снаружи пластины с румпой фр-т,керамика,"11 х 10,8 х 6 см",Фрагмент,Шлак,,,data/raw/images/Нц-46-369_orig.jpg,startswith,1,Нц-46-369,Керамика,изразец,0,часть не указана,1,фрагмент,0,0,0,train
Нц-46-370,Изразец,Изразца красноглиняного с белой поливой румпы фр-т,керамика,"8,6 х 5,5 х 3 см",Фрагмент,Шлак,,,data/raw/images/Нц-46-370_orig.jpg,startswith,1,Нц-46-370,Керамика,изразец,0,часть не указана,1,фрагмент,0,0,0,train
Нц-46-374,Тарелка,Тарелки фаянсовой с черной росписью по белой поливе внутри и белой поливой снаружи профиля фр-т,фаянс,D11 см,Фрагмент,Шлак,,,data/raw/images/Нц-46-374_orig.jpg,startswith,1,Нц-46-374,Фаянс,тарелка,0,профиль,0,фрагмент,0,0,0,train
Нц-46-375,Тарелка,Тарелки фаянсовой с черной росписью по белой поливе внутри и снаружи профиля фр-т,фаянс,D17 см,Фрагмент,Шлак,,,data/raw/images/Нц-46-375_orig.jpg,startswith,1,Нц-46-375,Фаянс,тарелка,0,профиль,0,фрагмент,0,0,0,train
Нц-46-385,Тарелка,Тарелки фаянсовой с белой поливой внутри и снаружи профиля клейменного фр-т (черное подглазурное клеймо «Т-ва  Кузнецова»),фаянс,"D9,2 см",Фрагмент,Шлак,,,data/raw/images/Нц-46-385_orig.jpg,startswith,1,Нц-46-385,Фаянс,тарелка,0,профиль,0,фрагмент,0,0,0,train
Нц-46-422,Блюдце,Блюдца фарфорового профиля клейменного фр-т (красное надглазурное клеймо «Т-ва  М.С. Кузнецова» Р.Ф.),фарфор,"D7,4 см",Фрагмент,Шлак,,,data/raw/images/Нц-46-422_orig.jpg,startswith,1,Нц-46-422,Фарфор,блюдце,0,профиль,0,фрагмент,0,0,0,test
Нц-46-437,Крышка,Крышки сосуда красноглиняного с прозрачной поливой снаружи фр-т,керамика,"9,2 х 7,1 см",Фрагмент,Шлак,,,data/raw/images/Нц-46-437_orig.jpg,startswith,1,Нц-46-437,Керамика,крышка,0,часть не указана,1,фрагмент,0,0,0,train
Нц-46-455,Игрушка,Колеса игрушки деревянного фр-т,прочее,D15 см,Фрагмент,Строительный мусор,,,data/raw/images/Нц-46-455_orig.jpg,startswith,1,Нц-46-455,Дерево,прочее,1,часть не указана,1,фрагмент,0,1,0,val
Нц-46-499,Изразец,Изразец красноглиняный с белой поливой снаружи пластины с румпой,керамика,"11,7 х 15,3 х 8 см",Целый,Шлак,,,data/raw/images/Нц-46-499_orig.jpg,startswith,1,Нц-46-499,Керамика,изразец,0,часть не указана,1,целый,0,0,0,train
Нц-46-560,Изразец,Изразца красноглиняного пластины рельефной фр-т,керамика,"12,5 х 9 х 2 см",Фрагмент,Щепа,,,data/raw/images/Нц-46-560_orig.jpg,startswith,1,Нц-46-560,Керамика,изразец,0,часть не указана,1,фрагмент,0,0,0,train
Нц-46-593,Тарелка,Тарелки фаянсовой с зеленой росписью по белой поливе внутри и белой поливой снаружи профиля фр-т,фаянс,"9,5+ х 6+ х 0,3 см",Фрагмент,Шлак,,,data/raw/images/Нц-46-593_orig.jpg,startswith,1,Нц-46-593,Фаянс,тарелка,0,профиль,0,фрагмент,0,0,0,test
Нц-46-727,Тарелка,Тарелки фаянсовой с полихромной росписью края по белой поливе внутри и с белой поливой снаружи края рельефного фр-т,фаянс,"10+ х 5,5+ см",Фрагмент,Шлак,,,data/raw/images/Нц-46-727_orig.jpg,startswith,1,Нц-46-727,Фаянс,тарелка,0,часть не указана,1,фрагмент,0,0,0,val
Нц-46-736,Блюдце,Блюдца фарфорового с полихромной росписью внутри профиля рельефного фр-т,фарфор,"D11,5 см",Фрагмент,Шлак,,,data/raw/images/Нц-46-736_orig.jpg,startswith,1,Нц-46-736,Фарфор,блюдце,0,профиль,0,фрагмент,0,0,0,train
Нц-47-324,Изразец,Изразца красноглиняного орнаментированного с черной поливой фр-т,керамика,,Фрагмент,,,,data/raw/images/Нц-47-324_orig.jpg,startswith,1,Нц-47-324,Глина,изразец,0,часть не указана,1,фрагмент,0,0,0,train
Нц-48-016,Изразец,Изразца красноглиняного с белой поливой и росписью фр-т,керамика,15 см,Фрагмент,Строительный мусор/ гориз.1,,,data/raw/images/Нц-48-016_orig.jpg,startswith,1,Нц-48-016,Керамика,изразец,0,часть не указана,1,фрагмент,0,0,0,train
Нц-48-027,Тарелка,Тарелки красноглиняной с коричневой поливой внутри фр-т,керамика,D11 см,Фрагмент,Строительный мусор/ гориз.1,,,data/raw/images/Нц-48-027_orig.jpg,startswith,1,Нц-48-027,Керамика,тарелка,0,часть не указана,1,фрагмент,0,0,0,val
Нц-48-041,Изразец,Изразца красноглиняного с белой поливой  фр-т,керамика,13+ см,Фрагмент,Строительный мусор/ гориз.1,,,data/raw/images/Нц-48-041_orig.jpg,startswith,1,Нц-48-041,Керамика,изразец,0,часть не указана,1,фрагмент,0,0,0,train
Нц-48-054,Изразец,Изразца красноглиняного с зеленой поливой снаружи фр-т,керамика,"7х 8,5 см",Фрагмент,Строительный мусор/ гориз.1,,,data/raw/images/Нц-48-054_orig.jpg,startswith,1,Нц-48-054,Керамика,изразец,0,часть не указана,1,фрагмент,0,0,0,train
Нц-48-073,Изразец,Изразца белоглиняного орнаментированного  с темно-коричневой поливой фр-т,керамика,6+ х 10 см,Фрагмент,Строительный мусор/ гориз.1,,,data/raw/images/Нц-48-073_orig.jpg,startswith,1,Нц-48-073,Керамика,изразец,0,часть не указана,1,фрагмент,0,0,0,train
Нц-48-074,Изразец,Изразца белоглиняного с темно-коричневой поливой фр-т,керамика,4 х12 см,Фрагмент,Строительный мусор/ гориз.1,,,data/raw/images/Нц-48-074_orig.jpg,startswith,1,Нц-48-074,Керамика,изразец,0,часть не указана,1,фрагмент,0,0,0,train
Нц-48-217,Миска,Миски  красноглиняной со сливом темно-серебристой поливой снаружи и внутри профиль,керамика,D23 см,Фрагмент,"Темно-серая гумусированная супесь/ гориз.6, 7",,,data/raw/images/Нц-48-217_orig.jpg,startswith,1,Нц-48-217,Керамика,миска,0,профиль,0,фрагмент,0,0,0,test
Нц-48-304,Изразец,Изразца сероглиняного орнаментированного фр-т,керамика,"5+ х 6,5+ см",Фрагмент,"Темно-серая гумусированная супесь/ гориз.6, 7",,,data/raw/images/Нц-48-304_orig.jpg,startswith,1,Нц-48-304,Керамика,изразец,0,часть не указана,1,фрагмент,0,0,0,train
Нц-48-326,Тарелка,Тарелки фаянсовой с белой поливой и темно-коричневой росписью фр-т,фаянс,D22 см,Фрагмент,"Темно-серая гумусированная супесь/ гориз.6, 7",,,data/raw/images/Нц-48-326_orig.jpg,startswith,1,Нц-48-326,Фаянс,тарелка,0,часть не указана,1,фрагмент,0,0,0,train
Нц-48-334,Тарелка,Тарелки фаянсовой с белой поливой и черной росписью фр-т,фаянс,,Фрагмент,"Светло-серая мешаная супесь/ гориз.4, 5",,,data/raw/images/Нц-48-334_orig.jpg,startswith,1,Нц-48-334,Фаянс,тарелка,0,часть не указана,1,фрагмент,0,0,0,train
Нц-48-341,Миска,Миска фаянсовая с серебристой поливой снаружи и внутри фрагментированная,фаянс,"D15,5 см",Фрагмент,"Темно-серая гумусированная супесь/ гориз.6, 7",,,data/raw/images/Нц-48-341_orig.jpg,startswith,1,Нц-48-341,Фаянс,миска,0,часть не указана,1,фрагмент,0,0,0,train
Нц-48-342,Миска,Миски фаянсовой с серебристой поливой снаружи и внутри венчика фр-т,фаянс,"D15,5 см",Фрагмент,"Темно-серая гумусированная супесь/ гориз.6, 7",,,data/raw/images/Нц-48-342_orig.jpg,startswith,1,Нц-48-342,Фаянс,миска,0,венчик,0,фрагмент,0,0,0,train
Нц-48-360,Изразец,Изразца печного с черной поливой фр-т,керамика,,Фрагмент,Сильно гумусированная супесь со щепой/ гориз.5,,,data/raw/images/Нц-48-360_orig.jpg,startswith,1,Нц-48-360,Керамика,изразец,0,часть не указана,1,фрагмент,0,0,0,train
Нц-48-375,Тарелка,Тарелки красноглиняной с полихромной поливой внутри придонной части фр-т,керамика,D9 см,Фрагмент,Серо-желтая супесь/ гориз.3,,,data/raw/images/Нц-48-375_orig.jpg,startswith,1,Нц-48-375,Керамика,тарелка,0,часть не указана,1,фрагмент,0,0,0,train
Нц-48-376,Изразец,"Изразца печного красноглиняного ""муравленого"" горшковидного типа орнаментированного со светло-зеленой  поливой снаружи  фр-т",керамика,6.1+ х 5.8+ х 0.9 см,Фрагмент,Серо-желтая супесь/ гориз.3,,,data/raw/images/Нц-48-376_orig.jpg,startswith,1,Нц-48-376,Керамика,изразец,0,донце,0,фрагмент,0,0,0,train
Нц-48-378,Изразец,Изразца красноглиняного орнаментированного с черной поливой  лицевой пластины фр-т,керамика,,Фрагмент,Сильно гумусированная супесь со щепой/ гориз.4,,,data/raw/images/Нц-48-378_orig.jpg,startswith,1,Нц-48-378,Керамика,изразец,0,часть не указана,1,фрагмент,0,0,0,train
Нц-49-010,Изразец,Изразца красноглиняного с зеленой поливой и растительным орнаментом румпы фр-т,керамика,,Фрагмент,Строительный мусор,,,data/raw/images/Нц-49-010_orig.jpg,startswith,1,Нц-49-010,Керамика,изразец,0,часть не указана,1,фрагмент,0,0,0,train
Нц-49-011,Изразец,Изразца углового красноглиняного с белой поливой румпы фр-т,керамика,,Фрагмент,Строительный мусор,,,data/raw/images/Нц-49-011_orig.jpg,startswith,1,Нц-49-011,Керамика,изразец,0,часть не указана,1,фрагмент,0,0,0,train
Нц-49-074,Тарелка,Тарелки красноглиняной с ангобом снаружи и коричневой и желтой поливой внутри фр-т,керамика,D16 см,Фрагмент,Строительный мусор/ гориз.1,,,data/raw/images/Нц-49-074_orig.jpg,startswith,1,Нц-49-074,Керамика,тарелка,0,часть не указана,1,фрагмент,0,0,0,train
Нц-49-111,Изразец,Изразца красноглиняного фр-т,керамика,D15 см,Фрагмент,Щепа/ гориз.1,,,data/raw/images/Нц-49-111_orig.jpg,startswith,1,Нц-49-111,Керамика,изразец,0,часть не указана,1,фрагмент,0,0,0,train
Нц-49-166,Тарелка,Тарелки фаянсовой рельефной с желтой поливой фр-т,фаянс,D15 см,Фрагмент,Щепа/ гориз.2,,,data/raw/images/Нц-49-166_orig.jpg,startswith,1,Нц-49-166,Фаянс,тарелка,0,часть не указана,1,фрагмент,0,0,0,train
Нц-52-002,Изразец,Изразца красноглиняного с фрагментами коричневой поливы по внешней стороне румпы фр-т,керамика,D9 см,Фрагмент,Строительный мусор/ гориз.1,,,data/raw/images/Нц-52-002_orig.jpg,startswith,1,Нц-52-002,Керамика,изразец,0,часть не указана,1,фрагмент,0,0,0,train
Нц-52-016,Изразец,Изразца красноглиняного с коричневой поливой фр-т,керамика,8.7 х 7.4 х 1.9 см,Фрагмент,Строительный мусор/ гориз.1,,,data/raw/images/Нц-52-016_orig.jpg,startswith,1,Нц-52-016,Керамика,изразец,0,часть не указана,1,фрагмент,0,0,0,train
Нц-52-161,Изразец,Изразца красноглиняного орнаментированного с коричневой поливой фр-т,керамика,9.6 х 8.7 х 3.5 см,Фрагмент,Строительный мусор/ гориз.1,,,data/raw/images/Нц-52-161_orig.jpg,startswith,1,Нц-52-161,Керамика,изразец,0,часть не указана,1,фрагмент,0,0,0,train
Нц-52-164,Изразец,Изразца красноглиняного орнаментированного с коричневой поливой фр-т,керамика,10.5 х 7.5 х 1.8 см,Фрагмент,Строительный мусор/ гориз.1,,,data/raw/images/Нц-52-164_orig.jpg,startswith,1,Нц-52-164,Керамика,изразец,0,часть не указана,1,фрагмент,0,0,0,train
Нц-52-170,Изразец,Изразца красноглиняного орнаментированного с коричневой поливой фр-т,керамика,5.5 х 4.9 х 1 см,Фрагмент,Строительный мусор/ гориз.1,,,data/raw/images/Нц-52-170_orig.jpg,startswith,1,Нц-52-170,Керамика,изразец,0,часть не указана,1,фрагмент,0,0,0,train
Нц-52-171,Изразец,Изразца красноглиняного с коричневой поливой фр-т,керамика,24.8 х 18.9 х 5.3 см,Фрагмент,Строительный мусор/ гориз.1,,,data/raw/images/Нц-52-171_orig.jpg,startswith,1,Нц-52-171,Керамика,изразец,0,часть не указана,1,фрагмент,0,0,0,train
Нц-52-181,Изразец,Изразца красноглиняного орнаментированного с коричневой поливой фр-т,керамика,8 х 4.7 х 1 см,Фрагмент,Строительный мусор/ гориз.1,,,data/raw/images/Нц-52-181_orig.jpg,startswith,1,Нц-52-181,Керамика,изразец,0,часть не указана,1,фрагмент,0,0,0,train
Нц-52-220,Изразец,Изразца красноглиняного орнаментированного с коричневой поливой фр-т,керамика,18.5 х 9.5 х 5.5 см,Фрагмент,Строительный мусор/ гориз.1,,,data/raw/images/Нц-52-220_orig.jpg,startswith,1,Нц-52-220,Керамика,изразец,0,часть не указана,1,фрагмент,0,0,0,train
Нц-52-221,Изразец,Изразца красноглиняного орнаментированного с коричневой поливой фр-т,керамика,18.6 х 18.6 х 6.2 см,Фрагмент,Строительный мусор/ гориз.1,,,data/raw/images/Нц-52-221_orig.jpg,startswith,1,Нц-52-221,Керамика,изразец,0,часть не указана,1,фрагмент,0,0,0,train
Нц-52-255,Тарелка,Тарелки белоглиняной с рельефным орнаментом с желтой поливой снаружи и внутри края фр-т,керамика,D19.5 см,Фрагмент,Серо-желтая супесь/ гориз.2,,,data/raw/images/Нц-52-255_orig.jpg,startswith,1,Нц-52-255,Керамика,тарелка,0,часть не указана,1,фрагмент,0,0,0,val
Нц-52-389,Тарелка,Тарелки красноглиняной с полихромной росписью по прозрачной поливе внутри венчика фр-т,керамика,D24 см,Фрагмент,Бурая гумусированная супесь с щепой/ гориз.3,,,data/raw/images/Нц-52-389_orig.jpg,startswith,1,Нц-52-389,Керамика,тарелка,0,венчик,0,фрагмент,0,0,0,test
Нц-52-397,Изразец,Изразца горшковидного красноглиняного фр-т,керамика,10.3 х 6.5 х 1.1 см,Фрагмент,Погребенная почва/ гориз.4,,,data/raw/images/Нц-52-397_orig.jpg,startswith,1,Нц-52-397,Керамика,изразец,0,донце,0,фрагмент,0,0,0,train
Нц-52-505,Тарелка,Тарелки красноглиняной с желтым растительным орнаментом по коричневой поливе внутри придонной части фр-т,керамика,,Фрагмент,Строительный мусор/ гориз.1,,,data/raw/images/Нц-52-505_orig.jpg,startswith,1,Нц-52-505,Керамика,тарелка,0,часть не указана,1,фрагмент,0,0,0,val
Нц-52-506,Крышка,Крышки сосуда красноглиняного со светло-коричневой поливой снаружи с фрагментом ручки фр-т,керамика,,Фрагмент,Строительный мусор/ гориз.1,,,data/raw/images/Нц-52-506_orig.jpg,startswith,1,Нц-52-506,Керамика,крышка,0,ручка,0,фрагмент,0,0,0,train
Нц-52-514,Изразец,Изразца красноглиняного с голубым орнаментом по белой поливе фр-т,керамика,27.8 х 11.6 х 5 см,Фрагмент,Строительный мусор/ гориз.1,,,data/raw/images/Нц-52-514_orig.jpg,startswith,1,Нц-52-514,Керамика,изразец,0,часть не указана,1,фрагмент,0,0,0,train
Нц-53-021,Изразец,Изразца красноглиняного румпы фр-т,керамика,"5,5+ х 4+ см",Фрагмент,Строительный мусор/ гориз.1,,,data/raw/images/Нц-53-021_orig.jpg,startswith,1,Нц-53-021,Керамика,изразец,0,часть не указана,1,фрагмент,0,0,0,train
Нц-53-066,Изразец,Изразца красноглиняного с коричневой поливой и рельефным рисунком угловой части с румпой фр-т ,керамика,7+ х 8+ см,Фрагмент,Супесь светло-серая/ гориз.3,,,data/raw/images/Нц-53-066_orig.jpg,startswith,1,Нц-53-066,Керамика,изразец,0,часть не указана,1,фрагмент,0,0,0,train
Нц-53-067,Изразец,Изразца красноглиняного рамочного с коричневой поливой снаружи угловой части с румпой фр-т ,керамика,"6,5+ х 4+ см",Фрагмент,Супесь светло-серая/ гориз.3,,,data/raw/images/Нц-53-067_orig.jpg,startswith,1,Нц-53-067,Керамика,изразец,0,часть не указана,1,фрагмент,0,0,0,train
Нц-53-349,Тарелка,Тарелки фаянсовой с рисунком и порнаментом по краю профиль ,фаянс,D9 см,Фрагмент,Строительный мусор/ гориз.2,,,data/raw/images/Нц-53-349_orig.jpg,startswith,1,Нц-53-349,Фаянс,тарелка,0,профиль,0,фрагмент,0,0,0,train
Нейш3А-2018-0018,Крышка,Крышечка фарфоровая с синей поливой снаружи,фарфор,Д=5 см,Целый,Современный строительный мусор,,,data/raw/images/Нейш3А-2018-0018_orig.jpg,startswith,1,Нейш3А-2018-0018,Фарфор,крышка,0,часть не указана,1,целый,0,0,0,train
Нейш3А-2018-0097,Крышка,Крышка круглая прозрачного бесцветного стекла,стекло,Д=9 см,Целый,Современный строительный мусор,,,data/raw/images/Нейш3А-2018-0097_orig.jpg,startswith,1,Нейш3А-2018-0097,Стекло,крышка,0,часть не указана,1,целый,0,0,0,train
Нейш3А-2018-0102,Крышка,Крышечки белого матового стекла круглой клейменой  профиль,стекло,"Д=7,5 см",Фрагмент,Современный строительный мусор,,,data/raw/images/Нейш3А-2018-0102_orig.jpg,startswith,1,Нейш3А-2018-0102,Стекло,крышка,0,профиль,0,фрагмент,0,0,0,train
Нейш3А-2018-0105,Блюдце,Блюдца белоглиняного со светло-бирюзовой поливой внутри и снаружи клейменой донца фр-т,керамика,8х4 см,Фрагмент,Современный строительный мусор,,,data/raw/images/Нейш3А-2018-0105_orig.jpg,startswith,1,Нейш3А-2018-0105,Керамика,блюдце,0,донце,0,фрагмент,0,0,0,val
Нейш3А-2018-0108,Крышка,Крышки фаянсовой с цветочным орнаментом  фр-т,фаянс,6х6 см,Фрагмент,Современный строительный мусор,,,data/raw/images/Нейш3А-2018-0108_orig.jpg,startswith,1,Нейш3А-2018-0108,Фаянс,крышка,0,часть не указана,1,фрагмент,0,0,0,val
Нейш3А-2018-0111,Тарелка,Тарелки фаянсовой с бордовым линейным орнаментом внутри профиль,фаянс,"7,5х6,3 см",Фрагмент,Современный строительный мусор,,,data/raw/images/Нейш3А-2018-0111_orig.jpg,startswith,1,Нейш3А-2018-0111,Фаянс,тарелка,0,профиль,0,фрагмент,0,0,0,val
Нейш3А-2018-0117,Тарелка,Тарелки фарфоровой клейменой профиль,фарфор,Д=14 см,Фрагмент,Современный строительный мусор,,,data/raw/images/Нейш3А-2018-0117_orig.jpg,startswith,1,Нейш3А-2018-0117,Фарфор,тарелка,0,профиль,0,фрагмент,0,0,0,train
Нейш3А-2018-0118,Блюдце,Блюдца фарфорового клейменого донца фр-т,фарфор,"7х4,2 см",Фрагмент,Современный строительный мусор,,,data/raw/images/Нейш3А-2018-0118_orig.jpg,startswith,1,Нейш3А-2018-0118,Фарфор,блюдце,0,донце,0,фрагмент,0,0,0,train
Нейш3А-2018-0138,Тарелка,Тарелки фарфоровой венчика фигурного фр-т,фарфор,"5,5х4,8 см",Фрагмент,Современный строительный мусор,,,data/raw/images/Нейш3А-2018-0138_orig.jpg,startswith,1,Нейш3А-2018-0138,Фарфор,тарелка,0,венчик,0,фрагмент,0,0,0,test
Нейш3А-2018-0189,Крышка,Крышки прозрачного темно-зеленого стекла фр-т,стекло,Д=7+ см,Фрагмент,Современный строительный мусор,,,data/raw/images/Нейш3А-2018-0189_orig.jpg,startswith,1,Нейш3А-2018-0189,Стекло,крышка,0,часть не указана,1,фрагмент,0,0,0,test
Нейш3А-2018-0203,Тарелка,Тарелочки прозрачного бесцветного стекла с рельефным узором в виде звезды по центру и маленьких звездочек у ее вершин внутри венчика фр-т,стекло,Д=10+ см,Фрагмент,Современный строительный мусор,,,data/raw/images/Нейш3А-2018-0203_orig.jpg,startswith,1,Нейш3А-2018-0203,Стекло,тарелка,0,венчик,0,фрагмент,0,0,0,test
Нейш3А-2018-0206,Блюдце,Блюдца прозрачного бесцветного стекла с рельефным орнаментом внутри и на донце снаружи профиль,стекло,д=5+ см,Фрагмент,Современный строительный мусор,,,data/raw/images/Нейш3А-2018-0206_orig.jpg,startswith,1,Нейш3А-2018-0206,Стекло,блюдце,0,донце,0,фрагмент,0,0,0,train
Нейш3А-2018-0210,Блюдце,Блюдца прозрачного бесцветного стекла профиль,стекло,Д=9 см,Фрагмент,Современный строительный мусор,,,data/raw/images/Нейш3А-2018-0210_orig.jpg,startswith,1,Нейш3А-2018-0210,Стекло,блюдце,0,профиль,0,фрагмент,0,0,0,train
Нейш3А-2018-0244,Блюдце,Блюдца фарфорового с золотистой линией по центру и по краю клейменого профиль,фарфор,"д=13,5 см",Фрагмент,Современный строительный мусор,,,data/raw/images/Нейш3А-2018-0244_orig.jpg,startswith,1,Нейш3А-2018-0244,Фарфор,блюдце,0,профиль,0,фрагмент,0,0,0,train
Нейш3А-2018-0247,Блюдце,Блюдца фарфорового клейменого  донца фр-т,фарфор,5х3 см,Фрагмент,Современный строительный мусор,,,data/raw/images/Нейш3А-2018-0247_orig.jpg,startswith,1,Нейш3А-2018-0247,Фарфор,блюдце,0,донце,0,фрагмент,0,0,0,train
Нейш3А-2018-0248,Тарелка,Тарелки фаянсовой клейменой донца фр-т,фаянс,4х4 см,Фрагмент,Современный строительный мусор,,,data/raw/images/Нейш3А-2018-0248_orig.jpg,startswith,1,Нейш3А-2018-0248,Фаянс,тарелка,0,донце,0,фрагмент,0,0,0,val
Нейш3А-2018-0252,Тарелка,Тарелки фаянсовой клейменой донца фр-т,фаянс,д=7+ см,Фрагмент,Современный строительный мусор,,,data/raw/images/Нейш3А-2018-0252_orig.jpg,startswith,1,Нейш3А-2018-0252,Фаянс,тарелка,0,донце,0,фрагмент,0,0,0,train
Нейш3А-2018-0254,Тарелка,"Тарелки фаянсовой с геометрическим орнаментом (зеленый, коричневый) по краю венчика фр-т",фаянс,"12,5х5,5 см",Фрагмент,Современный строительный мусор,,,data/raw/images/Нейш3А-2018-0254_orig.jpg,startswith,1,Нейш3А-2018-0254,Фаянс,тарелка,0,венчик,0,фрагмент,0,0,0,train
Нейш3А-2018-0255,Тарелка,Тарелки фаянсовой с синим растительным орнаментом внутри клейменой профиль,фаянс,Д=7+ см,Фрагмент,Современный строительный мусор,,,data/raw/images/Нейш3А-2018-0255_orig.jpg,startswith,1,Нейш3А-2018-0255,Фаянс,тарелка,0,профиль,0,фрагмент,0,0,0,train
Нейш3А-2018-0259,Тарелка,"Тарелки суповой фаянсовой с пятнистым узором (бордовый, зеленый) по краю венчиков фр-ты",фаянс,Д=25 см,Фрагмент,Современный строительный мусор,,,data/raw/images/Нейш3А-2018-0259_orig.jpg,startswith,1,Нейш3А-2018-0259,Фаянс,тарелка,0,венчик,0,фрагмент,0,0,0,val
Нейш3А-2018-0276,Крышка,Крышечка фарфоровая полусферической формы с шарообразной ручкой по центру и серебристой линией по внешнему краю,фарфор,"Д=4,5 см",Целый,Современный строительный мусор,,,data/raw/images/Нейш3А-2018-0276_orig.jpg,startswith,1,Нейш3А-2018-0276,Фарфор,крышка,0,ручка,0,фрагмент,0,0,0,train
Нейш3А-2018-0288,Крышка,Ручка фаянсовая шарообразная,фаянс,"Д=3 h=2,5 см",Целый,Современный строительный мусор,,,data/raw/images/Нейш3А-2018-0288_orig.jpg,startswith,1,Нейш3А-2018-0288,Фаянс,крышка,0,ручка,0,фрагмент,0,0,0,val
Нейш3А-2018-0349,Тарелка,Тарелки-селедочницы фаянсовой овальной с синим линейным орнаментом внутри клейменой  профиль,фаянс,"28х15+х4,3 см",Фрагмент,Современный строительный мусор,,,data/raw/images/Нейш3А-2018-0349_orig.jpg,startswith,1,Нейш3А-2018-0349,Фаянс,тарелка,0,профиль,0,фрагмент,0,0,0,test
Нейш3А-2018-0350,Тарелка,Тарелки суповой фаянсовой профиль,фаянс,Д=24  см,Фрагмент,Современный строительный мусор,,,data/raw/images/Нейш3А-2018-0350_orig.jpg,startswith,1,Нейш3А-2018-0350,Фаянс,тарелка,0,профиль,0,фрагмент,0,0,0,train
Нейш3А-2018-0373,Крышка,Крышки фаянсовой с растительным и геометрическим орнаментом по внешнему краю фр-т,фаянс,Д=10+ см,Фрагмент,Современный строительный мусор,,,data/raw/images/Нейш3А-2018-0373_orig.jpg,startswith,1,Нейш3А-2018-0373,Фаянс,крышка,0,часть не указана,1,фрагмент,0,0,0,test
Нейш3А-2018-0374,Тарелка,Тарелки фаянсовой с серебристым растительным орнаментом и синей толстой лентой по краю венчика фр-т,фаянс,"6,5х4 см",Фрагмент,Современный строительный мусор,,,data/raw/images/Нейш3А-2018-0374_orig.jpg,startswith,1,Нейш3А-2018-0374,Фаянс,тарелка,0,венчик,0,фрагмент,0,0,0,train
Нейш3А-2018-0377,Тарелка,Тарелки фаянсовой клейменой донца  фр-т,фаянс,"11,5х7,5 см",Фрагмент,Мощение,,,data/raw/images/Нейш3А-2018-0377_orig.jpg,startswith,1,Нейш3А-2018-0377,Фаянс,тарелка,0,донце,0,фрагмент,0,0,0,val
Нейш3А-2018-0378,Тарелка,Тарелки фаянсовой с зеленым цветочным орнаментом внутри донца фр-т,фаянс,5х4 см,Фрагмент,Мощение,,,data/raw/images/Нейш3А-2018-0378_orig.jpg,startswith,1,Нейш3А-2018-0378,Фаянс,тарелка,0,донце,0,фрагмент,0,0,0,train
Нейш3А-2018-0384,Тарелка,"Тарелки фарфоровой с цветочным орнаментом (красный, зеленый) внутри донца фр-т",фарфор,"д=9,5 см",Фрагмент,Мощение,,,data/raw/images/Нейш3А-2018-0384_orig.jpg,startswith,1,Нейш3А-2018-0384,Фарфор,тарелка,0,донце,0,фрагмент,0,0,0,train
Нейш3А-2018-0394,Тарелка,Тарелки фарфоровой с зеленым линейным орнаментом внутри венчика фр-т,фарфор,"6,3х4 см",Фрагмент,Мощение,,,data/raw/images/Нейш3А-2018-0394_orig.jpg,startswith,1,Нейш3А-2018-0394,Фарфор,тарелка,0,венчик,0,фрагмент,0,0,0,val
Нейш3А-2018-0397,Тарелка,Тарелки фаянсовой с голубым линейным орнаментом внутри венчика волнообразного фр-т,фаянс,8х4 см,Фрагмент,Мощение,,,data/raw/images/Нейш3А-2018-0397_orig.jpg,startswith,1,Нейш3А-2018-0397,Фаянс,тарелка,0,венчик,0,фрагмент,0,0,0,train
Нейш3А-2018-0426,Тарелка,"Тарелки фаянсовой с красным геометрическим, зооморфным и растительным орнаментом снаружи и внутри венчика фр-т",фаянс,"5х3,5 см",Фрагмент,Современный строительный мусор,,,data/raw/images/Нейш3А-2018-0426_orig.jpg,startswith,1,Нейш3А-2018-0426,Фаянс,тарелка,0,венчик,0,фрагмент,0,0,0,train
Нейш3А-2018-0454,Блюдце,Блюдца прозрачного голубого стекла круглого граненого с узором - многоконечной звездой на донце профиль,стекло,д=7 см,Фрагмент,Современный строительный мусор,,,data/raw/images/Нейш3А-2018-0454_orig.jpg,startswith,1,Нейш3А-2018-0454,Стекло,блюдце,0,донце,0,фрагмент,0,0,0,val
Нейш3А-2018-0499,Тарелка,Тарелки фаянсовой с волнообразными краями профиль,фаянс,Д=15+ см,Фрагмент,Темно-коричневая супесь,,,data/raw/images/Нейш3А-2018-0499_orig.jpg,startswith,1,Нейш3А-2018-0499,Фаянс,тарелка,0,профиль,0,фрагмент,0,0,0,train
Нейш3А-2018-0500,Крышка,Крышка металлическая синего цвета снаружи и внутри,прочее,Д=10 см,Целый,Темно-коричневая супесь,,,data/raw/images/Нейш3А-2018-0500_orig.jpg,startswith,1,Нейш3А-2018-0500,Металл,крышка,0,часть не указана,1,целый,0,1,0,train
Нейш3А-2018-0572,Крышка,Крышечка прозрачного бесцветного стекла круглая,стекло,"Д=6,2 см",Целый,Строительный мусор с включением битого кирпича,,,data/raw/images/Нейш3А-2018-0572_orig.jpg,startswith,1,Нейш3А-2018-0572,Стекло,крышка,0,часть не указана,1,целый,0,0,0,train
Нейш3А-2018-0625,Тарелка,Тарелки фарфоровой клейменой придонной части с донцем фр-т,фарфор,д=15+ см,Фрагмент,Темно-коричневая супесь,,,data/raw/images/Нейш3А-2018-0625_orig.jpg,startswith,1,Нейш3А-2018-0625,Фарфор,тарелка,0,донце,0,фрагмент,0,0,0,train
Нейш3А-2018-0628,Тарелка,Тарелки фаянсовой клейменой донца фр-т,фаянс,"6х2,5 см",Фрагмент,Темно-коричневая супесь,,,data/raw/images/Нейш3А-2018-0628_orig.jpg,startswith,1,Нейш3А-2018-0628,Фаянс,тарелка,0,донце,0,фрагмент,0,0,0,train
Нейш3А-2018-0629,Тарелка,Тарелки фаянсовой клейменой донца фр-т,фаянс,"7,5х3,5 см",Фрагмент,Темно-коричневая супесь,,,data/raw/images/Нейш3А-2018-0629_orig.jpg,startswith,1,Нейш3А-2018-0629,Фаянс,тарелка,0,донце,0,фрагмент,0,0,0,train
Нейш3А-2018-0645,Изразец,Изразца печного красноглиняного прямоугольной формы с белой поливой снаружи и фр-том клейма внутри профиль,керамика,,Фрагмент,Темно-коричневая супесь,,,data/raw/images/Нейш3А-2018-0645_orig.jpg,startswith,1,Нейш3А-2018-0645,Керамика,изразец,0,профиль,0,фрагмент,0,0,0,train
Нейш3А-2018-0685,Тарелка,Тарелки фаянсовой с бордовым растительно-геометрическим орнаментом внутри венчика фр-т,фаянс,"12х6,5 см",Фрагмент,Строительный мусор с включением темно-коричневой супеси,,,data/raw/images/Нейш3А-2018-0685_orig.jpg,startswith,1,Нейш3А-2018-0685,Фаянс,тарелка,0,венчик,0,фрагмент,0,0,0,train
Нейш3А-2018-0726,Блюдце,"Блюдца фарфорового с линейным орнаментом (золотистый, красный) клейменого внутри донца фр-т",фарфор,"Д=8,2 см",Фрагмент,Строительный мусор с включением темно-коричневой супеси,,,data/raw/images/Нейш3А-2018-0726_orig.jpg,startswith,1,Нейш3А-2018-0726,Фарфор,блюдце,0,донце,0,фрагмент,0,0,0,val
Нейш3А-2018-0733,Блюдце,"Блюдца фарфорового с линейным орнаментом (красный, золотистый) внутри клейменого профиль",фарфор,"Д=7,5+ h=4,5 см",Фрагмент,Строительный мусор с включением темно-коричневой супеси,,,data/raw/images/Нейш3А-2018-0733_orig.jpg,startswith,1,Нейш3А-2018-0733,Фарфор,блюдце,0,профиль,0,фрагмент,0,0,0,val
Нейш3А-2018-0735,Блюдце,Блюдца фарфорового с бордовым растительным орнаментом на розовом фоне и тонкой голубой линией по краю внутри профиль,фарфор,"Д=8,5+ см",Фрагмент,Строительный мусор с включением темно-коричневой супеси,,,data/raw/images/Нейш3А-2018-0735_orig.jpg,startswith,1,Нейш3А-2018-0735,Фарфор,блюдце,0,профиль,0,фрагмент,0,0,0,train
Нейш3А-2018-0737,Блюдце,"Блюдца фарфорового с геометрическим орнаментом внутри (синий, золотистый) профиль",фарфор,"Д=9+ h=4,5 см",Фрагмент,Строительный мусор с включением темно-коричневой супеси,,,data/raw/images/Нейш3А-2018-0737_orig.jpg,startswith,1,Нейш3А-2018-0737,Фарфор,блюдце,0,профиль,0,фрагмент,0,0,0,train
Нейш3А-2018-0738,Блюдце,"Тарелки фаянсовой с зеленой росписью внутри (птица, цветы, геометрический орнамент) клейменой профиль",фаянс,Д=15 см,Фрагмент,Строительный мусор с включением темно-коричневой супеси,,,data/raw/images/Нейш3А-2018-0738_orig.jpg,startswith,1,Нейш3А-2018-0738,Фаянс,тарелка,0,профиль,0,фрагмент,0,0,0,test
Нейш3А-2018-0740,Тарелка,Тарелки фаянсовой с красно-темно-зеленым узором по венчику и голубой линией по центру профиль,фаянс,Д=18+ см,Фрагмент,Строительный мусор с включением темно-коричневой супеси,,,data/raw/images/Нейш3А-2018-0740_orig.jpg,startswith,1,Нейш3А-2018-0740,Фаянс,тарелка,0,венчик,0,фрагмент,0,0,0,train
Нейш3А-2018-0741,Тарелка,Тарелки фаянсовой с красным цветочным и геометрическим орнаментом внутри по венчику профиль,фаянс,"Д=21+ h=8,5 см",Фрагмент,Строительный мусор с включением темно-коричневой супеси,,,data/raw/images/Нейш3А-2018-0741_orig.jpg,startswith,1,Нейш3А-2018-0741,Фаянс,тарелка,0,венчик,0,фрагмент,0,0,0,test
Нейш3А-2018-0742,Тарелка,Тарелки фаянсовой с голубой линией по центру донца с придонной частью фр-т,фаянс,"д=12,5 см",Фрагмент,Строительный мусор с включением темно-коричневой супеси,,,data/raw/images/Нейш3А-2018-0742_orig.jpg,startswith,1,Нейш3А-2018-0742,Фаянс,тарелка,0,донце,0,фрагмент,0,0,0,train
Нейш3А-2018-0855,Тарелка,Тарелки фаянсовой профиль,фаянс,Д=17+  см,Фрагмент,Строительный мусор с включением темно-коричневой супеси,,,data/raw/images/Нейш3А-2018-0855_orig.jpg,startswith,1,Нейш3А-2018-0855,Фаянс,тарелка,0,профиль,0,фрагмент,0,0,0,train
Нейш3А-2018-0806,Крышка,"Крышка фарфоровая с рельефным орнаментом (белый, красный) на синем фоне снаружи клейменая",фарфор,Д=10 см,Целый,Строительный мусор с включением темно-коричневой супеси,,,data/raw/images/Нейш3А-2018-0806_orig.jpg,startswith,1,Нейш3А-2018-0806,Фарфор,крышка,0,часть не указана,1,целый,0,0,0,train
Нейш3А-2018-0810,Блюдце,"Блюдца фарфорового с цветочным орнаментом внутри (синий, розовый, зеленый, бордовый, золотистый) клейменого профиль",фарфор,Д=7+ д=8 см,Фрагмент,Строительный мусор с включением темно-коричневой супеси,,,data/raw/images/Нейш3А-2018-0810_orig.jpg,startswith,1,Нейш3А-2018-0810,Фарфор,блюдце,0,профиль,0,фрагмент,0,0,0,train
Нейш3А-2018-0811,Блюдце,"Блюдца фарфорового с растительным орнаментом внутри (красный, золотистый) клейменого профиль",фарфор,"Д=11,5+ д=7,8 см",Фрагмент,Строительный мусор с включением темно-коричневой супеси,,,data/raw/images/Нейш3А-2018-0811_orig.jpg,startswith,1,Нейш3А-2018-0811,Фарфор,блюдце,0,профиль,0,фрагмент,0,0,0,test
Нейш3А-2018-0812,Блюдце,"Блюдце фарфоровое с цветочным орнаментом внутри (серый, синий) клейменое",фарфор,"Д=14 д=9,5 см",Целый,Строительный мусор с включением темно-коричневой супеси,,,data/raw/images/Нейш3А-2018-0812_orig.jpg,startswith,1,Нейш3А-2018-0812,Фарфор,блюдце,0,часть не указана,1,целый,0,0,0,test
Нейш3А-2018-0817,Тарелка,Тарелки фаянсовой клейменой донца фр-т,фарфор,д=7+ см,Фрагмент,Строительный мусор с включением темно-коричневой супеси,,,data/raw/images/Нейш3А-2018-0817_orig.jpg,startswith,1,Нейш3А-2018-0817,Фарфор,тарелка,0,донце,0,фрагмент,0,0,0,train
Нейш3А-2018-0821,Тарелка,Тарелки фаянсовой с красным линейным орнаментом внутри профиль,фаянс,Д=9+ д=6+ см,Фрагмент,Строительный мусор с включением темно-коричневой супеси,,,data/raw/images/Нейш3А-2018-0821_orig.jpg,startswith,1,Нейш3А-2018-0821,Фаянс,тарелка,0,профиль,0,фрагмент,0,0,0,train
Нейш3А-2018-0831,Блюдце,"Блюдца фарфорового с цветочным орнаментом внутри (зеленый, розовый) венчика фр-т",фарфор,Д=10+ см,Фрагмент,Строительный мусор с включением темно-коричневой супеси,,,data/raw/images/Нейш3А-2018-0831_orig.jpg,startswith,1,Нейш3А-2018-0831,Фарфор,блюдце,0,венчик,0,фрагмент,0,0,0,train
Нейш3А-2018-0833,Блюдце,"Блюдца фарфорового с цветочным орнаментом внутри (желтый, зеленый, сиреневый, коричневый, золотистый) профиль",фарфор,"Д=5,5+ д=4+ см",Фрагмент,Строительный мусор с включением темно-коричневой супеси,,,data/raw/images/Нейш3А-2018-0833_orig.jpg,startswith,1,Нейш3А-2018-0833,Фарфор,блюдце,0,профиль,0,фрагмент,0,0,0,train
Нейш3А-2018-0834,Блюдце,"Блюдца фарфорового с цветочным орнаментом внутри (желтый, зеленый, сиреневый, розовый, коричневый, золотистый) профиль",фарфор,"Д=5,5+ д=2+ см",Фрагмент,Строительный мусор с включением темно-коричневой супеси,,,data/raw/images/Нейш3А-2018-0834_orig.jpg,startswith,1,Нейш3А-2018-0834,Фарфор,блюдце,0,профиль,0,фрагмент,0,0,0,val
Нейш3А-2018-0837,Блюдце,"Блюдца фарфорового клейменого с растительным и линейным орнаментом внутри (синий, зеленый, розовый, красный) профиль",фарфор,Д=13 д=8 см,Фрагмент,Строительный мусор с включением темно-коричневой супеси,,,data/raw/images/Нейш3А-2018-0837_orig.jpg,startswith,1,Нейш3А-2018-0837,Фарфор,блюдце,0,профиль,0,фрагмент,0,0,0,train
Нейш3А-2018-0838,Крышка,Крышечки фарфоровой ручка конусообразной формы с рельефным орнаментом и широкой золотистой линией по навершию,фарфор,"Д=3 h=3,5  см",Целый,Строительный мусор с включением темно-коричневой супеси,,,data/raw/images/Нейш3А-2018-0838_orig.jpg,startswith,1,Нейш3А-2018-0838,Фарфор,крышка,0,ручка,0,фрагмент,0,0,0,train
Нейш3А-2018-0839,Блюдце,"Блюдца фарфорового с пятнистым и цветочным орнаментом внутри (синий, золотистый, зеленый, красный) профиль",фарфор,"Д=9,5+  д=5,5+ см",Фрагмент,Строительный мусор с включением темно-коричневой супеси,,,data/raw/images/Нейш3А-2018-0839_orig.jpg,startswith,1,Нейш3А-2018-0839,Фарфор,блюдце,0,профиль,0,фрагмент,0,0,0,train
Нейш3А-2018-0844,Блюдце,Блюдечка фаянсового клейменого профиль,фаянс,"Д=6,5 д=4 см",Фрагмент,Строительный мусор с включением темно-коричневой супеси,,,data/raw/images/Нейш3А-2018-0844_orig.jpg,startswith,1,Нейш3А-2018-0844,Фаянс,блюдце,0,профиль,0,фрагмент,0,0,0,train
Нейш3А-2018-0847,Тарелка,Тарелки фаянсовой клейменой профиль,фаянс,Д=20+ д=14+ см,Фрагмент,Строительный мусор с включением темно-коричневой супеси,,,data/raw/images/Нейш3А-2018-0847_orig.jpg,startswith,1,Нейш3А-2018-0847,Фаянс,тарелка,0,профиль,0,фрагмент,0,0,0,train
Нейш3А-2018-0848,Тарелка,Тарелки фаянсовой профиль,фаянс,Д=16+ д=12+ см,Фрагмент,Строительный мусор с включением темно-коричневой супеси,,,data/raw/images/Нейш3А-2018-0848_orig.jpg,startswith,1,Нейш3А-2018-0848,Фаянс,тарелка,0,профиль,0,фрагмент,0,0,0,train
Нейш3А-2018-0850,Тарелка,Тарелки фаянсовой клейменой профиль,фаянс,"Д=13,5+ д=7+ см",Фрагмент,Строительный мусор с включением темно-коричневой супеси,,,data/raw/images/Нейш3А-2018-0850_orig.jpg,startswith,1,Нейш3А-2018-0850,Фаянс,тарелка,0,профиль,0,фрагмент,0,0,0,train
Нейш3А-2018-0851,Тарелка,Тарелки фаянсовой венчика фр-т,фаянс,Д=17+  см,Фрагмент,Строительный мусор с включением темно-коричневой супеси,,,data/raw/images/Нейш3А-2018-0851_orig.jpg,startswith,1,Нейш3А-2018-0851,Фаянс,тарелка,0,венчик,0,фрагмент,0,0,0,val
Нейш3А-2018-0856,Тарелка,Тарелки фаянсовой профиль,фаянс,"Д=16,5+ д=8,5+ см",Фрагмент,Строительный мусор с включением темно-коричневой супеси,,,data/raw/images/Нейш3А-2018-0856_orig.jpg,startswith,1,Нейш3А-2018-0856,Фаянс,тарелка,0,профиль,0,фрагмент,0,0,0,train
Нейш3А-2018-0861,Крышка,Крышки фаянсовой полусферической формы венчика фр-т,фаянс,Д=8+ см,Фрагмент,Строительный мусор с включением темно-коричневой супеси,,,data/raw/images/Нейш3А-2018-0861_orig.jpg,startswith,1,Нейш3А-2018-0861,Фаянс,крышка,0,венчик,0,фрагмент,0,0,0,test
Нейш3А-2018-0868,Изразец,Изразца красноглиняного белополивного фр-т,керамика,16х6х8 см,Фрагмент,Строительный мусор с включением темно-коричневой супеси,,,data/raw/images/Нейш3А-2018-0868_orig.jpg,startswith,1,Нейш3А-2018-0868,Керамика,изразец,0,часть не указана,1,фрагмент,0,0,0,train
Нейш3А-2018-0871,Блюдце,"Блюдца фарфорового с цветочным и линейным орнаментом внутри (зеленый, красный) профиль",фарфор,Д=6+ см,Фрагмент,Строительный мусор с включением темно-коричневой супеси,,,data/raw/images/Нейш3А-2018-0871_orig.jpg,startswith,1,Нейш3А-2018-0871,Фарфор,блюдце,0,профиль,0,фрагмент,0,0,0,test
Нейш3А-2018-0881,Крышка,Крышечки фарфоровой с фр-том зеленого растительного узора на розовом фоне снаружи венчика фр-т,фарфор,Д=5+ см,Фрагмент,Строительный мусор с включением темно-коричневой супеси,,,data/raw/images/Нейш3А-2018-0881_orig.jpg,startswith,1,Нейш3А-2018-0881,Фарфор,крышка,0,венчик,0,фрагмент,0,0,0,train
Нейш3А-2018-0947,Тарелка,Тарелки фаянсовой клейменой донца фр-т,фаянс,"Д=5,5+ см",Фрагмент,Современный строительный мусор,,,data/raw/images/Нейш3А-2018-0947_orig.jpg,startswith,1,Нейш3А-2018-0947,Фаянс,тарелка,0,донце,0,фрагмент,0,0,0,test
Нейш3А-2018-0949,Тарелка,Тарелки фаянсовой клейменой донца фр-т,фаянс,"3,5х2 см",Фрагмент,Современный строительный мусор,,,data/raw/images/Нейш3А-2018-0949_orig.jpg,startswith,1,Нейш3А-2018-0949,Фаянс,тарелка,0,донце,0,фрагмент,0,0,0,train
Нейш3А-2018-0954,Изразец,Изразца?печного с зеленой поливой снаружи фр-т,керамика,"5х3х1,2 см",Фрагмент,Современный строительный мусор,,,data/raw/images/Нейш3А-2018-0954_orig.jpg,startswith,1,Нейш3А-2018-0954,Керамика,изразец,0,часть не указана,1,фрагмент,0,0,1,train
Нейш3А-2018-0955,Изразец,Изразца печного с синей поливой снаружи фр-т,керамика,"15х5х1,5 см",Фрагмент,Современный строительный мусор,,,data/raw/images/Нейш3А-2018-0955_orig.jpg,startswith,1,Нейш3А-2018-0955,Керамика,изразец,0,часть не указана,1,фрагмент,0,0,0,test
Нейш3А-2018-0956,Изразец,Изразца печного с белой поливой снаружи фр-т,керамика,"17,5х7,5х6 см",Фрагмент,Современный строительный мусор,,,data/raw/images/Нейш3А-2018-0956_orig.jpg,startswith,1,Нейш3А-2018-0956,Керамика,изразец,0,часть не указана,1,фрагмент,0,0,0,train
Нейш3А-2018-0986,Крышка,Крышки красноглиняной с коричневой поливой и рельефным орнаментом  снаружи венчика фр-т,керамика,"Д=12,5+ см",Фрагмент,Современный строительный мусор,,,data/raw/images/Нейш3А-2018-0986_orig.jpg,startswith,1,Нейш3А-2018-0986,Керамика,крышка,0,венчик,0,фрагмент,0,0,0,train
Нейш3А-2018-1034,Крышка,Крышечки фаянсовой со следами бордового  цветочного орнамента в стиле деколь снаружи венчика фр-т,фаянс,Д=4+ см,Фрагмент,Строительный мусор с включением темно-коричневой супеси,,,data/raw/images/Нейш3А-2018-1034_orig.jpg,startswith,1,Нейш3А-2018-1034,Фаянс,крышка,0,венчик,0,фрагмент,0,0,0,train
Нейш3А-2018-1035,Крышка,Крышечки фарфоровой с золотистым и синим орнаментом на темно-розовом фоне снаружи венчика фр-т,фарфор,Д=5+ см,Фрагмент,Строительный мусор с включением темно-коричневой супеси,,,data/raw/images/Нейш3А-2018-1035_orig.jpg,startswith,1,Нейш3А-2018-1035,Фарфор,крышка,0,венчик,0,фрагмент,0,0,0,val
Нейш3А-2018-1042,Тарелка,Тарелки фаянсовой с синим растительным орнаментом в стиле деколь внутри клейменой профиль,фаянс,"Д=20,5 д=11,5  см",Фрагмент,Строительный мусор с включением темно-коричневой супеси,,,data/raw/images/Нейш3А-2018-1042_orig.jpg,startswith,1,Нейш3А-2018-1042,Фаянс,тарелка,0,профиль,0,фрагмент,0,0,0,train
Нейш3А-2018-1101,Блюдце,Блюдца фарфорового с орнаментом - тонкой зеленой линией по краю венчика внутри профиль,фарфор,"Д=12+ д=7,5 см",Фрагмент,Строительный мусор с включением темно-коричневой супеси,,,data/raw/images/Нейш3А-2018-1101_orig.jpg,startswith,1,Нейш3А-2018-1101,Фарфор,блюдце,0,венчик,0,фрагмент,0,0,0,train
Нейш3А-2018-1137,Тарелка,Тарелки фарфоровой глубокой клейменой с серебристой отводкой края внутри профиль,фарфор,"Д=8+ д=7,5 см",Фрагмент,Современный строительный мусор,,,data/raw/images/Нейш3А-2018-1137_orig.jpg,startswith,1,Нейш3А-2018-1137,Фарфор,тарелка,0,профиль,0,фрагмент,0,0,0,train
Нейш3А-2018-1138,Тарелка,Тарелки фарфоровой глубокой клейменой профиль,фарфор,Д=13+ д=11 см,Фрагмент,Современный строительный мусор,,,data/raw/images/Нейш3А-2018-1138_orig.jpg,startswith,1,Нейш3А-2018-1138,Фарфор,тарелка,0,профиль,0,фрагмент,0,0,0,train
Нейш3А-2018-1154,Тарелка,Тарелки?белоглиняной с желтой поливой снаружи и внутри венчика фр-т,керамика,"3,3х2,8 см",Фрагмент,Современный строительный мусор,,,data/raw/images/Нейш3А-2018-1154_orig.jpg,startswith,1,Нейш3А-2018-1154,Керамика,тарелка,0,венчик,0,фрагмент,0,0,1,val
Нейш3А-2018-1174,Крышка,"Сосуда фаянсового крышки с изображением креста на георгиевской ленточке (черный, желтый) фр-т",фаянс,Д=9+ см,Фрагмент,Современный строительный мусор,,,data/raw/images/Нейш3А-2018-1174_orig.jpg,startswith,1,Нейш3А-2018-1174,Фаянс,крышка,0,часть не указана,1,фрагмент,0,0,0,train
Нейш3А-2018-1178,Тарелка,Тарелки белоглиняной с желтой поливой снаружи и внутри глубокой профиль,керамика,Д=9+ см,Фрагмент,Современный строительный мусор,,,data/raw/images/Нейш3А-2018-1178_orig.jpg,startswith,1,Нейш3А-2018-1178,Керамика,тарелка,0,профиль,0,фрагмент,0,0,0,train
Нейш3А-2018-1180,Блюдце,Блюдца фарфорового клейменого профиль,фарфор,Д=10+ д=7+ см,Фрагмент,Современный строительный мусор,,,data/raw/images/Нейш3А-2018-1180_orig.jpg,startswith,1,Нейш3А-2018-1180,Фарфор,блюдце,0,профиль,0,фрагмент,0,0,0,train
Нейш3А-2018-1182,Крышка,Крышечки фарфоровой ручки шарообразной фр-т,фарфор,"Д=1,5 см",Фрагмент,Современный строительный мусор,,,data/raw/images/Нейш3А-2018-1182_orig.jpg,startswith,1,Нейш3А-2018-1182,Фарфор,крышка,0,ручка,0,фрагмент,0,0,0,train
Нейш3А-2018-1186,Плитка,Плитки с клеймом фр-т,прочее,"12,5+х12,5+ см",Фрагмент,Современный строительный мусор,,,data/raw/images/Нейш3А-2018-1186_orig.jpg,startswith,1,Нейш3А-2018-1186,Камень,прочее,1,часть не указана,1,фрагмент,0,1,0,train
Нейш3А-2018-1190,Тарелка,"Тарелки красноглиняной с белым ангобом снаружи и внутри, с прозрачной поливой и пятнистой росписью (белый, зеленый) по венчику внутри профиль",керамика,Д=11+ см,Фрагмент,Строительный мусор с включением темно-коричневой супеси,,,data/raw/images/Нейш3А-2018-1190_orig.jpg,startswith,1,Нейш3А-2018-1190,Керамика,тарелка,0,венчик,0,фрагмент,0,0,0,test
Нейш3А-2018-1232,Тарелка,Тарелочки красноглиняной венчика фр-т,керамика,Д=10+ см,Фрагмент,Темно-коричневая супесь,,,data/raw/images/Нейш3А-2018-1232_orig.jpg,startswith,1,Нейш3А-2018-1232,Керамика,тарелка,0,венчик,0,фрагмент,0,0,0,train
Нейш3А-2018-1282,Тарелка,Тарелки фаянсовой клейменой донца фр-т,фаянс,Д=8+ см,Фрагмент,Темно-коричневая супесь,,,data/raw/images/Нейш3А-2018-1282_orig.jpg,startswith,1,Нейш3А-2018-1282,Фаянс,тарелка,0,донце,0,фрагмент,0,0,0,train
Нейш3А-2018-1284,Тарелка,Тарелки фаянсовой с синим цветочным орнаментом  внутри клейменой профиль,фаянс,"5х4,5 см",Фрагмент,Темно-коричневая супесь,,,data/raw/images/Нейш3А-2018-1284_orig.jpg,startswith,1,Нейш3А-2018-1284,Фаянс,тарелка,0,профиль,0,фрагмент,0,0,0,train
Нейш3А-2018-1311,Крышка,Крышечки фарфоровой с фр-том ручки профиль,фарфор,"Д=8,5 см",Фрагмент,Темно-коричневая супесь,,,data/raw/images/Нейш3А-2018-1311_orig.jpg,startswith,1,Нейш3А-2018-1311,Фарфор,крышка,0,профиль,0,фрагмент,0,0,0,train
Нейш3А-2018-1318,Блюдце,Блюдца фарфорового клейменого профиль,фарфор,Д=13 д=8 см,Фрагмент,Темно-коричневая супесь,,,data/raw/images/Нейш3А-2018-1318_orig.jpg,startswith,1,Нейш3А-2018-1318,Фарфор,блюдце,0,профиль,0,фрагмент,0,0,0,test
Нейш3А-2018-1357,Блюдце,Блюдца фарфорового клейменого профиль,фарфор,"Д=13 д=7,5  см",Фрагмент,Темно-коричневая супесь,,,data/raw/images/Нейш3А-2018-1357_orig.jpg,startswith,1,Нейш3А-2018-1357,Фарфор,блюдце,0,профиль,0,фрагмент,0,0,0,test
Нейш3А-2018-1372,Изразец,Изразца печного красноглиняного с зеленой поливой с одной стороны фр-т,керамика,"4,5+х5,5+х1,3 см",Фрагмент,Современный строительный мусор,,,data/raw/images/Нейш3А-2018-1372_orig.jpg,startswith,1,Нейш3А-2018-1372,Керамика,изразец,0,донце,0,фрагмент,0,0,0,train
Нейш3А-2018-1379,Крышка,Крышечки фарфоровой круглой с шарообразной ручкой посередине профиль,фарфор,"Д=7,4 см",Фрагмент,Строительный мусор с включением древесного тлена,,,data/raw/images/Нейш3А-2018-1379_orig.jpg,startswith,1,Нейш3А-2018-1379,Фарфор,крышка,0,профиль,0,фрагмент,0,0,0,train
Нейш3А-2018-1390,Миска,Миски светлоглиняной со светло-коричневой поливой внутри профиль,керамика,Д=9+ см,Фрагмент,Темно-коричневая супесь,,,data/raw/images/Нейш3А-2018-1390_orig.jpg,startswith,1,Нейш3А-2018-1390,Керамика,миска,0,профиль,0,фрагмент,0,0,0,train
Нейш3А-2018-1469,Крышка,Крышечка фарфоровая круглая клейменая,фарфор,"Д=7,5 h=1,5 см",Целый,Современный строительный мусор,,,data/raw/images/Нейш3А-2018-1469_orig.jpg,startswith,1,Нейш3А-2018-1469,Фарфор,крышка,0,часть не указана,1,целый,0,0,0,train
Нейш3А-2018-1473,Крышка,Ручки?фаянсовой в форме цветка навершия фр-т,фаянс,"5х3,5х1,5 см",Фрагмент,Темно-коричневая супесь,,,data/raw/images/Нейш3А-2018-1473_orig.jpg,startswith,1,Нейш3А-2018-1473,Фаянс,крышка,0,ручка,0,фрагмент,0,0,1,train
Нейш3А-2018-1476,Тарелка,Тарелочки?прозрачного бесцветного стекла с волнообразным краем и рельефным цветочным орнаментом снаружи донца профиль,стекло,"Д=7 h=1,2 см",Фрагмент,Темно-коричневая супесь,,,data/raw/images/Нейш3А-2018-1476_orig.jpg,startswith,1,Нейш3А-2018-1476,Стекло,тарелка,0,донце,0,фрагмент,0,0,1,test
Нейш3А-2018-1509,Тарелка,"Тарелки фаянсовой с пятнистым орнаментом внутри (красный, зеленый) клейменой профиль",фаянс,"Д=10+ д=6,5+ см",Фрагмент,Темно-коричневая супесь,,,data/raw/images/Нейш3А-2018-1509_orig.jpg,startswith,1,Нейш3А-2018-1509,Фаянс,тарелка,0,профиль,0,фрагмент,0,0,0,train
Нейш3А-2018-1527,Блюдце,Блюдца фарфорового клейменого профиль,фарфор,Д=11+ д=7 см,Фрагмент,Современный строительный мусор,,,data/raw/images/Нейш3А-2018-1527_orig.jpg,startswith,1,Нейш3А-2018-1527,Фарфор,блюдце,0,профиль,0,фрагмент,0,0,0,val
Нейш3А-2018-1533,Изразец,Изразца печного красноглиняного торца фр-т,керамика,"9+х4,5+х2 см",Фрагмент,Темно-коричневая супесь,,,data/raw/images/Нейш3А-2018-1533_orig.jpg,startswith,1,Нейш3А-2018-1533,Керамика,изразец,0,часть не указана,1,фрагмент,0,0,0,train
Нейш3А-2018-1642,Миска,Миски красноглиняной с коричневой поливой снаружи и желтой внутри донца с придонной частью фр-т,керамика,"Д=14+ д=9,5 см",Фрагмент,Современный строительный мусор,,,data/raw/images/Нейш3А-2018-1642_orig.jpg,startswith,1,Нейш3А-2018-1642,Керамика,миска,0,донце,0,фрагмент,0,0,0,val
Нейш3А-2018-1660,Блюдце,Блюдца фарфорового с золотистым линейным орнаментом внутри клейменого профиль,керамика,"Д=13,8 д=7,2 см",Фрагмент,Современный строительный мусор,,,data/raw/images/Нейш3А-2018-1660_orig.jpg,startswith,1,Нейш3А-2018-1660,Керамика,блюдце,0,профиль,0,фрагмент,0,0,0,train
Нейш3А-2018-1671,Крышка,Крышечка белого непрозрачного стекла круглая,стекло,"Д=7,7 h=1,3  см",Целый,Строительный мусор с включением битого кирпича,,,data/raw/images/Нейш3А-2018-1671_orig.jpg,startswith,1,Нейш3А-2018-1671,Стекло,крышка,0,часть не указана,1,целый,0,0,0,train
Нейш3А-2018-1685,Тарелка,Тарелки фаянсовой с синим цветочным орнаментом в стиле деколь внутри клейменой профиль,фаянс,Д=25 д=15 см,Фрагмент,Современный строительный мусор,,,data/raw/images/Нейш3А-2018-1685_orig.jpg,startswith,1,Нейш3А-2018-1685,Фаянс,тарелка,0,профиль,0,фрагмент,0,0,0,train
Нейш3А-2018-1719,Блюдце,"Блюдца фарфорового с растительным орнаментом (серебристый, красный, зеленый) внутри профиль",фарфор,Д=11+ д=7 см,Фрагмент,Темно-коричневая супесь,,,data/raw/images/Нейш3А-2018-1719_orig.jpg,startswith,1,Нейш3А-2018-1719,Фарфор,блюдце,0,профиль,0,фрагмент,0,0,0,val
Нейш3А-2018-1755,Миска,Миски красноглиняной с коричневой поливой внутри профиль,керамика,Д=15+ h=7+ см,Фрагмент,Строительный мусор с включением битого кирпича,,,data/raw/images/Нейш3А-2018-1755_orig.jpg,startswith,1,Нейш3А-2018-1755,Керамика,миска,0,профиль,0,фрагмент,0,0,0,train
Нейш3А-2018-1764,Тарелка,Тарелки фарфоровой с синей отводкой края профиль,фарфор,"Д=8,5+ д=4,5+ h=7,5 см",Фрагмент,Строительный мусор с включением битого кирпича,,,data/raw/images/Нейш3А-2018-1764_orig.jpg,startswith,1,Нейш3А-2018-1764,Фарфор,тарелка,0,профиль,0,фрагмент,0,0,0,train
Нейш3А-2018-1766,Тарелка,Тарелки фарфоровой клейменой венчика фр-т,фарфор,"Д=10,5+ см",Фрагмент,Строительный мусор с включением битого кирпича,,,data/raw/images/Нейш3А-2018-1766_orig.jpg,startswith,1,Нейш3А-2018-1766,Фарфор,тарелка,0,венчик,0,фрагмент,0,0,0,test
Нейш3А-2018-1839,Крышка,Крышечка прозрачного зеленоватого стекла полусферической формы с рельефным орнаментом снаружи,стекло,"Д=5,5 h=3 см",Целый,Строительный мусор с включением битого кирпича,,,data/raw/images/Нейш3А-2018-1839_orig.jpg,startswith,1,Нейш3А-2018-1839,Стекло,крышка,0,часть не указана,1,целый,0,0,0,train
Нейш3А-2018-1911,Тарелка,Тарелки фаянсовой с зеленым цветочным орнаментом внутри профиль,фаянс,"Д=20,5+ д=13+ см",Фрагмент,Современный строительный мусор,,,data/raw/images/Нейш3А-2018-1911_orig.jpg,startswith,1,Нейш3А-2018-1911,Фаянс,тарелка,0,профиль,0,фрагмент,0,0,0,val
Нейш3А-2018-1912,Тарелка,Тарелки прозрачного бесцветного стекла с рельефным геометрическим орнаментом снаружи профиль,стекло,"Д=19 д=6,5 см",Фрагмент,Современный строительный мусор,,,data/raw/images/Нейш3А-2018-1912_orig.jpg,startswith,1,Нейш3А-2018-1912,Стекло,тарелка,0,профиль,0,фрагмент,0,0,0,train
Нейш3А-2018-1913,Тарелка,Тарелки фаянсовой глубокой с зеленой поливой по венчику внутри клейменой профиль,фарфор,"д=8,5+ см",Фрагмент,Современный строительный мусор,,,data/raw/images/Нейш3А-2018-1913_orig.jpg,startswith,1,Нейш3А-2018-1913,Фарфор,тарелка,0,венчик,0,фрагмент,0,0,0,val
Нейш3А-2018-1919,Крышка,"Крышечки фарфоровой с волнистым краем и цветочным орнаментом снаружи (красный, зеленый, серебристый) клейменой венчика фр-т",фарфор,"Д=5,5+ см",Фрагмент,Современный строительный мусор,,,data/raw/images/Нейш3А-2018-1919_orig.jpg,startswith,1,Нейш3А-2018-1919,Фарфор,крышка,0,венчик,0,фрагмент,0,0,0,test
Нейш3А-2018-1980,Тарелка,Тарелочки глубокой фаянсовой с синим геометрическим и растительным орнаментами внутри  профиль,фаянс,"Д=12,5 д=9,4 h=3,6 см",Фрагмент,Темно-коричневая супесь,,,data/raw/images/Нейш3А-2018-1980_orig.jpg,startswith,1,Нейш3А-2018-1980,Фаянс,тарелка,0,профиль,0,фрагмент,0,0,0,train
Нейш3А-2018-2040,Тарелка,Тарелки белоглиняной глубокой с желтой и зеленой поливой внутри венчика фр-т,керамика,Д=13+ см,Фрагмент,Современный строительный мусор,,,data/raw/images/Нейш3А-2018-2040_orig.jpg,startswith,1,Нейш3А-2018-2040,Керамика,тарелка,0,венчик,0,фрагмент,0,0,0,val
Нейш3А-2018-2047,Крышка,Крышки красноглиняной с темно-коричневой поливой снаружи и белой внутри полусферической формы профиль,керамика,Д=10+ см,Фрагмент,Современный строительный мусор,,,data/raw/images/Нейш3А-2018-2047_orig.jpg,startswith,1,Нейш3А-2018-2047,Керамика,крышка,0,профиль,0,фрагмент,0,0,0,train
Нейш3А-2018-2068,Изразец,Изразца печного светлоглиняного с белой поливой снаружи профиль,керамика,"6,3х10+х12+х1,7 см",Фрагмент,Современный строительный мусор,,,data/raw/images/Нейш3А-2018-2068_orig.jpg,startswith,1,Нейш3А-2018-2068,Керамика,изразец,0,профиль,0,фрагмент,0,0,0,train
Нейш3А-2018-2087,Тарелка,Тарелки красноглиняной с белой обмазкой снаружи и зеленым поливным орнаментом на коричневом фоне внутри клейменой? донца фр-т,керамика,д=12 см,Фрагмент,Темно-коричневая супесь,,,data/raw/images/Нейш3А-2018-2087_orig.jpg,startswith,1,Нейш3А-2018-2087,Керамика,тарелка,0,донце,0,фрагмент,0,0,1,test
Нейш3А-2018-2098,Миска,Миски светлоглиняной со светло-коричневой поливой снаружи и внутри донца фр-т,керамика,д=8+ см,Фрагмент,Темно-коричневая супесь,,,data/raw/images/Нейш3А-2018-2098_orig.jpg,startswith,1,Нейш3А-2018-2098,Керамика,миска,0,донце,0,фрагмент,0,0,0,test
Нейш3А-2018-2142,Блюдце,Блюдца фарфорового с розовой поливой по венчику и с золотистой отводкой края внутри профиль,фарфор,Д=8+ см,Фрагмент,Современный строительный мусор,,,data/raw/images/Нейш3А-2018-2142_orig.jpg,startswith,1,Нейш3А-2018-2142,Фарфор,блюдце,0,венчик,0,фрагмент,0,0,0,val
Нейш3А-2018-2145,Тарелка,Тарелки фаянсовой с черным линейны орнаментом внутри венчика фр-т,фаянс,"Д=6,5+ см",Фрагмент,Современный строительный мусор,,,data/raw/images/Нейш3А-2018-2145_orig.jpg,startswith,1,Нейш3А-2018-2145,Фаянс,тарелка,0,венчик,0,фрагмент,0,0,0,train
Нейш3А-2018-2170,Тарелка,Тарелки фаянсовой клейменой донца фр-т,фаянс,д=8+ см,Фрагмент,Темно-коричневая супесь,,,data/raw/images/Нейш3А-2018-2170_orig.jpg,startswith,1,Нейш3А-2018-2170,Фаянс,тарелка,0,донце,0,фрагмент,0,0,0,train
Нейш3А-2018-2216,Тарелка,Тарелки фаянсовой профиль,фаянс,Д=18+ см,Фрагмент,Строительный мусор с включением темно-коричневой супеси,,,data/raw/images/Нейш3А-2018-2216_orig.jpg,startswith,1,Нейш3А-2018-2216,Фаянс,тарелка,0,профиль,0,фрагмент,0,0,0,train
Нейш3А-2018-2327,Крышка,"Крышечка фарфоровая полусферической формы с цветочным орнаментом (розовый, зеленый, черный) и золотистой отводкой края, с шарообразной ручкой со сквозным отверстием",фарфор,"Д=6,7 см",Целый,Современный строительный мусор,,,data/raw/images/Нейш3А-2018-2327_orig.jpg,startswith,1,Нейш3А-2018-2327,Фарфор,крышка,0,ручка,0,фрагмент,0,0,0,test
Нейш3А-2018-2329,Крышка,Крышечка фарфоровая круглая с круглой ручкой со сквозным отверстием в центре,фарфор,Д=5 см,Целый,Современный строительный мусор,,,data/raw/images/Нейш3А-2018-2329_orig.jpg,startswith,1,Нейш3А-2018-2329,Фарфор,крышка,0,ручка,0,фрагмент,0,0,0,test
Нейш3А-2018-2330,Крышка,Крышечки красноглиняной со светло-коричневой поливой снаружи и внутри со сквозным круглым отверстием в центре профиль,керамика,Д=5+ см,Фрагмент,Современный строительный мусор,,,data/raw/images/Нейш3А-2018-2330_orig.jpg,startswith,1,Нейш3А-2018-2330,Керамика,крышка,0,профиль,0,фрагмент,0,0,0,train
Нейш3А-2018-2331,Крышка,Крышки красноглиняной со светло-коричневой поливой снаружи и белой внутри со сквозным отверстием в центре фр-т,керамика,Д=11+ см,Фрагмент,Современный строительный мусор,,,data/raw/images/Нейш3А-2018-2331_orig.jpg,startswith,1,Нейш3А-2018-2331,Керамика,крышка,0,часть не указана,1,фрагмент,0,0,0,train
Нейш3А-2018-2400,Крышка,Крышки красноглиняной с коричневой поливой снаружи и внутри с ручкой цилиндрической формы с круглым сквозным отверстием фр-т,керамика,"Д=9,5+ см",Фрагмент,Строительный мусор с включением темно-коричневой супеси,,,data/raw/images/Нейш3А-2018-2400_orig.jpg,startswith,1,Нейш3А-2018-2400,Керамика,крышка,0,ручка,0,фрагмент,0,0,0,train
Нейш3А-2018-2416,Изразец,Изразца печного желтоглиняного фр-т,керамика,"12,5+х3,8х4 см",Фрагмент,Строительный мусор с включением темно-коричневой супеси,,,data/raw/images/Нейш3А-2018-2416_orig.jpg,startswith,1,Нейш3А-2018-2416,Керамика,изразец,0,часть не указана,1,фрагмент,0,0,0,test
Нейш3А-2018-2435,Тарелка,Тарелки красноглиняной венчика фр-т,керамика,"Д=13,5 см",Фрагмент,"Строительный мусор, темно-коричневая супесь с включением желтой",,,data/raw/images/Нейш3А-2018-2435_orig.jpg,startswith,1,Нейш3А-2018-2435,Керамика,тарелка,0,венчик,0,фрагмент,0,0,0,train
Нейш3А-2018-2476,Крышка,Крышки белоглиняной с желтой поливой снаружи и внутри полусферической формы венчика фр-т,керамика,Д=7+ см,Фрагмент,Строительный мусор с битым кирпичом,,,data/raw/images/Нейш3А-2018-2476_orig.jpg,startswith,1,Нейш3А-2018-2476,Керамика,крышка,0,венчик,0,фрагмент,0,0,0,train
Нейш3А-2018-2510,Крышка,"Крышечки фаянсовой полусферической формы с пятнистым орнаментом снаружи (зеленый, бордовый) венчика фр-т",фаянс,Д=6+ см,Фрагмент,Строительный мусор с битым кирпичом,,,data/raw/images/Нейш3А-2018-2510_orig.jpg,startswith,1,Нейш3А-2018-2510,Фаянс,крышка,0,венчик,0,фрагмент,0,0,0,train
Нейш3А-2018-2548,Крышка,"Крышечка фарфоровая цилиндрической формы с синим линейным орнаментом, круглой ручкой в центре и отверстием под слив",фарфор,"Д=5,2 h=2 см",Целый,Строительный мусор,,,data/raw/images/Нейш3А-2018-2548_orig.jpg,startswith,1,Нейш3А-2018-2548,Фарфор,крышка,0,ручка,0,фрагмент,0,0,0,train
Нейш3А-2018-2549,Крышка,Крышечка фарфоровая полусферической формы с серебристым линейным орнаментом  и круглой ручкой в центре,фарфор,"Д=4,4 h=3 см",Целый,Строительный мусор,,,data/raw/images/Нейш3А-2018-2549_orig.jpg,startswith,1,Нейш3А-2018-2549,Фарфор,крышка,0,ручка,0,фрагмент,0,0,0,val
Нейш3А-2018-2550,Крышка,Крышечка фарфоровая круглая плоская с круглой ручкой со сквозным круглым отверстием в центре и с золотистым линейным орнаментом,фарфор,"Д=4,1 h=1,7 см",Целый,Строительный мусор,,,data/raw/images/Нейш3А-2018-2550_orig.jpg,startswith,1,Нейш3А-2018-2550,Фарфор,крышка,0,ручка,0,фрагмент,0,0,0,test
Нейш3А-2018-2551,Крышка,"Крышечка фарфоровая круглая с полихромной пятнистой росписью (синий, розовый, желтый, золотистый) снаружи с круглой ручкой со сквозным отверстием в центре",фарфор,"Д=5,1 h=2,5 см",Целый,Строительный мусор,,,data/raw/images/Нейш3А-2018-2551_orig.jpg,startswith,1,Нейш3А-2018-2551,Фарфор,крышка,0,ручка,0,фрагмент,0,0,0,val
Нейш3А-2018-2552,Крышка,"Крышечка фарфоровая круглая с цветочным орнаментом снаружи (сирень: сиреневый, зеленый)",фарфор,"Д=4,7 h=2 см",Целый,Строительный мусор,,,data/raw/images/Нейш3А-2018-2552_orig.jpg,startswith,1,Нейш3А-2018-2552,Фарфор,крышка,0,часть не указана,1,целый,0,0,0,train
Нейш3А-2018-2553,Крышка,Крышечка фарфоровая полусферической формы с серебристым линейным орнаментом  и круглой ручкой в центре,фарфор,"Д=5,8 h=3,5 см",Целый,Строительный мусор,,,data/raw/images/Нейш3А-2018-2553_orig.jpg,startswith,1,Нейш3А-2018-2553,Фарфор,крышка,0,ручка,0,фрагмент,0,0,0,train
Нейш3А-2018-2554,Крышка,"Крышечка фарфоровая круглая с пятнистым орнаментом (светло-коричневый, синий) снаружи",фарфор,"Д=5 h=2,7 см",Целый,Строительный мусор,,,data/raw/images/Нейш3А-2018-2554_orig.jpg,startswith,1,Нейш3А-2018-2554,Фарфор,крышка,0,часть не указана,1,целый,0,0,0,train
Нейш3А-2018-2555,Крышка,"Крышечка фарфоровая круглая с полихромной пятнистой росписью (синий, розовый, желтый, золотистый) снаружи с круглой ручкой со сквозным отверстием в центре",фарфор,"Д=4,4 h=2,3 см",Целый,Строительный мусор,,,data/raw/images/Нейш3А-2018-2555_orig.jpg,startswith,1,Нейш3А-2018-2555,Фарфор,крышка,0,ручка,0,фрагмент,0,0,0,train
Нейш3А-2018-2556,Крышка,"Крышечка фарфоровая круглая с цветочным орнаментом снаружи (сирень: сиреневый, зеленый)",фарфор,"Д=4,5 h=2,3 см",Целый,Строительный мусор,,,data/raw/images/Нейш3А-2018-2556_orig.jpg,startswith,1,Нейш3А-2018-2556,Фарфор,крышка,0,часть не указана,1,целый,0,0,0,train
Нейш3А-2018-2581,Блюдце,"Блюдца фарфорового с линейным орнаментом внутри (красный, золотистый) клейменого профиль",фарфор,"Д=13,5 д=7,2  см",Фрагмент,Современный строительный мусор,,,data/raw/images/Нейш3А-2018-2581_orig.jpg,startswith,1,Нейш3А-2018-2581,Фарфор,блюдце,0,профиль,0,фрагмент,0,0,0,val
Нейш3А-2018-2588,Крышка,"Крышечка фарфоровая полусферической формы с растительным орнаментом (красный, розовый, серый, желтый) снаружи и с фр-том ручки в центре",фарфор,"Д=8,5 см",Фрагмент,Современный строительный мусор,,,data/raw/images/Нейш3А-2018-2588_orig.jpg,startswith,1,Нейш3А-2018-2588,Фарфор,крышка,0,ручка,0,фрагмент,0,0,0,train
Нейш3А-2018-2665,Тарелка,Тарелки красноглиняной с коричневой поливой внутри донца фр-т,керамика,д=8+ см,Фрагмент,Темно-коричневая супесь,,,data/raw/images/Нейш3А-2018-2665_orig.jpg,startswith,1,Нейш3А-2018-2665,Керамика,тарелка,0,донце,0,фрагмент,0,0,0,train
Нейш3А-2018-2759,Крышка,Крышечка фарфоровая круглая с зеленой отводкой края и зеленым растительным орнаментом снаружи,фарфор,"Д=7,5 см",Целый,Современный строительный мусор,,,data/raw/images/Нейш3А-2018-2759_orig.jpg,startswith,1,Нейш3А-2018-2759,Фарфор,крышка,0,часть не указана,1,целый,0,0,0,train
Нейш3А-2018-2773,Миска,Миски красноглиняной тонкостенной с коричневой поливой снаружи и внутри и с рельефным орнаментом снаружи профиль,керамика,Д=5+ см,Фрагмент,Современный строительный мусор,,,data/raw/images/Нейш3А-2018-2773_orig.jpg,startswith,1,Нейш3А-2018-2773,Керамика,миска,0,профиль,0,фрагмент,0,0,0,test
Нейш3А-2018-2807,Крышка,Крышки белоглиняной с желтой поливой внутри и следами нагара снаружи венчика фр-т,керамика,Д=12+ см,Фрагмент,Темно-коричневая супесь,,,data/raw/images/Нейш3А-2018-2807_orig.jpg,startswith,1,Нейш3А-2018-2807,Керамика,крышка,0,венчик,0,фрагмент,0,0,0,val
Нейш3А-2018-2841,Блюдце,Блюдечка фарфорового с голубой поливой и золотистой отводкой края внутри профиль,фарфор,Д=3+ см,Фрагмент,Современный строительный мусор,,,data/raw/images/Нейш3А-2018-2841_orig.jpg,startswith,1,Нейш3А-2018-2841,Фарфор,блюдце,0,профиль,0,фрагмент,0,0,0,train
Нейш3А-2018-2921,Блюдце,Блюдца фарфорового с голубой каемкой внутри клейменого профиль,фарфор,"Д=12,5 см",Фрагмент,Строительный мусор,,,data/raw/images/Нейш3А-2018-2921_orig.jpg,startswith,1,Нейш3А-2018-2921,Фарфор,блюдце,0,профиль,0,фрагмент,0,0,0,test
Нейш3А-2018-2925,Блюдце,Блюдца фарфорового донца клейменого фр-т,фарфор,д=4+ см,Фрагмент,Строительный мусор,,,data/raw/images/Нейш3А-2018-2925_orig.jpg,startswith,1,Нейш3А-2018-2925,Фарфор,блюдце,0,донце,0,фрагмент,0,0,0,test
Нейш3А-2018-2926,Блюдце,"Блюдца фарфорового с бордовой отводкой края и цветочным орнаментом (розовый, желтый, зеленый, серый) внутри профиль",фарфор,"Д=4,5+ см",Фрагмент,Строительный мусор,,,data/raw/images/Нейш3А-2018-2926_orig.jpg,startswith,1,Нейш3А-2018-2926,Фарфор,блюдце,0,профиль,0,фрагмент,0,0,0,val
Нейш3А-2018-2953,Блюдце,Блюдечка фаянсового миниатюрного венчика фр-т,фаянс,"Д=8,5+ см",Фрагмент,Строительный мусор,,,data/raw/images/Нейш3А-2018-2953_orig.jpg,startswith,1,Нейш3А-2018-2953,Фаянс,блюдце,0,венчик,0,фрагмент,0,0,0,val
Нейш3А-2018-3010,Тарелка,Тарелки фаянсовой глубокой венчика фр-т,фаянс,"Д=11,5+ см",Фрагмент,Современный строительный мусор,,,data/raw/images/Нейш3А-2018-3010_orig.jpg,startswith,1,Нейш3А-2018-3010,Фаянс,тарелка,0,венчик,0,фрагмент,0,0,0,train
Нейш3А-2018-3011,Тарелка,Тарелки фаянсовой профиль,фаянс,"Д=12,5 см",Фрагмент,Современный строительный мусор,,,data/raw/images/Нейш3А-2018-3011_orig.jpg,startswith,1,Нейш3А-2018-3011,Фаянс,тарелка,0,профиль,0,фрагмент,0,0,0,test
Нейш3А-2018-3012,Тарелка,Тарелки фаянсовой профиль,фаянс,"Д=11,5+ см",Фрагмент,Современный строительный мусор,,,data/raw/images/Нейш3А-2018-3012_orig.jpg,startswith,1,Нейш3А-2018-3012,Фаянс,тарелка,0,профиль,0,фрагмент,0,0,0,test
Нейш3А-2018-3039,Тарелка,Тарелки фаянсовой венчика фр-т,фаянс,"Д=3,5+ см",Фрагмент,Заполнение могильной ямы,,,data/raw/images/Нейш3А-2018-3039_orig.jpg,startswith,1,Нейш3А-2018-3039,Фаянс,тарелка,0,венчик,0,фрагмент,0,0,0,train
Нейш3А-2018-3050,Изразец,Изразец красноглиняный с белой поливой снаружи квадратный,керамика,"15х14х5,3 см",Целый,Современный строительный мусор,,,data/raw/images/Нейш3А-2018-3050_orig.jpg,startswith,1,Нейш3А-2018-3050,Керамика,изразец,0,часть не указана,1,целый,0,0,0,train
Нейш3А-2018-3060,Блюдце,Блюдца фарфорового с зеленым растительным орнаментом внутри профиль,фарфор,Д=6+ см,Фрагмент,Современный строительный мусор,,,data/raw/images/Нейш3А-2018-3060_orig.jpg,startswith,1,Нейш3А-2018-3060,Фарфор,блюдце,0,профиль,0,фрагмент,0,0,0,val
Нейш3А-2018-3690,Блюдце,Блюдца прозрачного зеленоватого стекла с рельефным геометрическим орнаментом снаружи профиль,стекло,"Д=9х д=5,5 h=2,5 см",Фрагмент,Современный строительный мусор,,,data/raw/images/Нейш3А-2018-3690_orig.jpg,startswith,1,Нейш3А-2018-3690,Стекло,блюдце,0,профиль,0,фрагмент,0,0,0,train
Нейш3А-2018-3692,Игрушка ёлочная,Игрушка ёлочная прозрачного бесцветного хрупкого стекла в виде головы клоуна в колпаке,стекло,"5,5х8 см",Целый,Современный строительный мусор,,,data/raw/images/Нейш3А-2018-3692_orig.jpg,startswith,1,Нейш3А-2018-3692,Стекло,прочее,1,часть не указана,1,целый,0,0,0,train
Нейш3А-2018-3712,Изразец,Изразца?светлоглиняного с желтой поливой и рельефным орнаментом снаружи стенки фр-т,керамика,"4,5+х6,5+х0,6 см",Фрагмент,Современный строительный мусор,,,data/raw/images/Нейш3А-2018-3712_orig.jpg,startswith,1,Нейш3А-2018-3712,Керамика,изразец,0,прочее,0,фрагмент,0,0,1,train
Нейш3А-2018-3748,Блюдце,Блюдца фарфорового с золотистой отводкой центра и голубой поливой по стенкам внутри донца клейменого фр-т,фарфор,Д=8+ см,Фрагмент,Современный строительный мусор,,,data/raw/images/Нейш3А-2018-3748_orig.jpg,startswith,1,Нейш3А-2018-3748,Фарфор,блюдце,0,донце,0,фрагмент,0,0,0,train
Нейш3А-2018-3996,Блюдце,Блюдце прозрачного бесцветного стекла с рельефным орнаментом снаружи клейменое,стекло,"Д=8,5 h=1,5 см",Целый,Современный строительный мусор,,,data/raw/images/Нейш3А-2018-3996_orig.jpg,startswith,1,Нейш3А-2018-3996,Стекло,блюдце,0,часть не указана,1,целый,0,0,0,train
Нейш3А-2018-4068,Крышка,Крышка фарфоровая полусферической формы с подцилиндрической ручкой в центре,фарфор,"7,5х3,5 см",Фрагмент,Современный строительный мусор,,,data/raw/images/Нейш3А-2018-4068_orig.jpg,startswith,1,Нейш3А-2018-4068,Фарфор,крышка,0,ручка,0,фрагмент,0,0,0,val
Нейш3А-2018-4071,Плитка,Плитка пирогранитная квадратная клейменая,прочее,"14,4х14,2х1,2 см",Целый,Современный строительный мусор,,,data/raw/images/Нейш3А-2018-4071_orig.jpg,startswith,1,Нейш3А-2018-4071,Гранит,прочее,1,часть не указана,1,целый,0,1,0,train
Нейш3А-2018-4085,Изразец,Изразец печной светлоглиняный белополивной клейменый,керамика,"10,5х5х21+ см",Целый,Современный строительный мусор,,,data/raw/images/Нейш3А-2018-4085_orig.jpg,startswith,1,Нейш3А-2018-4085,Глина,изразец,0,часть не указана,1,целый,0,0,0,train
Нейш3А-2018-4094,Крышка,Крышки прозрачного бесцветного стекла полусферической формы с усеченной вершиной и с рельефным орнаментом снаружи профиль,стекло,"Д=12,5+ см",Фрагмент,Современный строительный мусор,,,data/raw/images/Нейш3А-2018-4094_orig.jpg,startswith,1,Нейш3А-2018-4094,Стекло,крышка,0,профиль,0,фрагмент,0,0,0,train
Нейш3А-2018-4342,Крышка,Ручка (крышки/сосуда) красноглиняная с коричневой поливой и рельефным изображением цветка,керамика,"1,8х1,2х4,3 см",Фрагмент,Современный строительный мусор,,,data/raw/images/Нейш3А-2018-4342_orig.jpg,startswith,1,Нейш3А-2018-4342,Керамика,крышка,0,ручка,0,фрагмент,0,0,0,train
Нейш3А-2018-4499,Крышка,Крышка прозрачного светло-зеленого стекла круглая,стекло,"7,7х1,5 см",Целый,Современный строительный мусор,,,data/raw/images/Нейш3А-2018-4499_orig.jpg,startswith,1,Нейш3А-2018-4499,Стекло,крышка,0,часть не указана,1,целый,0,0,0,test
Нейш3А-2018-4581,Тарелка,"Тарелки фарфоровой с растительным орнаментом (красный, черный) на донце внутри и черной отводкой края внутри клейменой профиль",фарфор,"Д=20 д=10 h=4,2 см",Фрагмент,Современный строительный мусор,,,data/raw/images/Нейш3А-2018-4581_orig.jpg,startswith,1,Нейш3А-2018-4581,Фарфор,тарелка,0,донце,0,фрагмент,0,0,0,train
Нейш3А-2018-4582,Блюдце,"Блюдца фарфорового с цветочным орнаментом (розовый, зеленый, оранжевый, красный) внутри клейменого профиль",фарфор,"Д=18 д=10,5 h=2 см",Фрагмент,Современный строительный мусор,,,data/raw/images/Нейш3А-2018-4582_orig.jpg,startswith,1,Нейш3А-2018-4582,Фарфор,блюдце,0,профиль,0,фрагмент,0,0,0,train
Нейш3А-2018-4583,Блюдце,"Блюдца фарфорового с цветочным орнаментом и изображением птицы (розовый, оранжевый, зеленый, синий, коричневый, золотистый), с золотистой отводкой края внутри клейменой профиль",фарфор,"Д=14,5 д=7 h=2,3 см",Фрагмент,Современный строительный мусор,,,data/raw/images/Нейш3А-2018-4583_orig.jpg,startswith,1,Нейш3А-2018-4583,Фарфор,блюдце,0,профиль,0,фрагмент,0,0,0,train
Нейш3А-2018-4603,Блюдце,Блюдце фарфоровое с зеленой поливой по венчику внутри клейменое,фарфор,"Д=20 д=11 h=2,7 см",Целый,Современный строительный мусор,,,data/raw/images/Нейш3А-2018-4603_orig.jpg,startswith,1,Нейш3А-2018-4603,Фарфор,блюдце,0,венчик,0,фрагмент,0,0,0,train
Нейш3А-2018-4604,Тарелка,Тарелка фарфоровая с зеленой поливой по венчику внутри клейменая,фарфор,"Д=25,7 д=11,8 h=5,3 см",Целый,Современный строительный мусор,,,data/raw/images/Нейш3А-2018-4604_orig.jpg,startswith,1,Нейш3А-2018-4604,Фарфор,тарелка,0,венчик,0,фрагмент,0,0,0,train
Нейш3А-2018-4678,Тарелка,Тарелки фаянсовой профиль,фаянс,"Д=13+ д=8+ h=3,5 см",Фрагмент,Строительный мусор с включением темно-коричневой супеси,,,data/raw/images/Нейш3А-2018-4678_orig.jpg,startswith,1,Нейш3А-2018-4678,Фаянс,тарелка,0,профиль,0,фрагмент,0,0,0,train
Нейш3А-2018-4680,Миска,Миски светлоглиняной с темно-желтой поливой снаружи и внутри клейменой донца с придонной частью фр-т,керамика,д=12+ см,Фрагмент,Строительный мусор с включением темно-коричневой супеси,,,data/raw/images/Нейш3А-2018-4680_orig.jpg,startswith,1,Нейш3А-2018-4680,Керамика,миска,0,донце,0,фрагмент,0,0,0,train
Нейш3А-2018-4742,Блюдце,"Блюдца фарфорового с цветочным орнаментом (синий, черный, серый) внутри клейменого профиль",фарфор,"Д=14,5 д=8,2 h=2,4 см",Фрагмент,Современный строительный мусор,,,data/raw/images/Нейш3А-2018-4742_orig.jpg,startswith,1,Нейш3А-2018-4742,Фарфор,блюдце,0,профиль,0,фрагмент,0,0,0,train
Нейш3А-2018-4743,Блюдце,"Блюдца фарфорового орнаментированного (темно-синий, золотистый) с золотистой отводкой края внутри клейменого профиль",фарфор,"Д=12,5+ д=6+ h=2,4 см",Фрагмент,Современный строительный мусор,,,data/raw/images/Нейш3А-2018-4743_orig.jpg,startswith,1,Нейш3А-2018-4743,Фарфор,блюдце,0,профиль,0,фрагмент,0,0,0,train
Нейш3А-2018-4749,Тарелка,"Тарелки фарфоровой с оранжевой отводкой краев венчика и цветочным орнаментом (фиолетовый, желтый, зеленый, голубой) внутри профиль",фарфор,Д=19+ д=7+ h=6 см,Фрагмент,Современный строительный мусор,,,data/raw/images/Нейш3А-2018-4749_orig.jpg,startswith,1,Нейш3А-2018-4749,Фарфор,тарелка,0,венчик,0,фрагмент,0,0,0,train
Нейш3А-2018-4751,Блюдце,"Блюдца фарфорового с линейным и цветочным орнаментом (оранжевый, зеленый, розовый, синий) внутри клейменого профиль",фарфор,"Д=10,5 д=8,2 h=2,4 см",Фрагмент,Современный строительный мусор,,,data/raw/images/Нейш3А-2018-4751_orig.jpg,startswith,1,Нейш3А-2018-4751,Фарфор,блюдце,0,профиль,0,фрагмент,0,0,0,train
Нейш3А-2018-4837,Миска,Миски красноглиняной с коричневой поливой внутри профиль,керамика,"Д=13+ д=10+ h=6,5 см",Фрагмент,Строительный мусор с включением битого кирпича,,,data/raw/images/Нейш3А-2018-4837_orig.jpg,startswith,1,Нейш3А-2018-4837,Керамика,миска,0,профиль,0,фрагмент,0,0,0,val
Нейш3А-2018-4912,Тарелка,Тарелки фаянсовой орнаментированной с темно-зеленой отводкой края венчика фр-т,фаянс,Д=21 см,Фрагмент,Современный строительный мусор,,,data/raw/images/Нейш3А-2018-4912_orig.jpg,startswith,1,Нейш3А-2018-4912,Фаянс,тарелка,0,венчик,0,фрагмент,0,0,0,train
Нейш3А-2018-4914,Тарелка,Тарелки фаянсовой расписной профиль,фаянс,"Д=18,5+ д=13+ h=3 см",Фрагмент,Современный строительный мусор,,,data/raw/images/Нейш3А-2018-4914_orig.jpg,startswith,1,Нейш3А-2018-4914,Фаянс,тарелка,0,профиль,0,фрагмент,0,0,0,test
Нейш3А-2018-4942,Блюдце,Блюдце фарфоровое клейменое,фарфор,"Д=14,5 д=8,7 h=2,7 см",Целый,Современный строительный мусор,,,data/raw/images/Нейш3А-2018-4942_orig.jpg,startswith,1,Нейш3А-2018-4942,Фарфор,блюдце,0,часть не указана,1,целый,0,0,0,train
Нейш3А-2018-4945,Блюдце,Блюдце фарфоровое с черной и зеленой отводкой края и с черно-белым цветочным орнаментом внутри клейменое,фарфор,"Д=15 д=8,5 h=2,2 см",Целый,Современный строительный мусор,,,data/raw/images/Нейш3А-2018-4945_orig.jpg,startswith,1,Нейш3А-2018-4945,Фарфор,блюдце,0,часть не указана,1,целый,0,0,0,test
Нейш3А-2018-4950,Тарелка,"Тарелки фаянсовой с линейным орнаментом (светло-зеленый, красный) по венчику внутри клейменой профиль",фаянс,"Д=15+ д=11,5 h=5,5 см",Фрагмент,Современный строительный мусор,,,data/raw/images/Нейш3А-2018-4950_orig.jpg,startswith,1,Нейш3А-2018-4950,Фаянс,тарелка,0,венчик,0,фрагмент,0,0,0,train
Нейш3А-2018-4972,Тарелка,"Тарелки фарфоровой с зеленой поливой по венчику и с цветочным орнаментом (красный, зеленый, черный) на белом фоне на донце внутри клейменой профиль",фарфор,"Д=16,5+ д=13 h=3 см",Фрагмент,Современный строительный мусор,,,data/raw/images/Нейш3А-2018-4972_orig.jpg,startswith,1,Нейш3А-2018-4972,Фарфор,тарелка,0,венчик,0,фрагмент,0,0,0,test
Нейш3А-2018-4973,Тарелка,Тарелки фарфоровой расписанной синим венчика фр-т,фарфор,Д=7+ см,Фрагмент,Современный строительный мусор,,,data/raw/images/Нейш3А-2018-4973_orig.jpg,startswith,1,Нейш3А-2018-4973,Фарфор,тарелка,0,венчик,0,фрагмент,0,0,0,test
Нейш3А-2018-4976,Тарелка,Тарелка фаянсовая с голубой и серебристой отводкой волнообразного венчика,фаянс,"Д=25 д=13 h=2,8 см",Целый,Современный строительный мусор,,,data/raw/images/Нейш3А-2018-4976_orig.jpg,startswith,1,Нейш3А-2018-4976,Фаянс,тарелка,0,венчик,0,фрагмент,0,0,0,train
Нейш3А-2018-4977,Тарелка,Тарелки фаянсовой донца клейменого фр-т,фаянс,"д=7,5+ см",Фрагмент,Строительный мусор с включением битого кирпича,,,data/raw/images/Нейш3А-2018-4977_orig.jpg,startswith,1,Нейш3А-2018-4977,Фаянс,тарелка,0,донце,0,фрагмент,0,0,0,test
Нейш3А-2018-4978,Тарелка,Тарелки фаянсовой донца клейменого фр-т,фаянс,"д=6,5+ см",Фрагмент,Строительный мусор с включением битого кирпича,,,data/raw/images/Нейш3А-2018-4978_orig.jpg,startswith,1,Нейш3А-2018-4978,Фаянс,тарелка,0,донце,0,фрагмент,0,0,0,train
Нейш3А-2018-5002,Тарелка,"Тарелки фарфоровой с изображением цветка (розовый, зеленый) на венчике внутри клейменой профиль",фарфор,"Д=23,5 д=11,5 h=5 см",Фрагмент,Современный строительный мусор,,,data/raw/images/Нейш3А-2018-5002_orig.jpg,startswith,1,Нейш3А-2018-5002,Фарфор,тарелка,0,венчик,0,фрагмент,0,0,0,train
Нейш3А-2018-5003,Блюдце,"Блюдца фарфорового с линейным орнаментом (зеленый, оранжевый, черный) внутри клейменого профиль",фарфор,"Д= 13,5 д=9,5 h=2,3 см",Фрагмент,Современный строительный мусор,,,data/raw/images/Нейш3А-2018-5003_orig.jpg,startswith,1,Нейш3А-2018-5003,Фарфор,блюдце,0,профиль,0,фрагмент,0,0,0,train
Нейш3А-2018-5004,Тарелка,"Тарелочки фарфоровой с линейным орнаментом (красный, зеленый) внутри профиль",фарфор,"Д=11+ д=7,5 h=3,1 см",Фрагмент,Современный строительный мусор,,,data/raw/images/Нейш3А-2018-5004_orig.jpg,startswith,1,Нейш3А-2018-5004,Фарфор,тарелка,0,профиль,0,фрагмент,0,0,0,train
Нейш3А-2018-5005,Блюдце,Блюдца фарфорового расписного донца фр-т,фарфор,"д=7,5+ см",Фрагмент,Современный строительный мусор,,,data/raw/images/Нейш3А-2018-5005_orig.jpg,startswith,1,Нейш3А-2018-5005,Фарфор,блюдце,0,донце,0,фрагмент,0,0,0,train
Нейш3А-2018-5125,Тарелка,Тарелки красноглиняной с коричневой поливой и желто-поливным волнистым орнаментом внутри венчика фр-т,керамика,Д=8+ см,Фрагмент,Современный строительный мусор,,,data/raw/images/Нейш3А-2018-5125_orig.jpg,startswith,1,Нейш3А-2018-5125,Керамика,тарелка,0,венчик,0,фрагмент,0,0,0,val
Нейш3А-2018-5132,Тарелка,"Тарелки белоглиняной с полихромной поливой (желтый, коричневый, зеленый) и рельефным орнаментом внутри венчика фр-т",керамика,Д=7+ см,Фрагмент,Строительный мусор с включением древесного тлена,,,data/raw/images/Нейш3А-2018-5132_orig.jpg,startswith,1,Нейш3А-2018-5132,Керамика,тарелка,0,венчик,0,фрагмент,0,0,0,train
Нейш3А-2018-5182,Блюдце,"Блюдца фарфорового с коричневой отводкой края и центра и цветочным орнаментом (розовый, красный, зеленый) внутри клейменого профиль",фарфор,"Д=11+ д=6,5+ h=3,5 см",Фрагмент,Строительный мусор с включением желтой супеси,,,data/raw/images/Нейш3А-2018-5182_orig.jpg,startswith,1,Нейш3А-2018-5182,Фарфор,блюдце,0,профиль,0,фрагмент,0,0,0,val
Нейш3А-2018-5221,Блюдце,Блюдца фарфорового клейменого донца фр-т,фарфор,"д=4,5+ см",Фрагмент,Современный строительный мусор,,,data/raw/images/Нейш3А-2018-5221_orig.jpg,startswith,1,Нейш3А-2018-5221,Фарфор,блюдце,0,донце,0,фрагмент,0,0,0,train
Нейш3А-2018-5225,Тарелка,"Тарелки фарфоровой с цветочным орнаментом (розовый, оранжевый, зеленый, красный) внутри клейменой профиль",фарфор,"Д=16+ д=11,5 h=2,5 см",Фрагмент,Современный строительный мусор,,,data/raw/images/Нейш3А-2018-5225_orig.jpg,startswith,1,Нейш3А-2018-5225,Фарфор,тарелка,0,профиль,0,фрагмент,0,0,0,train
Нейш3А-2018-5229,Тарелка,"Тарелочки фаянсовой с цветочным орнаментом (розовый, зеленый) внутри клейменой профиль",фаянс,"Д=13,5 д=8,5 h=2,5 см",Фрагмент,Современный строительный мусор,,,data/raw/images/Нейш3А-2018-5229_orig.jpg,startswith,1,Нейш3А-2018-5229,Фаянс,тарелка,0,профиль,0,фрагмент,0,0,0,test
Нейш3А-2018-5232,Блюдце,Блюдца фарфорового с фиолетовой поливой по венчику и с фр-том морского пейзажа в золоченой рамке внутри профиль,фарфор,"Д=7,5+ д=5+ h=3 см",Фрагмент,Современный строительный мусор,,,data/raw/images/Нейш3А-2018-5232_orig.jpg,startswith,1,Нейш3А-2018-5232,Фарфор,блюдце,0,венчик,0,фрагмент,0,0,0,train
Нейш3А-2018-5233,Блюдце,Блюдца фарфорового клейменого профиль,фарфор,"Д=14,5 д=8,5 h=3  см",Фрагмент,Современный строительный мусор,,,data/raw/images/Нейш3А-2018-5233_orig.jpg,startswith,1,Нейш3А-2018-5233,Фарфор,блюдце,0,профиль,0,фрагмент,0,0,0,train
Нейш3А-2018-5236,Тарелка,"Тарелки фарфоровой с цветочным орнаментом (зеленый, оранжевый, розовый) внутри клейменой профиль",фарфор,"Д=23,8 д=11,7 h=5,5 см",Фрагмент,Современный строительный мусор,,,data/raw/images/Нейш3А-2018-5236_orig.jpg,startswith,1,Нейш3А-2018-5236,Фарфор,тарелка,0,профиль,0,фрагмент,0,0,0,train
Нейш3А-2018-5303,Миска,Миски красноглиняной профиль,керамика,"Д=9,5+ д=7,5+ h=4 см",Фрагмент,Современный строительный мусор,,,data/raw/images/Нейш3А-2018-5303_orig.jpg,startswith,1,Нейш3А-2018-5303,Керамика,миска,0,профиль,0,фрагмент,0,0,0,train
Нейш3А-2018-5597,Блюдце,"Блюдца фаянсового с голубой поливой снаружи и с рельефным растительным орнаментом (голубой, зеленый, бордовый) внутри профиль",фаянс,"Д=9+ д=5,7 h=3,7 см",Фрагмент,Строительный мусор с включением битого кирпича,,,data/raw/images/Нейш3А-2018-5597_orig.jpg,startswith,1,Нейш3А-2018-5597,Фаянс,блюдце,0,профиль,0,фрагмент,0,0,0,val
Нейш3А-2018-5599,Тарелка,Тарелки фаянсовой с синим цветочным орнаментом внутри донца клейменого фр-т,фаянс,"д=11,5 см",Фрагмент,Строительный мусор с включением битого кирпича,,,data/raw/images/Нейш3А-2018-5599_orig.jpg,startswith,1,Нейш3А-2018-5599,Фаянс,тарелка,0,донце,0,фрагмент,0,0,0,train
Нейш3А-2018-5618,Крышка,Крышки светлоглиняной со светло-коричневой поливой снаружи и внутри профиль,керамика,Д=11+ см,Фрагмент,Желтая супесь с включением темно-коричневой,,,data/raw/images/Нейш3А-2018-5618_orig.jpg,startswith,1,Нейш3А-2018-5618,Керамика,крышка,0,профиль,0,фрагмент,0,0,0,train
Нейш3А-2018-5619,Тарелка,Тарелочки светлоглиняной со светло-коричневой поливой снаружи и внутри и выпуклым орнаментом снаружи профиль,керамика,"Д=5+ д=3,5+ h=3 см",Фрагмент,Желтая супесь с включением темно-коричневой,,,data/raw/images/Нейш3А-2018-5619_orig.jpg,startswith,1,Нейш3А-2018-5619,Керамика,тарелка,0,профиль,0,фрагмент,0,0,0,train
Нейш3А-2018-5661,Тарелка,"Тарелки фарфоровой с линейным орнаментом (синий, золотистый) внутри профиль",фарфор,"Д=11,5+ д=5+ h=5,5 см",Фрагмент,Современный строительный мусор,,,data/raw/images/Нейш3А-2018-5661_orig.jpg,startswith,1,Нейш3А-2018-5661,Фарфор,тарелка,0,профиль,0,фрагмент,0,0,0,val
Нейш3А-2018-5706,Блюдце,"Блюдца фарфорового с золотистой и синей отводкой края и цветочным орнаментом (розовый, желтый, зеленый) внутри профиль",фарфор,"Д=14+ д=7,5+ h=3 см",Фрагмент,Современный строительный мусор,,,data/raw/images/Нейш3А-2018-5706_orig.jpg,startswith,1,Нейш3А-2018-5706,Фарфор,блюдце,0,профиль,0,фрагмент,0,0,0,test
Нейш3А-2018-5708,Тарелка,Тарелки фаянсовой донца клейменого фр-т,фаянс,"д=9,5+ см",Фрагмент,Современный строительный мусор,,,data/raw/images/Нейш3А-2018-5708_orig.jpg,startswith,1,Нейш3А-2018-5708,Фаянс,тарелка,0,донце,0,фрагмент,0,0,0,train
Нейш3А-2018-5721,Блюдце,Блюдца фарфорового с красной отводкой края и центра внутри клейменого профиль,фарфор,"Д=8+ д=5,5+ h=3,5 см",Фрагмент,Современный строительный мусор,,,data/raw/images/Нейш3А-2018-5721_orig.jpg,startswith,1,Нейш3А-2018-5721,Фарфор,блюдце,0,профиль,0,фрагмент,0,0,0,train
Нейш3А-2018-5730,Крышка,Крышки белоглиняной с желтой поливой внутри и по венчику снаружи профиль,керамика,"Д=27,5 h=10 см",Фрагмент,Строительный мусор с включением битого кирпича,,,data/raw/images/Нейш3А-2018-5730_orig.jpg,startswith,1,Нейш3А-2018-5730,Керамика,крышка,0,венчик,0,фрагмент,0,0,0,train
Нейш3А-2018-5763,Тарелка,Тарелки фаянсовой с зеленой пейзажной росписью в стиле деколь внутри донца клейменого фр-т,фаянс,д=9+ см,Фрагмент,Современный строительный мусор,,,data/raw/images/Нейш3А-2018-5763_orig.jpg,startswith,1,Нейш3А-2018-5763,Фаянс,тарелка,0,донце,0,фрагмент,0,0,0,train
Нейш3А-2018-5863,Тарелка,Тарелки красноглиняной со светло-коричневой поливой снаружи и внутри профиль,керамика,"Д=14,5+ д=10,7 h=8 см",Фрагмент,Строительный мусор с включением битого кирпича,,,data/raw/images/Нейш3А-2018-5863_orig.jpg,startswith,1,Нейш3А-2018-5863,Керамика,тарелка,0,профиль,0,фрагмент,0,0,0,test
Нейш3А-2018-5886,Тарелка,Тарелки красноглиняной толстостенной с зеленой поливой внутри и по верху снаружи профиль,керамика,"Д=12,5 д=8+ h=11 см",Фрагмент,Строительный мусор с включением битого кирпича,,,data/raw/images/Нейш3А-2018-5886_orig.jpg,startswith,1,Нейш3А-2018-5886,Керамика,тарелка,0,профиль,0,фрагмент,0,0,0,val
Нейш3А-2018-5893,Тарелка,Тарелочки?белоглиняной с рельефным изображением внутри венчика фр-т,керамика,Д=6+ см,Фрагмент,Строительный мусор с включением битого кирпича,,,data/raw/images/Нейш3А-2018-5893_orig.jpg,startswith,1,Нейш3А-2018-5893,Керамика,тарелка,0,венчик,0,фрагмент,0,0,1,train
Нейш3А-2018-5912,Тарелка,Тарелки красноглиняной с коричневой поливой снаружи и внутри профиль,керамика,"Д=16,5 д=10 h=7,5 см",Фрагмент,Современный строительный мусор,,,data/raw/images/Нейш3А-2018-5912_orig.jpg,startswith,1,Нейш3А-2018-5912,Керамика,тарелка,0,профиль,0,фрагмент,0,0,0,train
Нейш3А-2018-5925,Тарелка,Тарелки светлоглиняной со светло-коричневой поливой внутри профиль,керамика,"Д=16+ д=3,5+ h=6,5 см",Фрагмент,Современный строительный мусор,,,data/raw/images/Нейш3А-2018-5925_orig.jpg,startswith,1,Нейш3А-2018-5925,Керамика,тарелка,0,профиль,0,фрагмент,0,0,0,test
Нейш3А-2018-5959,Крышка,Крышечка красноглиняная с темно-коричневой поливой снаружи и внутри круглая с фр-том круглой ручки в центре,керамика,"Д=6,3 см",Фрагмент,Современный строительный мусор,,,data/raw/images/Нейш3А-2018-5959_orig.jpg,startswith,1,Нейш3А-2018-5959,Керамика,крышка,0,ручка,0,фрагмент,0,0,0,train
Нейш3А-2018-5970,Крышка,Крышечка?фарфоровая плоская с зеленой поливой и золотистой отводкой края снаружи и фр-том прилепа ручки в центре,фарфор,"Д=3,4 см",Фрагмент,Современный строительный мусор,,,data/raw/images/Нейш3А-2018-5970_orig.jpg,startswith,1,Нейш3А-2018-5970,Фарфор,крышка,0,ручка,0,фрагмент,0,0,1,val
Нейш3А-2018-5986,Крышка,Крышки красноглиняной с коричневой поливой снаружи и круглой ручкой в центре профиль,керамика,Д=23  см,Фрагмент,Современный строительный мусор,,,data/raw/images/Нейш3А-2018-5986_orig.jpg,startswith,1,Нейш3А-2018-5986,Керамика,крышка,0,профиль,0,фрагмент,0,0,0,train
Нейш3А-2018-6024,Миска,Миски светлоглиняной со светло-коричневой поливой снаружи и внутри венчика фр-т,керамика,"Д=11,5+ см",Фрагмент,Современный строительный мусор,,,data/raw/images/Нейш3А-2018-6024_orig.jpg,startswith,1,Нейш3А-2018-6024,Керамика,миска,0,венчик,0,фрагмент,0,0,0,train
Нейш3А-2018-6025,Тарелка,Тарелочки красноглиняной подовальной формы с темно-коричневой поливой снаружи и внутри и с рельефным цветочным орнаментом внутри профиль,керамика,"7+х4,5+; донце 5+х3+ h=2,5 см",Фрагмент,Современный строительный мусор,,,data/raw/images/Нейш3А-2018-6025_orig.jpg,startswith,1,Нейш3А-2018-6025,Керамика,тарелка,0,профиль,0,фрагмент,0,0,0,test
Нейш3А-2018-6028,Миска,"Миски светлоглиняной с желтой поливой внутри и светло-коричневой по верху снаружи, со штампованным орнаментом по венчику снаружи профиль",керамика,"Д=13,5+ д=12,5+ h=9,5 см",Фрагмент,Современный строительный мусор,,,data/raw/images/Нейш3А-2018-6028_orig.jpg,startswith,1,Нейш3А-2018-6028,Керамика,миска,0,венчик,0,фрагмент,0,0,0,train
Нейш3А-2018-6055,Крышка,Крышки светлоглиняной со светло-коричневой поливой снаружи и круглой ручкой с вогнутым центом и отверстием в нем профиль,керамика,Д=24 см,Фрагмент,Современный строительный мусор,,,data/raw/images/Нейш3А-2018-6055_orig.jpg,startswith,1,Нейш3А-2018-6055,Керамика,крышка,0,профиль,0,фрагмент,0,0,0,train
Нейш3А-2018-6220,Миска,Миски красноглиняной с темно-зеленой поливой снаружи и внутри профиль,керамика,"Д=22,2 д=10,8 h=10,5 см",Фрагмент,Современный строительный мусор,,,data/raw/images/Нейш3А-2018-6220_orig.jpg,startswith,1,Нейш3А-2018-6220,Керамика,миска,0,профиль,0,фрагмент,0,0,0,train
Нейш3А-2018-6297,Миска,Миски красноглиняной с коричневой поливой снаружи и внутри профиль,керамика,"Д=15+ д=11,3 h=8 см",Целый,Современный строительный мусор,,,data/raw/images/Нейш3А-2018-6297_orig.jpg,startswith,1,Нейш3А-2018-6297,Керамика,миска,0,профиль,0,фрагмент,0,0,0,train
Нейш3А-2018-6973,Тарелка,"Тарелки фаянсовой расписной (красный, зеленый, синий, черный) внутри клейменой донца фр-т",фаянс,"д=6,5 см",Фрагмент,Темно-коричневая супесь,,,data/raw/images/Нейш3А-2018-6973_orig.jpg,startswith,1,Нейш3А-2018-6973,Фаянс,тарелка,0,донце,0,фрагмент,0,0,0,val
Нейш3А-2018-7127,Тарелка,"Тарелки светлоглиняной толстостенной с темно-зеленой поливой и рельефным растительным орнаментом снаружи (коричневый, черный) и темно-зеленой и коричневой поливой внутри венчика фр-т",керамика,Д=21+ см,Фрагмент,Современный строительный мусор,,,data/raw/images/Нейш3А-2018-7127_orig.jpg,startswith,1,Нейш3А-2018-7127,Керамика,тарелка,0,венчик,0,фрагмент,0,0,0,train
Нейш3А-2018-7177,Крышка,Крышки светлоглиняной с коричневой поливой снаружи и круглой ручкой в центре профиль,керамика,Д=8+ см,Фрагмент,Темно-коричневая супесь,,,data/raw/images/Нейш3А-2018-7177_orig.jpg,startswith,1,Нейш3А-2018-7177,Керамика,крышка,0,профиль,0,фрагмент,0,0,0,train
Нейш3А-2018-7185,Тарелка,"Тарелки фарфоровой с цветочным орнаментом (красный, розовый, желтый, зеленый) профиль",фарфор,"Д=10+ д=7+ h=2,5 см",Фрагмент,Темно-коричневая супесь,,,data/raw/images/Нейш3А-2018-7185_orig.jpg,startswith,1,Нейш3А-2018-7185,Фарфор,тарелка,0,профиль,0,фрагмент,0,0,0,train
Нейш3А-2018-7193,Тарелка,Тарелки фаянсовой с синим цветочным орнаментом внутри клейменой профиль,фаянс,"Д=18,5+ д=14 h=4 см",Фрагмент,Темно-коричневая супесь,,,data/raw/images/Нейш3А-2018-7193_orig.jpg,startswith,1,Нейш3А-2018-7193,Фаянс,тарелка,0,профиль,0,фрагмент,0,0,0,test
Нейш3А-2018-7194,Тарелка,Тарелки фаянсовой клейменой профиль,фаянс,"Д=18,5+ д=13 h=2,5 см",Фрагмент,Темно-коричневая супесь,,,data/raw/images/Нейш3А-2018-7194_orig.jpg,startswith,1,Нейш3А-2018-7194,Фаянс,тарелка,0,профиль,0,фрагмент,0,0,0,train
Нейш3А-2018-7207,Тарелка,Тарелки фаянсовой с синей пейзажной росписью внутри донца фр-т,фаянс,"д=10,5+  см",Фрагмент,Темно-коричневая супесь,,,data/raw/images/Нейш3А-2018-7207_orig.jpg,startswith,1,Нейш3А-2018-7207,Фаянс,тарелка,0,донце,0,фрагмент,0,0,0,train
Нейш3А-2018-7213,Тарелка,Тарелки фаянсовой глубокой профиль,фаянс,"Д=17+ д=8,5+ h=9,5 см",Фрагмент,Темно-коричневая супесь,,,data/raw/images/Нейш3А-2018-7213_orig.jpg,startswith,1,Нейш3А-2018-7213,Фаянс,тарелка,0,профиль,0,фрагмент,0,0,0,train
Нейш3А-2018-7215,Блюдце,Блюдца фаянсового с синей росписью внутри профиль,фаянс,"Д=11+ д=8,5+ h=3 см",Фрагмент,Темно-коричневая супесь,,,data/raw/images/Нейш3А-2018-7215_orig.jpg,startswith,1,Нейш3А-2018-7215,Фаянс,блюдце,0,профиль,0,фрагмент,0,0,0,train
Нейш3А-2018-7216,Тарелка,Тарелки фаянсовой с синей пейзажной росписью внутри клейменой профиль,фаянс,"Д=16,5 д=11 h=3,5 см",Фрагмент,Строительный мусор с включением темно-коричневой супеси,,,data/raw/images/Нейш3А-2018-7216_orig.jpg,startswith,1,Нейш3А-2018-7216,Фаянс,тарелка,0,профиль,0,фрагмент,0,0,0,val
Нейш3А-2018-7338,Тарелка,Тарелки фаянсовой клейменой профиль,фаянс,"Д=11,5+ д=8,5 h=3 см",Фрагмент,Современный строительный мусор,,,data/raw/images/Нейш3А-2018-7338_orig.jpg,startswith,1,Нейш3А-2018-7338,Фаянс,тарелка,0,профиль,0,фрагмент,0,0,0,train
Нейш3А-2019-113,Миска,Миски красноглиняной с коричневой поливой снаружи и внутри венчика фр-т,керамика,Д=ок.23,Фрагмент,Серая супесь,,,data/raw/images/Нейш3А-2019-113_orig.jpg,startswith,1,Нейш3А-2019-113,Керамика,миска,0,венчик,0,фрагмент,0,0,0,train
Нейш3А-2019-097,Крышка,"Крышка фарфоровая с белой поливой снаружи и внутри и росписью снаружи (синий, розовый, серебристый) и круглой ручкой с круглым сквозным отверстием",фарфор,"Д=5,7",Целый,Строительный мусор,,,data/raw/images/Нейш3А-2019-097_orig.jpg,startswith,1,Нейш3А-2019-097,Фарфор,крышка,0,ручка,0,фрагмент,0,0,0,train
Т-12-Р2-1418,Плитка,Плитки из каменной массы с клеймом фр-т,прочее,,Фрагмент,Слой 5 (слой разрушения построек 1-4)/ гориз.2,,,data/raw/images/Т-12-Р2-1418_orig.jpg,startswith,1,Т-12-Р2-1418,Каменная масса,прочее,1,часть не указана,1,фрагмент,0,1,0,val
Т-12-Р2-1438,Крышка,Сосуда красноглиняного со светло-коричневой поливой снаружи крышки фр-т,керамика,D 20 см,Фрагмент,Слой 5 (слой разрушения построек 1-4)/ гориз.2,,,data/raw/images/Т-12-Р2-1438_orig.jpg,startswith,1,Т-12-Р2-1438,Керамика,крышка,0,часть не указана,1,фрагмент,0,0,0,test
Т-12-Р2-1636,Крышка,Сосуда прозрачного стекла рельефной крышки фр-т,стекло,,Фрагмент,Слой 5 (слой разрушения построек 1-4)/ гориз.2,,,data/raw/images/Т-12-Р2-1636_orig.jpg,startswith,1,Т-12-Р2-1636,Стекло,крышка,0,часть не указана,1,фрагмент,0,0,0,train
Т-12-Р2-1716,Тарелка,Тарелки фарфоровой с клеймом и геометрическим орнаментом профиля фр-т,фарфор,D8 см,Фрагмент,Слой 6 (слой периода существования построек 1-4)/ гориз.2,,,data/raw/images/Т-12-Р2-1716_orig.jpg,startswith,1,Т-12-Р2-1716,Фарфор,тарелка,0,профиль,0,фрагмент,0,0,0,train
Т-12-Р2-1779,Тарелка,Тарелки красноглиняной с мраморовидной поливой внутри профиля фр-т,керамика,D 22 см,Фрагмент,Слой 2 (строительный мусор XX в.)/ гориз.2,,,data/raw/images/Т-12-Р2-1779_orig.jpg,startswith,1,Т-12-Р2-1779,Керамика,тарелка,0,донце,0,фрагмент,0,0,0,train
Т-12-Р2-1783,Изразец,Изразца белоглиняного с белой поливой снаружи лицевой части колонны фр-т,керамика,,Фрагмент,Слой 5 (слой разрушения построек 1-4)/ гориз.2,,,data/raw/images/Т-12-Р2-1783_orig.jpg,startswith,1,Т-12-Р2-1783,Керамика,изразец,0,часть не указана,1,фрагмент,0,0,0,train
Т-12-Р2-1972,Миска,Миски красноглиняной с зеленой поливой внутри профиля фр-т,керамика,D венчика — 30; D донца — 13 см,Фрагмент,Слой 4 (подсыпка под мостовую)/ гориз.2,,,data/raw/images/Т-12-Р2-1972_orig.jpg,startswith,1,Т-12-Р2-1972,Керамика,миска,0,профиль,0,фрагмент,0,0,0,train
Т-12-Р2-1974,Миска,Миски красноглиняной с коричневой поливой внутри профиля фр-т,керамика,D венчика — 23; D донца — 10 см,Фрагмент,Слой 4 (подсыпка под мостовую)/ гориз.2,,,data/raw/images/Т-12-Р2-1974_orig.jpg,startswith,1,Т-12-Р2-1974,Керамика,миска,0,профиль,0,фрагмент,0,0,0,train
Т-12-Р2-2049,Крышка,Сосуда красноглиняного крышки (или основания) фр-т,керамика,,Фрагмент,Слой 5 (слой разрушения построек 1-4)/ гориз.2,,,data/raw/images/Т-12-Р2-2049_orig.jpg,startswith,1,Т-12-Р2-2049,Керамика,крышка,0,часть не указана,1,фрагмент,0,0,0,train
Т-12-Р2-2347,Блюдце,Блюдце фарфоровое с орнаментом внутри и клеймом снаружи фрагментированное,фарфор,D 14 см,Фрагмент,Слой 5 (слой разрушения построек 1-4)/ гориз.2,,,data/raw/images/Т-12-Р2-2347_orig.jpg,startswith,1,Т-12-Р2-2347,Фарфор,блюдце,0,часть не указана,1,фрагмент,0,0,0,train
Т-12-Р2-2696,Тарелка,Тарелки фаянсовой придонной части с клеймом фр-т,фаянс,,Фрагмент,Слой 2 (строительный мусор XX в.)/ гориз.1,,,data/raw/images/Т-12-Р2-2696_orig.jpg,startswith,1,Т-12-Р2-2696,Фаянс,тарелка,0,часть не указана,1,фрагмент,0,0,0,train
Т-12-Р2-2697,Тарелка,Тарелки фаянсовой профиля с клеймом фр-т,фаянс,,Фрагмент,Слой 2 (строительный мусор XX в.)/ гориз.1,,,data/raw/images/Т-12-Р2-2697_orig.jpg,startswith,1,Т-12-Р2-2697,Фаянс,тарелка,0,профиль,0,фрагмент,0,0,0,train
Т-12-Р2-2698,Тарелка,Тарелки фаянсовой придонной части с клеймом фр-т,фаянс,,Фрагмент,Слой 2 (строительный мусор XX в.)/ гориз.1,,,data/raw/images/Т-12-Р2-2698_orig.jpg,startswith,1,Т-12-Р2-2698,Фаянс,тарелка,0,часть не указана,1,фрагмент,0,0,0,train
Т-12-Р2-2699,Тарелка,Тарелки фаянсовой придонной части с клеймом фр-т,фаянс,,Фрагмент,Слой 2 (строительный мусор XX в.)/ гориз.1,,,data/raw/images/Т-12-Р2-2699_orig.jpg,startswith,1,Т-12-Р2-2699,Фаянс,тарелка,0,часть не указана,1,фрагмент,0,0,0,val
Т-12-Р2-2712,Блюдце,Блюдца фарфорового профиля фр-т,фарфор,D 17 см,Фрагмент,Слой 2 (строительный мусор XX в.)/ гориз.1,,,data/raw/images/Т-12-Р2-2712_orig.jpg,startswith,1,Т-12-Р2-2712,Фарфор,блюдце,0,профиль,0,фрагмент,0,0,0,train
Т-12-Р2-2714,Миска,Миски фарфоровой декоративной фр-т,фарфор,D 16 см,Фрагмент,Слой 2 (строительный мусор XX в.)/ гориз.1,,,data/raw/images/Т-12-Р2-2714_orig.jpg,startswith,1,Т-12-Р2-2714,Фарфор,миска,0,часть не указана,1,фрагмент,0,0,0,train
Т-12-Р2-2779,Блюдце,Блюдца фарфорового с клеймом профиль,фарфор,,Фрагмент,Слой 2 (строительный мусор XX в.)/ гориз.1,,,data/raw/images/Т-12-Р2-2779_orig.jpg,startswith,1,Т-12-Р2-2779,Фарфор,блюдце,0,профиль,0,фрагмент,0,0,0,test
Т-12-Р2-2780,Блюдце,Блюдца фарфорового с клеймом профиль,фарфор,,Фрагмент,Слой 2 (строительный мусор XX в.)/ гориз.1,,,data/raw/images/Т-12-Р2-2780_orig.jpg,startswith,1,Т-12-Р2-2780,Фарфор,блюдце,0,профиль,0,фрагмент,0,0,0,train
Т-12-Р2-2897,Миска,Миски красноглиняной с зеленой поливой внутри профиль,керамика,,Фрагмент,Слой 6 (слой периода существования построек 1-4)/ гориз.2,,,data/raw/images/Т-12-Р2-2897_orig.jpg,startswith,1,Т-12-Р2-2897,Керамика,миска,0,профиль,0,фрагмент,0,0,0,train
Т-12-Р2-2921,Миска,Миски красноглиняной со светло-коричневой поливой внутри и темно-коричневой поливой снаружи придонная часть,керамика,"D донца — 9,5 см",Фрагмент,Слой 6 (слой периода существования построек 1-4)/ гориз.1,,,data/raw/images/Т-12-Р2-2921_orig.jpg,startswith,1,Т-12-Р2-2921,Керамика,миска,0,часть не указана,1,фрагмент,0,0,0,train
Т-12-Р2-2924,Миска,Миски красноглиняной с коричнево-зеленой поливой внутри профиль,керамика,D венчика — 28; D донца — 13 см,Фрагмент,Слой 6 (слой периода существования построек 1-4)/ гориз.1,,,data/raw/images/Т-12-Р2-2924_orig.jpg,startswith,1,Т-12-Р2-2924,Керамика,миска,0,профиль,0,фрагмент,0,0,0,train
Т-12-Р2-2946,Крышка,Сосуда фаянсового крышки орнаментированной фр-т,фаянс,D 7 см,Фрагмент,Слой 6 (слой периода существования построек 1-4)/ гориз.2,,,data/raw/images/Т-12-Р2-2946_orig.jpg,startswith,1,Т-12-Р2-2946,Фаянс,крышка,0,часть не указана,1,фрагмент,0,0,0,test
Т-12-Р2-3013,Крышка,Предмета деревянного (крышка от бочки?) фр-т,прочее,D 39 см,Фрагмент,Слой 3 (строительный мусор XIX в.)/ гориз.2,,,data/raw/images/Т-12-Р2-3013_orig.jpg,startswith,1,Т-12-Р2-3013,Дерево,крышка,0,часть не указана,1,фрагмент,0,1,1,train
Т-12-Р2-3015,Крышка,Предмета деревянного со сквозным отверстием (крышка от бочки?) фр-т,прочее,54х17 см,Фрагмент,Слой 3 (строительный мусор XIX в.)/ гориз.2,,,data/raw/images/Т-12-Р2-3015_orig.jpg,startswith,1,Т-12-Р2-3015,Дерево,крышка,0,часть не указана,1,фрагмент,0,1,1,train
Т-12-Р2-3017,Крышка,Предмета деревянного (крышка от бочки?) фр-т,прочее,38х14 см,Фрагмент,Слой 3 (строительный мусор XIX в.)/ гориз.2,,,data/raw/images/Т-12-Р2-3017_orig.jpg,startswith,1,Т-12-Р2-3017,Дерево,крышка,0,часть не указана,1,фрагмент,0,1,1,train
Т-12-Р2-3018,Крышка,Предмета деревянного со сквозным отверстием (крышка от бочки?) фр-т,прочее,58х21 см,Фрагмент,Слой 3 (строительный мусор XIX в.)/ гориз.2,,,data/raw/images/Т-12-Р2-3018_orig.jpg,startswith,1,Т-12-Р2-3018,Дерево,крышка,0,часть не указана,1,фрагмент,0,1,1,train
Т-12-Р2-3023,Крышка,Предмета деревянного (крышка от бочки?) фр-т,прочее,43х18 см,Фрагмент,Слой 3 (строительный мусор XIX в.)/ гориз.2,,,data/raw/images/Т-12-Р2-3023_orig.jpg,startswith,1,Т-12-Р2-3023,Дерево,крышка,0,часть не указана,1,фрагмент,0,1,1,train
Т-12-Р3-1007,Блюдце,Блюдца фарфорового с клеймом снаружи с отколотым венчиком фр-т,фарфор,"D14,3 см",Фрагмент,5 (слой разрушения построек),,,data/raw/images/Т-12-Р3-1007_orig.jpg,startswith,1,Т-12-Р3-1007,Фарфор,блюдце,0,венчик,0,фрагмент,0,0,0,test
Т-12-Р3-1008,Блюдце,Блюдце фарфоровое с клеймом снаружи,фарфор,D14 см,Целый,5 (слой разрушения построек),,,data/raw/images/Т-12-Р3-1008_orig.jpg,startswith,1,Т-12-Р3-1008,Фарфор,блюдце,0,часть не указана,1,целый,0,0,0,train
Т-12-Р3-1009,Миска,Миски красноглиняной с зеленой поливой внутри и снаружи профиля фр-т,керамика,,Фрагмент,5 (слой разрушения построек),,,data/raw/images/Т-12-Р3-1009_orig.jpg,startswith,1,Т-12-Р3-1009,Керамика,миска,0,профиль,0,фрагмент,0,0,0,train
Т-12-Р3-1031,Тарелка,Тарелки фаянсовой с синей монохромной росписью внутри с клеймом снаружи придонной части фр-т,фаянс,"D10,7 см",Фрагмент,5 (слой разрушения построек),,,data/raw/images/Т-12-Р3-1031_orig.jpg,startswith,1,Т-12-Р3-1031,Фаянс,тарелка,0,часть не указана,1,фрагмент,0,0,0,val
Т-12-Р3-1065,Блюдце,Блюдца фаянсового с зеленой монохромной росписью с клеймом снаружи профиля фр-т,фаянс,D9 см,Фрагмент,5 (слой разрушения построек),,,data/raw/images/Т-12-Р3-1065_orig.jpg,startswith,1,Т-12-Р3-1065,Фаянс,блюдце,0,профиль,0,фрагмент,0,0,0,train
Т-12-Р3-1093,Тарелка,Тарелки фаянсовой с клеймом снаружи донца фр-т,фаянс,"D9,2 см",Фрагмент,5 (слой разрушения построек),,,data/raw/images/Т-12-Р3-1093_orig.jpg,startswith,1,Т-12-Р3-1093,Фаянс,тарелка,0,донце,0,фрагмент,0,0,0,train
Т-12-Р3-1124,Блюдце,Блюдца фарфорового с клеймом снаружи профиля фр-т,фарфор,"D14,8 см",Фрагмент,5 (слой разрушения построек),,,data/raw/images/Т-12-Р3-1124_orig.jpg,startswith,1,Т-12-Р3-1124,Фарфор,блюдце,0,профиль,0,фрагмент,0,0,0,train
Т-12-Р3-1540,Тарелка,Тарелки красноглиняной с зелеными разводами по бесцветной поливе внутри и белой снаружи профиля фр-т,керамика,D16 см,Фрагмент,6 (слой периода существования построек),,,data/raw/images/Т-12-Р3-1540_orig.jpg,startswith,1,Т-12-Р3-1540,Керамика,тарелка,0,профиль,0,фрагмент,0,0,0,train
Т-12-Р3-1541,Миска,Миски красноглиняной с коричневой поливой внутри профиля фр-т,керамика,"D15,5 см",Фрагмент,6 (слой периода существования построек),,,data/raw/images/Т-12-Р3-1541_orig.jpg,startswith,1,Т-12-Р3-1541,Керамика,миска,0,профиль,0,фрагмент,0,0,0,train
Т-12-Р3-1550,Тарелка,Тарелки красноглиняной с желтыми разводами по коричневой поливе внутри профиля фр-т,керамика,D15 см,Фрагмент,6 (слой периода существования построек),,,data/raw/images/Т-12-Р3-1550_orig.jpg,startswith,1,Т-12-Р3-1550,Керамика,тарелка,0,профиль,0,фрагмент,0,0,0,train
Т-12-Р3-1567,Изразец,Изразца красноглиняного печного рельефно-расписного пояска фр-т,керамика,"14,6х11х2,5 см",Фрагмент,5 (слой разрушения построек),,,data/raw/images/Т-12-Р3-1567_orig.jpg,startswith,1,Т-12-Р3-1567,Керамика,изразец,0,часть не указана,1,фрагмент,0,0,0,train
Т-12-Р3-1568,Изразец,Изразца красноглиняного печного рельефно-расписного с румпой фр-т,керамика,"14,5х13,5х2,3 см",Фрагмент,5 (слой разрушения построек),,,data/raw/images/Т-12-Р3-1568_orig.jpg,startswith,1,Т-12-Р3-1568,Керамика,изразец,0,часть не указана,1,фрагмент,0,0,0,train
Т-12-Р3-1569,Изразец,Изразца красноглиняного печного рельефно-расписного короны с румпой фр-т,керамика,"21,2х20х3,3 см",Фрагмент,5 (слой разрушения построек),,,data/raw/images/Т-12-Р3-1569_orig.jpg,startswith,1,Т-12-Р3-1569,Керамика,изразец,0,часть не указана,1,фрагмент,0,0,0,train
Т-12-Р3-1570,Изразец,Изразца красноглиняного печного рельефно-расписного с белой поливой снаружи карниза фр-т,керамика,"21,2х11,8х3 3 см",Фрагмент,5 (слой разрушения построек),,,data/raw/images/Т-12-Р3-1570_orig.jpg,startswith,1,Т-12-Р3-1570,Керамика,изразец,0,часть не указана,1,фрагмент,0,0,0,test
Т-12-Р3-1574,Изразец,Изразца красноглиняного печного рельефно-расписного подзора с румпой фр-т,керамика,"15,8х13,5х3,2 см",Фрагмент,5 (слой разрушения построек),,,data/raw/images/Т-12-Р3-1574_orig.jpg,startswith,1,Т-12-Р3-1574,Керамика,изразец,0,часть не указана,1,фрагмент,0,0,0,train
Т-12-Р3-1575,Изразец,Изразца красноглиняного печного рельефно-расписного карниза с румпой фр-т,керамика,"14,2х9,2х3,3 см",Фрагмент,5 (слой разрушения построек),,,data/raw/images/Т-12-Р3-1575_orig.jpg,startswith,1,Т-12-Р3-1575,Керамика,изразец,0,часть не указана,1,фрагмент,0,0,0,train
Т-12-Р3-1578,Изразец,Изразца красноглиняного печного рельефно-расписного фр-т,керамика,"14,5х12,7х3,4 см",Фрагмент,5 (слой разрушения построек),,,data/raw/images/Т-12-Р3-1578_orig.jpg,startswith,1,Т-12-Р3-1578,Керамика,изразец,0,часть не указана,1,фрагмент,0,0,0,test
Т-12-Р3-1581,Изразец,Изразца красноглиняного печного с белой поливой снаружи пояска с румпой фр-т,керамика,"18х12,8х3,7 см",Фрагмент,5 (слой разрушения построек),,,data/raw/images/Т-12-Р3-1581_orig.jpg,startswith,1,Т-12-Р3-1581,Керамика,изразец,0,часть не указана,1,фрагмент,0,0,0,test
Т-12-Р3-1690,Тарелка,Тарелки фаянсовой с клеймом снаружи профиля фр-т,фаянс,"D18,9 см",Фрагмент,3 (строительный мусор XIX в.),,,data/raw/images/Т-12-Р3-1690_orig.jpg,startswith,1,Т-12-Р3-1690,Фаянс,тарелка,0,профиль,0,фрагмент,0,0,0,train
Т-12-Р3-1783,Миска,Миски красноглиняной профиля фр-т,керамика,D24 см,Фрагмент,30 (слой строительства перв. пол. XVIII в.),,,data/raw/images/Т-12-Р3-1783_orig.jpg,startswith,1,Т-12-Р3-1783,Керамика,миска,0,профиль,0,фрагмент,0,0,0,val
Т-12-Р3-1985,Миска,Миски красноглиняной с зеленой поливой внутри профиля фр-т,керамика,D17 см,Фрагмент,5 (слой разрушения постройки),,,data/raw/images/Т-12-Р3-1985_orig.jpg,startswith,1,Т-12-Р3-1985,Керамика,миска,0,профиль,0,фрагмент,0,0,0,train
Т-12-Р3-2035,Тарелка,Тарелка красноглиняная фрагментированная с коричневыми разводами по желтой и белой поливе внутри и белой снаружи,керамика,"D23,2 см",Фрагмент,7 (слой строительства постройки 2),,,data/raw/images/Т-12-Р3-2035_orig.jpg,startswith,1,Т-12-Р3-2035,Керамика,тарелка,0,часть не указана,1,фрагмент,0,0,0,train
Т-12-Р3-2036,Тарелка,Тарелки красноглиняной с коричневыми разводами по желтой поливе внутри и белой снаружи профиля фр-т,керамика,"D23,2 см",Фрагмент,7 (слой строительства постройки 2),,,data/raw/images/Т-12-Р3-2036_orig.jpg,startswith,1,Т-12-Р3-2036,Керамика,тарелка,0,профиль,0,фрагмент,0,0,0,train
Т-12-Р3-2194,Тарелка,Тарелки фаянсовой с серой поливой внутри и снаружи с клеймом снаружи профиля фр-т,фаянс,"D20,4 см",Фрагмент,6 (слой периода существования построек),,,data/raw/images/Т-12-Р3-2194_orig.jpg,startswith,1,Т-12-Р3-2194,Фаянс,тарелка,0,профиль,0,фрагмент,0,0,0,train
Т-12-Р3-2245,Миска,Миска красноглиняная с коричневой поливой внутри с венчиком со сливом,керамика,"D15,4 см",Фрагмент,7 (слой строительства постройки 2),,,data/raw/images/Т-12-Р3-2245_orig.jpg,startswith,1,Т-12-Р3-2245,Керамика,миска,0,венчик,0,фрагмент,0,0,0,train
Т-12-Р3-2250,Изразец,Изразца белоглиняного рельефно-расписного с коричневой поливой снаружи карниза фр-т,керамика,,Фрагмент,6 (слой периода существования построек),,,data/raw/images/Т-12-Р3-2250_orig.jpg,startswith,1,Т-12-Р3-2250,Керамика,изразец,0,часть не указана,1,фрагмент,0,0,0,train
Т-12-Р3-2256,Блюдце,Блюдца фарфорового с клеймом снаружи профиля фр-т,фарфор,"D14,2 см",Фрагмент,6 (слой периода существования построек),,,data/raw/images/Т-12-Р3-2256_orig.jpg,startswith,1,Т-12-Р3-2256,Фарфор,блюдце,0,профиль,0,фрагмент,0,0,0,train
Т-12-Р3-2365,Миска,Миска красноглиняная,керамика,"D16,3 см",Целый,5 (слой разрушения построек),,,data/raw/images/Т-12-Р3-2365_orig.jpg,startswith,1,Т-12-Р3-2365,Керамика,миска,0,часть не указана,1,целый,0,0,0,train
Т-12-Р3-2642,Изразец,Изразца стенового красноглиняного рельефного с румпой фр-т,керамика,"11,7х11,5х6 ,5 см",Фрагмент,5 (слой разрушения построек),,,data/raw/images/Т-12-Р3-2642_orig.jpg,startswith,1,Т-12-Р3-2642,Керамика,изразец,0,часть не указана,1,фрагмент,0,0,0,train
Т-12-Р3-2647,Изразец,Изразца печного красноглиняного рельефно-расписного с белой поливой снаружи вставки с румпой фр-т,керамика,"18,9х17,1х3 см",Фрагмент,5 (слой разрушения построек),,,data/raw/images/Т-12-Р3-2647_orig.jpg,startswith,1,Т-12-Р3-2647,Керамика,изразец,0,часть не указана,1,фрагмент,0,0,0,train
Т-12-Р3-2658,Изразец,Изразца печного красноглиняного углового рельефного с румпой фр-т,керамика,"17,4х15,5х2,8 см",Фрагмент,5 (слой разрушения построек),,,data/raw/images/Т-12-Р3-2658_orig.jpg,startswith,1,Т-12-Р3-2658,Керамика,изразец,0,часть не указана,1,фрагмент,0,0,0,train
Т-12-Р3-2659,Изразец,Изразца печного красноглиняного рельефного пояска с румпой фр-т,керамика,"13,7х12,8х3,3 см",Фрагмент,5 (слой разрушения построек),,,data/raw/images/Т-12-Р3-2659_orig.jpg,startswith,1,Т-12-Р3-2659,Керамика,изразец,0,часть не указана,1,фрагмент,0,0,0,train
Т-12-Р3-2660,Изразец,Изразца печного красноглиняного углового рельефного с румпой фр-т,керамика,"23,9х10,5х2,4 см",Фрагмент,5 (слой разрушения построек),,,data/raw/images/Т-12-Р3-2660_orig.jpg,startswith,1,Т-12-Р3-2660,Керамика,изразец,0,часть не указана,1,фрагмент,0,0,0,train
Т-12-Р3-2937,Миска,Миска красноглиняная со сливом с зеленой поливой внутри,керамика,"D16,5",Целый,6 (слой периода существования построек),,,data/raw/images/Т-12-Р3-2937_orig.jpg,startswith,1,Т-12-Р3-2937,Керамика,миска,0,часть не указана,1,целый,0,0,0,train
Т-12-Р4-1075,Крышка,Крышка белоглиняная округлой формы,керамика,"D 3,8 см",Целый,6 (слой периода сущестования построек 1-4),,,data/raw/images/Т-12-Р4-1075_orig.jpg,startswith,1,Т-12-Р4-1075,Керамика,крышка,0,часть не указана,1,целый,0,0,0,train
Т-12-Р4-1084,Миска,Миски красноглиняной с коричневой поливой внутри венчика фр-т,керамика,D 17 см,Фрагмент,5 (слой разрушения построек 1-4),,,data/raw/images/Т-12-Р4-1084_orig.jpg,startswith,1,Т-12-Р4-1084,Керамика,миска,0,венчик,0,фрагмент,0,0,0,test
Т-12-Р4-1086,Тарелка,Тарелки фаянсовой донца с клеймом фр-т,фаянс,,Фрагмент,5 (слой разрушения построек 1-4),,,data/raw/images/Т-12-Р4-1086_orig.jpg,startswith,1,Т-12-Р4-1086,Фаянс,тарелка,0,донце,0,фрагмент,0,0,0,train
Т-12-Р4-1097,Миска,Миски красноглиняной с зеленой поливой внутри профиль,керамика,D 15 см,Фрагмент,6 (слой периода сущестования построек 1-4),,,data/raw/images/Т-12-Р4-1097_orig.jpg,startswith,1,Т-12-Р4-1097,Керамика,миска,0,профиль,0,фрагмент,0,0,0,train
Т-12-Р4-1102,Миска,Миска со сливом красноглиняная с зеленой поливой внутри,керамика,D 16 см,Целый,6 (слой периода сущестования построек 1-4),,,data/raw/images/Т-12-Р4-1102_orig.jpg,startswith,1,Т-12-Р4-1102,Керамика,миска,0,часть не указана,1,целый,0,0,0,train
Т-12-Р4-1107,Изразец,Изразца красноглиняного с рельефным растительным орнаментом по зеленой поливе лицевой части с румпой,керамика,"16,5 х 11,5х 1,5; h=2,5 см",Фрагмент,2 (слой строительного мусора XX в.),,,data/raw/images/Т-12-Р4-1107_orig.jpg,startswith,1,Т-12-Р4-1107,Керамика,изразец,0,часть не указана,1,фрагмент,0,0,0,train
Т-12-Р4-1118,Изразец,Изразца красноглиняного с зеленой поливой снаружи лицевой части с румпой фр-т,керамика,"10 х 8,6 х 2,2; h=4 см",Фрагмент,6 (слой периода сущестования построек 1-4),,,data/raw/images/Т-12-Р4-1118_orig.jpg,startswith,1,Т-12-Р4-1118,Керамика,изразец,0,часть не указана,1,фрагмент,0,0,0,train
Т-12-Р4-1122,Тарелка,Тарелки фаянсовой овальной профиль,фаянс,,Фрагмент,2 (слой строительного мусора XX в.),,,data/raw/images/Т-12-Р4-1122_orig.jpg,startswith,1,Т-12-Р4-1122,Фаянс,тарелка,0,профиль,0,фрагмент,0,0,0,train
Т-12-Р4-1123,Тарелка,Тарелки фаянсовой с синим цветочным орнаментом внутри профиль,фаянс,D 19 см,Фрагмент,2 (слой строительного мусора XX в.),,,data/raw/images/Т-12-Р4-1123_orig.jpg,startswith,1,Т-12-Р4-1123,Фаянс,тарелка,0,профиль,0,фрагмент,0,0,0,train
Т-12-Р4-1124,Блюдце,Блюдца фарфорового с коричневой каймой профиль,фарфор,D 14 см,Фрагмент,2 (слой строительного мусора XX в.),,,data/raw/images/Т-12-Р4-1124_orig.jpg,startswith,1,Т-12-Р4-1124,Фарфор,блюдце,0,профиль,0,фрагмент,0,0,0,test
Т-12-Р4-1137,Миска,Миски красноглиняной с коричневой поливой снаружи и белой поливой внутри профиль,керамика,D 22 см,Фрагмент,2 (слой строительного мусора XX в.),,,data/raw/images/Т-12-Р4-1137_orig.jpg,startswith,1,Т-12-Р4-1137,Керамика,миска,0,профиль,0,фрагмент,0,0,0,test
Т-12-Р4-1141,Крышка,Крышки фаянсовой профиль,фаянс,D 28 см,Фрагмент,2 (слой строительного мусора XX в.),,,data/raw/images/Т-12-Р4-1141_orig.jpg,startswith,1,Т-12-Р4-1141,Фаянс,крышка,0,профиль,0,фрагмент,0,0,0,train
Т-12-Р4-1150,Миска,Миски красноглиняной с зеленой поливой внутри профиль,керамика,D 18 см,Фрагмент,6 (слой периода сущестования построек 1-4),,,data/raw/images/Т-12-Р4-1150_orig.jpg,startswith,1,Т-12-Р4-1150,Керамика,миска,0,профиль,0,фрагмент,0,0,0,train
Т-12-Р4-1152,Миска,Миски красноглиняной с зеленой поливой внутри венчика фр-т,керамика,D 25 см,Фрагмент,6 (слой периода сущестования построек 1-4),,,data/raw/images/Т-12-Р4-1152_orig.jpg,startswith,1,Т-12-Р4-1152,Керамика,миска,0,венчик,0,фрагмент,0,0,0,train
Т-12-Р4-1161,Миска,Миски красноглиняной с зеленой поливой внутри профиль,керамика,D 17 см,Фрагмент,6 (слой периода сущестования построек 1-4),,,data/raw/images/Т-12-Р4-1161_orig.jpg,startswith,1,Т-12-Р4-1161,Керамика,миска,0,профиль,0,фрагмент,0,0,0,train
Т-12-Р4-1162,Миска,Миски красноглиняной профиль,керамика,D 15 см,Фрагмент,6 (слой периода сущестования построек 1-4),,,data/raw/images/Т-12-Р4-1162_orig.jpg,startswith,1,Т-12-Р4-1162,Керамика,миска,0,профиль,0,фрагмент,0,0,0,test
Т-12-Р4-1177,Миска,Миски красноглиняной с коричневой поливой внутри профиль,керамика,D 17 см,Фрагмент,6 (слой периода сущестования построек 1-4),,,data/raw/images/Т-12-Р4-1177_orig.jpg,startswith,1,Т-12-Р4-1177,Керамика,миска,0,профиль,0,фрагмент,0,0,0,test
Т-12-Р4-1203,Крышка,Сосуда фарфорового крышка,фарфор,D 8 см,Целый,5 (слой разрушения построек 1-4),,,data/raw/images/Т-12-Р4-1203_orig.jpg,startswith,1,Т-12-Р4-1203,Фарфор,крышка,0,часть не указана,1,целый,0,0,0,test
Т-12-Р4-1204,Блюдце,Блюдца фарфорового профиль с клеймом на донце,фарфор,D 13 см,Фрагмент,5 (слой разрушения построек 1-4),,,data/raw/images/Т-12-Р4-1204_orig.jpg,startswith,1,Т-12-Р4-1204,Фарфор,блюдце,0,донце,0,фрагмент,0,0,0,val
Т-12-Р4-1205,Блюдце,Блюдца фарфорового с цветочным орнаментом внутри профиль,фарфор,D 14 см,Фрагмент,5 (слой разрушения построек 1-4),,,data/raw/images/Т-12-Р4-1205_orig.jpg,startswith,1,Т-12-Р4-1205,Фарфор,блюдце,0,профиль,0,фрагмент,0,0,0,train
Т-12-Р4-1207,Тарелка,Тарелки фаянсовой с красным цветочным орнаментом внутри донца с клеймом фр-т,фаянс,,Фрагмент,5 (слой разрушения построек 1-4),,,data/raw/images/Т-12-Р4-1207_orig.jpg,startswith,1,Т-12-Р4-1207,Фаянс,тарелка,0,донце,0,фрагмент,0,0,0,train
Т-12-Р4-1210,Блюдце,Блюдца фарфорового профиль с клеймом на донце,фарфор,D 13 см,Фрагмент,5 (слой разрушения построек 1-4),,,data/raw/images/Т-12-Р4-1210_orig.jpg,startswith,1,Т-12-Р4-1210,Фарфор,блюдце,0,донце,0,фрагмент,0,0,0,train
Т-12-Р4-1211,Миска,Миски красноглиняной с желтой поливой снаружи и внутри профиль,керамика,D 20 см,Фрагмент,5 (слой разрушения построек 1-4),,,data/raw/images/Т-12-Р4-1211_orig.jpg,startswith,1,Т-12-Р4-1211,Керамика,миска,0,профиль,0,фрагмент,0,0,0,train
Т-12-Р4-1218,Блюдце,Блюдца фарфорового с цветочным орнаментом внутри донца с клеймом фр-т,фарфор,,Фрагмент,5 (слой разрушения построек 1-4),,,data/raw/images/Т-12-Р4-1218_orig.jpg,startswith,1,Т-12-Р4-1218,Фарфор,блюдце,0,донце,0,фрагмент,0,0,0,train
Т-12-Р4-1224,Крышка,Крышки красноглиняной с коричневой поливой снаружи профиль,керамика,D 19 см,Фрагмент,5 (слой разрушения построек 1-4),,,data/raw/images/Т-12-Р4-1224_orig.jpg,startswith,1,Т-12-Р4-1224,Керамика,крышка,0,профиль,0,фрагмент,0,0,0,train
Т-12-Р4-1245,Тарелка,Тарелки фаянсовой с растительным орнаментом снаружи придонной части с клеймом фр-т,фаянс,D 9 см,Фрагмент,5 (слой разрушения построек 1-4),,,data/raw/images/Т-12-Р4-1245_orig.jpg,startswith,1,Т-12-Р4-1245,Фаянс,тарелка,0,часть не указана,1,фрагмент,0,0,0,train
Т-12-Р4-1246,Крышка,Крышка фаянсовая фигурная с рельефным растительным орнаментом фрагментированная,фаянс,D 8 см,Фрагмент,5 (слой разрушения построек 1-4),,,data/raw/images/Т-12-Р4-1246_orig.jpg,startswith,1,Т-12-Р4-1246,Фаянс,крышка,0,часть не указана,1,фрагмент,0,0,0,val
ВО-1л58-2017-0011,Изразец,"Изразца прямого красноглиняного с голубой поливой и голубым орнаментом ""вазон"" фр-т",керамика,"18+ х 20+ х 1,5; выс.рум=3,5 см",Фрагмент,Техноген - мусор под асфальтом,ИИМК РАН,2017.0,data/raw/images/ВО-1л58-2017-0011_orig.jpg,startswith,1,ВО-1л58-2017-0011,Керамика,изразец,0,часть не указана,1,фрагмент,0,0,0,train
ВО-1л58-2017-0012,Изразец,"Изразца прямоугольного стенового красноглиняного с белой поливой фр-т, румпа утрачена",керамика,"19,5+ х 16+ х 1,5 см",Фрагмент,Техноген - мусор под асфальтом,ИИМК РАН,2017.0,data/raw/images/ВО-1л58-2017-0012_orig.jpg,startswith,1,ВО-1л58-2017-0012,Керамика,изразец,0,часть не указана,1,фрагмент,0,0,0,train
ВО-1л58-2017-0013,Изразец,"Изразец карнизный сложнопрофилированный красноглиняный с белой поливой, румпа частично утрачена",керамика,"16,5 х 10 х 2 см",Фрагмент,Техноген - мусор под асфальтом,ИИМК РАН,2017.0,data/raw/images/ВО-1л58-2017-0013_orig.jpg,startswith,1,ВО-1л58-2017-0013,Керамика,изразец,0,профиль,0,фрагмент,0,0,0,train
ВО-1л58-2017-0014,Изразец,Изразец карнизный сложнопрофилированный светлоглиняный с белой поливой,керамика,"12,5 х 24 х 1,5; выс.рум=4 см",Фрагмент,Техноген - мусор под асфальтом,ИИМК РАН,2017.0,data/raw/images/ВО-1л58-2017-0014_orig.jpg,startswith,1,ВО-1л58-2017-0014,Керамика,изразец,0,профиль,0,фрагмент,0,0,0,train
ВО-1л58-2017-0015,Изразец,Изразца карнизного сложнопрофилированный красноглиняного с белой поливой фр-т,керамика,"11 х 5+ х 1,5; выс.рум=4 см",Фрагмент,Техноген - мусор под асфальтом,ИИМК РАН,2017.0,data/raw/images/ВО-1л58-2017-0015_orig.jpg,startswith,1,ВО-1л58-2017-0015,Керамика,изразец,0,профиль,0,фрагмент,0,0,0,train
ВО-1л58-2017-0016,Изразец,"Изразца пояса красноглиняного с белой поливой фр-т, румпа утрачена",керамика,"11,5+ х 8,5+ х 1,5 см",Фрагмент,Техноген - мусор под асфальтом,ИИМК РАН,2017.0,data/raw/images/ВО-1л58-2017-0016_orig.jpg,startswith,1,ВО-1л58-2017-0016,Керамика,изразец,0,часть не указана,1,фрагмент,0,0,0,train
ВО-1л58-2017-0017,Изразец,Изразца карнизного сложнопрофильного красноглиняного с белой поливой фр-т,керамика,"7+ х 10+ х 1,5; выс.рум=3,5 см",Фрагмент,Техноген - мусор под асфальтом,ИИМК РАН,2017.0,data/raw/images/ВО-1л58-2017-0017_orig.jpg,startswith,1,ВО-1л58-2017-0017,Керамика,изразец,0,профиль,0,фрагмент,0,0,0,train
ВО-1л58-2017-0018,Изразец,Изразца-перемычки красноглиняного с белой поливой фр-т,керамика,"13,5+ х 4 х 1,5; выс.рум=4 см",Фрагмент,Техноген - мусор под асфальтом,ИИМК РАН,2017.0,data/raw/images/ВО-1л58-2017-0018_orig.jpg,startswith,1,ВО-1л58-2017-0018,Керамика,изразец,0,часть не указана,1,фрагмент,0,0,0,train
ВО-1л58-2017-0019,Изразец,Изразца-перемычки белоглиняного с белой поливой фр-т,керамика,"11+ х 2,5 х 1,3; выс.рум=3,8 см",Фрагмент,Техноген - мусор под асфальтом,ИИМК РАН,2017.0,data/raw/images/ВО-1л58-2017-0019_orig.jpg,startswith,1,ВО-1л58-2017-0019,Керамика,изразец,0,часть не указана,1,фрагмент,0,0,0,train
ВО-1л58-2017-0020,Изразец,Изразца (?) белоглиняного с белой поливой внутри и снаружи рельефного с голубой росписью фр-т,керамика,10+ х 5+ х 1 см,Фрагмент,Техноген - мусор под асфальтом,ИИМК РАН,2017.0,data/raw/images/ВО-1л58-2017-0020_orig.jpg,startswith,1,ВО-1л58-2017-0020,Керамика,изразец,0,часть не указана,1,фрагмент,0,0,1,val
ВО-1л58-2017-0022,Плитка,Плитки (напольной ?) (метлахской ?) серо-бежевой фр-т,керамика,"14+ х 12,5+ х 1,5 см",Фрагмент,Техноген - мусор под асфальтом,ИИМК РАН,2017.0,data/raw/images/ВО-1л58-2017-0022_orig.jpg,startswith,1,ВО-1л58-2017-0022,Керамика,прочее,1,часть не указана,1,фрагмент,0,0,1,val
ВО-1л58-2017-0036,Тарелка/блюдо,Тарелки/блюда белоглиняного с желтой поливой внутри и снаружи венчика фр-ты,керамика,Д=30 см,Фрагмент,Техноген - мусор под асфальтом,ИИМК РАН,2017.0,data/raw/images/ВО-1л58-2017-0036_orig.jpg,startswith,1,ВО-1л58-2017-0036,Керамика,тарелка,0,венчик,0,фрагмент,0,0,0,train
ВО-1л58-2017-0038,Тарелка/блюдо,Тарелки/блюда красноглиняного с белым ангобом снаружи и прозрачной поливой со следами бело-зеленого орнамента внутри венчика фр-т,керамика,Д= ок 24 см,Фрагмент,Техноген - мусор под асфальтом,ИИМК РАН,2017.0,data/raw/images/ВО-1л58-2017-0038_orig.jpg,startswith,1,ВО-1л58-2017-0038,Керамика,тарелка,0,венчик,0,фрагмент,0,0,0,train
ВО-1л58-2017-0047,Миска,Миски красноглиняной со следами нагара внутри и снаружи профиля фр-т,керамика,Двен=26; Ддон=16; выс=4 см,Фрагмент,Техноген - мусор под асфальтом,ИИМК РАН,2017.0,data/raw/images/ВО-1л58-2017-0047_orig.jpg,startswith,1,ВО-1л58-2017-0047,Керамика,миска,0,профиль,0,фрагмент,0,0,0,train
ВО-1л58-2017-0053,Крышка,Сосуда фаянсового с белой поливой снаружи и внутри крышки фр-т,фаянс,Д=18 см,Фрагмент,Техноген - мусор под асфальтом,ИИМК РАН,2017.0,data/raw/images/ВО-1л58-2017-0053_orig.jpg,startswith,1,ВО-1л58-2017-0053,Фаянс,крышка,0,часть не указана,1,фрагмент,0,0,0,train
ВО-1л58-2017-0055,Тарелка,Тарелки фаянсовой с белой поливой снаружи и внутри с зелеными горизонтальными тонкими полосами венчика фр-т,фаянс,Д=24 см,Фрагмент,Техноген - мусор под асфальтом,ИИМК РАН,2017.0,data/raw/images/ВО-1л58-2017-0055_orig.jpg,startswith,1,ВО-1л58-2017-0055,Фаянс,тарелка,0,венчик,0,фрагмент,0,0,0,train
ВО-1л58-2017-0056,Тарелка,Тарелки фаянсовой с белой поливой снаружи и внутри венчика фр-т,фаянс,Д=22 см,Фрагмент,Техноген - мусор под асфальтом,ИИМК РАН,2017.0,data/raw/images/ВО-1л58-2017-0056_orig.jpg,startswith,1,ВО-1л58-2017-0056,Фаянс,тарелка,0,венчик,0,фрагмент,0,0,0,train
ВО-1л58-2017-0058,Крышка,"Сосуда фаянсового с бежевой поливой снаружи и внутри ручка от крышки (либо часть рельефного декора ?) круглая, орнаментированная рельефными лепестками",фаянс,Д=5 см,Фрагмент,Техноген - мусор под асфальтом,ИИМК РАН,2017.0,data/raw/images/ВО-1л58-2017-0058_orig.jpg,startswith,1,ВО-1л58-2017-0058,Фаянс,крышка,0,ручка,0,фрагмент,0,0,1,train
ВО-1л58-2017-0059,Тарелка,Тарелки фаянсовой с белой поливой внутри и снаружи донца клейменого фр-т,фаянс,,Фрагмент,Техноген - мусор под асфальтом,ИИМК РАН,2017.0,data/raw/images/ВО-1л58-2017-0059_orig.jpg,startswith,1,ВО-1л58-2017-0059,Фаянс,тарелка,0,донце,0,фрагмент,0,0,0,train
ВО-1л58-2017-0072,Блюдце,Блюдца фарфорового с белой поливой снаружи и внутри с полихромной росписью полосами и цветами профиля и венчика фр-ты,фарфор,"Двен=15; Ддон=8; выс=2,5 см",Фрагмент,Техноген - мусор под асфальтом,ИИМК РАН,2017.0,data/raw/images/ВО-1л58-2017-0072_orig.jpg,startswith,1,ВО-1л58-2017-0072,Фарфор,блюдце,0,венчик,0,фрагмент,0,0,0,train
ВО-1л58-2017-0074,Блюдце,Блюдца фарфорового с белой поливой снаружи и внутри с полихромной росписью профиль с фр-том клейма на донце,фарфор,"Двен=15; Ддон=8,5; выс=2,5 см",Фрагмент,Техноген - мусор под асфальтом,ИИМК РАН,2017.0,data/raw/images/ВО-1л58-2017-0074_orig.jpg,startswith,1,ВО-1л58-2017-0074,Фарфор,блюдце,0,донце,0,фрагмент,0,0,0,train
ВО-1л58-2017-0075,Блюдце,Блюдца фарфорового с белой поливой снаружи и внутри с  полихромной росписью цветами профиля фр-т,фарфор,"Двен=15; Ддон=8,5; выс=2,5 см",Фрагмент,Техноген - мусор под асфальтом,ИИМК РАН,2017.0,data/raw/images/ВО-1л58-2017-0075_orig.jpg,startswith,1,ВО-1л58-2017-0075,Фарфор,блюдце,0,профиль,0,фрагмент,0,0,0,val
ВО-1л58-2017-0076,Крышка,Чайника фарфорового заварочного с белой поливой внутри и снаружи  с  росписью красными маками с зелеными листьями крышки с дырочкой фр-т,фарфор,"Д=7,5 см",Фрагмент,Техноген - мусор под асфальтом,ИИМК РАН,2017.0,data/raw/images/ВО-1л58-2017-0076_orig.jpg,startswith,1,ВО-1л58-2017-0076,Фарфор,крышка,0,часть не указана,1,фрагмент,0,0,0,train
ВО-1л58-2017-0077,Крышка,Чайника/сахарницы (?) фарфорового с белой поливой внутри и снаружи  с золотой полосой крышки фр-т,фарфор,"Д=6,5 см",Фрагмент,Техноген - мусор под асфальтом,ИИМК РАН,2017.0,data/raw/images/ВО-1л58-2017-0077_orig.jpg,startswith,1,ВО-1л58-2017-0077,Фарфор,крышка,0,часть не указана,1,фрагмент,0,0,1,train
ВО-1л58-2017-0078,Блюдце,Блюдца фарфорового с белой поливой снаружи и внутри со следами росписи голубыми цветами профиль,фарфор,"Двен=15; Ддон=8,5; выс=2,5 см",Фрагмент,Техноген - мусор под асфальтом,ИИМК РАН,2017.0,data/raw/images/ВО-1л58-2017-0078_orig.jpg,startswith,1,ВО-1л58-2017-0078,Фарфор,блюдце,0,профиль,0,фрагмент,0,0,0,train
ВО-1л58-2017-0088,Тарелка,Тарелки фарфоровой с белой поливой внутри и снаружи профиль,фарфор,"Двен=25; Ддон=12; выс=5,2 см",Фрагмент,Техноген - мусор под асфальтом,ИИМК РАН,2017.0,data/raw/images/ВО-1л58-2017-0088_orig.jpg,startswith,1,ВО-1л58-2017-0088,Фарфор,тарелка,0,профиль,0,фрагмент,0,0,0,test
ВО-1л58-2017-0089,Тарелка,Тарелка фарфоровая с белой поливой внутри и снаружи с рельефным орнаментом по волнистому венчику фрагментированная,фарфор,"Двен=25; Ддон=15,5; выс=2,5 см",Фрагмент,Техноген - мусор под асфальтом,ИИМК РАН,2017.0,data/raw/images/ВО-1л58-2017-0089_orig.jpg,startswith,1,ВО-1л58-2017-0089,Фарфор,тарелка,0,венчик,0,фрагмент,0,0,0,train
ВО-1л58-2017-0090,Тарелка,Тарелки фарфоровой с белой поливой снаружи и внутри с зеленой полосой по краю и фрагментами росписи (светло-красные лепестки) на дне профиль,фарфор,Двен=24; Ддон=14; выс=3 см,Фрагмент,Техноген - мусор под асфальтом,ИИМК РАН,2017.0,data/raw/images/ВО-1л58-2017-0090_orig.jpg,startswith,1,ВО-1л58-2017-0090,Фарфор,тарелка,0,профиль,0,фрагмент,0,0,0,train
ВО-1л58-2017-0091,Тарелка,Тарелки фарфоровой с белой поливой снаружи и внутри с лиловой с золотом полосой по краю профиля фр-т,фарфор,Двен=26; Ддон=15; выс=3 см,Фрагмент,Техноген - мусор под асфальтом,ИИМК РАН,2017.0,data/raw/images/ВО-1л58-2017-0091_orig.jpg,startswith,1,ВО-1л58-2017-0091,Фарфор,тарелка,0,профиль,0,фрагмент,0,0,0,train
ВО-1л58-2017-0092,Тарелка,Тарелки фарфоровой с белой поливой снаружи и внутри с синей широкой полосой по краю и фрагментами росписи (светло-красные маки с зелеными листьями) на дне профиль,фарфор,"Двен=22; Ддон=10; выс=4,2 см",Фрагмент,Техноген - мусор под асфальтом,ИИМК РАН,2017.0,data/raw/images/ВО-1л58-2017-0092_orig.jpg,startswith,1,ВО-1л58-2017-0092,Фарфор,тарелка,0,профиль,0,фрагмент,0,0,0,train
ВО-1л58-2017-0093,Тарелка,Тарелки фарфоровой с белой поливой снаружи и внутри с синей широкой полосой по краю и фрагментами росписи (светло-красные маки с зелеными листьями) на дне профиля клейменого фр-т,фарфор,"Двен=22; Ддон=10; выс=4,2 см",Фрагмент,Техноген - мусор под асфальтом,ИИМК РАН,2017.0,data/raw/images/ВО-1л58-2017-0093_orig.jpg,startswith,1,ВО-1л58-2017-0093,Фарфор,тарелка,0,профиль,0,фрагмент,0,0,0,test
ВО-1л58-2017-0103,Изразец,"Изразец светлоглиняный с высокой румпой (частично утрачена), со следами белой поливы и стершейся росписи",керамика,"9,5 х 5,7 х 1,5; выс.рум=5,+ см",Целый,Техноген - мусор под асфальтом,ИИМК РАН,2017.0,data/raw/images/ВО-1л58-2017-0103_orig.jpg,startswith,1,ВО-1л58-2017-0103,Керамика,изразец,0,часть не указана,1,целый,0,0,0,train
ВО-1л58-2017-0104,Изразец,Изразца светлоглиняного со следами белой поливы и полихромной росписи скол,керамика,"6,5+ х 5,5+ х 0,5+ см",Фрагмент,Техноген - мусор под асфальтом,ИИМК РАН,2017.0,data/raw/images/ВО-1л58-2017-0104_orig.jpg,startswith,1,ВО-1л58-2017-0104,Керамика,изразец,0,часть не указана,1,фрагмент,0,0,0,train
ВО-1л58-2017-0105,Изразец,"Изразца красноглиняного с белой поливой и лилово-бирюзовой росписью фр-т, румпа утрачена",керамика,"6+ х 4,5+ х 2 см",Фрагмент,Техноген - мусор под асфальтом,ИИМК РАН,2017.0,data/raw/images/ВО-1л58-2017-0105_orig.jpg,startswith,1,ВО-1л58-2017-0105,Керамика,изразец,0,часть не указана,1,фрагмент,0,0,0,train
ВО-1л58-2017-0124,Миска (?),Сосуда (миски ?) красноглиняной  с прозрачной бесцветной поливой внутри венчика фр-т,керамика,Д=18 см,Фрагмент,Техноген - мусор под асфальтом,ИИМК РАН,2017.0,data/raw/images/ВО-1л58-2017-0124_orig.jpg,startswith,1,ВО-1л58-2017-0124,Керамика,миска,0,венчик,0,фрагмент,0,0,1,train
ВО-1л58-2017-0141,Тарелка,Тарелки фаянсовой с белой поливой снаружи и внутри с рифленой поверхностью донца клейменого фр-т,фаянс,Д=11 см,Фрагмент,Техноген - мусор под асфальтом,ИИМК РАН,2017.0,data/raw/images/ВО-1л58-2017-0141_orig.jpg,startswith,1,ВО-1л58-2017-0141,Фаянс,тарелка,0,донце,0,фрагмент,0,0,0,train
ВО-1л58-2017-0161,Игрушка,Игрушка пластмассовая - красная обезьянка с отверстием для подвешивания,прочее,,Целый,Техноген - мусор под асфальтом,ИИМК РАН,2017.0,data/raw/images/ВО-1л58-2017-0161_orig.jpg,startswith,1,ВО-1л58-2017-0161,Пластмасса,прочее,1,часть не указана,1,целый,0,1,0,train
ВО-1л58-2017-0235,Тарелка,Тарелочки фарфоровой с белой поливой внутри и снаружи профиля фр-т,фарфор,"Двен=17; Ддон=10; выс=2,5 см",Фрагмент,Засыпка траншеи городского водопровода,ИИМК РАН,2017.0,data/raw/images/ВО-1л58-2017-0235_orig.jpg,startswith,1,ВО-1л58-2017-0235,Фарфор,тарелка,0,профиль,0,фрагмент,0,0,0,test
ВО-1л58-2017-0242,Миска,Миски красноглиняной с зеленой поливой внутри и снаружи профиля фр-т,керамика,"Двен=2,; Ддон=16; выс=3,5 см",Фрагмент,Зачистка 1 после техногенной подсыпки,ИИМК РАН,2017.0,data/raw/images/ВО-1л58-2017-0242_orig.jpg,startswith,1,ВО-1л58-2017-0242,Керамика,миска,0,профиль,0,фрагмент,0,0,0,train
ВО-1л58-2017-0275,Тарелка,Тарелки из каменной массы с белой поливой снаружи и рельефным растительно-геометрическим орнаментом внутри венчика фр-т,прочее,Д= ок 20 см,Фрагмент,Бурая супесь после 1-й зачистки,ИИМК РАН,2017.0,data/raw/images/ВО-1л58-2017-0275_orig.jpg,startswith,1,ВО-1л58-2017-0275,Каменная масса,тарелка,0,венчик,0,фрагмент,0,1,0,val
ВО-1л58-2017-0281,Тарелка,Тарелки фаянсовой со следами голубой поливы внутри и снаружи профиля фр-т,фаянс,Двен=20; Ддон=12; выс=3 см,Фрагмент,Бурая супесь после 1-й зачистки,ИИМК РАН,2017.0,data/raw/images/ВО-1л58-2017-0281_orig.jpg,startswith,1,ВО-1л58-2017-0281,Фаянс,тарелка,0,профиль,0,фрагмент,0,0,0,val
ВО-1л58-2017-0284,Тарелка,Тарелки фаянсовой с голубой поливой снаружи и внутри с синей росписью по краю венчика фр-т,фаянс,Д неопределим см,Фрагмент,Бурая супесь после 1-й зачистки,ИИМК РАН,2017.0,data/raw/images/ВО-1л58-2017-0284_orig.jpg,startswith,1,ВО-1л58-2017-0284,Фаянс,тарелка,0,венчик,0,фрагмент,0,0,0,train
ВО-1л58-2017-0286,Тарелка,Тарелки фаянсовой с голубой поливой снаружи и внутри с бирюзово-золотой волнистой полосой по краю венчика фр-т,фаянс,Д=19 см,Фрагмент,Бурая супесь после 1-й зачистки,ИИМК РАН,2017.0,data/raw/images/ВО-1л58-2017-0286_orig.jpg,startswith,1,ВО-1л58-2017-0286,Фаянс,тарелка,0,венчик,0,фрагмент,0,0,0,val
ВО-1л58-2017-0294,Блюдце,Блюдца фарфорового с голубоватой поливой снаружи и внутри с кобальтовой росписью профиля фр-т,фарфор,"Двен=12; Ддон=8; выс=2,5 см",Фрагмент,Бурая супесь после 1-й зачистки,ИИМК РАН,2017.0,data/raw/images/ВО-1л58-2017-0294_orig.jpg,startswith,1,ВО-1л58-2017-0294,Фарфор,блюдце,0,профиль,0,фрагмент,0,0,0,train
ВО-1л58-2017-0297,Тарелка/блюдо,Тарелки/блюда красноглиняного с белым ангобом и пятнистой желто-коричневой поливой внутри донца фр-т,керамика,Д= ок 18 см,Фрагмент,Бурая супесь после 1-й зачистки,ИИМК РАН,2017.0,data/raw/images/ВО-1л58-2017-0297_orig.jpg,startswith,1,ВО-1л58-2017-0297,Керамика,тарелка,0,донце,0,фрагмент,0,0,0,train
ВО-1л58-2017-0305,Изразец,"Изразец поясной красноглиняный с белой поливой, румпа оббита",керамика,"18,5 х 10,5 х 1,5 см",Фрагмент,Бурая супесь после 1-й зачистки,ИИМК РАН,2017.0,data/raw/images/ВО-1л58-2017-0305_orig.jpg,startswith,1,ВО-1л58-2017-0305,Керамика,изразец,0,часть не указана,1,фрагмент,0,0,0,train
ВО-1л58-2017-0306,Изразец,Изразца-перемычки красноглиняного со следами белой поливы и бирюзовой росписи фр-т,керамика,"9+ х 4 х 2; выс.румп=3,2 см",Фрагмент,Бурая супесь после 1-й зачистки,ИИМК РАН,2017.0,data/raw/images/ВО-1л58-2017-0306_orig.jpg,startswith,1,ВО-1л58-2017-0306,Керамика,изразец,0,часть не указана,1,фрагмент,0,0,0,test
ВО-1л58-2017-0307,Изразец,Изразца-перемычки красноглиняного с белой поливой и бирюзовой росписью фр-т,керамика,"7,5+ х 4 х 2; выс.румп=3,3 см",Фрагмент,Бурая супесь после 1-й зачистки,ИИМК РАН,2017.0,data/raw/images/ВО-1л58-2017-0307_orig.jpg,startswith,1,ВО-1л58-2017-0307,Керамика,изразец,0,часть не указана,1,фрагмент,0,0,0,train
ВО-1л58-2017-0322,Миска,Миски красноглиняной с зеленоватой поливой внутри профиля ф-т,керамика,"Двен=20; Ддон=14; выс=4,5 см",Фрагмент,Бурая супесь после 1-й зачистки,ИИМК РАН,2017.0,data/raw/images/ВО-1л58-2017-0322_orig.jpg,startswith,1,ВО-1л58-2017-0322,Керамика,миска,0,профиль,0,фрагмент,0,0,0,val
ВО-1л58-2017-0376,Миска,Миски красноглиняной со следами прозрачной бесцветной поливы внутри и рельефным орнаментом венчика фр-т,керамика,Д=18 см,Фрагмент,Бурая супесь после 1-й зачистки (вокруг столбов),ИИМК РАН,2017.0,data/raw/images/ВО-1л58-2017-0376_orig.jpg,startswith,1,ВО-1л58-2017-0376,Керамика,миска,0,венчик,0,фрагмент,0,0,0,train
ВО-1л58-2017-0393,Изразец,"Изразец светлоглиняный плоский со следами белой поливы и зеленой росписи снаружи и со следами нагара внутри, фрагментированный",керамика,"9+ х 6 х 1,2; выс.рум=6 см",Фрагмент,Бурая супесь после 1-й зачистки (вокруг столбов),ИИМК РАН,2017.0,data/raw/images/ВО-1л58-2017-0393_orig.jpg,startswith,1,ВО-1л58-2017-0393,Керамика,изразец,0,часть не указана,1,фрагмент,0,0,0,train
ВО-1л58-2017-0397,Изразец,"Изразца красноглиняного прямоугольного стенового с полихромной росписью (цвета: бирюзовый, лиловый, белый) фр-т",керамика,"7+ х 4+ х 0,6 см",Фрагмент,Бурая супесь после 1-й зачистки (вокруг столбов),ИИМК РАН,2017.0,data/raw/images/ВО-1л58-2017-0397_orig.jpg,startswith,1,ВО-1л58-2017-0397,Керамика,изразец,0,часть не указана,1,фрагмент,0,0,0,train
ВО-1л58-2017-0418,Тарелка,Тарелки белоглиняной с пятнистой зелено-желтой поливой внутри венчика фр-т,керамика,Д=20 см,Фрагмент,Бурая супесь с раствором и кирп. крошкой (между стенкой и лотком),ИИМК РАН,2017.0,data/raw/images/ВО-1л58-2017-0418_orig.jpg,startswith,1,ВО-1л58-2017-0418,Керамика,тарелка,0,венчик,0,фрагмент,0,0,0,train
ВО-1л58-2017-0421,Тарелка,Тарелки фаянсовой со следами белой поливы и кобальтовой росписи внутри профиля фр-ты,фаянс,"Двен=24; Ддон=14; выс=2,5 см",Фрагмент,Бурая супесь с раствором и кирп. крошкой (между стенкой и лотком),ИИМК РАН,2017.0,data/raw/images/ВО-1л58-2017-0421_orig.jpg,startswith,1,ВО-1л58-2017-0421,Фаянс,тарелка,0,профиль,0,фрагмент,0,0,0,val
ВО-1л58-2017-0424,Крышка,"Сосуда фаянсового с бежевой поливой внутри и снаружи с рельефным орнаментом ""жемчужины""- по краю и листья - в центре, крышки фр-т",фаянс,Д=8 см,Фрагмент,Бурая супесь с раствором и кирп. крошкой (между стенкой и лотком),ИИМК РАН,2017.0,data/raw/images/ВО-1л58-2017-0424_orig.jpg,startswith,1,ВО-1л58-2017-0424,Фаянс,крышка,0,часть не указана,1,фрагмент,0,0,0,test
ВО-1л58-2017-0425,Крышка,Сосуда фаянсового с белой поливой внутри и снаружи крышки фр-т,фаянс,Д=18 см,Фрагмент,Бурая супесь с раствором и кирп. крошкой (между стенкой и лотком),ИИМК РАН,2017.0,data/raw/images/ВО-1л58-2017-0425_orig.jpg,startswith,1,ВО-1л58-2017-0425,Фаянс,крышка,0,часть не указана,1,фрагмент,0,0,0,train
ВО-1л58-2017-0426,Тарелка,Тарелки фаянсовой с голубой поливой снаружи и внутри с кобальтовой росписью по краю венчика волнистого фр-т,фаянс,Д= ок 24 см,Фрагмент,Бурая супесь с раствором и кирп. крошкой (между стенкой и лотком),ИИМК РАН,2017.0,data/raw/images/ВО-1л58-2017-0426_orig.jpg,startswith,1,ВО-1л58-2017-0426,Фаянс,тарелка,0,венчик,0,фрагмент,0,0,0,val
ВО-1л58-2017-0441,Миска (?),Сосуда (миски ?) красноглиняного венчика фр-т,керамика,Д=24 см,Фрагмент,Бурая супесь с раствором и кирп. крошкой (между стенкой и лотком),ИИМК РАН,2017.0,data/raw/images/ВО-1л58-2017-0441_orig.jpg,startswith,1,ВО-1л58-2017-0441,Керамика,миска,0,венчик,0,фрагмент,0,0,1,train
ВО-1л58-2017-0447,Изразец,Изразец-перемычка красноглиняный с белой поливой,керамика,"16 х 3,5 х 1,5; выс.румп=3 см",Целый,Бурая супесь с раствором и кирп. крошкой (между стенкой и лотком),ИИМК РАН,2017.0,data/raw/images/ВО-1л58-2017-0447_orig.jpg,startswith,1,ВО-1л58-2017-0447,Керамика,изразец,0,часть не указана,1,целый,0,0,0,test
ВО-1л58-2017-0448,Изразец,Изразец-перемычка красноглиняный со следами белой поливы и кобальтовой росписи цветами,керамика,"15 х 3 х 1,5; выс.румп=3,5 см",Целый,Бурая супесь с раствором и кирп. крошкой (между стенкой и лотком),ИИМК РАН,2017.0,data/raw/images/ВО-1л58-2017-0448_orig.jpg,startswith,1,ВО-1л58-2017-0448,Керамика,изразец,0,часть не указана,1,целый,0,0,0,train
ВО-1л58-2017-0475,Изразец,Изразца-перемычки красноглиняного с белой поливой и кобальтовой росписью цветами фр-т,керамика,"10+ х 3 х 1,5; выс.румп=3 см",Фрагмент,Заполнение тр.лотка (не сохр) к ם колодцу вдоль стенки,ИИМК РАН,2017.0,data/raw/images/ВО-1л58-2017-0475_orig.jpg,startswith,1,ВО-1л58-2017-0475,Керамика,изразец,0,часть не указана,1,фрагмент,0,0,0,test
ВО-1л58-2017-0480,Крышка,"Чайника фарфорового с белой поливой внутри и снаружи с золоченой полосой крышка с отбитой (вероятно фигурной) ручкой и отверстием, смещенным к краю",фарфор,"Д=8,5 см",Фрагмент,"Заполнение колодца, крупный песок",ИИМК РАН,2017.0,data/raw/images/ВО-1л58-2017-0480_orig.jpg,startswith,1,ВО-1л58-2017-0480,Фарфор,крышка,0,ручка,0,фрагмент,0,0,1,train
ВО-1л58-2017-0487,Тарелка,Тарелки фаянсовой с голубой поливой снаружи и внутри с темно-голубой полосой по краю венчика фр-т,фаянс,Д= ок 24 см,Фрагмент,Заполнение 2х траншей и ם колодца,ИИМК РАН,2017.0,data/raw/images/ВО-1л58-2017-0487_orig.jpg,startswith,1,ВО-1л58-2017-0487,Фаянс,тарелка,0,венчик,0,фрагмент,0,0,0,val
ВО-1л58-2017-0488,Тарелка,Тарелки фаянсовой с голубой поливой снаружи и внутри с синим цветком в центре донца фр-т,фаянс,Д= ок 16 см,Фрагмент,Заполнение 2х траншей и ם колодца,ИИМК РАН,2017.0,data/raw/images/ВО-1л58-2017-0488_orig.jpg,startswith,1,ВО-1л58-2017-0488,Фаянс,тарелка,0,донце,0,фрагмент,0,0,0,train
ВО-1л58-2017-0503,Крышка,Сосуда фаянсового с бежевой поливой внутри и снаружи с  коричневыми вертикальными полосами крышка фрагментированная,фаянс,"Д=5,5 см",Фрагмент,Засыпка котлована под столбы (на границе линии А и Б),ИИМК РАН,2017.0,data/raw/images/ВО-1л58-2017-0503_orig.jpg,startswith,1,ВО-1л58-2017-0503,Фаянс,крышка,0,часть не указана,1,фрагмент,0,0,0,train
ВО-1л58-2017-0509,Изразец,"Изразца прямоугольного стенового красноглиняного с  белой поливой бирюзовой и лиловой росписью фр-т, румпа утрачена",керамика,5+ х 4+ х 1 см,Фрагмент,Засыпка котлована под столбы (на границе линии А и Б),ИИМК РАН,2017.0,data/raw/images/ВО-1л58-2017-0509_orig.jpg,startswith,1,ВО-1л58-2017-0509,Керамика,изразец,0,часть не указана,1,фрагмент,0,0,0,train
ВО-1л58-2017-0522,Тарелка,Тарелки фаянсовой с белой поливой снаружи и следами белой поливы и кобальтовой росписи внутри донца фр-т,фаянс,Д=14 см,Фрагмент,Завал между столбами,ИИМК РАН,2017.0,data/raw/images/ВО-1л58-2017-0522_orig.jpg,startswith,1,ВО-1л58-2017-0522,Фаянс,тарелка,0,донце,0,фрагмент,0,0,0,train
ВО-1л58-2017-0523,Изразец,"Изразец-перемычка угловой красноглиняный с голубоватой поливой и бирюзовой росписью, частично оббит",керамика,11 х 11 х 1 см,Целый,Завал между столбами,ИИМК РАН,2017.0,data/raw/images/ВО-1л58-2017-0523_orig.jpg,startswith,1,ВО-1л58-2017-0523,Керамика,изразец,0,часть не указана,1,целый,0,0,0,train
ВО-1л58-2017-0524,Изразец,"Изразец-перемычка красноглиняный с белой поливой, один конец оббит",керамика,"21+ х 3,7 х 1,3; выс.рум=3 см",Целый,Завал между столбами,ИИМК РАН,2017.0,data/raw/images/ВО-1л58-2017-0524_orig.jpg,startswith,1,ВО-1л58-2017-0524,Керамика,изразец,0,часть не указана,1,целый,0,0,0,train
ВО-1л58-2017-0525,Изразец,Изразец-перемычка красноглиняный с белой поливой,керамика,"22,8 х 4 х 1,5; выс.рум=3,7 см",Целый,Завал между столбами,ИИМК РАН,2017.0,data/raw/images/ВО-1л58-2017-0525_orig.jpg,startswith,1,ВО-1л58-2017-0525,Керамика,изразец,0,часть не указана,1,целый,0,0,0,train
ВО-1л58-2017-0527,Изразец,"Изразца карнизного углового красноглиняного с белой поливой фр-т, румпа утрачена",керамика,"9 х 7,5+ х 1 см",Фрагмент,Завал между столбами,ИИМК РАН,2017.0,data/raw/images/ВО-1л58-2017-0527_orig.jpg,startswith,1,ВО-1л58-2017-0527,Керамика,изразец,0,часть не указана,1,фрагмент,0,0,0,test
ВО-1л58-2017-0528,Изразец,"Изразец плоский красноглиняный с белой поливой, румпа частично утрачена",керамика,"18,2 х 21,5 х 2; выс.рум=3,5 см",Целый,Завал между столбами,ИИМК РАН,2017.0,data/raw/images/ВО-1л58-2017-0528_orig.jpg,startswith,1,ВО-1л58-2017-0528,Керамика,изразец,0,часть не указана,1,целый,0,0,0,train
ВО-1л58-2017-0544,Миска,Миски светлоглиняной (бежевая глина) венчика фр-т,керамика,Д=16 см,Фрагмент,Коричн. супесь и стр. мусор,ИИМК РАН,2017.0,data/raw/images/ВО-1л58-2017-0544_orig.jpg,startswith,1,ВО-1л58-2017-0544,Керамика,миска,0,венчик,0,фрагмент,0,0,0,train
ВО-1л58-2017-0547,Тарелка,Тарелки фаянсовой с голубой поливой снаружи и внутри с кобальтовым растительным орнаментом венчика фр-т,фаянс,Д=19 см,Фрагмент,Коричн. супесь и стр. мусор,ИИМК РАН,2017.0,data/raw/images/ВО-1л58-2017-0547_orig.jpg,startswith,1,ВО-1л58-2017-0547,Фаянс,тарелка,0,венчик,0,фрагмент,0,0,0,train
ВО-1л58-2017-0551,Изразец,"Изразца прямоугольного стенового красноглиняного с белой поливой бирюзовой и лиловой росписью уголка фр-т, румпа утрачена",керамика,"7+ х 5+ х 1,5 см",Фрагмент,Коричн. супесь и стр. мусор,ИИМК РАН,2017.0,data/raw/images/ВО-1л58-2017-0551_orig.jpg,startswith,1,ВО-1л58-2017-0551,Керамика,изразец,0,часть не указана,1,фрагмент,0,0,0,train
ВО-1л58-2017-0553,Изразец,Изразца-перемычки красноглиняного с белой поливой и следами бирюзовой и лиловой росписи фр-т,керамика,"9+ х 3,5 х 2; выс.рум=2,5+ см",Фрагмент,Коричн. супесь и стр. мусор,ИИМК РАН,2017.0,data/raw/images/ВО-1л58-2017-0553_orig.jpg,startswith,1,ВО-1л58-2017-0553,Керамика,изразец,0,часть не указана,1,фрагмент,0,0,0,train
ВО-1л58-2017-0554,Изразец,Изразец-перемычка красноглиняный с белой поливой и кобальтовой росписью цветами,керамика,"14+ х  3 х 1,3; выс.рум=3,5 см",Целый,Коричн. супесь и стр. мусор,ИИМК РАН,2017.0,data/raw/images/ВО-1л58-2017-0554_orig.jpg,startswith,1,ВО-1л58-2017-0554,Керамика,изразец,0,часть не указана,1,целый,0,0,0,train
ВО-1л58-2017-0572,Крышка,Сосуда красноглиняного ручка крышки круглая в сечении,керамика,Д=4 см,Фрагмент,Траншея лотка под деревом,ИИМК РАН,2017.0,data/raw/images/ВО-1л58-2017-0572_orig.jpg,startswith,1,ВО-1л58-2017-0572,Керамика,крышка,0,ручка,0,фрагмент,0,0,0,train
ВО-1л58-2017-0573,Тарелка,Тарелки белоглиняной с люстровой поливой зелено-коричневыми разводами снаружи и внутри венчика фр-т,керамика,Д=16 см,Фрагмент,Траншея лотка под деревом,ИИМК РАН,2017.0,data/raw/images/ВО-1л58-2017-0573_orig.jpg,startswith,1,ВО-1л58-2017-0573,Керамика,тарелка,0,венчик,0,фрагмент,0,0,0,train
ВО-1л58-2017-0574,Тарелка,Тарелки фаянсовой с белой поливой снаружи и внутри с кобальтовой росписью венчика фр-ты,фаянс,Д=19 см,Фрагмент,Траншея лотка под деревом,ИИМК РАН,2017.0,data/raw/images/ВО-1л58-2017-0574_orig.jpg,startswith,1,ВО-1л58-2017-0574,Фаянс,тарелка,0,венчик,0,фрагмент,0,0,0,train
ВО-1л58-2017-0575,Блюдце,Блюдца фарфорового с белой поливой снаружи и внутри с сине-голубой росписью венчика фр-т,фарфор,Д=14 см,Фрагмент,Траншея лотка под деревом,ИИМК РАН,2017.0,data/raw/images/ВО-1л58-2017-0575_orig.jpg,startswith,1,ВО-1л58-2017-0575,Фарфор,блюдце,0,венчик,0,фрагмент,0,0,0,test
ВО-1л58-2017-0595,Крышка,Сосуда красноглиняного крышки со следами нагара внутри и снаружи фр-т,керамика,Д=28 см,Фрагмент,Строительный мусор и супесь - заполн. кирпичн. постр-ки,ИИМК РАН,2017.0,data/raw/images/ВО-1л58-2017-0595_orig.jpg,startswith,1,ВО-1л58-2017-0595,Керамика,крышка,0,часть не указана,1,фрагмент,0,0,0,train
ВО-1л58-2017-0596,Крышка,"Сосуда красноглиняного ручка крышки, круглая в сечении",керамика,Д=6 см,Фрагмент,Строительный мусор и супесь - заполн. кирпичн. постр-ки,ИИМК РАН,2017.0,data/raw/images/ВО-1л58-2017-0596_orig.jpg,startswith,1,ВО-1л58-2017-0596,Керамика,крышка,0,ручка,0,фрагмент,0,0,0,val
ВО-1л58-2017-0603,Изразец,"Изразца-пояса красноглиняного со следами голубоватой поливы и сине-голубой росписью фр-т, румпа утрачена",керамика,"9+ х 6+ х 1,5 см",Фрагмент,Строительный мусор и супесь - заполн. кирпичн. постр-ки,ИИМК РАН,2017.0,data/raw/images/ВО-1л58-2017-0603_orig.jpg,startswith,1,ВО-1л58-2017-0603,Керамика,изразец,0,часть не указана,1,фрагмент,0,0,0,train
ВО-1л58-2017-0604,Изразец,Изразец-перемычка красноглиняный с белой поливой,керамика,"23 х 4,3 х 1,5; выс.рум=3,8 см",Целый,Строительный мусор и супесь - заполн. кирпичн. постр-ки,ИИМК РАН,2017.0,data/raw/images/ВО-1л58-2017-0604_orig.jpg,startswith,1,ВО-1л58-2017-0604,Керамика,изразец,0,часть не указана,1,целый,0,0,0,train
ВО-1л58-2017-0605,Изразец,Изразец-перемычка красноглиняный с белой поливой,керамика,"22+ х 4,3 х 1,5; выс.рум=4,2 см",Целый,Строительный мусор и супесь - заполн. кирпичн. постр-ки,ИИМК РАН,2017.0,data/raw/images/ВО-1л58-2017-0605_orig.jpg,startswith,1,ВО-1л58-2017-0605,Керамика,изразец,0,часть не указана,1,целый,0,0,0,train
ВО-1л58-2017-0606,Изразец,Изразец-перемычка красноглиняный с белой поливой,керамика,"22 х 4,3 х 1,5; выс.рум=3 см",Целый,Строительный мусор и супесь - заполн. кирпичн. постр-ки,ИИМК РАН,2017.0,data/raw/images/ВО-1л58-2017-0606_orig.jpg,startswith,1,ВО-1л58-2017-0606,Керамика,изразец,0,часть не указана,1,целый,0,0,0,train
ВО-1л58-2017-0625,Тарелка,Тарелки фаянсовой с белой поливой снаружи и внутри с кобальтовой росписью венчика фр-т,фаянс,Д= ок 22 см,Фрагмент,Заполнение траншеи участка,ИИМК РАН,2017.0,data/raw/images/ВО-1л58-2017-0625_orig.jpg,startswith,1,ВО-1л58-2017-0625,Фаянс,тарелка,0,венчик,0,фрагмент,0,0,0,train
ВО-1л58-2017-0627,Изразец,"Изразца красноглиняного прямоугольного стенового с белой поливой и голубой сюжетной росписью фр-т, румпа утрачена",керамика,5+ х 5+ х 1 см,Фрагмент,Заполнение траншеи участка,ИИМК РАН,2017.0,data/raw/images/ВО-1л58-2017-0627_orig.jpg,startswith,1,ВО-1л58-2017-0627,Керамика,изразец,0,часть не указана,1,фрагмент,0,0,0,val
ВО-1л58-2017-0631,Изразец,"Изразца (ножки ?) красноглиняного с белой поливой фр-т, румпа утрачена",керамика,,Фрагмент,Заполнение траншеи участка,ИИМК РАН,2017.0,data/raw/images/ВО-1л58-2017-0631_orig.jpg,startswith,1,ВО-1л58-2017-0631,Керамика,изразец,0,часть не указана,1,фрагмент,0,0,1,val
ВО-1л58-2017-0632,Изразец,"Изразца (поясного ?) красноглиняного с белой поливой фр-т, румпа отбита",керамика,"20,5+ х 9+ х 1 см",Фрагмент,Заполнение траншеи участка,ИИМК РАН,2017.0,data/raw/images/ВО-1л58-2017-0632_orig.jpg,startswith,1,ВО-1л58-2017-0632,Керамика,изразец,0,часть не указана,1,фрагмент,0,0,1,train
ВО-1л58-2017-0633,Изразец,Изразца прямоугольного стенового красноглиняного с белой поливой угла фр-т,керамика,"13+ х 10,5+ х 1; выс.рум=4 см",Фрагмент,Заполнение траншеи участка,ИИМК РАН,2017.0,data/raw/images/ВО-1л58-2017-0633_orig.jpg,startswith,1,ВО-1л58-2017-0633,Керамика,изразец,0,часть не указана,1,фрагмент,0,0,0,train
ВО-1л58-2017-0634,Изразец,Изразца-перемычки красноглиняного с белой поливой фр-т,керамика,"14,5+ х 4,2 х 1,5;; выс.рум=3,5 см",Фрагмент,Заполнение траншеи участка,ИИМК РАН,2017.0,data/raw/images/ВО-1л58-2017-0634_orig.jpg,startswith,1,ВО-1л58-2017-0634,Керамика,изразец,0,часть не указана,1,фрагмент,0,0,0,train
ВО-1л58-2017-0635,Изразец,Изразца-перемычки красноглиняного с белой поливой фр-т,керамика,"13+ х 4,5 х 1,5;; выс.рум=356 см",Фрагмент,Заполнение траншеи участка,ИИМК РАН,2017.0,data/raw/images/ВО-1л58-2017-0635_orig.jpg,startswith,1,ВО-1л58-2017-0635,Керамика,изразец,0,часть не указана,1,фрагмент,0,0,0,train
ВО-1л58-2017-0645,Крышка,Сосуда красноглиняного крышки фр-т,керамика,Д=16 см,Фрагмент,Заполнение траншеи участка,ИИМК РАН,2017.0,data/raw/images/ВО-1л58-2017-0645_orig.jpg,startswith,1,ВО-1л58-2017-0645,Керамика,крышка,0,часть не указана,1,фрагмент,0,0,0,train
ВО-1л58-2017-0673,Миска,Миски красноглиняной венчика фр-т,керамика,Д=25 см,Фрагмент,Бурая супесь с раствором и кирпичами на дер-ом настиле и выше,ИИМК РАН,2017.0,data/raw/images/ВО-1л58-2017-0673_orig.jpg,startswith,1,ВО-1л58-2017-0673,Керамика,миска,0,венчик,0,фрагмент,0,0,0,test
ВО-1л58-2017-0688,Тарелка,Тарелки фаянсовой с розоватой поливой снаружи и внутри венчика волнистого фр-т,фаянс,Д= ок 24 см,Фрагмент,Бурая супесь с раствором и кирпичами на дер-ом настиле и выше,ИИМК РАН,2017.0,data/raw/images/ВО-1л58-2017-0688_orig.jpg,startswith,1,ВО-1л58-2017-0688,Фаянс,тарелка,0,венчик,0,фрагмент,0,0,0,train
ВО-1л58-2017-0689,Тарелка,Тарелки фаянсовой с розоватой поливой снаружи и внутри с росписью цветами (зеленой и голубой краской) с частью клейма донца фр-т,фаянс,Д неопределим см,Фрагмент,Бурая супесь с раствором и кирпичами на дер-ом настиле и выше,ИИМК РАН,2017.0,data/raw/images/ВО-1л58-2017-0689_orig.jpg,startswith,1,ВО-1л58-2017-0689,Фаянс,тарелка,0,донце,0,фрагмент,0,0,0,train
ВО-1л58-2017-0713,Изразец,"Изразца прямоугольного стенового красноглиняного с белой поливой бирюзовой и лиловой росписью фр-т, румпа утрачена",керамика,"13,5+ х 6+ х 1 см",Фрагмент,Бурая супесь с раствором и кирпичами на дер-ом настиле и выше,ИИМК РАН,2017.0,data/raw/images/ВО-1л58-2017-0713_orig.jpg,startswith,1,ВО-1л58-2017-0713,Керамика,изразец,0,часть не указана,1,фрагмент,0,0,0,train
ВО-1л58-2017-0714,Изразец,"Изразца прямоугольного стенового красноглиняного с белой поливой бирюзовой и лиловой росписью фр-т, румпа утрачена",керамика,11+ х 6+ х 1 см,Фрагмент,Бурая супесь с раствором и кирпичами на дер-ом настиле и выше,ИИМК РАН,2017.0,data/raw/images/ВО-1л58-2017-0714_orig.jpg,startswith,1,ВО-1л58-2017-0714,Керамика,изразец,0,часть не указана,1,фрагмент,0,0,0,test
ВО-1л58-2017-0715,Изразец,"Изразца прямоугольного стенового красноглиняного с белой поливой бирюзовой и лиловой росписью фр-т, румпа утрачена",керамика,"11+ х 9,5+ х 1 см",Фрагмент,Бурая супесь с раствором и кирпичами на дер-ом настиле и выше,ИИМК РАН,2017.0,data/raw/images/ВО-1л58-2017-0715_orig.jpg,startswith,1,ВО-1л58-2017-0715,Керамика,изразец,0,часть не указана,1,фрагмент,0,0,0,val
ВО-1л58-2017-0716,Изразец,Изразца прямоугольного стенового красноглиняного с белой поливой бирюзовой и лиловой росписью угла фр-т,керамика,"10,5+ х 7,5+ х 1; выс.рум=3,5 см",Фрагмент,Бурая супесь с раствором и кирпичами на дер-ом настиле и выше,ИИМК РАН,2017.0,data/raw/images/ВО-1л58-2017-0716_orig.jpg,startswith,1,ВО-1л58-2017-0716,Керамика,изразец,0,часть не указана,1,фрагмент,0,0,0,test
ВО-1л58-2017-0717,Изразец,"Изразца (поясного ?) красноглиняного с белой поливой бирюзовой и лиловой росписью фр-т, румпа утрачена",керамика,"12,5+ х 10+ х 1,5 см",Фрагмент,Бурая супесь с раствором и кирпичами на дер-ом настиле и выше,ИИМК РАН,2017.0,data/raw/images/ВО-1л58-2017-0717_orig.jpg,startswith,1,ВО-1л58-2017-0717,Керамика,изразец,0,часть не указана,1,фрагмент,0,0,1,test
ВО-1л58-2017-0718,Изразец,"Изразца-перемычки красноглиняного с белой поливой бирюзовой и лиловой росписью фр-т, румпа утрачена",керамика,"6+ х 3,5 х 2 см",Фрагмент,Бурая супесь с раствором и кирпичами на дер-ом настиле и выше,ИИМК РАН,2017.0,data/raw/images/ВО-1л58-2017-0718_orig.jpg,startswith,1,ВО-1л58-2017-0718,Керамика,изразец,0,часть не указана,1,фрагмент,0,0,0,val
ВО-1л58-2017-0721,Изразец,Изразец-городок белоглиняный фигурный с белой поливой и синей росписью цветами,керамика,"9 х 8,5 х 1,5 см",Целый,Бурая супесь с раствором и кирпичами на дер-ом настиле и выше,ИИМК РАН,2017.0,data/raw/images/ВО-1л58-2017-0721_orig.jpg,startswith,1,ВО-1л58-2017-0721,Керамика,изразец,0,часть не указана,1,целый,0,0,0,val
ВО-1л58-2017-0722,Плитка,Плитки стеновой белоглиняной с белой поливой и голубой сюжетной росписью фр-т,керамика,"11+ х 5+ х 0,7 см",Фрагмент,Бурая супесь с раствором и кирпичами на дер-ом настиле и выше,ИИМК РАН,2017.0,data/raw/images/ВО-1л58-2017-0722_orig.jpg,startswith,1,ВО-1л58-2017-0722,Керамика,прочее,1,часть не указана,1,фрагмент,0,0,0,train
ВО-1л58-2017-0723,Изразец,"Изразца прямоугольного стенового красноглиняного с белой поливой  и голубой росписью фр-т, румпа утрачена",керамика,14+ х 11+ х 1 см,Фрагмент,Бурая супесь с раствором и кирпичами на дер-ом настиле и выше,ИИМК РАН,2017.0,data/raw/images/ВО-1л58-2017-0723_orig.jpg,startswith,1,ВО-1л58-2017-0723,Керамика,изразец,0,часть не указана,1,фрагмент,0,0,0,test
ВО-1л58-2017-0724,Изразец,Изразца-перемычки красноглиняного с белой поливой и голубой росписью фр-т,керамика,"8,5+ х 3,2 х 1,5; выс.рум=4 см",Фрагмент,Бурая супесь с раствором и кирпичами на дер-ом настиле и выше,ИИМК РАН,2017.0,data/raw/images/ВО-1л58-2017-0724_orig.jpg,startswith,1,ВО-1л58-2017-0724,Керамика,изразец,0,часть не указана,1,фрагмент,0,0,0,train
ВО-1л58-2017-0734,Крышка,Сосуда красноглиняного ручка от крышки круглая в сечении,керамика,Д=4 см,Фрагмент,Развал цоколя и кирпичной стенки,ИИМК РАН,2017.0,data/raw/images/ВО-1л58-2017-0734_orig.jpg,startswith,1,ВО-1л58-2017-0734,Керамика,крышка,0,ручка,0,фрагмент,0,0,0,train
ВО-1л58-2017-0735,Тарелка,Тарелки фаянсовой с белой поливой снаружи и внутри с кобальтовой росписью венчика фр-т,фаянс,Д=20 см,Фрагмент,Развал цоколя и кирпичной стенки,ИИМК РАН,2017.0,data/raw/images/ВО-1л58-2017-0735_orig.jpg,startswith,1,ВО-1л58-2017-0735,Фаянс,тарелка,0,венчик,0,фрагмент,0,0,0,test
ВО-1л58-2017-0736,Блюдце,Блюдца фарфорового с белой поливой снаружи и внутри со следами терракотовой росписи донца фр-т,фарфор,Д=8 см,Фрагмент,Развал цоколя и кирпичной стенки,ИИМК РАН,2017.0,data/raw/images/ВО-1л58-2017-0736_orig.jpg,startswith,1,ВО-1л58-2017-0736,Фарфор,блюдце,0,донце,0,фрагмент,0,0,0,train
ВО-1л58-2017-0743,Тарелка,"Тарелки сероглиняной с темно-серой поливой внутри, с росписью коричневой и зеленой краской профиль",керамика,"Двен= ок 22; Ддон=13; выс=3,5 см",Фрагмент,"Супесь, песок со строит. мусором (зачистка по дерев. полу)",ИИМК РАН,2017.0,data/raw/images/ВО-1л58-2017-0743_orig.jpg,startswith,1,ВО-1л58-2017-0743,Керамика,тарелка,0,профиль,0,фрагмент,0,0,0,train
ВО-1л58-2017-0745,Миска,Миски белоглиняной с желто-коричневой разводами поливой внутри и снаружи венчика фр-т,керамика,Д=16 см,Фрагмент,"Супесь, песок со строит. мусором (зачистка по дерев. полу)",ИИМК РАН,2017.0,data/raw/images/ВО-1л58-2017-0745_orig.jpg,startswith,1,ВО-1л58-2017-0745,Керамика,миска,0,венчик,0,фрагмент,0,0,0,train
ВО-1л58-2017-0746,Крышка,Сосуда белоглиняного со светло-зеленой поливой снаружи крышка фрагментированная,керамика,Д=8 см,Фрагмент,"Супесь, песок со строит. мусором (зачистка по дерев. полу)",ИИМК РАН,2017.0,data/raw/images/ВО-1л58-2017-0746_orig.jpg,startswith,1,ВО-1л58-2017-0746,Керамика,крышка,0,часть не указана,1,фрагмент,0,0,0,train
ВО-1л58-2017-0753,Миска (?),Сосуда (миски ?) фаянсовой  с бежевой поливой внутри и снаружи венчика фр-т,фаянс,Д=15 см,Фрагмент,"Супесь, песок со строит. мусором (зачистка по дерев. полу)",ИИМК РАН,2017.0,data/raw/images/ВО-1л58-2017-0753_orig.jpg,startswith,1,ВО-1л58-2017-0753,Фаянс,миска,0,венчик,0,фрагмент,0,0,1,val
ВО-1л58-2017-0754,Изразец,"Изразца-перемычки белоглиняного изогнутого со следами белой поливы и синей росписи, с отверстием в румпе фр-т",керамика,"9+ х 3 х 1,5; выс.рум=3 см",Фрагмент,"Супесь, песок со строит. мусором (зачистка по дерев. полу)",ИИМК РАН,2017.0,data/raw/images/ВО-1л58-2017-0754_orig.jpg,startswith,1,ВО-1л58-2017-0754,Керамика,изразец,0,часть не указана,1,фрагмент,0,0,0,train
ВО-1л58-2017-0767,Изразец,"Изразец-перемычка белоглиняный со следами белой поливы и синей (?) росписи, с отверстием в румпе",керамика,"14,5 х 3 х 1,5; выс.рум=3,5 см",Целый,"Заполнение большого помещ. ""кирпичн. дома"" - песок супесь со строит мусором",ИИМК РАН,2017.0,data/raw/images/ВО-1л58-2017-0767_orig.jpg,startswith,1,ВО-1л58-2017-0767,Керамика,изразец,0,часть не указана,1,целый,0,0,1,test
ВО-1л58-2017-0768,Изразец,"Изразец-перемычка белоглиняный со следами белой поливы и синей (?) росписи, с отверстием в румпе, фрагментированный",керамика,"14,2 х 3 х 1,5; выс.рум=3,5 см",Фрагмент,"Заполнение большого помещ. ""кирпичн. дома"" - песок супесь со строит мусором",ИИМК РАН,2017.0,data/raw/images/ВО-1л58-2017-0768_orig.jpg,startswith,1,ВО-1л58-2017-0768,Керамика,изразец,0,часть не указана,1,фрагмент,0,0,1,val
ВО-1л58-2017-0769,Изразец,Изразца-перемычки красноглиняного со следами белой поливы и синей росписи фр-т,керамика,"6+ х ,53 х 1,3; выс.рум=3,5 см",Фрагмент,"Заполнение большого помещ. ""кирпичн. дома"" - песок супесь со строит мусором",ИИМК РАН,2017.0,data/raw/images/ВО-1л58-2017-0769_orig.jpg,startswith,1,ВО-1л58-2017-0769,Керамика,изразец,0,часть не указана,1,фрагмент,0,0,0,train
ВО-1л58-2017-0770,Изразец,Изразца-перемычки красноглиняного со следами белой поливы и синей росписи фр-т,керамика,"4,5+ х ,53 х 1,3; выс.рум=3,5 см",Фрагмент,"Заполнение большого помещ. ""кирпичн. дома"" - песок супесь со строит мусором",ИИМК РАН,2017.0,data/raw/images/ВО-1л58-2017-0770_orig.jpg,startswith,1,ВО-1л58-2017-0770,Керамика,изразец,0,часть не указана,1,фрагмент,0,0,0,train
ВО-1л58-2017-0779,Изразец,Изразца-перемычки красноглиняного с белой поливой фр-т,керамика,"11+ х 4,5 х 1,5; выс.рум=3,5 см",Фрагмент,"Заполнение большого помещ. ""кирпичн. дома"" - песок супесь со строит мусором",ИИМК РАН,2017.0,data/raw/images/ВО-1л58-2017-0779_orig.jpg,startswith,1,ВО-1л58-2017-0779,Керамика,изразец,0,часть не указана,1,фрагмент,0,0,0,train
ВО-1л58-2017-0780,Изразец,Изразца пояса-валика красноглиняного с белой поливой фр-т,керамика,"11,5+ х 11 х 1,5; выс.рум=3+ см",Фрагмент,"Заполнение большого помещ. ""кирпичн. дома"" - песок супесь со строит мусором",ИИМК РАН,2017.0,data/raw/images/ВО-1л58-2017-0780_orig.jpg,startswith,1,ВО-1л58-2017-0780,Керамика,изразец,0,часть не указана,1,фрагмент,0,0,0,test
ВО-1л58-2017-0781,Изразец,"Изразец плоский стеновой красноглиняный с белой поливой, фрагментированный",керамика,"22 х 18,5 х 1; выс.рум=4 см",Фрагмент,"Заполнение большого помещ. ""кирпичн. дома"" - песок супесь со строит мусором",ИИМК РАН,2017.0,data/raw/images/ВО-1л58-2017-0781_orig.jpg,startswith,1,ВО-1л58-2017-0781,Керамика,изразец,0,часть не указана,1,фрагмент,0,0,0,train
ВО-1л58-2017-0799,Тарелка,Тарелки фарфоровой с белой поливой снаружи и внутри с синим геометрическим орнаментом по краю венчика фр-т,фарфор,Д=22 см,Фрагмент,Бурая супесь со щепой (зачистка по доскам и щепе),ИИМК РАН,2017.0,data/raw/images/ВО-1л58-2017-0799_orig.jpg,startswith,1,ВО-1л58-2017-0799,Фарфор,тарелка,0,венчик,0,фрагмент,0,0,0,test
ВО-1л58-2017-0841,Изразец,Изразца-перемычки красноглиняного с белой поливой фр-т,керамика,"10+ х 3 х 1,5; выс.румп=3,7 см",Фрагмент,Т-серая супесь со щепой,ИИМК РАН,2017.0,data/raw/images/ВО-1л58-2017-0841_orig.jpg,startswith,1,ВО-1л58-2017-0841,Керамика,изразец,0,часть не указана,1,фрагмент,0,0,0,train
ВО-1л58-2017-0868,Изразец,"Изразца красноглиняного (полочки ?) с белой поливой фр-т,",керамика,16+ х 11+ х 1 см,Фрагмент,Разборка наброски досок и расчистка по плотной щепе под ними,ИИМК РАН,2017.0,data/raw/images/ВО-1л58-2017-0868_orig.jpg,startswith,1,ВО-1л58-2017-0868,Керамика,изразец,0,часть не указана,1,фрагмент,0,0,1,train
ВО-1л58-2017-0873,Миска,Миски красноглиняной с росписью белой краской с прозрачной бесцветной и зелеными пятнами поливой внутри профиль,керамика,"Двен=19; Ддон=10,6; выс=7 см",Фрагмент,Разборка наброски досок и расчистка по плотной щепе под ними,ИИМК РАН,2017.0,data/raw/images/ВО-1л58-2017-0873_orig.jpg,startswith,1,ВО-1л58-2017-0873,Керамика,миска,0,профиль,0,фрагмент,0,0,0,train
ВО-1л58-2017-0874,Миска,Миски красноглиняной с росписью белой краской с прозрачной желтоватой и зелеными пятнами поливой внутри профиль,керамика,"Двен=20; Ддон=10,6; выс=6,5 см",Фрагмент,Разборка наброски досок и расчистка по плотной щепе под ними,ИИМК РАН,2017.0,data/raw/images/ВО-1л58-2017-0874_orig.jpg,startswith,1,ВО-1л58-2017-0874,Керамика,миска,0,профиль,0,фрагмент,0,0,0,train
ВО-1л58-2017-0881,Тарелка,Тарелки фаянсовой с белой поливой снаружи и внутри с кобальтовой росписью фр-ты,фаянс,Д= ок 20 см,Фрагмент,Разборка наброски досок и расчистка по плотной щепе под ними,ИИМК РАН,2017.0,data/raw/images/ВО-1л58-2017-0881_orig.jpg,startswith,1,ВО-1л58-2017-0881,Фаянс,тарелка,0,часть не указана,1,фрагмент,0,0,0,train
ВО-1л58-2017-0911,Тарелка,Тарелки фаянсовой с голубоватой поливой снаружи и внутри с кобальтовой росписью венчика фр-т,фаянс,Д=24 см,Фрагмент,Строительный мусор с остатков пола из ф-тов столбов,ИИМК РАН,2017.0,data/raw/images/ВО-1л58-2017-0911_orig.jpg,startswith,1,ВО-1л58-2017-0911,Фаянс,тарелка,0,венчик,0,фрагмент,0,0,0,train
ВО-1л58-2017-0962,Блюдце,Блюдца фарфорового с белой поливой снаружи и внутри с синей и красной росписью донца фр-т,фарфор,Д=7 см,Фрагмент,Заполнение под полом (зачистка по уровню щепы во дворе),ИИМК РАН,2017.0,data/raw/images/ВО-1л58-2017-0962_orig.jpg,startswith,1,ВО-1л58-2017-0962,Фарфор,блюдце,0,донце,0,фрагмент,0,0,0,val
ВО-1л58-2017-0963,Миска,Миски красноглиняной с росписью белой краской с прозрачной бесцветной и зелеными пятнами поливой внутри венчика фр-т,керамика,Двен=19 см,Фрагмент,Заполнение под полом (зачистка по уровню щепы во дворе),ИИМК РАН,2017.0,data/raw/images/ВО-1л58-2017-0963_orig.jpg,startswith,1,ВО-1л58-2017-0963,Керамика,миска,0,венчик,0,фрагмент,0,0,0,train
ВО-1л58-2017-0973,Тарелка/блюдо,Тарелки/блюда фаянсового с белой поливой снаружи и с кобальтовой росписью цветами внутри донца фр-т,фаянс,Д неопределим см,Фрагмент,"Засыпка битым кирпич. и изразцами под ""фунд-ом""",ИИМК РАН,2017.0,data/raw/images/ВО-1л58-2017-0973_orig.jpg,startswith,1,ВО-1л58-2017-0973,Фаянс,тарелка,0,донце,0,фрагмент,0,0,0,val
ВО-1л58-2017-0977,Миска,Миски серолощеной венчика фр-т,керамика,Д=26 см,Фрагмент,"Засыпка битым кирпич. и изразцами под ""фунд-ом""",ИИМК РАН,2017.0,data/raw/images/ВО-1л58-2017-0977_orig.jpg,startswith,1,ВО-1л58-2017-0977,Керамика,миска,0,венчик,0,фрагмент,0,0,0,train
ВО-1л58-2017-0981,Изразец,Изразец пояс-валик красноглиняный с белой поливой фрагментированный,керамика,"21,5 х 10 х 1"" выс.рум=8 см",Фрагмент,"Засыпка битым кирпич. и изразцами под ""фунд-ом""",ИИМК РАН,2017.0,data/raw/images/ВО-1л58-2017-0981_orig.jpg,startswith,1,ВО-1л58-2017-0981,Керамика,изразец,0,часть не указана,1,фрагмент,0,0,0,train
ВО-1л58-2017-0986,Изразец,Изразец-перемычка красноглиняный с белой поливой,керамика,"23,5 х 4,2 х 1,5; выс.рум=3,5 см",Целый,"Засыпка битым кирпич. и изразцами под ""фунд-ом""",ИИМК РАН,2017.0,data/raw/images/ВО-1л58-2017-0986_orig.jpg,startswith,1,ВО-1л58-2017-0986,Керамика,изразец,0,часть не указана,1,целый,0,0,0,train
ВО-1л58-2017-0996,Крышка,Сосуда красноглиняного ручка от крышки,керамика,"Д=3,7+1 см",Фрагмент,Бурая супесь с битым кирпич. и изразцами под деревом,ИИМК РАН,2017.0,data/raw/images/ВО-1л58-2017-0996_orig.jpg,startswith,1,ВО-1л58-2017-0996,Керамика,крышка,0,ручка,0,фрагмент,0,0,0,train
ВО-1л58-2017-1001,Изразец,Изразец пояс-валик красноглиняный с белой поливой,керамика,"21,7 х 11 х 1,5; выс.рум=7,5 см",Целый,Бурая супесь с битым кирпич. и изразцами под деревом,ИИМК РАН,2017.0,data/raw/images/ВО-1л58-2017-1001_orig.jpg,startswith,1,ВО-1л58-2017-1001,Керамика,изразец,0,часть не указана,1,целый,0,0,0,train
ВО-1л58-2017-1002,Изразец,"Изразец ножка с полочкой угловой красноглиняный с белой поливой, фрагментированный",керамика,"18 х 10 х 1,5; выс.рум=8 см",Фрагмент,Бурая супесь с битым кирпич. и изразцами под деревом,ИИМК РАН,2017.0,data/raw/images/ВО-1л58-2017-1002_orig.jpg,startswith,1,ВО-1л58-2017-1002,Керамика,изразец,0,часть не указана,1,фрагмент,0,0,0,train
ВО-1л58-2017-1003,Изразец,"Изразец пояс-валик красноглиняный с белой поливой, фрагментированный",керамика,"21 х 10,5 х 1,5; выс.рум=8 см",Фрагмент,Бурая супесь с битым кирпич. и изразцами под деревом,ИИМК РАН,2017.0,data/raw/images/ВО-1л58-2017-1003_orig.jpg,startswith,1,ВО-1л58-2017-1003,Керамика,изразец,0,часть не указана,1,фрагмент,0,0,0,test
ВО-1л58-2017-1005,Изразец,"Изразца (карнизного пояса-каблучка углового?) красноглиняного с белой поливой фр-т, румпа отбита",керамика,12+ х 13+ х 1 см,Фрагмент,Бурая супесь с битым кирпич. и изразцами под деревом,ИИМК РАН,2017.0,data/raw/images/ВО-1л58-2017-1005_orig.jpg,startswith,1,ВО-1л58-2017-1005,Керамика,изразец,0,часть не указана,1,фрагмент,0,0,1,val
ВО-1л58-2017-1006,Изразец,"Изразца (карнизного пояса-каблучка углового?) красноглиняного с белой поливой фр-т, румпа отбита",керамика,"20+ х 11,5+ х 1 см",Фрагмент,Бурая супесь с битым кирпич. и изразцами под деревом,ИИМК РАН,2017.0,data/raw/images/ВО-1л58-2017-1006_orig.jpg,startswith,1,ВО-1л58-2017-1006,Керамика,изразец,0,часть не указана,1,фрагмент,0,0,1,train
ВО-1л58-2017-1007,Изразец,Изразца красноглиняного (вертикального пояса ?) со скошенными краями с белой поливой фр-т,керамика,22+ х 13+ х 1 см,Фрагмент,Бурая супесь с битым кирпич. и изразцами под деревом,ИИМК РАН,2017.0,data/raw/images/ВО-1л58-2017-1007_orig.jpg,startswith,1,ВО-1л58-2017-1007,Керамика,изразец,0,часть не указана,1,фрагмент,0,0,1,train
ВО-1л58-2017-1008,Изразец,"Изразца (карнизного вертикального пояса-каблучка углового?) красноглиняного с белой поливой фр-т, румпа утрачена",керамика,16+ х 10+ х 1 см,Фрагмент,Бурая супесь с битым кирпич. и изразцами под деревом,ИИМК РАН,2017.0,data/raw/images/ВО-1л58-2017-1008_orig.jpg,startswith,1,ВО-1л58-2017-1008,Керамика,изразец,0,часть не указана,1,фрагмент,0,0,1,val
ВО-1л58-2017-1009,Изразец,"Изразец пояс-валик красноглиняный с белой поливой, фрагментированный, румпа утрачена",керамика,"18,5+ х 11 х 1 см",Фрагмент,Бурая супесь с битым кирпич. и изразцами под деревом,ИИМК РАН,2017.0,data/raw/images/ВО-1л58-2017-1009_orig.jpg,startswith,1,ВО-1л58-2017-1009,Керамика,изразец,0,часть не указана,1,фрагмент,0,0,0,val
ВО-1л58-2017-1010,Изразец,"Изразец пояс-валик красноглиняный с белой поливой, фрагментированный, румпа утрачена",керамика,"21,5 х 11 х 1 см",Фрагмент,Бурая супесь с битым кирпич. и изразцами под деревом,ИИМК РАН,2017.0,data/raw/images/ВО-1л58-2017-1010_orig.jpg,startswith,1,ВО-1л58-2017-1010,Керамика,изразец,0,часть не указана,1,фрагмент,0,0,0,train
ВО-1л58-2017-1030,Изразец,"Изразца красноглиняного с зеленой люстровой поливой (муравленого ?) фр-т, румпа утрачена",керамика,7+ х 8+х 2 см,Фрагмент,Бурая супесь с битым кирпич. и изразцами под деревом,ИИМК РАН,2017.0,data/raw/images/ВО-1л58-2017-1030_orig.jpg,startswith,1,ВО-1л58-2017-1030,Керамика,изразец,0,часть не указана,1,фрагмент,0,0,1,train
ВО-1л58-2017-1035,Изразец,"Изразец красноглиняный плоский стеновой с белой поливой, фрагментированный",керамика,"22,5 х 19 х 1,2; выс.рум=4,5 см",Фрагмент,Бурая супесь с битым кирпич. и изразцами под деревом,ИИМК РАН,2017.0,data/raw/images/ВО-1л58-2017-1035_orig.jpg,startswith,1,ВО-1л58-2017-1035,Керамика,изразец,0,часть не указана,1,фрагмент,0,0,0,train
ВО-1л58-2017-1036,Изразец,Изразец красноглиняный плоский с бортиками по двум краям (поясовый ?) с белой поливой,керамика,"22,5 х 11,2 х 1,5; выс.рум=5 см",Целый,Бурая супесь с битым кирпич. и изразцами под деревом,ИИМК РАН,2017.0,data/raw/images/ВО-1л58-2017-1036_orig.jpg,startswith,1,ВО-1л58-2017-1036,Керамика,изразец,0,прочее,0,целый,0,0,1,train
ВО-1л58-2017-1038,Изразец,"Изразца (карнизного вертикального пояса-каблучка углового?) красноглиняного с белой поливой фр-т, румпа утрачена",керамика,"22 х 11,5+ х 1 см",Фрагмент,Бурая супесь с битым кирпич. и изразцами под деревом,ИИМК РАН,2017.0,data/raw/images/ВО-1л58-2017-1038_orig.jpg,startswith,1,ВО-1л58-2017-1038,Керамика,изразец,0,часть не указана,1,фрагмент,0,0,1,train
ВО-1л58-2017-1042,Изразец,"Изразец-городок белоглиняный зубчатый (корона ?) с белой поливой, фрагментированный",керамика,"19 х 6,5+ х 2 см",Фрагмент,Засыпка битым кирпич. и изразцами,ИИМК РАН,2017.0,data/raw/images/ВО-1л58-2017-1042_orig.jpg,startswith,1,ВО-1л58-2017-1042,Керамика,изразец,0,часть не указана,1,фрагмент,0,0,1,train
ВО-1л58-2017-1101,Тарелка,Тарелки фаянсовой с белой поливой снаружи и внутри и полихромной росписью внутри стенки фр-т,фаянс,"4,5+х6,3+х0,6 см",Фрагмент,Заполнение канавы,ИИМК РАН,2017.0,data/raw/images/ВО-1л58-2017-1101_orig.jpg,startswith,1,ВО-1л58-2017-1101,Фаянс,тарелка,0,прочее,0,фрагмент,0,0,0,train
ВО-1л58-2017-1102,Тарелка,Тарелки фаянсовой с белой поливой снаружи и внутри и сине-черной росписью внутри венчика фр-т,фаянс,Д=неопределим,Фрагмент,Заполнение канавы,ИИМК РАН,2017.0,data/raw/images/ВО-1л58-2017-1102_orig.jpg,startswith,1,ВО-1л58-2017-1102,Фаянс,тарелка,0,венчик,0,фрагмент,0,0,0,train
ВО-1л58-2017-1111,Блюдце,Блюдца фарфорового с белой поливой снаружи и внутри и полихромной росписью внутри венчика фр-т,фарфор,Д=11 см,Фрагмент,Заполнение канавы,ИИМК РАН,2017.0,data/raw/images/ВО-1л58-2017-1111_orig.jpg,startswith,1,ВО-1л58-2017-1111,Фарфор,блюдце,0,венчик,0,фрагмент,0,0,0,train
ВО-1л58-2017-1152,Миска,Миски красноглиняной с росписью белой краской и прозрачной поливой венчика фр-т,керамика,Д=20 см,Фрагмент,Заполнение канавы,ИИМК РАН,2017.0,data/raw/images/ВО-1л58-2017-1152_orig.jpg,startswith,1,ВО-1л58-2017-1152,Керамика,миска,0,венчик,0,фрагмент,0,0,0,train
ВО-1л58-2017-1155,Миска,Миски красноглиняной с зеленой поливой внутри венчика фр-т,керамика,Д=27 см,Фрагмент,Заполнение канавы,ИИМК РАН,2017.0,data/raw/images/ВО-1л58-2017-1155_orig.jpg,startswith,1,ВО-1л58-2017-1155,Керамика,миска,0,венчик,0,фрагмент,0,0,0,train
ВО-1л58-2017-1156,Миска,Миски красноглиняной с зеленой поливой внутри венчика фр-т,керамика,Д=20 см,Фрагмент,Заполнение канавы,ИИМК РАН,2017.0,data/raw/images/ВО-1л58-2017-1156_orig.jpg,startswith,1,ВО-1л58-2017-1156,Керамика,миска,0,венчик,0,фрагмент,0,0,0,train
ВО-1л58-2017-1157,Миска,Миски красноглиняной с зеленой поливой внутри и следами нагара (?) снаружи венчика фр-т,керамика,Д=24 см,Фрагмент,Заполнение канавы,ИИМК РАН,2017.0,data/raw/images/ВО-1л58-2017-1157_orig.jpg,startswith,1,ВО-1л58-2017-1157,Керамика,миска,0,венчик,0,фрагмент,0,0,1,train
ВО-1л58-2017-1238,Крышка,Крышки (?) красноглиняной с нагаром снаружи и внутри края фр-т,керамика,Д=20 см,Фрагмент,Заполнение канавы,ИИМК РАН,2017.0,data/raw/images/ВО-1л58-2017-1238_orig.jpg,startswith,1,ВО-1л58-2017-1238,Керамика,крышка,0,часть не указана,1,фрагмент,0,0,1,train
ВО-1л58-2017-1251,Изразец,Изразца-городка красноглиняного с белой поливой снаружи фр-т,керамика,"6,3+х8,8+х2,2 см",Фрагмент,Заполнение канавы,ИИМК РАН,2017.0,data/raw/images/ВО-1л58-2017-1251_orig.jpg,startswith,1,ВО-1л58-2017-1251,Керамика,изразец,0,часть не указана,1,фрагмент,0,0,0,test
ВО-1л58-2017-1273,Изразец,Изразец красноглиняный с белой поливой,керамика,"9,8х17,5х9 см",Целый,Засыпка битым кирпич. и изразцами,ИИМК РАН,2017.0,data/raw/images/ВО-1л58-2017-1273_orig.jpg,startswith,1,ВО-1л58-2017-1273,Керамика,изразец,0,часть не указана,1,целый,0,0,0,train
