code,name,description,material,size,fragm,cultlayer,execorg,survyear,image_file,match_rule,has_image,group_key,material_raw,type,type_is_missing,part,part_is_missing,integrity,integrity_is_missing,material_is_missing,label_is_uncertain
М102-2012-1-0496,Изразец,Изразца красноглиняного плоского с белой поливой и голубой росписью фр-т,керамика,"9,9+ х 6,4+ х 1,3+ см",Фрагмент,Пестрая мешаная супесь,ИИМК РАН,2012.0,data/raw/images/М102-2012-1-0496_orig.jpg,startswith,1,М102-2012-1-0496,Керамика,изразец,0,часть не указана,1,фрагмент,0,0,0
М102-2012-1-0752,Тарелка,"Сосуда (тарелки, блюда ?) красноглиняной с белой поливой снаружи и внутри с росписью (синие цветы с листьями в центре сосуда) донца фр-т",керамика,D ок 19 см,Фрагмент,Темно-серая сильногумусированная супесь (низ пестрой),ИИМК РАН,2012.0,data/raw/images/М102-2012-1-0752_orig.jpg,startswith,1,М102-2012-1-0752,Керамика,тарелка,0,донце,0,фрагмент,0,0,1
М102-2012-1-0833,Тарелка,Сосуда (тарелки ?) фаянсового с белой поливой внутри и снаружи края фр-т,фаянс,D? см,Фрагмент,Дерн со щепой,ИИМК РАН,2012.0,data/raw/images/М102-2012-1-0833_orig.jpg,startswith,1,М102-2012-1-0833,Фаянс,тарелка,0,часть не указана,1,фрагмент,0,0,1
М102-2012-1-0843,Тарелка,Сосуда (тарелки ?) фаянсового с белой поливой внутри и снаружи края фр-т,фаянс,D? см,Фрагмент,Дерн со щепой,ИИМК РАН,2012.0,data/raw/images/М102-2012-1-0843_orig.jpg,startswith,1,М102-2012-1-0843,Фаянс,тарелка,0,часть не указана,1,фрагмент,0,0,1
М102-2012-2-0543,Блюдце,Блюдца фарфорового с белой поливой снаружи и внутри с зеленой растительной росписью в технике деколь профиля фр-т,фарфор,"D8 (донце), D15 (край) см",Фрагмент,Дерн,ИИМК РАН,2012.0,data/raw/images/М102-2012-2-0543_orig.jpg,startswith,1,М102-2012-2-0543,Фарфор,блюдце,0,профиль,0,фрагмент,0,0,0
М102-2012-2-1086,Тарелка,Тарелки фаянсовой с белой поливой снаружи и внутри с полихромной растительной росписью донца фр-т,фаянс,D13 см,Фрагмент,"Желтый песок, подсыпка под мостовой 1",ИИМК РАН,2012.0,data/raw/images/М102-2012-2-1086_orig.jpg,startswith,1,М102-2012-2-1086,Фаянс,тарелка,0,донце,0,фрагмент,0,0,0
М102-2012-2-1095,Изразец,Изразца(?) белоглиняного с белой поливой фр-т,керамика,"5+ х 5,5 х 2,5+ см",Фрагмент,Битый кирпич,ИИМК РАН,2012.0,data/raw/images/М102-2012-2-1095_orig.jpg,startswith,1,М102-2012-2-1095,Керамика,изразец,0,часть не указана,1,фрагмент,0,0,1
М102-2012-2-1121,Блюдце,Блюдца фарфорового с белой поливой снаружи и внутри края фр-т,фарфор,D15 см,Фрагмент,Слой под мостовой 2,ИИМК РАН,2012.0,data/raw/images/М102-2012-2-1121_orig.jpg,startswith,1,М102-2012-2-1121,Фарфор,блюдце,0,часть не указана,1,фрагмент,0,0,0
М102-2012-2-1125,Крышка,Сосуда фарфорового с белой поливой внутри и снаружи с золотой окантовкой снаружи крышки фр-т,фарфор,D5 см,Фрагмент,Слой под мостовой 2,ИИМК РАН,2012.0,data/raw/images/М102-2012-2-1125_orig.jpg,startswith,1,М102-2012-2-1125,Фарфор,крышка,0,часть не указана,1,фрагмент,0,0,0
М102-2012-2-1181,Плитка,Плитки  желтоглиняной облицовочной с голубой поливой снаружи и клеймом на внутренней стороне фр-т,керамика,"12+ х 7,3+ х 1,1 см",Фрагмент,,ИИМК РАН,2012.0,data/raw/images/М102-2012-2-1181_orig.jpg,startswith,1,М102-2012-2-1181,Керамика,прочее,1,часть не указана,1,фрагмент,0,0,0
М102-2012-2-1314,Крышка,Сосуда фарфорового с белой поливой внутри и снаружи с золотой окантовкой крышки фр-т,фарфор,D7 см,Фрагмент,,ИИМК РАН,2012.0,data/raw/images/М102-2012-2-1314_orig.jpg,startswith,1,М102-2012-2-1314,Фарфор,крышка,0,часть не указана,1,фрагмент,0,0,0
М102-2012-2-1394,Крышка,Сосуда фаянсового с полихромной растительно-геометрической росписью и следами позолоты крышка,фаянс,D9 см,Целый,,ИИМК РАН,2012.0,data/raw/images/М102-2012-2-1394_orig.jpg,startswith,1,М102-2012-2-1394,Фаянс,крышка,0,часть не указана,1,целый,0,0,0
М102-2012-2-1406,Блюдце,Блюдца фаянсового профиля фр-т,фаянс,D8 см,Фрагмент,Яма с битым кирпичом,ИИМК РАН,2012.0,data/raw/images/М102-2012-2-1406_orig.jpg,startswith,1,М102-2012-2-1406,Фаянс,блюдце,0,профиль,0,фрагмент,0,0,0
Мич11-ш01-029,Изразец,Изразца красноглиняного с белой поливой и кобальтовой росписью фр-т,керамика,,Фрагмент,Сильногумусированная коричневая супесь с включениями битого кирпича,ИИМК РАН,2011.0,data/raw/images/Мич11-ш01-029_orig.jpg,startswith,1,Мич11-ш01-029,Керамика,изразец,0,часть не указана,1,фрагмент,0,0,0
Мич11-ш02-057,Изразец,Изразца-перемычки красноглиняного с белой поливой и кобальтовой росписью  фр-т,керамика,,Фрагмент,Техноген,ИИМК РАН,2011.0,data/raw/images/Мич11-ш02-057_orig.jpg,startswith,1,Мич11-ш02-057,Керамика,изразец,0,часть не указана,1,фрагмент,0,0,0
БП11-Р01-Г03-6493,Изразец,Изразец красноглиняный изогнутый с зеленой поливой фрагментированный,керамика,"18,5х9+х4,5+ см",Фрагмент,Горизонт 3/ щепа + гумус,,,data/raw/images/БП11-Р01-Г03-6493_orig.jpg,startswith,1,БП11-Р01-Г03-6493,Керамика,изразец,0,часть не указана,1,фрагмент,0,0,0
БП11-Р01-Г01-1395,Тарелка,Тарелки фаянсовой с клеймом профиль,фаянс,Д25-14 см,Фрагмент,Горизонт 1/ темно-коричневый гумусированный суглинок,,,data/raw/images/БП11-Р01-Г01-1395_orig.jpg,startswith,1,БП11-Р01-Г01-1395,Фаянс,тарелка,0,профиль,0,фрагмент,0,0,0
БП11-Р01-тех-0061,Изразец,Изразца светлоглиняного орнаментированного с белой поливой и полихромной росписью фр-т,керамика,"11,5+х7,8+х 5 см",Фрагмент,Горизонт техноген/ внутри дома,,,data/raw/images/БП11-Р01-тех-0061_orig.jpg,startswith,1,БП11-Р01-тех-0061,Керамика,изразец,0,часть не указана,1,фрагмент,0,0,0
БП11-Р01-Г03-3244,Тарелка,Тарелки красноглиняной со светло-желтой и коричневой поливой внутри и полихромной росписью поливой края фр-т,керамика,Д28 см,Фрагмент,Горизонт 3/ темно-коричневый гумусированный суглинок с включениями кирпичной крошки,,,data/raw/images/БП11-Р01-Г03-3244_orig.jpg,startswith,1,БП11-Р01-Г03-3244,Керамика,тарелка,0,часть не указана,1,фрагмент,0,0,0
БП11-Р01-тех-0443,Изразец,Изразца красноглиняного орнаментированного с белой поливой и желтой росписью фр-т,керамика,,Фрагмент,Горизонт техноген,,,data/raw/images/БП11-Р01-тех-0443_orig.jpg,startswith,1,БП11-Р01-тех-0443,Керамика,изразец,0,часть не указана,1,фрагмент,0,0,0
БП11-Р01-Г01-1055,Изразец,Изразец (карниз) красноглиняный с белой поливой фрагментированный,керамика,"17х11,5+х6 см",Целый,Горизонт 1,,,data/raw/images/БП11-Р01-Г01-1055_orig.jpg,startswith,1,БП11-Р01-Г01-1055,Керамика,изразец,0,часть не указана,1,фрагмент,0,0,0
БП11-Р01-тех-0060,Изразец,Изразца (карниз) красноглиняного с белой поливой фр-т,керамика,"16,8+х12х8,3 см",Фрагмент,Горизонт техноген/ внутри дома,,,data/raw/images/БП11-Р01-тех-0060_orig.jpg,startswith,1,БП11-Р01-тех-0060,Керамика,изразец,0,часть не указана,1,фрагмент,0,0,0
БП11-Р01-Г01-1289,Тарелка,Тарелки фаянсовой с красной росписью профиль,фаянс,Д15-12 см,Фрагмент,Горизонт 1/ темно-коричневый гумусированный суглинок,,,data/raw/images/БП11-Р01-Г01-1289_orig.jpg,startswith,1,БП11-Р01-Г01-1289,Фаянс,тарелка,0,профиль,0,фрагмент,0,0,0
БП11-Р01-Г03-6483,Блюдце,Блюдца фарфорового с кобальтовой росписью профиля фр-т,фарфор,"Д13,5 см",Фрагмент,Горизонт 3/ щепа + гумус,,,data/raw/images/БП11-Р01-Г03-6483_orig.jpg,startswith,1,БП11-Р01-Г03-6483,Фарфор,блюдце,0,профиль,0,фрагмент,0,0,0
Кроп-2013-152,Тарелка,Тарелки фарфоровой с полихромным рельефным пейзажным орнаментом внутри донца фр-т,фарфор,Д=16 см,Фрагмент,,,2013.0,data/raw/images/Кроп-2013-152_orig.jpg,startswith,1,Кроп-2013-152,Фарфор,тарелка,0,донце,0,фрагмент,0,0,0
Кроп-2013-155,Блюдце,Сосуда (блюдца ?) фарфорового с растительным полихромным орнаментом внутри венчика фр-т,фарфор,Д=15 см,Фрагмент,,,2013.0,data/raw/images/Кроп-2013-155_orig.jpg,startswith,1,Кроп-2013-155,Фарфор,блюдце,0,венчик,0,фрагмент,0,0,1
Кроп-2013-158,Блюдце,Блюдца фарфорового с геометрическим орнаментом внутри и клейменым донцем профиля фр-т,фарфор,Двен=14; Ддон=8 см,Фрагмент,,,2013.0,data/raw/images/Кроп-2013-158_orig.jpg,startswith,1,Кроп-2013-158,Фарфор,блюдце,0,донце,0,фрагмент,0,0,0
Кроп-2013-203,Миска,Миски светлоглиняной с коричневой поливой внутри и снаружи профиля фр-т,керамика,Двен=34; Ддон=22 см,Фрагмент,,,2013.0,data/raw/images/Кроп-2013-203_orig.jpg,startswith,1,Кроп-2013-203,Керамика,миска,0,профиль,0,фрагмент,0,0,0
Кроп-2013-268,Тарелка,Тарелки фарфоровой донца клейменого фр-т,фарфор,Д=12 см,Фрагмент,,,2013.0,data/raw/images/Кроп-2013-268_orig.jpg,startswith,1,Кроп-2013-268,Фарфор,тарелка,0,донце,0,фрагмент,0,0,0
Кроп-2013-399,Тарелка,Тарелки фарфоровой с геометрическим полихромным орнаментом внутри профиля фр-т,фарфор,Двен=10; Ддон=8; выс=2 см,Фрагмент,,,2013.0,data/raw/images/Кроп-2013-399_orig.jpg,startswith,1,Кроп-2013-399,Фарфор,тарелка,0,профиль,0,фрагмент,0,0,0
Кроп-2013-401,Тарелка,Тарелки фарфоровой с растительным полихромным орнаментом внутри донца клейменого фр-т,фарфор,Д=8 см,Фрагмент,,,2013.0,data/raw/images/Кроп-2013-401_orig.jpg,startswith,1,Кроп-2013-401,Фарфор,тарелка,0,донце,0,фрагмент,0,0,0
Кроп-2013-478,Блюдце,Блюдце фарфоровое с линейным золотым орнаментом внутри и клеймом на донце фрагментированное,фарфор,Двен=15; Ддон=7; выс=3 см,Фрагмент,,,2013.0,data/raw/images/Кроп-2013-478_orig.jpg,startswith,1,Кроп-2013-478,Фарфор,блюдце,0,донце,0,фрагмент,0,0,0
Кроп-2013-Тр1-023,Плитка,"Плитка керамическая с белой поливой и зеленым подглазурным растительно-геометрическим орнаментом, клейменая",керамика,"14,8 х 7,5 х 1 см",Целый,,,2013.0,data/raw/images/Кроп-2013-Тр1-023_orig.jpg,startswith,1,Кроп-2013-Тр1-023,Керамика,прочее,1,часть не указана,1,целый,0,0,0
Кроп-2013-Тр2-032,Изразец,Изразца красноглиняного углового плоского с белой поливой фр-т,керамика,"8,5+ х 11,5 х 2; рум=4 см",Фрагмент,,,2013.0,data/raw/images/Кроп-2013-Тр2-032_orig.jpg,startswith,1,Кроп-2013-Тр2-032,Керамика,изразец,0,часть не указана,1,фрагмент,0,0,0
Кроп-2013-Тр2-045,Тарелка,Тарелки фаянсовой с белой поливой внутри и снаружи с голубым меандром по краю венчика фр-т,фаянс,Д=21 см,Фрагмент,,,2013.0,data/raw/images/Кроп-2013-Тр2-045_orig.jpg,startswith,1,Кроп-2013-Тр2-045,Фаянс,тарелка,0,венчик,0,фрагмент,0,0,0
Нев11-Г02-009,Тарелка,Тарелки белоглиняной с изумрудной поливой и орнаментом венчика фр-т,керамика,Д16 см,Фрагмент,Гориз.2,,2011.0,data/raw/images/Нев11-Г02-009_orig.jpg,startswith,1,Нев11-Г02-009,Керамика,тарелка,0,венчик,0,фрагмент,0,0,0
Нев11-Г02-010,Тарелка,Тарелки белоглиняной с изумрудной поливой донца фр-т,керамика,,Фрагмент,Гориз.2,,2011.0,data/raw/images/Нев11-Г02-010_orig.jpg,startswith,1,Нев11-Г02-010,Белоглиняная керамика,тарелка,0,донце,0,фрагмент,0,0,0
Нев11-Г02-023,Изразец,Изразца плоского красноглиняного с белой поливой фр-т,керамика,"25,8+ х 10,5 х5,8 см",Фрагмент,Гориз.2,,2011.0,data/raw/images/Нев11-Г02-023_orig.jpg,startswith,1,Нев11-Г02-023,Керамика,изразец,0,часть не указана,1,фрагмент,0,0,0
Нев11-Г03-037,Изразец,Изразца рельефного красноглиняного с белой поливой и коричневой росписью фр-т,керамика,"высота 5,5+ см",Фрагмент,Гориз.3,,2011.0,data/raw/images/Нев11-Г03-037_orig.jpg,startswith,1,Нев11-Г03-037,Керамика,изразец,0,часть не указана,1,фрагмент,0,0,0
Нев11-Г03-043,Изразец,Изразца красноглиняного румпы фр-т,керамика,,Фрагмент,Гориз.3,,2011.0,data/raw/images/Нев11-Г03-043_orig.jpg,startswith,1,Нев11-Г03-043,Керамика,изразец,0,часть не указана,1,фрагмент,0,0,0
Нев11-Г03-058,Изразец,Изразца плоского красноглиняного с белой поливой фр-т,керамика,"12+ х 10,9 х 3,7+ см",Фрагмент,Гориз.3,,2011.0,data/raw/images/Нев11-Г03-058_orig.jpg,startswith,1,Нев11-Г03-058,Керамика,изразец,0,часть не указана,1,фрагмент,0,0,0
Нев11-Г03-181,Изразец,Изразца красноглиняного с белой (потемневшей) поливой фр-ты,керамика,,Фрагмент,Гориз.3,,2011.0,data/raw/images/Нев11-Г03-181_orig.jpg,startswith,1,Нев11-Г03-181,Керамика,изразец,0,часть не указана,1,фрагмент,0,0,0
Нев11-Г04А-210,Тарелка,Тарелки красноглиняной с серебристой поливой и росписью края фр-т,керамика,Д28 см,Фрагмент,Гориз.4А,,2011.0,data/raw/images/Нев11-Г04А-210_orig.jpg,startswith,1,Нев11-Г04А-210,Керамика,тарелка,0,часть не указана,1,фрагмент,0,0,0
Нев11-Г05-228,Тарелка,Тарелки фаянсовой края фр-ты,фаянс,,Фрагмент,Гориз.5,,2011.0,data/raw/images/Нев11-Г05-228_orig.jpg,startswith,1,Нев11-Г05-228,Фаянс,тарелка,0,часть не указана,1,фрагмент,0,0,0
БП12-Г01-0767,Крышка,Сосуда фарфорового крышка,фарфор,Д7 см,Целый,Горизонт 1/ Темная гумусированная супесь с включением щепы и кирпичной крошки,,,data/raw/images/БП12-Г01-0767_orig.jpg,startswith,1,БП12-Г01-0767,Фарфор,крышка,0,часть не указана,1,целый,0,0,0
БП12-Г01-0794,Блюдце,Блюдца фаянсового с полихромной росписью и клеймом профиль,фаянс,Д15-9; высота 3 см,Фрагмент,Горизонт 1/ Темная гумусированная супесь с включением щепы и кирпичной крошки,,,data/raw/images/БП12-Г01-0794_orig.jpg,startswith,1,БП12-Г01-0794,Фаянс,блюдце,0,профиль,0,фрагмент,0,0,0
БП12-Г01-1017,Крышка,Сосуда фаянсового крышки с кобальтовой росписью края фр-т,фаянс,Д8-6 см,Фрагмент,Горизонт 1/ темная гумусированная супесь,,,data/raw/images/БП12-Г01-1017_orig.jpg,startswith,1,БП12-Г01-1017,Фаянс,крышка,0,часть не указана,1,фрагмент,0,0,0
БП12-Г01-1036,Крышка,Сосуда красноглиняного крышка со следами коричневой поливы внутри и снаружи фрагментированная,керамика,Д13 см,Фрагмент,Горизонт 1/ Темная гумусированная супесь с включением кирпичной крошки,,,data/raw/images/БП12-Г01-1036_orig.jpg,startswith,1,БП12-Г01-1036,Красноглиняная керамика,крышка,0,часть не указана,1,фрагмент,0,0,0
БП12-Г01-1697,Блюдце,Блюдца фаянсового с кобальтовой росписью донца фр-т,фаянс,"Д5,5 см",Фрагмент,Горизонт 1/ темный гумусированный суглинок с кирпичной крошкой,,,data/raw/images/БП12-Г01-1697_orig.jpg,startswith,1,БП12-Г01-1697,Фаянс,блюдце,0,донце,0,фрагмент,0,0,0
БП12-Г01-1985,Тарелка,Тарелки фаянсовой с клеймом профиль,фаянс,Д 27-15 см,Фрагмент,Горизонт 1/ Темный гумусированый суглинок с включением кирпичной крошки,,,data/raw/images/БП12-Г01-1985_orig.jpg,startswith,1,БП12-Г01-1985,Фаянс,тарелка,0,профиль,0,фрагмент,0,0,0
БП12-Г01-3462,Блюдце,Блюдца фаянсового с росписью профиль,фаянс,Д17-10 см,Фрагмент,Горизонт 1/ Темный гумусированный суглинок с кирпичной крошкой,,,data/raw/images/БП12-Г01-3462_orig.jpg,startswith,1,БП12-Г01-3462,Фаянс,блюдце,0,профиль,0,фрагмент,0,0,0
БП12-Г01-4903,Блюдце,Блюдца фаянсового с черной росписью донца фр-т,фаянс,Д12 см,Фрагмент,Горизонт 1/ серый суглинок со щепой,,,data/raw/images/БП12-Г01-4903_orig.jpg,startswith,1,БП12-Г01-4903,Фаянс,блюдце,0,донце,0,фрагмент,0,0,0
БП12-Г01-5688,Тарелка,Тарелки фаянсовой с полихромной росписью и рельефным краем,фаянс,"Д22-13; высота 3,5 см",Фрагмент,"Горизонт 1/ черная супесь, щепа, кирпичи",,,data/raw/images/БП12-Г01-5688_orig.jpg,startswith,1,БП12-Г01-5688,Фаянс,тарелка,0,часть не указана,1,фрагмент,0,0,0
БП12-Г01-6560,Крышка,Сосуда фаянсового с желтой и темно-коричневой поливой снаружи и желтой внутри крышки фр-т,фаянс,Д12 см,Фрагмент,Горизонт 1/ гумусированный суглинок с кирпичной крошкой,,,data/raw/images/БП12-Г01-6560_orig.jpg,startswith,1,БП12-Г01-6560,Фаянс,крышка,0,часть не указана,1,фрагмент,0,0,0
БП12-Г01-7209,Изразец,Изразца красноглиняного орнаментированного с белой поливой фр-т,керамика,,Фрагмент,Горизонт 1/ гумусированный суглинок с кирпичной крошкой,,,data/raw/images/БП12-Г01-7209_orig.jpg,startswith,1,БП12-Г01-7209,Керамика,изразец,0,часть не указана,1,фрагмент,0,0,0
БП12-Г01-7274,Крышка,Бочонка деревянного крышки со сквозным отверстием фр-т,прочее,"Д15,5 см",Фрагмент,Горизонт 1/ гумусированный суглинок с кирпичной крошкой,,,data/raw/images/БП12-Г01-7274_orig.jpg,startswith,1,БП12-Г01-7274,Дерево,крышка,0,часть не указана,1,фрагмент,0,1,0
БП12-Г01-7738,Тарелка,Тарелки красноглиняной с белым ангобом внутри и следами зеленой поливы внутри и снаружи профиль,керамика,Д35-22 см,Фрагмент,Горизонт 1/ серая мешаная гумусированная супесь,,,data/raw/images/БП12-Г01-7738_orig.jpg,startswith,1,БП12-Г01-7738,Красноглиняная керамика,тарелка,0,профиль,0,фрагмент,0,0,0
БП12-Г01-7742,Крышка,Сосуда красноглиняного крышки с ручкой фр-т,керамика,Д5 см,Фрагмент,Горизонт 1/ серая мешаная гумусированная супесь,,,data/raw/images/БП12-Г01-7742_orig.jpg,startswith,1,БП12-Г01-7742,Красноглиняная керамика,крышка,0,ручка,0,фрагмент,0,0,0
БП12-Г01-7762,Тарелка,Тарелка фаянсовая фрагментированная,фаянс,"Д25,5-16 см",Фрагмент,Горизонт 1/ серая мешаная гумусированная супесь,,,data/raw/images/БП12-Г01-7762_orig.jpg,startswith,1,БП12-Г01-7762,Фаянс,тарелка,0,часть не указана,1,фрагмент,0,0,0
БП12-Г02-3807,Тарелка,Тарелки красноглиняной с белым ангобом снаружи и коричневой и зеленой поливой внутри края фр-т,керамика,Д33 см,Фрагмент,Горизонт 2/ Темная гумусированная супесь,,,data/raw/images/БП12-Г02-3807_orig.jpg,startswith,1,БП12-Г02-3807,Красноглиняная керамика,тарелка,0,часть не указана,1,фрагмент,0,0,0
БП12-Г02-3983,Тарелка,Тарелки фаянсовой с полихромной росписью края фр-т,фаянс,Д21 см,Фрагмент,Горизонт 2/ темная гумусированная супесь со щепой и кирпичной крошкой,,,data/raw/images/БП12-Г02-3983_orig.jpg,startswith,1,БП12-Г02-3983,Фаянс,тарелка,0,часть не указана,1,фрагмент,0,0,0
БП12-Г02-4540,Блюдце,Блюдца фарфорового с росписью профиль,фарфор,Д14-9; высота 3 см,Фрагмент,Горизонт 2/ Темный гумусированный суглинок с щепой и органикой,,,data/raw/images/БП12-Г02-4540_orig.jpg,startswith,1,БП12-Г02-4540,Фарфор,блюдце,0,профиль,0,фрагмент,0,0,0
БП12-Г02-4758,Тарелка,Тарелки фаянсовой донца фр-т,фаянс,,Фрагмент,Горизонт 2/ Темная гумусированная супесь,,,data/raw/images/БП12-Г02-4758_orig.jpg,startswith,1,БП12-Г02-4758,Фаянс,тарелка,0,донце,0,фрагмент,0,0,0
БП12-Г02-5150,Крышка,Сосуда белоглиняного с коричневой поливой снаружи крышки ручка,керамика,"Д4,6 см",Фрагмент,Горизонт 2/ темная гумусированная супесь,,,data/raw/images/БП12-Г02-5150_orig.jpg,startswith,1,БП12-Г02-5150,Белоглиняная керамика,крышка,0,ручка,0,фрагмент,0,0,0
БП12-Г02-6877,Изразец,Изразец белоглиняный плоский с белой поливой фрагментированный,керамика,высота румпы 5 см,Фрагмент,Горизонт 2,,,data/raw/images/БП12-Г02-6877_orig.jpg,startswith,1,БП12-Г02-6877,Керамика,изразец,0,часть не указана,1,фрагмент,0,0,0
БП12-Т01-8069,Тарелка,Тарелки фаянсовой донца с клеймом фр-т,фаянс,,Фрагмент,,,,data/raw/images/БП12-Т01-8069_orig.jpg,startswith,1,БП12-Т01-8069,Фаянс,тарелка,0,донце,0,фрагмент,0,0,0
Заг11-ш01-Г02-068,Изразец,Изразца (перемычка) красноглиняного с белой поливой и кобальтовой росписью фр-т,керамика,,Фрагмент,Гориз.2,ИИМК РАН,2011.0,data/raw/images/Заг11-ш01-Г02-068_orig.jpg,startswith,1,Заг11-ш01-Г02-068,Керамика,изразец,0,часть не указана,1,фрагмент,0,0,0
КБ-2014-Р1-0222,Тарелка,"Тарелки фаянсовой с зеленой полосой по краю и гербом РСФСР (серп и молот. Колосья пшеницы, и лозунг""…ТАНИЕ ПУТЬ К социализму"" края фрагменты",фаянс,мелкие,Фрагмент,Техногенный слой/ гориз.1,ИИМК РАН,2014.0,data/raw/images/КБ-2014-Р1-0222_orig.jpg,startswith,1,КБ-2014-Р1-0222,Фаянс,тарелка,0,часть не указана,1,фрагмент,0,0,0
КБ-2014-Р1-0320,Тарелка,Тарелки фаянсовой с голубым растительным рисунком края фрагмент,фаянс,D 27 см,Фрагмент,Мешанная коричневая супесь с включениями (слоистые подсыпки)/ гориз.1,ИИМК РАН,2014.0,data/raw/images/КБ-2014-Р1-0320_orig.jpg,startswith,1,КБ-2014-Р1-0320,Фаянс,тарелка,0,часть не указана,1,фрагмент,0,0,0
КБ-2014-Р1-0426,Блюдце,"Блюдца фарфорового с растительным орнаментом и клеймом на дне ""Братьев …новьевых""",фарфор,D 14 см,Фрагмент,Мешанная коричневая супесь с включениями (слоистые подсыпки)/ гориз.1,ИИМК РАН,2014.0,data/raw/images/КБ-2014-Р1-0426_orig.jpg,startswith,1,КБ-2014-Р1-0426,Фарфор,блюдце,0,часть не указана,1,фрагмент,0,0,0
КБ-2014-Р1-0679,Блюдце,Блюдца фарфорового с сиреневым растительным рисунками  фрагмент,фарфор,D 15 см,Фрагмент,Мешанная коричневая супесь с включениями (слоистые подсыпки)/ гориз.1,ИИМК РАН,2014.0,data/raw/images/КБ-2014-Р1-0679_orig.jpg,startswith,1,КБ-2014-Р1-0679,Фарфор,блюдце,0,часть не указана,1,фрагмент,0,0,0
КБ-2014-Р1-0719,Блюдце,"Блюдца фарфорового рифленого внутри на дне двурядное клеймо ""Ф М САНАШОВА"" фрагмент",фарфор,"D 5,2 см",Фрагмент,Заполнение,ИИМК РАН,2014.0,data/raw/images/КБ-2014-Р1-0719_orig.jpg,startswith,1,КБ-2014-Р1-0719,Фарфор,блюдце,0,донце,0,фрагмент,0,0,0
КБ-2014-Р1-1101,Тарелка,"Тарелки фаянсовой с клеймом на дне ""им.М.И.КАЛИНИНА  Н.К.М.П. Р.С.Ф.С.Р. Дна фрагмент",фаянс,"D 11,5 см",Фрагмент,,ИИМК РАН,2014.0,data/raw/images/КБ-2014-Р1-1101_orig.jpg,startswith,1,КБ-2014-Р1-1101,Фаянс,тарелка,0,часть не указана,1,фрагмент,0,0,0
КБ-2014-Р1-1299,Тарелка,"Тарелки фарфоровой с клеймом на дне ""…LLEROY…CH"" и вдавленная ""3"" фрагмент",фарфор,D 23 см,Фрагмент,Под уровнем известняка,ИИМК РАН,2014.0,data/raw/images/КБ-2014-Р1-1299_orig.jpg,startswith,1,КБ-2014-Р1-1299,Фарфор,тарелка,0,часть не указана,1,фрагмент,0,0,0
КБ-2014-Р1-1304,Блюдце,"Блюдца фарфорового с зеленой каймой по краю и клеймом на дне ""…КРАСНЫЙ ФАРФОРИСТ г. ЧУДОВО"" фрагмент",фарфор,D 14 см,Фрагмент,Заполнение помещения,ИИМК РАН,2014.0,data/raw/images/КБ-2014-Р1-1304_orig.jpg,startswith,1,КБ-2014-Р1-1304,Фарфор,блюдце,0,часть не указана,1,фрагмент,0,0,0
КБ-2014-Р2-0088,Тарелка,Тарелка фаянсовая с рельефным краем и растительным декольным зеленым орнаментом профиль с клеймом на донце,фаянс,"Двен=16; Ддон=10; выс=1,5 см",Фрагмент,Слой 1/ гориз.1,ИИМК РАН,2014.0,data/raw/images/КБ-2014-Р2-0088_orig.jpg,startswith,1,КБ-2014-Р2-0088,Фаянс,тарелка,0,донце,0,фрагмент,0,0,0
КБ-2014-Р2-0133,Крышка,Чайника фарфорового с полихромным цветочным декольным орнаментом крышка,фарфор,"Д=4,5; выс=3 см",Целый,Слой 1/ гориз.1,ИИМК РАН,2014.0,data/raw/images/КБ-2014-Р2-0133_orig.jpg,startswith,1,КБ-2014-Р2-0133,Фарфор,крышка,0,часть не указана,1,целый,0,0,0
КБ-2014-Р2-0185,Крышка,Сосуда фаянсового с синей поливой снаружи и внутри со сквозными отверстиями крышки профиль,фаянс,Д=10; выс=2 см,Фрагмент,Слой 2/ гориз.2,ИИМК РАН,2014.0,data/raw/images/КБ-2014-Р2-0185_orig.jpg,startswith,1,КБ-2014-Р2-0185,Фаянс,крышка,0,профиль,0,фрагмент,0,0,0
КБ-2014-Р2-0189,Блюдце,Блюдца фарфорового с полихромным цветочным и рельефным орнаментом внутри профиль,фарфор,Двен=14; Ддон=8; выс=2 см,Фрагмент,Слой 2/ гориз.2,ИИМК РАН,2014.0,data/raw/images/КБ-2014-Р2-0189_orig.jpg,startswith,1,КБ-2014-Р2-0189,Фарфор,блюдце,0,профиль,0,фрагмент,0,0,0
КБ-2014-Р2-0337,Изразец,Изразец угловой карнизный светлоглиняный с белой поливой,керамика,"14 х 15 х 2; рум=5,5 см",Целый,Слой 2/ гориз.2,ИИМК РАН,2014.0,data/raw/images/КБ-2014-Р2-0337_orig.jpg,startswith,1,КБ-2014-Р2-0337,Керамика,изразец,0,часть не указана,1,целый,0,0,0
КБ-2014-Р2-0338,Изразец,Изразец карнизный светлоглиняный с белой поливой,керамика,"23,5 х 10 х 2; рум=5 см",Целый,Слой 2/ гориз.2,ИИМК РАН,2014.0,data/raw/images/КБ-2014-Р2-0338_orig.jpg,startswith,1,КБ-2014-Р2-0338,Керамика,изразец,0,часть не указана,1,целый,0,0,0
КБ-2014-Р2-0555,Тарелка,"Тарелки фаянсовой с желтой поливой снаружи и внутри со следами нагара, клеймом на донце, профиль",фаянс,Д=не определен см,Фрагмент,Слой 5/ гориз.3,ИИМК РАН,2014.0,data/raw/images/КБ-2014-Р2-0555_orig.jpg,startswith,1,КБ-2014-Р2-0555,Фаянс,тарелка,0,донце,0,фрагмент,0,0,0
КБ-2014-Р2-0558,Блюдце,"Блюдца фаянсового с черным растительным и сюжетным декольным орнаментом внутри и клеймом на донце, профиль",фаянс,"Двен=16; Ддон=7; выс=2,5 см",Фрагмент,Слой 3/ гориз.2,ИИМК РАН,2014.0,data/raw/images/КБ-2014-Р2-0558_orig.jpg,startswith,1,КБ-2014-Р2-0558,Фаянс,блюдце,0,донце,0,фрагмент,0,0,0
КБ-2014-Р2-0559,Тарелка,Тарелка миниатюрная фарфоровая с полихромной растительной росписью внутри фр-ая,фарфор,"Двен=8; Ддон=3,8; выс=1,3 см",Фрагмент,Слой 3/ гориз.2,ИИМК РАН,2014.0,data/raw/images/КБ-2014-Р2-0559_orig.jpg,startswith,1,КБ-2014-Р2-0559,Фарфор,тарелка,0,часть не указана,1,фрагмент,0,0,0
КБ-2014-Р2-0566,Тарелка,"Тарелка фаянсовая с синим геометрическим орнаментом внутри и клеймом на донце, фр-ая",фаянс,"Двен=26,5; Ддон=15; выс=3,5 см",Фрагмент,Слой 2/ гориз.2,ИИМК РАН,2014.0,data/raw/images/КБ-2014-Р2-0566_orig.jpg,startswith,1,КБ-2014-Р2-0566,Фаянс,тарелка,0,донце,0,фрагмент,0,0,0
КБ-2014-Р2-0571,Миска,Миска фаянсовая с черной поливой снаружи и внутри фр-ая,фаянс,"Двен=13; Ддон=8,5; выс=6,5 см",Фрагмент,Слой 5/ гориз.3,ИИМК РАН,2014.0,data/raw/images/КБ-2014-Р2-0571_orig.jpg,startswith,1,КБ-2014-Р2-0571,Фаянс,миска,0,часть не указана,1,фрагмент,0,0,0
КБ-2014-Р2-0576,Миска,"Миски красноглиняной с белым ангобом снаружи и внутри с зеленой люстровой поливой, профиль",керамика,Двен=15; Ддон=6; выс=4 см,Фрагмент,Слой 5/ гориз.3,ИИМК РАН,2014.0,data/raw/images/КБ-2014-Р2-0576_orig.jpg,startswith,1,КБ-2014-Р2-0576,Керамика,миска,0,профиль,0,фрагмент,0,0,0
КБ-2014-Р2-0607,Тарелка,Тарелка миниатюрная фарфоровая с черным линейным орнаментом внутри,фарфор,"Двен=9,5; Ддон=5,5; выс=1,5 см",Целый,Слой 3/ гориз.2,ИИМК РАН,2014.0,data/raw/images/КБ-2014-Р2-0607_orig.jpg,startswith,1,КБ-2014-Р2-0607,Фарфор,тарелка,0,часть не указана,1,целый,0,0,0
КБ-2014-Р2-0612,Крышка,Сосуда фарфорового с синим и золотым линейным орнаментом снаружи крышка,фарфор,"Д=3; выс=2,5 см",Целый,Слой 3/ гориз.2,ИИМК РАН,2014.0,data/raw/images/КБ-2014-Р2-0612_orig.jpg,startswith,1,КБ-2014-Р2-0612,Фарфор,крышка,0,часть не указана,1,целый,0,0,0
КБ-2014-Р2-0643,Крышка,Сосуда парфюмерного (?) прямоугольного прозрачного стекла крышка с рельефной надписью сверху фр-ая,стекло,"7 х 4,6 х 1,5 см",Фрагмент,,ИИМК РАН,2014.0,data/raw/images/КБ-2014-Р2-0643_orig.jpg,startswith,1,КБ-2014-Р2-0643,Стекло,крышка,0,часть не указана,1,фрагмент,0,0,1
КБ-2014-Р2-0708,Тарелка,Тарелки фарфоровой с зеленым орнаментом внутри профиль,фарфор,Двен=25; Ддон=12; выс=5 см,Фрагмент,Слой 2/ гориз.2,ИИМК РАН,2014.0,data/raw/images/КБ-2014-Р2-0708_orig.jpg,startswith,1,КБ-2014-Р2-0708,Фарфор,тарелка,0,профиль,0,фрагмент,0,0,0
КБ-2014-Р2-0755,Изразец,Изразец (?) полуколонна красноглиняный с рельефным орнаментом фр-ый,керамика,24+ х 8+ х 2 см,Фрагмент,Слой 2/ гориз.2,ИИМК РАН,2014.0,data/raw/images/КБ-2014-Р2-0755_orig.jpg,startswith,1,КБ-2014-Р2-0755,Керамика,изразец,0,часть не указана,1,фрагмент,0,0,1
КБ-2014-Р2-0782,Тарелка,Тарелки фаянсовой с черной поливой снаружи и внутри профиль с рельефным краем,фаянс,Двен=25; Ддон=13; выс=4 см,Фрагмент,Слой 5/ гориз.2,ИИМК РАН,2014.0,data/raw/images/КБ-2014-Р2-0782_orig.jpg,startswith,1,КБ-2014-Р2-0782,Фаянс,тарелка,0,профиль,0,фрагмент,0,0,0
КБ-2014-Р3-0022,Тарелка,Тарелки фарфоровой с белой поливой снаружи и внутри донца с клеймом фр-т,фарфор,,Фрагмент,Слой 1/ гориз.1,ИИМК РАН,2014.0,data/raw/images/КБ-2014-Р3-0022_orig.jpg,startswith,1,КБ-2014-Р3-0022,Фарфор,тарелка,0,донце,0,фрагмент,0,0,0
КБ-2014-Р3-0060,Изразец,Изразца красноглиняного с белой поливой снаружи карнизная часть с румпой фрагментированная с клеймом,керамика,"18,3 х 15 х 2; hрум=6 см",Фрагмент,Слой 2/ гориз.1,ИИМК РАН,2014.0,data/raw/images/КБ-2014-Р3-0060_orig.jpg,startswith,1,КБ-2014-Р3-0060,Керамика,изразец,0,часть не указана,1,фрагмент,0,0,0
КБ-2014-Р3-0064,Блюдце,Блюдца фарфорового с белой поливой снаружи и внутри донца с клеймом фр-т,фарфор,D10 см,Фрагмент,Слой 2/ гориз.1,ИИМК РАН,2014.0,data/raw/images/КБ-2014-Р3-0064_orig.jpg,startswith,1,КБ-2014-Р3-0064,Фарфор,блюдце,0,донце,0,фрагмент,0,0,0
КБ-2014-Р3-0086,Тарелка,Тарелки фаянсовой с белой поливой снаружи и внутри донца с клеймом фр-т,фаянс,D15 см,Фрагмент,Слой 2/ гориз.1,ИИМК РАН,2014.0,data/raw/images/КБ-2014-Р3-0086_orig.jpg,startswith,1,КБ-2014-Р3-0086,Фаянс,тарелка,0,донце,0,фрагмент,0,0,0
КБ-2014-Р3-0158,Тарелка,Тарелки фаянсовой с белой поливой снаружи и внутри донца с клеймом фр-т,фаянс,D12 см,Фрагмент,Слой 2/ гориз.1,ИИМК РАН,2014.0,data/raw/images/КБ-2014-Р3-0158_orig.jpg,startswith,1,КБ-2014-Р3-0158,Фаянс,тарелка,0,донце,0,фрагмент,0,0,0
КБ-2014-Р3-0299,Блюдце,Блюдца фарфорового с белой поливой снаружи и внутри донца с клеймом фр-т,фарфор,D8 см,Фрагмент,Слой 3/ гориз.1,ИИМК РАН,2014.0,data/raw/images/КБ-2014-Р3-0299_orig.jpg,startswith,1,КБ-2014-Р3-0299,Фарфор,блюдце,0,донце,0,фрагмент,0,0,0
КБ-2014-Р3-0394,Тарелка,Тарелки красноглиняной с белым ангобом снаружи и зеленой поливой внутри профиль,керамика,Dвен=17; Dдон=8; Выс=3 см,Фрагмент,Слой 1/ гориз.1,ИИМК РАН,2014.0,data/raw/images/КБ-2014-Р3-0394_orig.jpg,startswith,1,КБ-2014-Р3-0394,Керамика,тарелка,0,профиль,0,фрагмент,0,0,0
КБ-2014-Р3-0442,Крышка,Крышки фаянсовой с белой поливой с черным подглазурным орнаментом в виде георгиевского креста с лентой и белой поливой внутри профиль,фаянс,D17 см,Фрагмент,Слой 2/ гориз.1,ИИМК РАН,2014.0,data/raw/images/КБ-2014-Р3-0442_orig.jpg,startswith,1,КБ-2014-Р3-0442,Фаянс,крышка,0,профиль,0,фрагмент,0,0,0
КБ-2014-Р4-389,Блюдце,"Блюдца фарфорового с клеймом на дне ""Т-во М.С.КУЗНЕЦОВА РИГА"" фрагмент",фарфор,"D7,3 см",Фрагмент,Слой 3,ИИМК РАН,2014.0,data/raw/images/КБ-2014-Р4-389_orig.jpg,startswith,1,КБ-2014-Р4-389,Фарфор,блюдце,0,часть не указана,1,фрагмент,0,0,0
КБ-2014-Р4-438,Тарелка,"Тарелки фарфоровой с цветочным рисунком внутри и клеймом на дне снаружи  перекрещенные  мечи точка  ""ВI."" фрагмент",фарфор,"D8,5 см",Фрагмент,Слой 3,ИИМК РАН,2014.0,data/raw/images/КБ-2014-Р4-438_orig.jpg,startswith,1,КБ-2014-Р4-438,Фарфор,тарелка,0,часть не указана,1,фрагмент,0,0,0
КБ-2014-Р4-581,Блюдце,"Блюдца фарфорового с растительным точечным рисунком внутри на дне клеймо ""VILLEROY&BOC….DRESDEN""",фарфор,D9 см,Целый,Слой 1,ИИМК РАН,2014.0,data/raw/images/КБ-2014-Р4-581_orig.jpg,startswith,1,КБ-2014-Р4-581,Фарфор,блюдце,0,часть не указана,1,целый,0,0,0
КБ-2014-Р4-583,Блюдце,"Блюдца фарфорового на дне клеймо красного цвета  шестигранная звезда ""Тва И.Е.КУЗНЕЦОВА В.Ф."" дна фрагмент",фарфор,D7.5 см,Фрагмент,Слой 1,ИИМК РАН,2014.0,data/raw/images/КБ-2014-Р4-583_orig.jpg,startswith,1,КБ-2014-Р4-583,Фарфор,блюдце,0,часть не указана,1,фрагмент,0,0,0
КБ-2014-Р5-0059,Крышка,Банка светло-зеленого прозрачного стекла с резьбой для крышки,стекло,"Дгор=4; Ддон=4,5; выс=4 см",Целый,Слой 1/ гориз.1,ИИМК РАН,2014.0,data/raw/images/КБ-2014-Р5-0059_orig.jpg,startswith,1,КБ-2014-Р5-0059,Стекло,крышка,0,часть не указана,1,целый,0,0,0
КБ-2014-Р5-0065,Блюдце,"Блюдце фарфоровое с рельефным краем, белой поливой снаружи и внутри с полихромным декольным цветочным и рельефным орнаментом фр-ое",фарфор,"Двен=13,5; Ддон=8; выс=2,5 см",Фрагмент,,ИИМК РАН,2014.0,data/raw/images/КБ-2014-Р5-0065_orig.jpg,startswith,1,КБ-2014-Р5-0065,Фарфор,блюдце,0,часть не указана,1,фрагмент,0,0,0
КБ-2014-Р5-0067,Блюдце,"Блюдца фарфорового с белой поливой снаружи и внутри с золотым линейным орнаментом по краю и клеймом на донце, профиль",фарфор,Двен=15; Ддон=8; выс=3 см,Фрагмент,,ИИМК РАН,2014.0,data/raw/images/КБ-2014-Р5-0067_orig.jpg,startswith,1,КБ-2014-Р5-0067,Фарфор,блюдце,0,донце,0,фрагмент,0,0,0
КБ-2014-Р5-0069,Блюдце,Блюдца фарфорового с белой поливой снаружи и внутри с линейным золотым орнаментом и клеймом на донце профиля фр-т,фарфор,Двен=15; Ддон=7; выс=3 см,Фрагмент,,ИИМК РАН,2014.0,data/raw/images/КБ-2014-Р5-0069_orig.jpg,startswith,1,КБ-2014-Р5-0069,Фарфор,блюдце,0,донце,0,фрагмент,0,0,0
КБ-2014-Р5-0070,Блюдце,Блюдце фарфоровое с белой поливой снаружи и внутри с золотым линейным орнаментом по краю и клеймом на донце фр-ое,фарфор,"Двен=14,5; Ддон=8; выс=3 см",Фрагмент,,ИИМК РАН,2014.0,data/raw/images/КБ-2014-Р5-0070_orig.jpg,startswith,1,КБ-2014-Р5-0070,Фарфор,блюдце,0,донце,0,фрагмент,0,0,0
КБ-2014-Р5-0073,Блюдце,"Блюдца фарфорового с белой поливой снаружи и белой и синей внутри с золотым растительным орнаментом, профиль",фарфор,"Двен=14; Ддон=8; выс=2,5 см",Фрагмент,,ИИМК РАН,2014.0,data/raw/images/КБ-2014-Р5-0073_orig.jpg,startswith,1,КБ-2014-Р5-0073,Фарфор,блюдце,0,профиль,0,фрагмент,0,0,0
КБ-2014-Р5-0082,Тарелка,"Тарелка фарфоровая с рельефным краем, белой поливой снаружи и внутри с зеленым и золотым растительным орнаментом, с инвентарным номером  и клеймом на донце фр-ая",фарфор,"Двен=24; Ддон=15; выс=2,5 см",Фрагмент,,ИИМК РАН,2014.0,data/raw/images/КБ-2014-Р5-0082_orig.jpg,startswith,1,КБ-2014-Р5-0082,Фарфор,тарелка,0,донце,0,фрагмент,0,0,0
КБ-2014-Р5-0092,Блюдце,Блюдце фаянсовое  с белой поливой снаружи и внутри с синим и золотым орнаментом и клеймом на донце фр-ое,фаянс,"Двен=14,5; Ддон=7; выс=3 см",Фрагмент,,ИИМК РАН,2014.0,data/raw/images/КБ-2014-Р5-0092_orig.jpg,startswith,1,КБ-2014-Р5-0092,Фаянс,блюдце,0,донце,0,фрагмент,0,0,0
КБ-2014-Р5-0094,Тарелка,"Тарелка фаянсовая с белой поливой снаружи и внутри с золотым линейным орнаментом и клеймом на донце, фр-ая",фаянс,"Двен=24; Ддон=13,5; выс=3 см",Фрагмент,,ИИМК РАН,2014.0,data/raw/images/КБ-2014-Р5-0094_orig.jpg,startswith,1,КБ-2014-Р5-0094,Фаянс,тарелка,0,донце,0,фрагмент,0,0,0
КБ-2014-Р6-018,Крышка,Крышка фарфоровая с бело-голубой поливой снаружи и белой поливой внутри со сквозным отверстием,фарфор,D=7.3 см,Целый,Слой 1/ техноген,ИИМК РАН,2014.0,data/raw/images/КБ-2014-Р6-018_orig.jpg,startswith,1,КБ-2014-Р6-018,Фарфор,крышка,0,часть не указана,1,целый,0,0,0
КБ-2014-Р6-068,Крышка,Крышка от сосуда фарфоровая с белой поливой снаружи и внутри,фарфор,D=4 ; Выс=3 см,Целый,Слой 5/ Щепа и переотложенная щепа,ИИМК РАН,2014.0,data/raw/images/КБ-2014-Р6-068_orig.jpg,startswith,1,КБ-2014-Р6-068,Фарфор,крышка,0,часть не указана,1,целый,0,0,0
КБ-2014-Р6-072,Блюдце,Блюдца фарфорового с  белой поливой снаружи и белой поливой с полихромным надглазурным цветочным орнаментом внутри профиль,фарфор,D=14 см,Фрагмент,Слой 5/ Щепа и переотложенная щепа,ИИМК РАН,2014.0,data/raw/images/КБ-2014-Р6-072_orig.jpg,startswith,1,КБ-2014-Р6-072,Фарфор,блюдце,0,профиль,0,фрагмент,0,0,0
КБ-2014-Р6-091,Крышка,Сосуда красноглиняного с бежевой поливой снаружи и внутри крышки фр-т,керамика,,Фрагмент,Слой 2/ Слой засыпки с известковым раствором и кирпичной крошкой (слой разрушения дома),ИИМК РАН,2014.0,data/raw/images/КБ-2014-Р6-091_orig.jpg,startswith,1,КБ-2014-Р6-091,Керамика,крышка,0,часть не указана,1,фрагмент,0,0,0
КБ-2014-Р6-096,Тарелка,Тарелки фарфоровой с белой поливой снаружи и белой поливой с полихромным надглазурным цветочным орнаментов внутри профиль,фарфор,Dвен=25; Dдон=12; Выс=2.5 см,Фрагмент,Слой 5/ Щепа и переотложенная щепа,ИИМК РАН,2014.0,data/raw/images/КБ-2014-Р6-096_orig.jpg,startswith,1,КБ-2014-Р6-096,Фарфор,тарелка,0,профиль,0,фрагмент,0,0,0
КБ-2014-Р6-111,Тарелка,Тарелки фарфоровой с белой поливой снаружи и внутри донца с клеймом фр-т,фарфор,,Фрагмент,Слой 5/ Щепа и переотложенная щепа,ИИМК РАН,2014.0,data/raw/images/КБ-2014-Р6-111_orig.jpg,startswith,1,КБ-2014-Р6-111,Фарфор,тарелка,0,донце,0,фрагмент,0,0,0
КБ-2014-Р6-123,Крышка,Сосуда красноглиняного крышки фр-т,керамика,D=20 см,Фрагмент,Слой 5/ Щепа и переотложенная щепа (зап.щепы и серый мешаный песок),ИИМК РАН,2014.0,data/raw/images/КБ-2014-Р6-123_orig.jpg,startswith,1,КБ-2014-Р6-123,Керамика,крышка,0,часть не указана,1,фрагмент,0,0,0
КБ-2014-Р6-194,Тарелка,Тарелки фарфоровой с белой поливой снаружи и внутри донца с клеймом фр-т,фарфор,,Фрагмент,Слой 2/ Слой засыпки с известковым раствором и кирпичной крошкой (слой разрушения дома),ИИМК РАН,2014.0,data/raw/images/КБ-2014-Р6-194_orig.jpg,startswith,1,КБ-2014-Р6-194,Фарфор,тарелка,0,донце,0,фрагмент,0,0,0
ЛАО-2012-М102-Ш1-005,Миска,Сосуда красноглиняного с желто-зеленой поливой внутри профиль,керамика,"Д венчика16, Д донца 12 см",Фрагмент,Строительный мусор (битый кирпич),ИИМК РАН,2012.0,data/raw/images/ЛАО-2012-М102-Ш1-005_orig.jpg,startswith,1,ЛАО-2012-М102-Ш1-005,Керамика,миска,0,профиль,0,фрагмент,0,0,0
ЛАО-2012-М102-Ш1-057,Изразец,Изразца красноглиняного с сюжетным орнаментом кобальтовой росписью по белому фону фр-т,керамика,,Фрагмент,Серо-коричневая мешаная супесь,ИИМК РАН,2012.0,data/raw/images/ЛАО-2012-М102-Ш1-057_orig.jpg,startswith,1,ЛАО-2012-М102-Ш1-057,Керамика,изразец,0,часть не указана,1,фрагмент,0,0,0
ЛАО-2012-М102-Ш4-179,Миска,Миски красноглиняной с полихромной росписью по коричневой поливе внутри профиль,керамика,"Д венчика 26, Д донца 18 см",Фрагмент,Мешаный темно-коричневый гумусированный слой с включениями битого кирпича,ИИМК РАН,2012.0,data/raw/images/ЛАО-2012-М102-Ш4-179_orig.jpg,startswith,1,ЛАО-2012-М102-Ш4-179,Керамика,миска,0,профиль,0,фрагмент,0,0,0
ЛАО-2012-М102-Ш4-181,Изразец,Изразца красноглиняного с сюжетным орнаментом и кобальтовой росписью по белому фону фр-т,керамика,8+х8 см,Фрагмент,Мешаный темно-коричневый гумусированный слой с включениями битого кирпича,ИИМК РАН,2012.0,data/raw/images/ЛАО-2012-М102-Ш4-181_orig.jpg,startswith,1,ЛАО-2012-М102-Ш4-181,Керамика,изразец,0,часть не указана,1,фрагмент,0,0,0
ЛАО-2012-М102-Ш4-182,Изразец,Изразца красноглиняного с сюжетным орнаментом и кобальтовой росписью по белому фону фр-т,керамика,22х11 см,Фрагмент,Мешаный темно-коричневый гумусированный слой с включениями битого кирпича,ИИМК РАН,2012.0,data/raw/images/ЛАО-2012-М102-Ш4-182_orig.jpg,startswith,1,ЛАО-2012-М102-Ш4-182,Керамика,изразец,0,часть не указана,1,фрагмент,0,0,0
ЛАО-2012-М102-Ш5-186,Тарелка,Тарелки фаянсовой с полихромной росписью внутри профиль,фаянс,"Д венчика 25, Д донца 12 см",Фрагмент,Темно-серый гумусированный слой с включениями битого кирпича и кирпичной крошки (засыпка траншеи),ИИМК РАН,2012.0,data/raw/images/ЛАО-2012-М102-Ш5-186_orig.jpg,startswith,1,ЛАО-2012-М102-Ш5-186,Фаянс,тарелка,0,профиль,0,фрагмент,0,0,0
ЛАО-2012-М102-Ш5-188,Тарелка,Тарелка фаянсовая с монохромной росписью внутри с клеймом  фрагментированная,фаянс,"Д венчика 26, Д донца 15 см",Фрагмент,Темно-серый гумусированный слой с включениями битого кирпича и кирпичной крошки (засыпка траншеи),ИИМК РАН,2012.0,data/raw/images/ЛАО-2012-М102-Ш5-188_orig.jpg,startswith,1,ЛАО-2012-М102-Ш5-188,Фаянс,тарелка,0,часть не указана,1,фрагмент,0,0,0
ЛАО-2012-М102-Ш5-190,Тарелка,"Тарелка фаянсовая с рельефным краем, с монохромной росписью и клеймом фрагментированная",фаянс,"Д венчика 25, Д донца 14,5 см",Фрагмент,Темно-серый гумусированный слой с включениями битого кирпича и кирпичной крошки (засыпка траншеи),ИИМК РАН,2012.0,data/raw/images/ЛАО-2012-М102-Ш5-190_orig.jpg,startswith,1,ЛАО-2012-М102-Ш5-190,Фаянс,тарелка,0,часть не указана,1,фрагмент,0,0,0
ЛАО-2012-М102-Ш5-191,Тарелка,Тарелка фаянсовая с монохромной росписью фрагментированная,фаянс,"Д венчика 26, Д донца 15 см",Фрагмент,Темно-серый гумусированный слой с включениями битого кирпича и кирпичной крошки (засыпка траншеи),ИИМК РАН,2012.0,data/raw/images/ЛАО-2012-М102-Ш5-191_orig.jpg,startswith,1,ЛАО-2012-М102-Ш5-191,Фаянс,тарелка,0,часть не указана,1,фрагмент,0,0,0
ЛАО-2012-М102-Ш5-192,Тарелка,Тарелки фаянсовой с монохромной росписью и клеймом профиль,фаянс,"Д венчика 23, Д донца 10,5 см",Фрагмент,Темно-серый гумусированный слой с включениями битого кирпича и кирпичной крошки (засыпка траншеи),ИИМК РАН,2012.0,data/raw/images/ЛАО-2012-М102-Ш5-192_orig.jpg,startswith,1,ЛАО-2012-М102-Ш5-192,Фаянс,тарелка,0,профиль,0,фрагмент,0,0,0
ЛАО-2012-М102-Ш5-197,Тарелка,Тарелки фаянсовой с монохромной росписью профиль,фаянс,"Д венчика 26, Д донца 16 см",Фрагмент,Темно-серый гумусированный слой с включениями битого кирпича и кирпичной крошки (засыпка траншеи),ИИМК РАН,2012.0,data/raw/images/ЛАО-2012-М102-Ш5-197_orig.jpg,startswith,1,ЛАО-2012-М102-Ш5-197,Фаянс,тарелка,0,профиль,0,фрагмент,0,0,0
Маяк-11-Ш2-37,Изразец,Изразца красноглиняного плоского пластины лицевой с белой поливой фр-т,керамика,17+ х 11+ х 2 см,Фрагмент,,,2011.0,data/raw/images/Маяк-11-Ш2-37_orig.jpg,startswith,1,Маяк-11-Ш2-37,Керамика,изразец,0,часть не указана,1,фрагмент,0,0,0
Маяк-11-Ш3-68,Тарелка,Тарелки фарфоровой с подглазурным (?) печатным полихромным растительным орнаментом и клеймом профиль,фарфор,18 см,Фрагмент,,,2011.0,data/raw/images/Маяк-11-Ш3-68_orig.jpg,startswith,1,Маяк-11-Ш3-68,Фарфор,тарелка,0,профиль,0,фрагмент,0,0,1
Нц-23-0180,Изразец,Изразца румпы фр-т,керамика,4.4х4.2х1.6 см,Фрагмент,,,,data/raw/images/Нц-23-0180_orig.jpg,startswith,1,Нц-23-0180,Глина,изразец,0,часть не указана,1,фрагмент,0,0,0
Нц-102-1976,Плитка,Плиты шлифовальной фр-т,прочее,"8+x7,5+x1,2+ см",Фрагмент,Светлый среднезернистый песок/ гориз.7,,,data/raw/images/Нц-102-1976_orig.jpg,startswith,1,Нц-102-1976,Песчаник,прочее,1,часть не указана,1,фрагмент,0,1,0
Нц-102-1977,Плитка,Плитки шлифовальной фр-т,прочее,"6,4+x3,8+x1,6+ см",Фрагмент,Среднезернистый песок с галькой/ гориз.6,,,data/raw/images/Нц-102-1977_orig.jpg,startswith,1,Нц-102-1977,Песчаник,прочее,1,часть не указана,1,фрагмент,0,1,0
Нц-23-0561,Изразец,Изразца красноглиняного с белой поливой румпы фр-т,керамика,10+ х 4.5+ х 5 см,Фрагмент,,,,data/raw/images/Нц-23-0561_orig.jpg,startswith,1,Нц-23-0561,Глина,изразец,0,часть не указана,1,фрагмент,0,0,0
Нц-23-1080,Изразец,Изразца красноглиняного с рельефным орнаментом по зеленой поливе фр-т,керамика,,Фрагмент,Дерн,,,data/raw/images/Нц-23-1080_orig.jpg,startswith,1,Нц-23-1080,Глина,изразец,0,часть не указана,1,фрагмент,0,0,0
Нц-23-1970,Изразец,Изразца красноглиняного с коричневой поливой снаружи фр-т,керамика,,Фрагмент,Темно-серая супесь,,,data/raw/images/Нц-23-1970_orig.jpg,startswith,1,Нц-23-1970,Глина,изразец,0,часть не указана,1,фрагмент,0,0,0
Нц-24-026,Тарелка,Тарелки (?) стеклянной края фр-т,стекло,D16 см,Фрагмент,Желтая мешаная супесь/ гориз.2,,,data/raw/images/Нц-24-026_orig.jpg,startswith,1,Нц-24-026,Стекло,тарелка,0,часть не указана,1,фрагмент,0,0,1
Нц-27-617,Изразец,Изразца красноглиняного с темно-серебристой поливой и орнаментом фр-т,керамика,10.1+ x 9.5+ x 6.2+ см,Фрагмент,Серая супесь / гориз.4,,,data/raw/images/Нц-27-617_orig.jpg,startswith,1,Нц-27-617,Керамика,изразец,0,часть не указана,1,фрагмент,0,0,0
Нц-30-025,Тарелка,Тарелки красноглиняного с коричнево-зеленой поливой внутри придонной части фр-т,керамика,,Фрагмент,Предматериковый слой/ гориз.5,,,data/raw/images/Нц-30-025_orig.jpg,startswith,1,Нц-30-025,Керамика,тарелка,0,часть не указана,1,фрагмент,0,0,0
Нц-30-065,Тарелка,Тарелки красноглиняной с растительным орнаментом и темно-зеленой поливой снаружи фр-т,керамика,D32 см,Фрагмент,Темно-серая гумусированная супесь / гориз.3,,,data/raw/images/Нц-30-065_orig.jpg,startswith,1,Нц-30-065,Керамика,тарелка,0,часть не указана,1,фрагмент,0,0,0
Нц-30-968,Блюдце,Блюдце фаянсовое фрагментированное,фаянс,"D8,5 см",Фрагмент,Мешаные серо-желтая и темно-серые супеси/ гориз.2,,,data/raw/images/Нц-30-968_orig.jpg,startswith,1,Нц-30-968,Фаянс,блюдце,0,часть не указана,1,фрагмент,0,0,0
Нц-31-0251,Изразец,Изразца стенового с росписью фр-т,керамика,"16,0х4,8х2,3 см",Фрагмент,Перемешанная супесь со строительным мусором/ гориз.1,,,data/raw/images/Нц-31-0251_orig.jpg,startswith,1,Нц-31-0251,Керамика,изразец,0,часть не указана,1,фрагмент,0,0,0
Нц-32-0018,Изразец,Изразца красноглиняного с голубой росписью по белой поливе фр-т,керамика,,Фрагмент,Техногенный,,,data/raw/images/Нц-32-0018_orig.jpg,startswith,1,Нц-32-0018,Керамика,изразец,0,часть не указана,1,фрагмент,0,0,0
Нц-32-0019,Изразец,Изразца красноглиняного с белой поливой карниза фр-т,керамика,,Фрагмент,Техногенный,,,data/raw/images/Нц-32-0019_orig.jpg,startswith,1,Нц-32-0019,Керамика,изразец,0,часть не указана,1,фрагмент,0,0,0
Нц-32-0096,Изразец,Изразца красноглиняного с белой поливой снаружи фр-т,керамика,,Фрагмент,Строительный мусор/ гориз.3,,,data/raw/images/Нц-32-0096_orig.jpg,startswith,1,Нц-32-0096,Керамика,изразец,0,часть не указана,1,фрагмент,0,0,0
Нц-32-0101,Тарелка,Тарелки белоглиняной с серой поливой снаружи и внутри края фр-т,керамика,,Фрагмент,Строительный мусор/ гориз.3,,,data/raw/images/Нц-32-0101_orig.jpg,startswith,1,Нц-32-0101,Керамика,тарелка,0,часть не указана,1,фрагмент,0,0,0
Нц-32-0785,Миска,Миски красноглиняной с зеленой поливой снаружи и внутри профиля (с частью ручки) фр-т,керамика,,Фрагмент,Темно-коричневая супесь/ гориз.3,,,data/raw/images/Нц-32-0785_orig.jpg,startswith,1,Нц-32-0785,Керамика,миска,0,профиль,0,фрагмент,0,0,0
Нц-32-0978,Изразец,Изразца красноглиняного орнаментированого  с черной поливой снаружи фр-т,керамика,4.2+ х 3.4+ см,Фрагмент,Серая мешаная супесь/ гориз.4,,,data/raw/images/Нц-32-0978_orig.jpg,startswith,1,Нц-32-0978,Керамика,изразец,0,часть не указана,1,фрагмент,0,0,0
Нц-33-0129,Крышка,Сосуда стеклянного крышка,стекло,D2.2 см,Фрагмент,Техноген/ гориз.1,,,data/raw/images/Нц-33-0129_orig.jpg,startswith,1,Нц-33-0129,Стекло,крышка,0,часть не указана,1,фрагмент,0,0,0
Нц-33-0135,Изразец,Изразца красноглиняного с белой поливой румпы фр-т,керамика,,Фрагмент,Техноген/ гориз.1,,,data/raw/images/Нц-33-0135_orig.jpg,startswith,1,Нц-33-0135,Керамика,изразец,0,часть не указана,1,фрагмент,0,0,0
Нц-33-0286,Тарелка,Тарелки фаянсовой донца с клеймом фр-т,фаянс,,Фрагмент,Техноген/ гориз.1,,,data/raw/images/Нц-33-0286_orig.jpg,startswith,1,Нц-33-0286,Фаянс,тарелка,0,донце,0,фрагмент,0,0,0
Нц-33-0703,Тарелка,Тарелки фаянсовой края фр-т,фаянс,,Фрагмент,Серая супесь/ гориз.3,,,data/raw/images/Нц-33-0703_orig.jpg,startswith,1,Нц-33-0703,Фаянс,тарелка,0,часть не указана,1,фрагмент,0,0,0
Нц-33-1499,Тарелка,Тарелки фаянсовой с сюжетным орнаментом донца-т,фаянс,D7 см,Целый,Серая супесь/ гориз.5,,,data/raw/images/Нц-33-1499_orig.jpg,startswith,1,Нц-33-1499,Фаянс,тарелка,0,донце,0,целый,0,0,0
Нц-33-1733,Тарелка,Тарелки фаянсовой с белой поливой внутри и снаружи донца фр-т,фаянс,D11 см,Фрагмент,Серая мешаная супесь/ гориз.4,,,data/raw/images/Нц-33-1733_orig.jpg,startswith,1,Нц-33-1733,Фаянс,тарелка,0,донце,0,фрагмент,0,0,0
Нц-33-2938,Тарелка,Тарелки красноглиняной с коричневой и белой поливой внутри края фр-т,керамика,D26 см,Фрагмент,Серая супесь/ гориз.5,,,data/raw/images/Нц-33-2938_orig.jpg,startswith,1,Нц-33-2938,Керамика,тарелка,0,часть не указана,1,фрагмент,0,0,0
Нц-33-2989,Тарелка,Тарелки фаянсовой с синей росписью стенки фр-т,фаянс,,Фрагмент,"Дерн со щепой, заполнение ямы/ гориз.6",,,data/raw/images/Нц-33-2989_orig.jpg,startswith,1,Нц-33-2989,Фаянс,тарелка,0,прочее,0,фрагмент,0,0,0
Нц-33-4316,Тарелка,Тарелки фаянсовой с синей монохромной росписью снаружи и внутри венчика фр-т,фаянс,,Фрагмент,Серая супесь/ гориз.5,,,data/raw/images/Нц-33-4316_orig.jpg,startswith,1,Нц-33-4316,Фаянс,тарелка,0,венчик,0,фрагмент,0,0,0
Нц-33-5212,Тарелка,Тарелки красноглиняной бело-коричневой поливой внутри и зеленой снаружи венчика фр-т,керамика,D32 см,Фрагмент,Серая супесь/ гориз.5,,,data/raw/images/Нц-33-5212_orig.jpg,startswith,1,Нц-33-5212,Керамика,тарелка,0,венчик,0,фрагмент,0,0,0
Нц-33-5563,Изразец,Изразца красноглиняного с синей росписью по белой поливе внутри придонной части фр-т,керамика,,Фрагмент,Слой строительного мусора/ гориз.1,,,data/raw/images/Нц-33-5563_orig.jpg,startswith,1,Нц-33-5563,Керамика,изразец,0,часть не указана,1,фрагмент,0,0,0
Нц-33-5574,Тарелка,Тарелки белоглиняной с желтой поливой внутри и зеленой поливой снаружи края фр-т,керамика,D25 см,Фрагмент,Мешаная желтая супесь с гумусом/ гориз.3,,,data/raw/images/Нц-33-5574_orig.jpg,startswith,1,Нц-33-5574,Керамика,тарелка,0,часть не указана,1,фрагмент,0,0,0
Нц-33-5724,Миска,Миски красноглиняной с зеленой поливой внутри края фр-т,керамика,,Фрагмент,Мешаная желтая супесь/ гориз.2,,,data/raw/images/Нц-33-5724_orig.jpg,startswith,1,Нц-33-5724,Керамика,миска,0,часть не указана,1,фрагмент,0,0,0
Нц-33-5736,Изразец,Изразца красноглиняного с черной поливой и рельефным орнаментом фр-т,керамика,,Фрагмент,Мешаная желтая супесь/ гориз.2,,,data/raw/images/Нц-33-5736_orig.jpg,startswith,1,Нц-33-5736,Керамика,изразец,0,часть не указана,1,фрагмент,0,0,0
Нц-34-079,Изразец,Изразца стенового с белой поливой фрагмент,керамика,"13,8х10,3х0,8 см",Фрагмент,Шлак/ гориз. 1,,,data/raw/images/Нц-34-079_orig.jpg,startswith,1,Нц-34-079,Керамика,изразец,0,часть не указана,1,фрагмент,0,0,0
Нц-35-123,Изразец,Изразца красноглиняного с белой глазурью румпы фр-т,керамика,8+ х 18 х 5.4 см,Фрагмент,Переотложенная темно-серая гумусированная  супесь / гориз. 3,,,data/raw/images/Нц-35-123_orig.jpg,startswith,1,Нц-35-123,Керамика,изразец,0,часть не указана,1,фрагмент,0,0,0
Нц-35-151,Тарелка,Сосуда (тарелки?) фарфорового донной части фр-т,фарфор,D9 см,Фрагмент,Строительный мусор/ гориз. 2,,,data/raw/images/Нц-35-151_orig.jpg,startswith,1,Нц-35-151,Фарфор,тарелка,0,часть не указана,1,фрагмент,0,0,1
Нц-36-401,Тарелка,Тарелки фаянсовой донца фр-т,фаянс,D11 см,Фрагмент,Древесная щепа/ гориз.1,,,data/raw/images/Нц-36-401_orig.jpg,startswith,1,Нц-36-401,Фаянс,тарелка,0,донце,0,фрагмент,0,0,0
Нц-37-0466,Изразец,Изразца белоглиняного с белой поливой фр-т,керамика,19+ х 6.5+ х 6.2+ см,Фрагмент,Строительный мусор/ гориз.1.1,,,data/raw/images/Нц-37-0466_orig.jpg,startswith,1,Нц-37-0466,Керамика,изразец,0,часть не указана,1,фрагмент,0,0,0
Нц-37-0588,Изразец,Изразца красноглиняного с белой поливой фр-т,керамика,,Фрагмент,Строительный мусор/ гориз.1.1,,,data/raw/images/Нц-37-0588_orig.jpg,startswith,1,Нц-37-0588,Керамика,изразец,0,часть не указана,1,фрагмент,0,0,0
Нц-37-0655,Изразец,Изразец красноглиняный с белой поливой фрагментированный,керамика,28 х 18.4 х 5.3 см,Фрагмент,Строительный мусор/ гориз.1.1,,,data/raw/images/Нц-37-0655_orig.jpg,startswith,1,Нц-37-0655,Керамика,изразец,0,часть не указана,1,фрагмент,0,0,0
Нц-38-09,Изразец,Изразца красноглиняного румпы фр-т,керамика,D9 см,Фрагмент,Супесь желтая/ гориз.2,,,data/raw/images/Нц-38-09_orig.jpg,startswith,1,Нц-38-09,Керамика,изразец,0,часть не указана,1,фрагмент,0,0,0
Нц-41-0069,Изразец,Изразца красноглиняного фр-т,керамика,,Фрагмент,Техноген/ гориз.1,,,data/raw/images/Нц-41-0069_orig.jpg,startswith,1,Нц-41-0069,Керамика,изразец,0,часть не указана,1,фрагмент,0,0,0
Нц-41-0331,Изразец,Изразца сероглиняного с антропоморфным рисунком снаружи стенки фр-т,керамика,,Фрагмент,Гориз.2,,,data/raw/images/Нц-41-0331_orig.jpg,startswith,1,Нц-41-0331,Керамика,изразец,0,прочее,0,фрагмент,0,0,0
Нц-41-1212,Тарелка,Тарелки красноглиняной с зеленой поливой и желтым геометрическим рисунком внутри венчика фр-т,керамика,D58 см,Фрагмент,Гориз.3,,,data/raw/images/Нц-41-1212_orig.jpg,startswith,1,Нц-41-1212,Керамика,тарелка,0,венчик,0,фрагмент,0,0,0
Нц-44-0131,Изразец,Изразца красноглиняного с рельефным орнаментом и зеленой поливой снаружи фр-т,керамика,5+ х 4.5+ х 0.7 см,Фрагмент,Дерн,,,data/raw/images/Нц-44-0131_orig.jpg,startswith,1,Нц-44-0131,Керамика,изразец,0,часть не указана,1,фрагмент,0,0,0
Нц-44-0500,Изразец,Изразца красноглиняного с рельефным орнаментом и черной поливой снаружи фр-т,керамика,6.6+ х 4.5+ х 0.9 см,Фрагмент,Супесь серо-желтая с дерном,,,data/raw/images/Нц-44-0500_orig.jpg,startswith,1,Нц-44-0500,Керамика,изразец,0,часть не указана,1,фрагмент,0,0,0
Нц-44-1181,Изразец,Изразца красноглиняного румпы фр-т,керамика,6.5+ х 3.1+ см,Фрагмент,Супесь серо-желтая/ гориз.4,,,data/raw/images/Нц-44-1181_orig.jpg,startswith,1,Нц-44-1181,Керамика,изразец,0,часть не указана,1,фрагмент,0,0,0
Нц-45-0102,Миска,Миски красноглиняной со сливом с коричневой поливой снаружи и внутри венчика фр-т,керамика,D26 см,Фрагмент,Шлак/ гориз.6,,,data/raw/images/Нц-45-0102_orig.jpg,startswith,1,Нц-45-0102,Керамика,миска,0,венчик,0,фрагмент,0,0,0
Нц-45-0160,Изразец,Изразца красноглиняного румпы фр-т,керамика,,Фрагмент,Шлак/ гориз.6,,,data/raw/images/Нц-45-0160_orig.jpg,startswith,1,Нц-45-0160,Керамика,изразец,0,часть не указана,1,фрагмент,0,0,0
Нц-45-0203,Изразец,Изразца красноглиняного румпы фр-т,керамика,,Фрагмент,Шлак/ гориз.6,,,data/raw/images/Нц-45-0203_orig.jpg,startswith,1,Нц-45-0203,Керамика,изразец,0,часть не указана,1,фрагмент,0,0,0
Нц-45-0357,Тарелка,Тарелки фаянсовой с полихромной росписью внутри придонной части фр-т,фаянс,D15 см,Фрагмент,Шлак/ гориз.6,,,data/raw/images/Нц-45-0357_orig.jpg,startswith,1,Нц-45-0357,Фаянс,тарелка,0,часть не указана,1,фрагмент,0,0,0
Нц-45-0375,Изразец,Изразца красноглиняного с белой поливой  фр-т,керамика,"13,8+ x 8,6+ x 4,6 см",Фрагмент,Шлак/ гориз.6,,,data/raw/images/Нц-45-0375_orig.jpg,startswith,1,Нц-45-0375,Керамика,изразец,0,часть не указана,1,фрагмент,0,0,0
Нц-45-0407,Блюдце,Блюдца фарфорового с зеленой росписью внутри профиля фр-т,фарфор,D8 см,Фрагмент,Шлак/ гориз.6,,,data/raw/images/Нц-45-0407_orig.jpg,startswith,1,Нц-45-0407,Фарфор,блюдце,0,профиль,0,фрагмент,0,0,0
Нц-45-0513,Изразец,Изразца красноглиняного со следами белой поливы с синей росписью снаружи фр-т,керамика,,Фрагмент,Шлак/ гориз.6,,,data/raw/images/Нц-45-0513_orig.jpg,startswith,1,Нц-45-0513,Керамика,изразец,0,часть не указана,1,фрагмент,0,0,0
Нц-45-0515,Изразец,Изразца красноглиняного со следами белой поливы с синей росписью снаружи фр-т,керамика,,Фрагмент,Шлак/ гориз.6,,,data/raw/images/Нц-45-0515_orig.jpg,startswith,1,Нц-45-0515,Керамика,изразец,0,часть не указана,1,фрагмент,0,0,0
Нц-45-0522,Изразец,Изразца красноглиняного с белой поливой фр-т,керамика,"10,9+ x 5,7+ x 2,2+ см",Фрагмент,Шлак/ гориз.6,,,data/raw/images/Нц-45-0522_orig.jpg,startswith,1,Нц-45-0522,Керамика,изразец,0,часть не указана,1,фрагмент,0,0,0
Нц-45-0905,Тарелка,Тарелки фаянсовой с черной росписью внутри донца фр-т,фаянс,D22 см,Фрагмент,Шлак/ гориз.6,,,data/raw/images/Нц-45-0905_orig.jpg,startswith,1,Нц-45-0905,Фаянс,тарелка,0,донце,0,фрагмент,0,0,0
Нц-45-0998,Миска,Миски красноглиняной с коричневой поливой и желтыми радиальными кругами венчика фр-т,керамика,D29 см,Фрагмент,Шлак/ гориз.6,,,data/raw/images/Нц-45-0998_orig.jpg,startswith,1,Нц-45-0998,Керамика,миска,0,венчик,0,фрагмент,0,0,0
Нц-45-1013,Изразец,Изразца красноглиняного с белой поливой фр-т,керамика,"9,6+ x 8,5+ x 5,7 см",Фрагмент,Шлак/ гориз.6,,,data/raw/images/Нц-45-1013_orig.jpg,startswith,1,Нц-45-1013,Керамика,изразец,0,часть не указана,1,фрагмент,0,0,0
Нц-45-1232,Изразец,Изразец красноглиняный с белой поливой,керамика,"26,4 x 15,7 x 4,6 см",Целый,Шлак/ гориз.6,,,data/raw/images/Нц-45-1232_orig.jpg,startswith,1,Нц-45-1232,Керамика,изразец,0,часть не указана,1,целый,0,0,0
Нц-45-1233,Изразец,Изразец красноглиняный орнаментированный,керамика,"24,9 x 9,8 x 7,6 см",Целый,Шлак/ гориз.6,,,data/raw/images/Нц-45-1233_orig.jpg,startswith,1,Нц-45-1233,Керамика,изразец,0,часть не указана,1,целый,0,0,0
Нц-45-1236,Изразец,Изразца красноглинянного орнаментированного фр-т,керамика,"9,4+ x 13,2 x 8,9 см",Фрагмент,Шлак/ гориз.6,,,data/raw/images/Нц-45-1236_orig.jpg,startswith,1,Нц-45-1236,Керамика,изразец,0,часть не указана,1,фрагмент,0,0,0
Нц-45-1287,Изразец,Изразец красноглиняный с белой поливой,керамика,"14 x 10,6 x 5,8 см",Целый,Шлак/ гориз.6,,,data/raw/images/Нц-45-1287_orig.jpg,startswith,1,Нц-45-1287,Керамика,изразец,0,часть не указана,1,целый,0,0,0
Нц-45-1296,Крышка,Крышка фаянсовая с золотым кантом,фаянс,D7 см,Целый,Шлак/ гориз.6,,,data/raw/images/Нц-45-1296_orig.jpg,startswith,1,Нц-45-1296,Фаянс,крышка,0,часть не указана,1,целый,0,0,0
Нц-45-1299,Изразец,"Изразца типа ""полувал"" красноглиняного с белой поливой фр-т",керамика,"4,5+ x 14,8 x 6,5 см",Фрагмент,Шлак/ гориз.6,,,data/raw/images/Нц-45-1299_orig.jpg,startswith,1,Нц-45-1299,Керамика,изразец,0,часть не указана,1,фрагмент,0,0,0
Нц-45-1306,Изразец,Изразец красноглиняный c белой поливой,керамика,"13,4 x 8,2 x 7 см",Целый,Шлак/ гориз.6,,,data/raw/images/Нц-45-1306_orig.jpg,startswith,1,Нц-45-1306,Керамика,изразец,0,часть не указана,1,целый,0,0,0
Нц-45-1436,Изразец,Изразца красноглиняного с рельефным орнаментом фр-т,керамика,"8,7+ x 16,8 x 6,1+ см",Фрагмент,Шлак/ гориз.6,,,data/raw/images/Нц-45-1436_orig.jpg,startswith,1,Нц-45-1436,Керамика,изразец,0,часть не указана,1,фрагмент,0,0,0
Нц-45-1463,Изразец,"Изразца красноглиняного с коричневой поливой и рельефным растительным орнаментом типа ""Подсолнухи"" фр-т",керамика,"9,5+ x 16,5+ см",Фрагмент,Слой разрушения/ гориз.12,,,data/raw/images/Нц-45-1463_orig.jpg,startswith,1,Нц-45-1463,Керамика,изразец,0,часть не указана,1,фрагмент,0,0,0
Нц-45-1564,Миска,Миски  красноглиняного со следами темной поливы с белой росписью внутри венчика фр-т,керамика,D29 см,Фрагмент,Светло-серая супесь с включением дерна/ гориз.10,,,data/raw/images/Нц-45-1564_orig.jpg,startswith,1,Нц-45-1564,Керамика,миска,0,венчик,0,фрагмент,0,0,0
Нц-46-137,Тарелка,Тарелки фаянсовой полихромной росписью по белой поливе внутри и белой поливой снаружи края фр-т,фаянс,D32 см,Фрагмент,Шлак,,,data/raw/images/Нц-46-137_orig.jpg,startswith,1,Нц-46-137,Фаянс,тарелка,0,часть не указана,1,фрагмент,0,0,0
Нц-46-144,Тарелка,Тарелки фаянсовой с белой поливой внутри и снаружи клейменной донца фр-т зеленое надглазурное клеймо «Т-ва  И.Е. Кузнецова» на Волхове),фаянс,D14 см,Фрагмент,Шлак,,,data/raw/images/Нц-46-144_orig.jpg,startswith,1,Нц-46-144,Фаянс,тарелка,0,донце,0,фрагмент,0,0,0
Нц-46-148,Изразец,Изразца красноглиняного с белой поливой снаружи пластины с румпой фр-т,керамика,"13 х 9 х 1,3 см",Фрагмент,Шлак,,,data/raw/images/Нц-46-148_orig.jpg,startswith,1,Нц-46-148,Керамика,изразец,0,часть не указана,1,фрагмент,0,0,0
Нц-46-152,Миска,Миски фаянсовой с синей и белой поливой внутри и белой поливой снаружи профиля фр-т,фаянс,D16 см,Фрагмент,Шлак,,,data/raw/images/Нц-46-152_orig.jpg,startswith,1,Нц-46-152,Фаянс,миска,0,профиль,0,фрагмент,0,0,0
Нц-46-193,Тарелка,Тарелки фаянсовой с белой поливой внутри и снаружи профиля фр-т,фаянс,D25 см,Фрагмент,Шлак,,,data/raw/images/Нц-46-193_orig.jpg,startswith,1,Нц-46-193,Фаянс,тарелка,0,профиль,0,фрагмент,0,0,0
Нц-46-225,Тарелка,Тарелки фаянсовой с золотой росписью по белой поливе внутри и белой поливой снаружи края фр-т,фаянс,D16 см,Фрагмент,Шлак,,,data/raw/images/Нц-46-225_orig.jpg,startswith,1,Нц-46-225,Фаянс,тарелка,0,часть не указана,1,фрагмент,0,0,0
Нц-46-253,Блюдце,Блюдца фарфорового профиля фр-т,фарфор,D15 см,Фрагмент,Шлак,,,data/raw/images/Нц-46-253_orig.jpg,startswith,1,Нц-46-253,Фарфор,блюдце,0,профиль,0,фрагмент,0,0,0
Нц-46-374,Тарелка,Тарелки фаянсовой с черной росписью по белой поливе внутри и белой поливой снаружи профиля фр-т,фаянс,D11 см,Фрагмент,Шлак,,,data/raw/images/Нц-46-374_orig.jpg,startswith,1,Нц-46-374,Фаянс,тарелка,0,профиль,0,фрагмент,0,0,0
Нц-46-437,Крышка,Крышки сосуда красноглиняного с прозрачной поливой снаружи фр-т,керамика,"9,2 х 7,1 см",Фрагмент,Шлак,,,data/raw/images/Нц-46-437_orig.jpg,startswith,1,Нц-46-437,Керамика,крышка,0,часть не указана,1,фрагмент,0,0,0
Нц-47-324,Изразец,Изразца красноглиняного орнаментированного с черной поливой фр-т,керамика,,Фрагмент,,,,data/raw/images/Нц-47-324_orig.jpg,startswith,1,Нц-47-324,Глина,изразец,0,часть не указана,1,фрагмент,0,0,0
Нц-48-016,Изразец,Изразца красноглиняного с белой поливой и росписью фр-т,керамика,15 см,Фрагмент,Строительный мусор/ гориз.1,,,data/raw/images/Нц-48-016_orig.jpg,startswith,1,Нц-48-016,Керамика,изразец,0,часть не указана,1,фрагмент,0,0,0
Нц-48-027,Тарелка,Тарелки красноглиняной с коричневой поливой внутри фр-т,керамика,D11 см,Фрагмент,Строительный мусор/ гориз.1,,,data/raw/images/Нц-48-027_orig.jpg,startswith,1,Нц-48-027,Керамика,тарелка,0,часть не указана,1,фрагмент,0,0,0
Нц-48-342,Миска,Миски фаянсовой с серебристой поливой снаружи и внутри венчика фр-т,фаянс,"D15,5 см",Фрагмент,"Темно-серая гумусированная супесь/ гориз.6, 7",,,data/raw/images/Нц-48-342_orig.jpg,startswith,1,Нц-48-342,Фаянс,миска,0,венчик,0,фрагмент,0,0,0
Нц-48-376,Изразец,"Изразца печного красноглиняного ""муравленого"" горшковидного типа орнаментированного со светло-зеленой  поливой снаружи  фр-т",керамика,6.1+ х 5.8+ х 0.9 см,Фрагмент,Серо-желтая супесь/ гориз.3,,,data/raw/images/Нц-48-376_orig.jpg,startswith,1,Нц-48-376,Керамика,изразец,0,донце,0,фрагмент,0,0,0
Нц-49-011,Изразец,Изразца углового красноглиняного с белой поливой румпы фр-т,керамика,,Фрагмент,Строительный мусор,,,data/raw/images/Нц-49-011_orig.jpg,startswith,1,Нц-49-011,Керамика,изразец,0,часть не указана,1,фрагмент,0,0,0
Нц-52-002,Изразец,Изразца красноглиняного с фрагментами коричневой поливы по внешней стороне румпы фр-т,керамика,D9 см,Фрагмент,Строительный мусор/ гориз.1,,,data/raw/images/Нц-52-002_orig.jpg,startswith,1,Нц-52-002,Керамика,изразец,0,часть не указана,1,фрагмент,0,0,0
Нц-52-221,Изразец,Изразца красноглиняного орнаментированного с коричневой поливой фр-т,керамика,18.6 х 18.6 х 6.2 см,Фрагмент,Строительный мусор/ гориз.1,,,data/raw/images/Нц-52-221_orig.jpg,startswith,1,Нц-52-221,Керамика,изразец,0,часть не указана,1,фрагмент,0,0,0
Нц-52-255,Тарелка,Тарелки белоглиняной с рельефным орнаментом с желтой поливой снаружи и внутри края фр-т,керамика,D19.5 см,Фрагмент,Серо-желтая супесь/ гориз.2,,,data/raw/images/Нц-52-255_orig.jpg,startswith,1,Нц-52-255,Керамика,тарелка,0,часть не указана,1,фрагмент,0,0,0
Нц-52-397,Изразец,Изразца горшковидного красноглиняного фр-т,керамика,10.3 х 6.5 х 1.1 см,Фрагмент,Погребенная почва/ гориз.4,,,data/raw/images/Нц-52-397_orig.jpg,startswith,1,Нц-52-397,Керамика,изразец,0,донце,0,фрагмент,0,0,0
Нц-52-514,Изразец,Изразца красноглиняного с голубым орнаментом по белой поливе фр-т,керамика,27.8 х 11.6 х 5 см,Фрагмент,Строительный мусор/ гориз.1,,,data/raw/images/Нц-52-514_orig.jpg,startswith,1,Нц-52-514,Керамика,изразец,0,часть не указана,1,фрагмент,0,0,0
Нц-53-067,Изразец,Изразца красноглиняного рамочного с коричневой поливой снаружи угловой части с румпой фр-т ,керамика,"6,5+ х 4+ см",Фрагмент,Супесь светло-серая/ гориз.3,,,data/raw/images/Нц-53-067_orig.jpg,startswith,1,Нц-53-067,Керамика,изразец,0,часть не указана,1,фрагмент,0,0,0
Нейш3А-2018-0108,Крышка,Крышки фаянсовой с цветочным орнаментом  фр-т,фаянс,6х6 см,Фрагмент,Современный строительный мусор,,,data/raw/images/Нейш3А-2018-0108_orig.jpg,startswith,1,Нейш3А-2018-0108,Фаянс,крышка,0,часть не указана,1,фрагмент,0,0,0
Нейш3А-2018-0117,Тарелка,Тарелки фарфоровой клейменой профиль,фарфор,Д=14 см,Фрагмент,Современный строительный мусор,,,data/raw/images/Нейш3А-2018-0117_orig.jpg,startswith,1,Нейш3А-2018-0117,Фарфор,тарелка,0,профиль,0,фрагмент,0,0,0
Нейш3А-2018-0247,Блюдце,Блюдца фарфорового клейменого  донца фр-т,фарфор,5х3 см,Фрагмент,Современный строительный мусор,,,data/raw/images/Нейш3А-2018-0247_orig.jpg,startswith,1,Нейш3А-2018-0247,Фарфор,блюдце,0,донце,0,фрагмент,0,0,0
Нейш3А-2018-0248,Тарелка,Тарелки фаянсовой клейменой донца фр-т,фаянс,4х4 см,Фрагмент,Современный строительный мусор,,,data/raw/images/Нейш3А-2018-0248_orig.jpg,startswith,1,Нейш3А-2018-0248,Фаянс,тарелка,0,донце,0,фрагмент,0,0,0
Нейш3А-2018-0288,Крышка,Ручка фаянсовая шарообразная,фаянс,"Д=3 h=2,5 см",Целый,Современный строительный мусор,,,data/raw/images/Нейш3А-2018-0288_orig.jpg,startswith,1,Нейш3А-2018-0288,Фаянс,крышка,0,ручка,0,фрагмент,0,0,0
Нейш3А-2018-0377,Тарелка,Тарелки фаянсовой клейменой донца  фр-т,фаянс,"11,5х7,5 см",Фрагмент,Мощение,,,data/raw/images/Нейш3А-2018-0377_orig.jpg,startswith,1,Нейш3А-2018-0377,Фаянс,тарелка,0,донце,0,фрагмент,0,0,0
Нейш3А-2018-0378,Тарелка,Тарелки фаянсовой с зеленым цветочным орнаментом внутри донца фр-т,фаянс,5х4 см,Фрагмент,Мощение,,,data/raw/images/Нейш3А-2018-0378_orig.jpg,startswith,1,Нейш3А-2018-0378,Фаянс,тарелка,0,донце,0,фрагмент,0,0,0
Нейш3А-2018-0384,Тарелка,"Тарелки фарфоровой с цветочным орнаментом (красный, зеленый) внутри донца фр-т",фарфор,"д=9,5 см",Фрагмент,Мощение,,,data/raw/images/Нейш3А-2018-0384_orig.jpg,startswith,1,Нейш3А-2018-0384,Фарфор,тарелка,0,донце,0,фрагмент,0,0,0
Нейш3А-2018-0394,Тарелка,Тарелки фарфоровой с зеленым линейным орнаментом внутри венчика фр-т,фарфор,"6,3х4 см",Фрагмент,Мощение,,,data/raw/images/Нейш3А-2018-0394_orig.jpg,startswith,1,Нейш3А-2018-0394,Фарфор,тарелка,0,венчик,0,фрагмент,0,0,0
Нейш3А-2018-0426,Тарелка,"Тарелки фаянсовой с красным геометрическим, зооморфным и растительным орнаментом снаружи и внутри венчика фр-т",фаянс,"5х3,5 см",Фрагмент,Современный строительный мусор,,,data/raw/images/Нейш3А-2018-0426_orig.jpg,startswith,1,Нейш3А-2018-0426,Фаянс,тарелка,0,венчик,0,фрагмент,0,0,0
Нейш3А-2018-0454,Блюдце,Блюдца прозрачного голубого стекла круглого граненого с узором - многоконечной звездой на донце профиль,стекло,д=7 см,Фрагмент,Современный строительный мусор,,,data/raw/images/Нейш3А-2018-0454_orig.jpg,startswith,1,Нейш3А-2018-0454,Стекло,блюдце,0,донце,0,фрагмент,0,0,0
Нейш3А-2018-0499,Тарелка,Тарелки фаянсовой с волнообразными краями профиль,фаянс,Д=15+ см,Фрагмент,Темно-коричневая супесь,,,data/raw/images/Нейш3А-2018-0499_orig.jpg,startswith,1,Нейш3А-2018-0499,Фаянс,тарелка,0,профиль,0,фрагмент,0,0,0
Нейш3А-2018-0500,Крышка,Крышка металлическая синего цвета снаружи и внутри,прочее,Д=10 см,Целый,Темно-коричневая супесь,,,data/raw/images/Нейш3А-2018-0500_orig.jpg,startswith,1,Нейш3А-2018-0500,Металл,крышка,0,часть не указана,1,целый,0,1,0
Нейш3А-2018-0645,Изразец,Изразца печного красноглиняного прямоугольной формы с белой поливой снаружи и фр-том клейма внутри профиль,керамика,,Фрагмент,Темно-коричневая супесь,,,data/raw/images/Нейш3А-2018-0645_orig.jpg,startswith,1,Нейш3А-2018-0645,Керамика,изразец,0,профиль,0,фрагмент,0,0,0
Нейш3А-2018-0735,Блюдце,Блюдца фарфорового с бордовым растительным орнаментом на розовом фоне и тонкой голубой линией по краю внутри профиль,фарфор,"Д=8,5+ см",Фрагмент,Строительный мусор с включением темно-коричневой супеси,,,data/raw/images/Нейш3А-2018-0735_orig.jpg,startswith,1,Нейш3А-2018-0735,Фарфор,блюдце,0,профиль,0,фрагмент,0,0,0
Нейш3А-2018-0817,Тарелка,Тарелки фаянсовой клейменой донца фр-т,фарфор,д=7+ см,Фрагмент,Строительный мусор с включением темно-коричневой супеси,,,data/raw/images/Нейш3А-2018-0817_orig.jpg,startswith,1,Нейш3А-2018-0817,Фарфор,тарелка,0,донце,0,фрагмент,0,0,0
Нейш3А-2018-0833,Блюдце,"Блюдца фарфорового с цветочным орнаментом внутри (желтый, зеленый, сиреневый, коричневый, золотистый) профиль",фарфор,"Д=5,5+ д=4+ см",Фрагмент,Строительный мусор с включением темно-коричневой супеси,,,data/raw/images/Нейш3А-2018-0833_orig.jpg,startswith,1,Нейш3А-2018-0833,Фарфор,блюдце,0,профиль,0,фрагмент,0,0,0
Нейш3А-2018-0838,Крышка,Крышечки фарфоровой ручка конусообразной формы с рельефным орнаментом и широкой золотистой линией по навершию,фарфор,"Д=3 h=3,5  см",Целый,Строительный мусор с включением темно-коричневой супеси,,,data/raw/images/Нейш3А-2018-0838_orig.jpg,startswith,1,Нейш3А-2018-0838,Фарфор,крышка,0,ручка,0,фрагмент,0,0,0
Нейш3А-2018-0844,Блюдце,Блюдечка фаянсового клейменого профиль,фаянс,"Д=6,5 д=4 см",Фрагмент,Строительный мусор с включением темно-коричневой супеси,,,data/raw/images/Нейш3А-2018-0844_orig.jpg,startswith,1,Нейш3А-2018-0844,Фаянс,блюдце,0,профиль,0,фрагмент,0,0,0
Нейш3А-2018-0848,Тарелка,Тарелки фаянсовой профиль,фаянс,Д=16+ д=12+ см,Фрагмент,Строительный мусор с включением темно-коричневой супеси,,,data/raw/images/Нейш3А-2018-0848_orig.jpg,startswith,1,Нейш3А-2018-0848,Фаянс,тарелка,0,профиль,0,фрагмент,0,0,0
Нейш3А-2018-0956,Изразец,Изразца печного с белой поливой снаружи фр-т,керамика,"17,5х7,5х6 см",Фрагмент,Современный строительный мусор,,,data/raw/images/Нейш3А-2018-0956_orig.jpg,startswith,1,Нейш3А-2018-0956,Керамика,изразец,0,часть не указана,1,фрагмент,0,0,0
Нейш3А-2018-0986,Крышка,Крышки красноглиняной с коричневой поливой и рельефным орнаментом  снаружи венчика фр-т,керамика,"Д=12,5+ см",Фрагмент,Современный строительный мусор,,,data/raw/images/Нейш3А-2018-0986_orig.jpg,startswith,1,Нейш3А-2018-0986,Керамика,крышка,0,венчик,0,фрагмент,0,0,0
Нейш3А-2018-1035,Крышка,Крышечки фарфоровой с золотистым и синим орнаментом на темно-розовом фоне снаружи венчика фр-т,фарфор,Д=5+ см,Фрагмент,Строительный мусор с включением темно-коричневой супеси,,,data/raw/images/Нейш3А-2018-1035_orig.jpg,startswith,1,Нейш3А-2018-1035,Фарфор,крышка,0,венчик,0,фрагмент,0,0,0
Нейш3А-2018-1154,Тарелка,Тарелки?белоглиняной с желтой поливой снаружи и внутри венчика фр-т,керамика,"3,3х2,8 см",Фрагмент,Современный строительный мусор,,,data/raw/images/Нейш3А-2018-1154_orig.jpg,startswith,1,Нейш3А-2018-1154,Керамика,тарелка,0,венчик,0,фрагмент,0,0,1
Нейш3А-2018-1174,Крышка,"Сосуда фаянсового крышки с изображением креста на георгиевской ленточке (черный, желтый) фр-т",фаянс,Д=9+ см,Фрагмент,Современный строительный мусор,,,data/raw/images/Нейш3А-2018-1174_orig.jpg,startswith,1,Нейш3А-2018-1174,Фаянс,крышка,0,часть не указана,1,фрагмент,0,0,0
Нейш3А-2018-1178,Тарелка,Тарелки белоглиняной с желтой поливой снаружи и внутри глубокой профиль,керамика,Д=9+ см,Фрагмент,Современный строительный мусор,,,data/raw/images/Нейш3А-2018-1178_orig.jpg,startswith,1,Нейш3А-2018-1178,Керамика,тарелка,0,профиль,0,фрагмент,0,0,0
Нейш3А-2018-1180,Блюдце,Блюдца фарфорового клейменого профиль,фарфор,Д=10+ д=7+ см,Фрагмент,Современный строительный мусор,,,data/raw/images/Нейш3А-2018-1180_orig.jpg,startswith,1,Нейш3А-2018-1180,Фарфор,блюдце,0,профиль,0,фрагмент,0,0,0
Нейш3А-2018-1182,Крышка,Крышечки фарфоровой ручки шарообразной фр-т,фарфор,"Д=1,5 см",Фрагмент,Современный строительный мусор,,,data/raw/images/Нейш3А-2018-1182_orig.jpg,startswith,1,Нейш3А-2018-1182,Фарфор,крышка,0,ручка,0,фрагмент,0,0,0
Нейш3А-2018-1232,Тарелка,Тарелочки красноглиняной венчика фр-т,керамика,Д=10+ см,Фрагмент,Темно-коричневая супесь,,,data/raw/images/Нейш3А-2018-1232_orig.jpg,startswith,1,Нейш3А-2018-1232,Керамика,тарелка,0,венчик,0,фрагмент,0,0,0
Нейш3А-2018-1282,Тарелка,Тарелки фаянсовой клейменой донца фр-т,фаянс,Д=8+ см,Фрагмент,Темно-коричневая супесь,,,data/raw/images/Нейш3А-2018-1282_orig.jpg,startswith,1,Нейш3А-2018-1282,Фаянс,тарелка,0,донце,0,фрагмент,0,0,0
Нейш3А-2018-1311,Крышка,Крышечки фарфоровой с фр-том ручки профиль,фарфор,"Д=8,5 см",Фрагмент,Темно-коричневая супесь,,,data/raw/images/Нейш3А-2018-1311_orig.jpg,startswith,1,Нейш3А-2018-1311,Фарфор,крышка,0,профиль,0,фрагмент,0,0,0
Нейш3А-2018-1469,Крышка,Крышечка фарфоровая круглая клейменая,фарфор,"Д=7,5 h=1,5 см",Целый,Современный строительный мусор,,,data/raw/images/Нейш3А-2018-1469_orig.jpg,startswith,1,Нейш3А-2018-1469,Фарфор,крышка,0,часть не указана,1,целый,0,0,0
Нейш3А-2018-1473,Крышка,Ручки?фаянсовой в форме цветка навершия фр-т,фаянс,"5х3,5х1,5 см",Фрагмент,Темно-коричневая супесь,,,data/raw/images/Нейш3А-2018-1473_orig.jpg,startswith,1,Нейш3А-2018-1473,Фаянс,крышка,0,ручка,0,фрагмент,0,0,1
Нейш3А-2018-1671,Крышка,Крышечка белого непрозрачного стекла круглая,стекло,"Д=7,7 h=1,3  см",Целый,Строительный мусор с включением битого кирпича,,,data/raw/images/Нейш3А-2018-1671_orig.jpg,startswith,1,Нейш3А-2018-1671,Стекло,крышка,0,часть не указана,1,целый,0,0,0
Нейш3А-2018-1719,Блюдце,"Блюдца фарфорового с растительным орнаментом (серебристый, красный, зеленый) внутри профиль",фарфор,Д=11+ д=7 см,Фрагмент,Темно-коричневая супесь,,,data/raw/images/Нейш3А-2018-1719_orig.jpg,startswith,1,Нейш3А-2018-1719,Фарфор,блюдце,0,профиль,0,фрагмент,0,0,0
Нейш3А-2018-1755,Миска,Миски красноглиняной с коричневой поливой внутри профиль,керамика,Д=15+ h=7+ см,Фрагмент,Строительный мусор с включением битого кирпича,,,data/raw/images/Нейш3А-2018-1755_orig.jpg,startswith,1,Нейш3А-2018-1755,Керамика,миска,0,профиль,0,фрагмент,0,0,0
Нейш3А-2018-1839,Крышка,Крышечка прозрачного зеленоватого стекла полусферической формы с рельефным орнаментом снаружи,стекло,"Д=5,5 h=3 см",Целый,Строительный мусор с включением битого кирпича,,,data/raw/images/Нейш3А-2018-1839_orig.jpg,startswith,1,Нейш3А-2018-1839,Стекло,крышка,0,часть не указана,1,целый,0,0,0
Нейш3А-2018-2400,Крышка,Крышки красноглиняной с коричневой поливой снаружи и внутри с ручкой цилиндрической формы с круглым сквозным отверстием фр-т,керамика,"Д=9,5+ см",Фрагмент,Строительный мусор с включением темно-коричневой супеси,,,data/raw/images/Нейш3А-2018-2400_orig.jpg,startswith,1,Нейш3А-2018-2400,Керамика,крышка,0,ручка,0,фрагмент,0,0,0
Нейш3А-2018-2510,Крышка,"Крышечки фаянсовой полусферической формы с пятнистым орнаментом снаружи (зеленый, бордовый) венчика фр-т",фаянс,Д=6+ см,Фрагмент,Строительный мусор с битым кирпичом,,,data/raw/images/Нейш3А-2018-2510_orig.jpg,startswith,1,Нейш3А-2018-2510,Фаянс,крышка,0,венчик,0,фрагмент,0,0,0
Нейш3А-2018-2553,Крышка,Крышечка фарфоровая полусферической формы с серебристым линейным орнаментом  и круглой ручкой в центре,фарфор,"Д=5,8 h=3,5 см",Целый,Строительный мусор,,,data/raw/images/Нейш3А-2018-2553_orig.jpg,startswith,1,Нейш3А-2018-2553,Фарфор,крышка,0,ручка,0,фрагмент,0,0,0
Нейш3А-2018-2581,Блюдце,"Блюдца фарфорового с линейным орнаментом внутри (красный, золотистый) клейменого профиль",фарфор,"Д=13,5 д=7,2  см",Фрагмент,Современный строительный мусор,,,data/raw/images/Нейш3А-2018-2581_orig.jpg,startswith,1,Нейш3А-2018-2581,Фарфор,блюдце,0,профиль,0,фрагмент,0,0,0
Нейш3А-2018-2588,Крышка,"Крышечка фарфоровая полусферической формы с растительным орнаментом (красный, розовый, серый, желтый) снаружи и с фр-том ручки в центре",фарфор,"Д=8,5 см",Фрагмент,Современный строительный мусор,,,data/raw/images/Нейш3А-2018-2588_orig.jpg,startswith,1,Нейш3А-2018-2588,Фарфор,крышка,0,ручка,0,фрагмент,0,0,0
Нейш3А-2018-2665,Тарелка,Тарелки красноглиняной с коричневой поливой внутри донца фр-т,керамика,д=8+ см,Фрагмент,Темно-коричневая супесь,,,data/raw/images/Нейш3А-2018-2665_orig.jpg,startswith,1,Нейш3А-2018-2665,Керамика,тарелка,0,донце,0,фрагмент,0,0,0
Нейш3А-2018-3050,Изразец,Изразец красноглиняный с белой поливой снаружи квадратный,керамика,"15х14х5,3 см",Целый,Современный строительный мусор,,,data/raw/images/Нейш3А-2018-3050_orig.jpg,startswith,1,Нейш3А-2018-3050,Керамика,изразец,0,часть не указана,1,целый,0,0,0
Нейш3А-2018-3690,Блюдце,Блюдца прозрачного зеленоватого стекла с рельефным геометрическим орнаментом снаружи профиль,стекло,"Д=9х д=5,5 h=2,5 см",Фрагмент,Современный строительный мусор,,,data/raw/images/Нейш3А-2018-3690_orig.jpg,startswith,1,Нейш3А-2018-3690,Стекло,блюдце,0,профиль,0,фрагмент,0,0,0
Нейш3А-2018-4071,Плитка,Плитка пирогранитная квадратная клейменая,прочее,"14,4х14,2х1,2 см",Целый,Современный строительный мусор,,,data/raw/images/Нейш3А-2018-4071_orig.jpg,startswith,1,Нейш3А-2018-4071,Гранит,прочее,1,часть не указана,1,целый,0,1,0
Нейш3А-2018-4581,Тарелка,"Тарелки фарфоровой с растительным орнаментом (красный, черный) на донце внутри и черной отводкой края внутри клейменой профиль",фарфор,"Д=20 д=10 h=4,2 см",Фрагмент,Современный строительный мусор,,,data/raw/images/Нейш3А-2018-4581_orig.jpg,startswith,1,Нейш3А-2018-4581,Фарфор,тарелка,0,донце,0,фрагмент,0,0,0
Нейш3А-2018-4583,Блюдце,"Блюдца фарфорового с цветочным орнаментом и изображением птицы (розовый, оранжевый, зеленый, синий, коричневый, золотистый), с золотистой отводкой края внутри клейменой профиль",фарфор,"Д=14,5 д=7 h=2,3 см",Фрагмент,Современный строительный мусор,,,data/raw/images/Нейш3А-2018-4583_orig.jpg,startswith,1,Нейш3А-2018-4583,Фарфор,блюдце,0,профиль,0,фрагмент,0,0,0
Нейш3А-2018-4742,Блюдце,"Блюдца фарфорового с цветочным орнаментом (синий, черный, серый) внутри клейменого профиль",фарфор,"Д=14,5 д=8,2 h=2,4 см",Фрагмент,Современный строительный мусор,,,data/raw/images/Нейш3А-2018-4742_orig.jpg,startswith,1,Нейш3А-2018-4742,Фарфор,блюдце,0,профиль,0,фрагмент,0,0,0
Нейш3А-2018-4743,Блюдце,"Блюдца фарфорового орнаментированного (темно-синий, золотистый) с золотистой отводкой края внутри клейменого профиль",фарфор,"Д=12,5+ д=6+ h=2,4 см",Фрагмент,Современный строительный мусор,,,data/raw/images/Нейш3А-2018-4743_orig.jpg,startswith,1,Нейш3А-2018-4743,Фарфор,блюдце,0,профиль,0,фрагмент,0,0,0
Нейш3А-2018-4751,Блюдце,"Блюдца фарфорового с линейным и цветочным орнаментом (оранжевый, зеленый, розовый, синий) внутри клейменого профиль",фарфор,"Д=10,5 д=8,2 h=2,4 см",Фрагмент,Современный строительный мусор,,,data/raw/images/Нейш3А-2018-4751_orig.jpg,startswith,1,Нейш3А-2018-4751,Фарфор,блюдце,0,профиль,0,фрагмент,0,0,0
Нейш3А-2018-4837,Миска,Миски красноглиняной с коричневой поливой внутри профиль,керамика,"Д=13+ д=10+ h=6,5 см",Фрагмент,Строительный мусор с включением битого кирпича,,,data/raw/images/Нейш3А-2018-4837_orig.jpg,startswith,1,Нейш3А-2018-4837,Керамика,миска,0,профиль,0,фрагмент,0,0,0
Нейш3А-2018-4978,Тарелка,Тарелки фаянсовой донца клейменого фр-т,фаянс,"д=6,5+ см",Фрагмент,Строительный мусор с включением битого кирпича,,,data/raw/images/Нейш3А-2018-4978_orig.jpg,startswith,1,Нейш3А-2018-4978,Фаянс,тарелка,0,донце,0,фрагмент,0,0,0
Нейш3А-2018-5005,Блюдце,Блюдца фарфорового расписного донца фр-т,фарфор,"д=7,5+ см",Фрагмент,Современный строительный мусор,,,data/raw/images/Нейш3А-2018-5005_orig.jpg,startswith,1,Нейш3А-2018-5005,Фарфор,блюдце,0,донце,0,фрагмент,0,0,0
Нейш3А-2018-5125,Тарелка,Тарелки красноглиняной с коричневой поливой и желто-поливным волнистым орнаментом внутри венчика фр-т,керамика,Д=8+ см,Фрагмент,Современный строительный мусор,,,data/raw/images/Нейш3А-2018-5125_orig.jpg,startswith,1,Нейш3А-2018-5125,Керамика,тарелка,0,венчик,0,фрагмент,0,0,0
Нейш3А-2018-5221,Блюдце,Блюдца фарфорового клейменого донца фр-т,фарфор,"д=4,5+ см",Фрагмент,Современный строительный мусор,,,data/raw/images/Нейш3А-2018-5221_orig.jpg,startswith,1,Нейш3А-2018-5221,Фарфор,блюдце,0,донце,0,фрагмент,0,0,0
Нейш3А-2018-5225,Тарелка,"Тарелки фарфоровой с цветочным орнаментом (розовый, оранжевый, зеленый, красный) внутри клейменой профиль",фарфор,"Д=16+ д=11,5 h=2,5 см",Фрагмент,Современный строительный мусор,,,data/raw/images/Нейш3А-2018-5225_orig.jpg,startswith,1,Нейш3А-2018-5225,Фарфор,тарелка,0,профиль,0,фрагмент,0,0,0
Нейш3А-2018-5236,Тарелка,"Тарелки фарфоровой с цветочным орнаментом (зеленый, оранжевый, розовый) внутри клейменой профиль",фарфор,"Д=23,8 д=11,7 h=5,5 см",Фрагмент,Современный строительный мусор,,,data/raw/images/Нейш3А-2018-5236_orig.jpg,startswith,1,Нейш3А-2018-5236,Фарфор,тарелка,0,профиль,0,фрагмент,0,0,0
Нейш3А-2018-5599,Тарелка,Тарелки фаянсовой с синим цветочным орнаментом внутри донца клейменого фр-т,фаянс,"д=11,5 см",Фрагмент,Строительный мусор с включением битого кирпича,,,data/raw/images/Нейш3А-2018-5599_orig.jpg,startswith,1,Нейш3А-2018-5599,Фаянс,тарелка,0,донце,0,фрагмент,0,0,0
Нейш3А-2018-6024,Миска,Миски светлоглиняной со светло-коричневой поливой снаружи и внутри венчика фр-т,керамика,"Д=11,5+ см",Фрагмент,Современный строительный мусор,,,data/raw/images/Нейш3А-2018-6024_orig.jpg,startswith,1,Нейш3А-2018-6024,Керамика,миска,0,венчик,0,фрагмент,0,0,0
Нейш3А-2018-6028,Миска,"Миски светлоглиняной с желтой поливой внутри и светло-коричневой по верху снаружи, со штампованным орнаментом по венчику снаружи профиль",керамика,"Д=13,5+ д=12,5+ h=9,5 см",Фрагмент,Современный строительный мусор,,,data/raw/images/Нейш3А-2018-6028_orig.jpg,startswith,1,Нейш3А-2018-6028,Керамика,миска,0,венчик,0,фрагмент,0,0,0
Нейш3А-2018-6220,Миска,Миски красноглиняной с темно-зеленой поливой снаружи и внутри профиль,керамика,"Д=22,2 д=10,8 h=10,5 см",Фрагмент,Современный строительный мусор,,,data/raw/images/Нейш3А-2018-6220_orig.jpg,startswith,1,Нейш3А-2018-6220,Керамика,миска,0,профиль,0,фрагмент,0,0,0
Нейш3А-2018-6973,Тарелка,"Тарелки фаянсовой расписной (красный, зеленый, синий, черный) внутри клейменой донца фр-т",фаянс,"д=6,5 см",Фрагмент,Темно-коричневая супесь,,,data/raw/images/Нейш3А-2018-6973_orig.jpg,startswith,1,Нейш3А-2018-6973,Фаянс,тарелка,0,донце,0,фрагмент,0,0,0
Нейш3А-2018-7213,Тарелка,Тарелки фаянсовой глубокой профиль,фаянс,"Д=17+ д=8,5+ h=9,5 см",Фрагмент,Темно-коричневая супесь,,,data/raw/images/Нейш3А-2018-7213_orig.jpg,startswith,1,Нейш3А-2018-7213,Фаянс,тарелка,0,профиль,0,фрагмент,0,0,0
Т-12-Р2-1636,Крышка,Сосуда прозрачного стекла рельефной крышки фр-т,стекло,,Фрагмент,Слой 5 (слой разрушения построек 1-4)/ гориз.2,,,data/raw/images/Т-12-Р2-1636_orig.jpg,startswith,1,Т-12-Р2-1636,Стекло,крышка,0,часть не указана,1,фрагмент,0,0,0
Т-12-Р2-2696,Тарелка,Тарелки фаянсовой придонной части с клеймом фр-т,фаянс,,Фрагмент,Слой 2 (строительный мусор XX в.)/ гориз.1,,,data/raw/images/Т-12-Р2-2696_orig.jpg,startswith,1,Т-12-Р2-2696,Фаянс,тарелка,0,часть не указана,1,фрагмент,0,0,0
Т-12-Р2-2697,Тарелка,Тарелки фаянсовой профиля с клеймом фр-т,фаянс,,Фрагмент,Слой 2 (строительный мусор XX в.)/ гориз.1,,,data/raw/images/Т-12-Р2-2697_orig.jpg,startswith,1,Т-12-Р2-2697,Фаянс,тарелка,0,профиль,0,фрагмент,0,0,0
Т-12-Р2-2699,Тарелка,Тарелки фаянсовой придонной части с клеймом фр-т,фаянс,,Фрагмент,Слой 2 (строительный мусор XX в.)/ гориз.1,,,data/raw/images/Т-12-Р2-2699_orig.jpg,startswith,1,Т-12-Р2-2699,Фаянс,тарелка,0,часть не указана,1,фрагмент,0,0,0
Т-12-Р2-2712,Блюдце,Блюдца фарфорового профиля фр-т,фарфор,D 17 см,Фрагмент,Слой 2 (строительный мусор XX в.)/ гориз.1,,,data/raw/images/Т-12-Р2-2712_orig.jpg,startswith,1,Т-12-Р2-2712,Фарфор,блюдце,0,профиль,0,фрагмент,0,0,0
Т-12-Р2-2921,Миска,Миски красноглиняной со светло-коричневой поливой внутри и темно-коричневой поливой снаружи придонная часть,керамика,"D донца — 9,5 см",Фрагмент,Слой 6 (слой периода существования построек 1-4)/ гориз.1,,,data/raw/images/Т-12-Р2-2921_orig.jpg,startswith,1,Т-12-Р2-2921,Керамика,миска,0,часть не указана,1,фрагмент,0,0,0
Т-12-Р2-3018,Крышка,Предмета деревянного со сквозным отверстием (крышка от бочки?) фр-т,прочее,58х21 см,Фрагмент,Слой 3 (строительный мусор XIX в.)/ гориз.2,,,data/raw/images/Т-12-Р2-3018_orig.jpg,startswith,1,Т-12-Р2-3018,Дерево,крышка,0,часть не указана,1,фрагмент,0,1,1
Т-12-Р3-1008,Блюдце,Блюдце фарфоровое с клеймом снаружи,фарфор,D14 см,Целый,5 (слой разрушения построек),,,data/raw/images/Т-12-Р3-1008_orig.jpg,startswith,1,Т-12-Р3-1008,Фарфор,блюдце,0,часть не указана,1,целый,0,0,0
Т-12-Р3-1009,Миска,Миски красноглиняной с зеленой поливой внутри и снаружи профиля фр-т,керамика,,Фрагмент,5 (слой разрушения построек),,,data/raw/images/Т-12-Р3-1009_orig.jpg,startswith,1,Т-12-Р3-1009,Керамика,миска,0,профиль,0,фрагмент,0,0,0
Т-12-Р3-1124,Блюдце,Блюдца фарфорового с клеймом снаружи профиля фр-т,фарфор,"D14,8 см",Фрагмент,5 (слой разрушения построек),,,data/raw/images/Т-12-Р3-1124_orig.jpg,startswith,1,Т-12-Р3-1124,Фарфор,блюдце,0,профиль,0,фрагмент,0,0,0
Т-12-Р3-1540,Тарелка,Тарелки красноглиняной с зелеными разводами по бесцветной поливе внутри и белой снаружи профиля фр-т,керамика,D16 см,Фрагмент,6 (слой периода существования построек),,,data/raw/images/Т-12-Р3-1540_orig.jpg,startswith,1,Т-12-Р3-1540,Керамика,тарелка,0,профиль,0,фрагмент,0,0,0
Т-12-Р3-2194,Тарелка,Тарелки фаянсовой с серой поливой внутри и снаружи с клеймом снаружи профиля фр-т,фаянс,"D20,4 см",Фрагмент,6 (слой периода существования построек),,,data/raw/images/Т-12-Р3-2194_orig.jpg,startswith,1,Т-12-Р3-2194,Фаянс,тарелка,0,профиль,0,фрагмент,0,0,0
Т-12-Р3-2250,Изразец,Изразца белоглиняного рельефно-расписного с коричневой поливой снаружи карниза фр-т,керамика,,Фрагмент,6 (слой периода существования построек),,,data/raw/images/Т-12-Р3-2250_orig.jpg,startswith,1,Т-12-Р3-2250,Керамика,изразец,0,часть не указана,1,фрагмент,0,0,0
Т-12-Р3-2937,Миска,Миска красноглиняная со сливом с зеленой поливой внутри,керамика,"D16,5",Целый,6 (слой периода существования построек),,,data/raw/images/Т-12-Р3-2937_orig.jpg,startswith,1,Т-12-Р3-2937,Керамика,миска,0,часть не указана,1,целый,0,0,0
Т-12-Р4-1097,Миска,Миски красноглиняной с зеленой поливой внутри профиль,керамика,D 15 см,Фрагмент,6 (слой периода сущестования построек 1-4),,,data/raw/images/Т-12-Р4-1097_orig.jpg,startswith,1,Т-12-Р4-1097,Керамика,миска,0,профиль,0,фрагмент,0,0,0
Т-12-Р4-1122,Тарелка,Тарелки фаянсовой овальной профиль,фаянс,,Фрагмент,2 (слой строительного мусора XX в.),,,data/raw/images/Т-12-Р4-1122_orig.jpg,startswith,1,Т-12-Р4-1122,Фаянс,тарелка,0,профиль,0,фрагмент,0,0,0
Т-12-Р4-1123,Тарелка,Тарелки фаянсовой с синим цветочным орнаментом внутри профиль,фаянс,D 19 см,Фрагмент,2 (слой строительного мусора XX в.),,,data/raw/images/Т-12-Р4-1123_orig.jpg,startswith,1,Т-12-Р4-1123,Фаянс,тарелка,0,профиль,0,фрагмент,0,0,0
Т-12-Р4-1141,Крышка,Крышки фаянсовой профиль,фаянс,D 28 см,Фрагмент,2 (слой строительного мусора XX в.),,,data/raw/images/Т-12-Р4-1141_orig.jpg,startswith,1,Т-12-Р4-1141,Фаянс,крышка,0,профиль,0,фрагмент,0,0,0
Т-12-Р4-1204,Блюдце,Блюдца фарфорового профиль с клеймом на донце,фарфор,D 13 см,Фрагмент,5 (слой разрушения построек 1-4),,,data/raw/images/Т-12-Р4-1204_orig.jpg,startswith,1,Т-12-Р4-1204,Фарфор,блюдце,0,донце,0,фрагмент,0,0,0
Т-12-Р4-1210,Блюдце,Блюдца фарфорового профиль с клеймом на донце,фарфор,D 13 см,Фрагмент,5 (слой разрушения построек 1-4),,,data/raw/images/Т-12-Р4-1210_orig.jpg,startswith,1,Т-12-Р4-1210,Фарфор,блюдце,0,донце,0,фрагмент,0,0,0
Т-12-Р4-1245,Тарелка,Тарелки фаянсовой с растительным орнаментом снаружи придонной части с клеймом фр-т,фаянс,D 9 см,Фрагмент,5 (слой разрушения построек 1-4),,,data/raw/images/Т-12-Р4-1245_orig.jpg,startswith,1,Т-12-Р4-1245,Фаянс,тарелка,0,часть не указана,1,фрагмент,0,0,0
ВО-1л58-2017-0013,Изразец,"Изразец карнизный сложнопрофилированный красноглиняный с белой поливой, румпа частично утрачена",керамика,"16,5 х 10 х 2 см",Фрагмент,Техноген - мусор под асфальтом,ИИМК РАН,2017.0,data/raw/images/ВО-1л58-2017-0013_orig.jpg,startswith,1,ВО-1л58-2017-0013,Керамика,изразец,0,профиль,0,фрагмент,0,0,0
ВО-1л58-2017-0015,Изразец,Изразца карнизного сложнопрофилированный красноглиняного с белой поливой фр-т,керамика,"11 х 5+ х 1,5; выс.рум=4 см",Фрагмент,Техноген - мусор под асфальтом,ИИМК РАН,2017.0,data/raw/images/ВО-1л58-2017-0015_orig.jpg,startswith,1,ВО-1л58-2017-0015,Керамика,изразец,0,профиль,0,фрагмент,0,0,0
ВО-1л58-2017-0019,Изразец,Изразца-перемычки белоглиняного с белой поливой фр-т,керамика,"11+ х 2,5 х 1,3; выс.рум=3,8 см",Фрагмент,Техноген - мусор под асфальтом,ИИМК РАН,2017.0,data/raw/images/ВО-1л58-2017-0019_orig.jpg,startswith,1,ВО-1л58-2017-0019,Керамика,изразец,0,часть не указана,1,фрагмент,0,0,0
ВО-1л58-2017-0022,Плитка,Плитки (напольной ?) (метлахской ?) серо-бежевой фр-т,керамика,"14+ х 12,5+ х 1,5 см",Фрагмент,Техноген - мусор под асфальтом,ИИМК РАН,2017.0,data/raw/images/ВО-1л58-2017-0022_orig.jpg,startswith,1,ВО-1л58-2017-0022,Керамика,прочее,1,часть не указана,1,фрагмент,0,0,1
ВО-1л58-2017-0072,Блюдце,Блюдца фарфорового с белой поливой снаружи и внутри с полихромной росписью полосами и цветами профиля и венчика фр-ты,фарфор,"Двен=15; Ддон=8; выс=2,5 см",Фрагмент,Техноген - мусор под асфальтом,ИИМК РАН,2017.0,data/raw/images/ВО-1л58-2017-0072_orig.jpg,startswith,1,ВО-1л58-2017-0072,Фарфор,блюдце,0,венчик,0,фрагмент,0,0,0
ВО-1л58-2017-0074,Блюдце,Блюдца фарфорового с белой поливой снаружи и внутри с полихромной росписью профиль с фр-том клейма на донце,фарфор,"Двен=15; Ддон=8,5; выс=2,5 см",Фрагмент,Техноген - мусор под асфальтом,ИИМК РАН,2017.0,data/raw/images/ВО-1л58-2017-0074_orig.jpg,startswith,1,ВО-1л58-2017-0074,Фарфор,блюдце,0,донце,0,фрагмент,0,0,0
ВО-1л58-2017-0077,Крышка,Чайника/сахарницы (?) фарфорового с белой поливой внутри и снаружи  с золотой полосой крышки фр-т,фарфор,"Д=6,5 см",Фрагмент,Техноген - мусор под асфальтом,ИИМК РАН,2017.0,data/raw/images/ВО-1л58-2017-0077_orig.jpg,startswith,1,ВО-1л58-2017-0077,Фарфор,крышка,0,часть не указана,1,фрагмент,0,0,1
ВО-1л58-2017-0092,Тарелка,Тарелки фарфоровой с белой поливой снаружи и внутри с синей широкой полосой по краю и фрагментами росписи (светло-красные маки с зелеными листьями) на дне профиль,фарфор,"Двен=22; Ддон=10; выс=4,2 см",Фрагмент,Техноген - мусор под асфальтом,ИИМК РАН,2017.0,data/raw/images/ВО-1л58-2017-0092_orig.jpg,startswith,1,ВО-1л58-2017-0092,Фарфор,тарелка,0,профиль,0,фрагмент,0,0,0
ВО-1л58-2017-0104,Изразец,Изразца светлоглиняного со следами белой поливы и полихромной росписи скол,керамика,"6,5+ х 5,5+ х 0,5+ см",Фрагмент,Техноген - мусор под асфальтом,ИИМК РАН,2017.0,data/raw/images/ВО-1л58-2017-0104_orig.jpg,startswith,1,ВО-1л58-2017-0104,Керамика,изразец,0,часть не указана,1,фрагмент,0,0,0
ВО-1л58-2017-0105,Изразец,"Изразца красноглиняного с белой поливой и лилово-бирюзовой росписью фр-т, румпа утрачена",керамика,"6+ х 4,5+ х 2 см",Фрагмент,Техноген - мусор под асфальтом,ИИМК РАН,2017.0,data/raw/images/ВО-1л58-2017-0105_orig.jpg,startswith,1,ВО-1л58-2017-0105,Керамика,изразец,0,часть не указана,1,фрагмент,0,0,0
ВО-1л58-2017-0281,Тарелка,Тарелки фаянсовой со следами голубой поливы внутри и снаружи профиля фр-т,фаянс,Двен=20; Ддон=12; выс=3 см,Фрагмент,Бурая супесь после 1-й зачистки,ИИМК РАН,2017.0,data/raw/images/ВО-1л58-2017-0281_orig.jpg,startswith,1,ВО-1л58-2017-0281,Фаянс,тарелка,0,профиль,0,фрагмент,0,0,0
ВО-1л58-2017-0297,Тарелка/блюдо,Тарелки/блюда красноглиняного с белым ангобом и пятнистой желто-коричневой поливой внутри донца фр-т,керамика,Д= ок 18 см,Фрагмент,Бурая супесь после 1-й зачистки,ИИМК РАН,2017.0,data/raw/images/ВО-1л58-2017-0297_orig.jpg,startswith,1,ВО-1л58-2017-0297,Керамика,тарелка,0,донце,0,фрагмент,0,0,0
ВО-1л58-2017-0307,Изразец,Изразца-перемычки красноглиняного с белой поливой и бирюзовой росписью фр-т,керамика,"7,5+ х 4 х 2; выс.румп=3,3 см",Фрагмент,Бурая супесь после 1-й зачистки,ИИМК РАН,2017.0,data/raw/images/ВО-1л58-2017-0307_orig.jpg,startswith,1,ВО-1л58-2017-0307,Керамика,изразец,0,часть не указана,1,фрагмент,0,0,0
ВО-1л58-2017-0376,Миска,Миски красноглиняной со следами прозрачной бесцветной поливы внутри и рельефным орнаментом венчика фр-т,керамика,Д=18 см,Фрагмент,Бурая супесь после 1-й зачистки (вокруг столбов),ИИМК РАН,2017.0,data/raw/images/ВО-1л58-2017-0376_orig.jpg,startswith,1,ВО-1л58-2017-0376,Керамика,миска,0,венчик,0,фрагмент,0,0,0
ВО-1л58-2017-0393,Изразец,"Изразец светлоглиняный плоский со следами белой поливы и зеленой росписи снаружи и со следами нагара внутри, фрагментированный",керамика,"9+ х 6 х 1,2; выс.рум=6 см",Фрагмент,Бурая супесь после 1-й зачистки (вокруг столбов),ИИМК РАН,2017.0,data/raw/images/ВО-1л58-2017-0393_orig.jpg,startswith,1,ВО-1л58-2017-0393,Керамика,изразец,0,часть не указана,1,фрагмент,0,0,0
ВО-1л58-2017-0418,Тарелка,Тарелки белоглиняной с пятнистой зелено-желтой поливой внутри венчика фр-т,керамика,Д=20 см,Фрагмент,Бурая супесь с раствором и кирп. крошкой (между стенкой и лотком),ИИМК РАН,2017.0,data/raw/images/ВО-1л58-2017-0418_orig.jpg,startswith,1,ВО-1л58-2017-0418,Керамика,тарелка,0,венчик,0,фрагмент,0,0,0
ВО-1л58-2017-0421,Тарелка,Тарелки фаянсовой со следами белой поливы и кобальтовой росписи внутри профиля фр-ты,фаянс,"Двен=24; Ддон=14; выс=2,5 см",Фрагмент,Бурая супесь с раствором и кирп. крошкой (между стенкой и лотком),ИИМК РАН,2017.0,data/raw/images/ВО-1л58-2017-0421_orig.jpg,startswith,1,ВО-1л58-2017-0421,Фаянс,тарелка,0,профиль,0,фрагмент,0,0,0
ВО-1л58-2017-0441,Миска (?),Сосуда (миски ?) красноглиняного венчика фр-т,керамика,Д=24 см,Фрагмент,Бурая супесь с раствором и кирп. крошкой (между стенкой и лотком),ИИМК РАН,2017.0,data/raw/images/ВО-1л58-2017-0441_orig.jpg,startswith,1,ВО-1л58-2017-0441,Керамика,миска,0,венчик,0,фрагмент,0,0,1
ВО-1л58-2017-0448,Изразец,Изразец-перемычка красноглиняный со следами белой поливы и кобальтовой росписи цветами,керамика,"15 х 3 х 1,5; выс.румп=3,5 см",Целый,Бурая супесь с раствором и кирп. крошкой (между стенкой и лотком),ИИМК РАН,2017.0,data/raw/images/ВО-1л58-2017-0448_orig.jpg,startswith,1,ВО-1л58-2017-0448,Керамика,изразец,0,часть не указана,1,целый,0,0,0
ВО-1л58-2017-0547,Тарелка,Тарелки фаянсовой с голубой поливой снаружи и внутри с кобальтовым растительным орнаментом венчика фр-т,фаянс,Д=19 см,Фрагмент,Коричн. супесь и стр. мусор,ИИМК РАН,2017.0,data/raw/images/ВО-1л58-2017-0547_orig.jpg,startswith,1,ВО-1л58-2017-0547,Фаянс,тарелка,0,венчик,0,фрагмент,0,0,0
ВО-1л58-2017-0573,Тарелка,Тарелки белоглиняной с люстровой поливой зелено-коричневыми разводами снаружи и внутри венчика фр-т,керамика,Д=16 см,Фрагмент,Траншея лотка под деревом,ИИМК РАН,2017.0,data/raw/images/ВО-1л58-2017-0573_orig.jpg,startswith,1,ВО-1л58-2017-0573,Керамика,тарелка,0,венчик,0,фрагмент,0,0,0
ВО-1л58-2017-0635,Изразец,Изразца-перемычки красноглиняного с белой поливой фр-т,керамика,"13+ х 4,5 х 1,5;; выс.рум=356 см",Фрагмент,Заполнение траншеи участка,ИИМК РАН,2017.0,data/raw/images/ВО-1л58-2017-0635_orig.jpg,startswith,1,ВО-1л58-2017-0635,Керамика,изразец,0,часть не указана,1,фрагмент,0,0,0
ВО-1л58-2017-0689,Тарелка,Тарелки фаянсовой с розоватой поливой снаружи и внутри с росписью цветами (зеленой и голубой краской) с частью клейма донца фр-т,фаянс,Д неопределим см,Фрагмент,Бурая супесь с раствором и кирпичами на дер-ом настиле и выше,ИИМК РАН,2017.0,data/raw/images/ВО-1л58-2017-0689_orig.jpg,startswith,1,ВО-1л58-2017-0689,Фаянс,тарелка,0,донце,0,фрагмент,0,0,0
ВО-1л58-2017-0713,Изразец,"Изразца прямоугольного стенового красноглиняного с белой поливой бирюзовой и лиловой росписью фр-т, румпа утрачена",керамика,"13,5+ х 6+ х 1 см",Фрагмент,Бурая супесь с раствором и кирпичами на дер-ом настиле и выше,ИИМК РАН,2017.0,data/raw/images/ВО-1л58-2017-0713_orig.jpg,startswith,1,ВО-1л58-2017-0713,Керамика,изразец,0,часть не указана,1,фрагмент,0,0,0
ВО-1л58-2017-0721,Изразец,Изразец-городок белоглиняный фигурный с белой поливой и синей росписью цветами,керамика,"9 х 8,5 х 1,5 см",Целый,Бурая супесь с раствором и кирпичами на дер-ом настиле и выше,ИИМК РАН,2017.0,data/raw/images/ВО-1л58-2017-0721_orig.jpg,startswith,1,ВО-1л58-2017-0721,Керамика,изразец,0,часть не указана,1,целый,0,0,0
ВО-1л58-2017-0734,Крышка,Сосуда красноглиняного ручка от крышки круглая в сечении,керамика,Д=4 см,Фрагмент,Развал цоколя и кирпичной стенки,ИИМК РАН,2017.0,data/raw/images/ВО-1л58-2017-0734_orig.jpg,startswith,1,ВО-1л58-2017-0734,Керамика,крышка,0,ручка,0,фрагмент,0,0,0
ВО-1л58-2017-0743,Тарелка,"Тарелки сероглиняной с темно-серой поливой внутри, с росписью коричневой и зеленой краской профиль",керамика,"Двен= ок 22; Ддон=13; выс=3,5 см",Фрагмент,"Супесь, песок со строит. мусором (зачистка по дерев. полу)",ИИМК РАН,2017.0,data/raw/images/ВО-1л58-2017-0743_orig.jpg,startswith,1,ВО-1л58-2017-0743,Керамика,тарелка,0,профиль,0,фрагмент,0,0,0
ВО-1л58-2017-0745,Миска,Миски белоглиняной с желто-коричневой разводами поливой внутри и снаружи венчика фр-т,керамика,Д=16 см,Фрагмент,"Супесь, песок со строит. мусором (зачистка по дерев. полу)",ИИМК РАН,2017.0,data/raw/images/ВО-1л58-2017-0745_orig.jpg,startswith,1,ВО-1л58-2017-0745,Керамика,миска,0,венчик,0,фрагмент,0,0,0
ВО-1л58-2017-0753,Миска (?),Сосуда (миски ?) фаянсовой  с бежевой поливой внутри и снаружи венчика фр-т,фаянс,Д=15 см,Фрагмент,"Супесь, песок со строит. мусором (зачистка по дерев. полу)",ИИМК РАН,2017.0,data/raw/images/ВО-1л58-2017-0753_orig.jpg,startswith,1,ВО-1л58-2017-0753,Фаянс,миска,0,венчик,0,фрагмент,0,0,1
ВО-1л58-2017-0768,Изразец,"Изразец-перемычка белоглиняный со следами белой поливы и синей (?) росписи, с отверстием в румпе, фрагментированный",керамика,"14,2 х 3 х 1,5; выс.рум=3,5 см",Фрагмент,"Заполнение большого помещ. ""кирпичн. дома"" - песок супесь со строит мусором",ИИМК РАН,2017.0,data/raw/images/ВО-1л58-2017-0768_orig.jpg,startswith,1,ВО-1л58-2017-0768,Керамика,изразец,0,часть не указана,1,фрагмент,0,0,1
ВО-1л58-2017-0841,Изразец,Изразца-перемычки красноглиняного с белой поливой фр-т,керамика,"10+ х 3 х 1,5; выс.румп=3,7 см",Фрагмент,Т-серая супесь со щепой,ИИМК РАН,2017.0,data/raw/images/ВО-1л58-2017-0841_orig.jpg,startswith,1,ВО-1л58-2017-0841,Керамика,изразец,0,часть не указана,1,фрагмент,0,0,0
ВО-1л58-2017-0977,Миска,Миски серолощеной венчика фр-т,керамика,Д=26 см,Фрагмент,"Засыпка битым кирпич. и изразцами под ""фунд-ом""",ИИМК РАН,2017.0,data/raw/images/ВО-1л58-2017-0977_orig.jpg,startswith,1,ВО-1л58-2017-0977,Керамика,миска,0,венчик,0,фрагмент,0,0,0
ВО-1л58-2017-0981,Изразец,Изразец пояс-валик красноглиняный с белой поливой фрагментированный,керамика,"21,5 х 10 х 1"" выс.рум=8 см",Фрагмент,"Засыпка битым кирпич. и изразцами под ""фунд-ом""",ИИМК РАН,2017.0,data/raw/images/ВО-1л58-2017-0981_orig.jpg,startswith,1,ВО-1л58-2017-0981,Керамика,изразец,0,часть не указана,1,фрагмент,0,0,0
ВО-1л58-2017-1001,Изразец,Изразец пояс-валик красноглиняный с белой поливой,керамика,"21,7 х 11 х 1,5; выс.рум=7,5 см",Целый,Бурая супесь с битым кирпич. и изразцами под деревом,ИИМК РАН,2017.0,data/raw/images/ВО-1л58-2017-1001_orig.jpg,startswith,1,ВО-1л58-2017-1001,Керамика,изразец,0,часть не указана,1,целый,0,0,0
ВО-1л58-2017-1005,Изразец,"Изразца (карнизного пояса-каблучка углового?) красноглиняного с белой поливой фр-т, румпа отбита",керамика,12+ х 13+ х 1 см,Фрагмент,Бурая супесь с битым кирпич. и изразцами под деревом,ИИМК РАН,2017.0,data/raw/images/ВО-1л58-2017-1005_orig.jpg,startswith,1,ВО-1л58-2017-1005,Керамика,изразец,0,часть не указана,1,фрагмент,0,0,1
ВО-1л58-2017-1009,Изразец,"Изразец пояс-валик красноглиняный с белой поливой, фрагментированный, румпа утрачена",керамика,"18,5+ х 11 х 1 см",Фрагмент,Бурая супесь с битым кирпич. и изразцами под деревом,ИИМК РАН,2017.0,data/raw/images/ВО-1л58-2017-1009_orig.jpg,startswith,1,ВО-1л58-2017-1009,Керамика,изразец,0,часть не указана,1,фрагмент,0,0,0
ВО-1л58-2017-1042,Изразец,"Изразец-городок белоглиняный зубчатый (корона ?) с белой поливой, фрагментированный",керамика,"19 х 6,5+ х 2 см",Фрагмент,Засыпка битым кирпич. и изразцами,ИИМК РАН,2017.0,data/raw/images/ВО-1л58-2017-1042_orig.jpg,startswith,1,ВО-1л58-2017-1042,Керамика,изразец,0,часть не указана,1,фрагмент,0,0,1
ВО-1л58-2017-1102,Тарелка,Тарелки фаянсовой с белой поливой снаружи и внутри и сине-черной росписью внутри венчика фр-т,фаянс,Д=неопределим,Фрагмент,Заполнение канавы,ИИМК РАН,2017.0,data/raw/images/ВО-1л58-2017-1102_orig.jpg,startswith,1,ВО-1л58-2017-1102,Фаянс,тарелка,0,венчик,0,фрагмент,0,0,0
ВО-1л58-2017-1152,Миска,Миски красноглиняной с росписью белой краской и прозрачной поливой венчика фр-т,керамика,Д=20 см,Фрагмент,Заполнение канавы,ИИМК РАН,2017.0,data/raw/images/ВО-1л58-2017-1152_orig.jpg,startswith,1,ВО-1л58-2017-1152,Керамика,миска,0,венчик,0,фрагмент,0,0,0
ВО-1л58-2017-1157,Миска,Миски красноглиняной с зеленой поливой внутри и следами нагара (?) снаружи венчика фр-т,керамика,Д=24 см,Фрагмент,Заполнение канавы,ИИМК РАН,2017.0,data/raw/images/ВО-1л58-2017-1157_orig.jpg,startswith,1,ВО-1л58-2017-1157,Керамика,миска,0,венчик,0,фрагмент,0,0,1
ВО-1л58-2017-1273,Изразец,Изразец красноглиняный с белой поливой,керамика,"9,8х17,5х9 см",Целый,Засыпка битым кирпич. и изразцами,ИИМК РАН,2017.0,data/raw/images/ВО-1л58-2017-1273_orig.jpg,startswith,1,ВО-1л58-2017-1273,Керамика,изразец,0,часть не указана,1,целый,0,0,0
М102-2012-1-0585,Тарелка,Сосуда (тарелки ?) фаянсового с белой поливой внутри и снаружи края фр-т,фаянс,D? см,Фрагмент,Дерн со щепой,ИИМК РАН,2012.0,data/raw/images/М102-2012-1-0585_orig.jpg,startswith,1,М102-2012-1-0585,Фаянс,тарелка,0,часть не указана,1,фрагмент,0,0,1
М102-2012-1-0691,Миска,"Миски серолощеной с орнаментом ""волна"" снаружи венчика фр-т",керамика,D28 см,Фрагмент,Темно-серая сильногумусированная супесь (низ пестрой),ИИМК РАН,2012.0,data/raw/images/М102-2012-1-0691_orig.jpg,startswith,1,М102-2012-1-0691,Керамика,миска,0,венчик,0,фрагмент,0,0,0
М102-2012-2-1068,Плитка,Плитки напольной из каменной массы (?) с белой поливой края фр-т,прочее,"10,5+ х 6,5+ х 1 см",Фрагмент,Битый кирпич,ИИМК РАН,2012.0,data/raw/images/М102-2012-2-1068_orig.jpg,startswith,1,М102-2012-2-1068,Каменная масса,прочее,1,часть не указана,1,фрагмент,0,1,1
М102-2012-2-1319,Тарелка,Тарелки фаянсовой с белой поливой снаружи и внутри края фр-т,фаянс,D25 см,Фрагмент,Слой под цементным полом (мусор XIX века),ИИМК РАН,2012.0,data/raw/images/М102-2012-2-1319_orig.jpg,startswith,1,М102-2012-2-1319,Фаянс,тарелка,0,часть не указана,1,фрагмент,0,0,0
М102-2012-2-1360,Тарелка,Тарелки фаянсовой с прозрачной поливой внутри и снаружи края волнистого фр-т,фаянс,D? см,Фрагмент,Слой под цементным полом (мусор XIX века),ИИМК РАН,2012.0,data/raw/images/М102-2012-2-1360_orig.jpg,startswith,1,М102-2012-2-1360,Фаянс,тарелка,0,часть не указана,1,фрагмент,0,0,0
БП11-Р01-Г01-1251,Тарелка,Тарелки фаянсовой с голубой поливой и полихромной росписью донца фр-т,фаянс,Д8 см,Фрагмент,Горизонт 1/ темно-коричневый гумусированный суглинок,,,data/raw/images/БП11-Р01-Г01-1251_orig.jpg,startswith,1,БП11-Р01-Г01-1251,Фаянс,тарелка,0,донце,0,фрагмент,0,0,0
БП11-Р01-Г01-0944,Тарелка,Тарелки фаянсовой с кобальтовой росписью края фр-т,фаянс,Д24 см,Фрагмент,Горизонт 1/ темно-коричневый гумусированный суглинок,,,data/raw/images/БП11-Р01-Г01-0944_orig.jpg,startswith,1,БП11-Р01-Г01-0944,Фаянс,тарелка,0,часть не указана,1,фрагмент,0,0,0
БП11-Р01-Г01-1315,Тарелка,Тарелки фаянсовой профиль,фаянс,Д24-15 см,Фрагмент,Горизонт 2/ голубая мешанная глина,,,data/raw/images/БП11-Р01-Г01-1315_orig.jpg,startswith,1,БП11-Р01-Г01-1315,Фаянс,тарелка,0,профиль,0,фрагмент,0,0,0
БП11-Р01-Г01-1397,Тарелка,Тарелки фаянсовой края фр-т,фаянс,Д33 см,Фрагмент,Горизонт 1/ темно-коричневый гумусированный суглинок,,,data/raw/images/БП11-Р01-Г01-1397_orig.jpg,startswith,1,БП11-Р01-Г01-1397,Фаянс,тарелка,0,часть не указана,1,фрагмент,0,0,0
БП11-Р01-Г01-1405,Тарелка,Тарелки фаянсовой с зеленой росписью края фр-т,фаянс,Д16 см,Фрагмент,Горизонт 1/ темно-коричневый гумусированный суглинок,,,data/raw/images/БП11-Р01-Г01-1405_orig.jpg,startswith,1,БП11-Р01-Г01-1405,Фаянс,тарелка,0,часть не указана,1,фрагмент,0,0,0
БП11-Р01-Г01-1197,Крышка,Крышка белого металла на бутылку с изображением герба фрагментированная,прочее,"Д3, толщина 0,1 см",Фрагмент,Горизонт 1/ темно-коричневый гумусированный суглинок с кирпичной крошкой,,,data/raw/images/БП11-Р01-Г01-1197_orig.jpg,startswith,1,БП11-Р01-Г01-1197,Белый металл,крышка,0,часть не указана,1,фрагмент,0,1,0
Кроп-2013-163,Крышка,Сосуда  прозрачного зеленого стекла крышка,стекло,"Д=7,4 см",Целый,,,2013.0,data/raw/images/Кроп-2013-163_orig.jpg,startswith,1,Кроп-2013-163,Стекло,крышка,0,часть не указана,1,целый,0,0,0
Кроп-2013-248,Блюдце,Блюдца фаянсового с белой поливой снаружи и внутри с синим подглазурным растительным орнаментом внутри донца клейменого фр-т,фаянс,Д=7 см,Фрагмент,,,2013.0,data/raw/images/Кроп-2013-248_orig.jpg,startswith,1,Кроп-2013-248,Фаянс,блюдце,0,донце,0,фрагмент,0,0,0
Кроп-2013-285,Тарелка,"Тарелка фаянсовая с белой поливой внутри и снаружи ,с клеймами на донце, фрагментированная",фаянс,"Двен=15; Ддон=7; выс=1,5 см",Фрагмент,,,2013.0,data/raw/images/Кроп-2013-285_orig.jpg,startswith,1,Кроп-2013-285,Фаянс,тарелка,0,донце,0,фрагмент,0,0,0
Кроп-2013-373,Крышка,Сосуда красноглиняного со светло-коричневой снаружи и белой поливой внутри крышки фр-т,керамика,Д=17 см,Фрагмент,,,2013.0,data/raw/images/Кроп-2013-373_orig.jpg,startswith,1,Кроп-2013-373,Керамика,крышка,0,часть не указана,1,фрагмент,0,0,0
Кроп-2013-392,Крышка,Сосуда фарфорового с зеленым растительным подглазурным орнаментом и золотой полосой крышки фр-т,фарфор,Д=10 см,Фрагмент,,,2013.0,data/raw/images/Кроп-2013-392_orig.jpg,startswith,1,Кроп-2013-392,Фарфор,крышка,0,часть не указана,1,фрагмент,0,0,0
Кроп-2013-422,Тарелка,Тарелки фаянсовой с белой поливой снаружи и с растительным полихромным декольным подглазурным орнаментом внутри донца клейменого фр-т,фаянс,Д=не определим,Фрагмент,,,2013.0,data/raw/images/Кроп-2013-422_orig.jpg,startswith,1,Кроп-2013-422,Фаянс,тарелка,0,донце,0,фрагмент,0,0,0
БП12-Г01-0783,Крышка,Сосуда фаянсового крышки с полихромной росписью фр-т,фаянс,"6,7х3,8х2 см",Фрагмент,Горизонт 1/ Темная гумусированная супесь с включением щепы и кирпичной крошки,,,data/raw/images/БП12-Г01-0783_orig.jpg,startswith,1,БП12-Г01-0783,Фаянс,крышка,0,часть не указана,1,фрагмент,0,0,0
БП12-Г01-6523,Блюдце,Блюдце фаянсовое с зеленой росписью,фаянс,"Д14-6; высота 2,5 см",Целый,Горизонт 1/ гумусированный суглинок с кирпичной крошкой,,,data/raw/images/БП12-Г01-6523_orig.jpg,startswith,1,БП12-Г01-6523,Фаянс,блюдце,0,часть не указана,1,целый,0,0,0
БП12-Г01-6524,Блюдце,Блюдца фаянсового профиль,фаянс,"Д14-7,5 см",Фрагмент,Горизонт 1/ гумусированный суглинок с кирпичной крошкой,,,data/raw/images/БП12-Г01-6524_orig.jpg,startswith,1,БП12-Г01-6524,Фаянс,блюдце,0,профиль,0,фрагмент,0,0,0
БП12-Г01-6538,Крышка,Сосуда фаянсового крышка,фаянс,Д5; высота 2 см,Целый,Горизонт 1/ гумусированный суглинок с кирпичной крошкой,,,data/raw/images/БП12-Г01-6538_orig.jpg,startswith,1,БП12-Г01-6538,Фаянс,крышка,0,часть не указана,1,целый,0,0,0
БП12-Г01-6940,Игрушка,Игрушки резиновой фр-т,прочее,длина 8+ см,Фрагмент,Горизонт 1/ темная гумусированная супесь со щепой и кирпичной крошкой,,,data/raw/images/БП12-Г01-6940_orig.jpg,startswith,1,БП12-Г01-6940,Резина,прочее,1,часть не указана,1,фрагмент,0,1,0
БП12-Г01-7079,Игрушка,Игрушка белоглиняная с коричневой росписью фрагментированная,керамика,,Фрагмент,Горизонт 1/ гумусированный суглинок с кирпичной крошкой,,,data/raw/images/БП12-Г01-7079_orig.jpg,startswith,1,БП12-Г01-7079,Белоглиняная керамика,прочее,1,часть не указана,1,фрагмент,0,0,0
БП12-Г01-7262,Крышка,Сосуда фаянсового крышка фрагментированная,фаянс,"Д7,5-5 см",Фрагмент,Горизонт 1/ гумусированный суглинок с кирпичной крошкой,,,data/raw/images/БП12-Г01-7262_orig.jpg,startswith,1,БП12-Г01-7262,Фаянс,крышка,0,часть не указана,1,фрагмент,0,0,0
БП12-Г02-3659,Блюдце,Блюдца фаянсового с росписью и с клеймом донца фр-т,фаянс,Д9 см,Фрагмент,Горизонт 2/ Темно-коричневая гумусированная супесь с кирпичной крошкой,,,data/raw/images/БП12-Г02-3659_orig.jpg,startswith,1,БП12-Г02-3659,Фаянс,блюдце,0,донце,0,фрагмент,0,0,0
БП12-Г02-4189,Блюдце,Блюдца фаянсового с полихромной росписью профиля фр-т,фаянс,Д донца 9 см,Фрагмент,Горизонт 2/ темная гумусированная супесь с кирпичной крошкой,,,data/raw/images/БП12-Г02-4189_orig.jpg,startswith,1,БП12-Г02-4189,Фаянс,блюдце,0,профиль,0,фрагмент,0,0,0
БП12-Т01-8074,Блюдце,Блюдца фаянсового с кобальтовой росписью и рельефными стенками донца фр-т,фаянс,Д9 см,Фрагмент,,,,data/raw/images/БП12-Т01-8074_orig.jpg,startswith,1,БП12-Т01-8074,Фаянс,блюдце,0,донце,0,фрагмент,0,0,0
КБ-2014-Р1-0131,Плитка,"Плитки каменной серой  с вдавленным клеймом  ""KLING…"" фрагмент",прочее,15х8 см,Фрагмент,Техногенный слой/ гориз.1,ИИМК РАН,2014.0,data/raw/images/КБ-2014-Р1-0131_orig.jpg,startswith,1,КБ-2014-Р1-0131,Камень,прочее,1,часть не указана,1,фрагмент,0,1,0
КБ-2014-Р1-0547,Игрушка,Игрушки фаянсовой солдатика с зеленой росписью пуговицы синего цвета (нет головы и ног),фаянс,6 см,Фрагмент,Мешанная коричневая супесь с включениями (слоистые подсыпки)/ гориз.1,ИИМК РАН,2014.0,data/raw/images/КБ-2014-Р1-0547_orig.jpg,startswith,1,КБ-2014-Р1-0547,Фаянс,прочее,1,часть не указана,1,фрагмент,0,0,0
КБ-2014-Р1-0718,Тарелка,Тарелки фаянсовой с подглазурным клеймом (не читается) фрагмент,фаянс,D 13 см,Фрагмент,Заполнение,ИИМК РАН,2014.0,data/raw/images/КБ-2014-Р1-0718_orig.jpg,startswith,1,КБ-2014-Р1-0718,Фаянс,тарелка,0,часть не указана,1,фрагмент,0,0,0
КБ-2014-Р1-1489,Изразец,Изразца красноглиняного с белой поливой лицевой пластины фрагмент,керамика,16х10х7 см,Фрагмент,Мешанная коричневая супесь с включениями (слоистые подсыпки)/ гориз.1,ИИМК РАН,2014.0,data/raw/images/КБ-2014-Р1-1489_orig.jpg,startswith,1,КБ-2014-Р1-1489,Глина,изразец,0,часть не указана,1,фрагмент,0,0,0
КБ-2014-Р2-0127,Тарелка,Тарелки фаянсовой с растительным полихромным орнаментом внутри донца клейменого фр-т,фаянс,Д=11 см,Фрагмент,Слой 1/ гориз.1,ИИМК РАН,2014.0,data/raw/images/КБ-2014-Р2-0127_orig.jpg,startswith,1,КБ-2014-Р2-0127,Фаянс,тарелка,0,донце,0,фрагмент,0,0,0
КБ-2014-Р2-0574,Крышка,Сосуда фаянсового с черной поливой снаружи и внутри крышки венчика фр-т,фаянс,Д=35 см,Фрагмент,Слой 5/ гориз.3,ИИМК РАН,2014.0,data/raw/images/КБ-2014-Р2-0574_orig.jpg,startswith,1,КБ-2014-Р2-0574,Фаянс,крышка,0,венчик,0,фрагмент,0,0,0
КБ-2014-Р2-0616,Блюдце,"Блюдце фаянсовое с белой поливой снаружи и внутри с синим и черным линейным орнаментом и клеймом на донце, профиль",фаянс,"Двен=15; Ддон=9,5; выс=3 см",Фрагмент,,ИИМК РАН,2014.0,data/raw/images/КБ-2014-Р2-0616_orig.jpg,startswith,1,КБ-2014-Р2-0616,Фаянс,блюдце,0,донце,0,фрагмент,0,0,0
КБ-2014-Р2-0712,Тарелка,"Тарелки фаянсовой с белой поливой снаружи и внутри с красным линейным орнаментом и рельефным краем, с клеймом на донце, профиль",фаянс,"Двен=19; Ддон=10; выс=2,5 см",Фрагмент,Слой 2а/ гориз.2,ИИМК РАН,2014.0,data/raw/images/КБ-2014-Р2-0712_orig.jpg,startswith,1,КБ-2014-Р2-0712,Фаянс,тарелка,0,донце,0,фрагмент,0,0,0
КБ-2014-Р2-0773,Миска,Миска красноглиняная с белым ангобом снаружи и полихромной поливой внутри,керамика,Двен=15; Ддон= 7; выс=4 см,Целый,Слой 5/ гориз.3,ИИМК РАН,2014.0,data/raw/images/КБ-2014-Р2-0773_orig.jpg,startswith,1,КБ-2014-Р2-0773,Керамика,миска,0,часть не указана,1,целый,0,0,0
КБ-2014-Р2-0780,Крышка,Сосуда фаянсового с белой поливой снаружи и внутри крышка с навершием в виде цветка фр-ая,фаянс,"Д=3,3; выс=3,5 см",Фрагмент,Слой 5/ гориз.2,ИИМК РАН,2014.0,data/raw/images/КБ-2014-Р2-0780_orig.jpg,startswith,1,КБ-2014-Р2-0780,Фаянс,крышка,0,часть не указана,1,фрагмент,0,0,0
КБ-2014-Р3-0114,Тарелка,Тарелка фаянсовая с белой поливой снаружи и белой поливой с коричневым надглазурным цветочным орнаментом в стиле деколь внутри профиль с клеймом на донце,фаянс,"Dвен=17; Dдон=9; Выс=1,6 см",Фрагмент,Слой 1/ гориз.1,ИИМК РАН,2014.0,data/raw/images/КБ-2014-Р3-0114_orig.jpg,startswith,1,КБ-2014-Р3-0114,Фаянс,тарелка,0,донце,0,фрагмент,0,0,0
КБ-2014-Р3-0171,Тарелка,Тарелки фарфоровой с белой поливой снаружи и внутри донца с клеймом фр-т,фарфор,D13 см,Фрагмент,Слой 2/ гориз.1,ИИМК РАН,2014.0,data/raw/images/КБ-2014-Р3-0171_orig.jpg,startswith,1,КБ-2014-Р3-0171,Фарфор,тарелка,0,донце,0,фрагмент,0,0,0
КБ-2014-Р3-0268,Крышка,Крышки фаянсовой с бело-коричневой поливой снаружи с коричневым линейным орнаментом и бело-коричневой поливой внутри профиль,фаянс,"D11; Выс=1,5 см",Фрагмент,Слой 2/ гориз.1,ИИМК РАН,2014.0,data/raw/images/КБ-2014-Р3-0268_orig.jpg,startswith,1,КБ-2014-Р3-0268,Фаянс,крышка,0,профиль,0,фрагмент,0,0,0
КБ-2014-Р5-0035,Тарелка,"Тарелки фаянсовой с белой поливой снаружи и внутри с полихромным декольным растительным орнаментом, с клеймом на донце, профиль",фаянс,Ддон=10; выс=2 см,Фрагмент,Слой 1/ гориз.1,ИИМК РАН,2014.0,data/raw/images/КБ-2014-Р5-0035_orig.jpg,startswith,1,КБ-2014-Р5-0035,Фаянс,тарелка,0,донце,0,фрагмент,0,0,0
КБ-2014-Р5-0118,Тарелка,"Тарелка красноглиняная с коричневой поливой снаружи и светло-желтой внутри с рельефной надписью по краю, фр-ая",керамика,"Двен=25,5; Ддон=13; выс=4,5 см",Фрагмент,,ИИМК РАН,2014.0,data/raw/images/КБ-2014-Р5-0118_orig.jpg,startswith,1,КБ-2014-Р5-0118,Керамика,тарелка,0,часть не указана,1,фрагмент,0,0,0
КБ-2014-Р5-0421,Тарелка,Тарелка с рельефным краем фаянсовая с белой поливой снаружи и внутри с фиолетовым растительным и  цветочным орнаментом фр-ая,фаянс,"Двен=26,5; Ддон=14,5; выс=2,5 см",Фрагмент,,ИИМК РАН,2014.0,data/raw/images/КБ-2014-Р5-0421_orig.jpg,startswith,1,КБ-2014-Р5-0421,Фаянс,тарелка,0,часть не указана,1,фрагмент,0,0,0
ЛАО-2012-М102-Ш4-175,Тарелка,Тарелки фаянсовой с рельефным краем профиль,фаянс,"Д венчика 24, Д донца 14 см",Фрагмент,Светло-серая мешаная супесь,ИИМК РАН,2012.0,data/raw/images/ЛАО-2012-М102-Ш4-175_orig.jpg,startswith,1,ЛАО-2012-М102-Ш4-175,Фаянс,тарелка,0,профиль,0,фрагмент,0,0,0
ЛАО-2012-М102-Ш5-203,Блюдце,Блюдца фаянсового профиль,фаянс,"Д венчика 15, Д донца 10 см",Фрагмент,Темно-серый гумусированный слой с включениями битого кирпича и кирпичной крошки (засыпка траншеи),ИИМК РАН,2012.0,data/raw/images/ЛАО-2012-М102-Ш5-203_orig.jpg,startswith,1,ЛАО-2012-М102-Ш5-203,Фаянс,блюдце,0,профиль,0,фрагмент,0,0,0
Нц-102-1519,Плитка,Плитка со шлифовкой,прочее,"1,9+x1,1x0,2 см",Целый,Светлый песок/ гориз.2,,,data/raw/images/Нц-102-1519_orig.jpg,startswith,1,Нц-102-1519,Сланец,прочее,1,часть не указана,1,целый,0,1,0
Нц-32-0937,Тарелка,Тарелки красноглиняной  с коричневой поливой внутри края фр-т,керамика,,Фрагмент,Серая мешаная супесь/ гориз.4,,,data/raw/images/Нц-32-0937_orig.jpg,startswith,1,Нц-32-0937,Керамика,тарелка,0,часть не указана,1,фрагмент,0,0,0
Нц-33-0075,Тарелка,Тарелки фаянсовой с зеленой росписью по желтой поливе снаружи и желтой внутри стенки фр-т,фаянс,D15 см,Фрагмент,Техноген/ гориз.1,,,data/raw/images/Нц-33-0075_orig.jpg,startswith,1,Нц-33-0075,Фаянс,тарелка,0,прочее,0,фрагмент,0,0,0
Нц-33-0179,Блюдце,Блюдца фарфорового с красной монохромной росписью внутри профиля фр-т,фарфор,D14 см,Фрагмент,Техноген/ гориз.1,,,data/raw/images/Нц-33-0179_orig.jpg,startswith,1,Нц-33-0179,Фарфор,блюдце,0,профиль,0,фрагмент,0,0,0
Нц-33-0621,Тарелка,Тарелки фаянсовой с зеленым орнаментом края фр-т,фаянс,,Фрагмент,Серая супесь/ гориз.3,,,data/raw/images/Нц-33-0621_orig.jpg,startswith,1,Нц-33-0621,Фаянс,тарелка,0,часть не указана,1,фрагмент,0,0,0
Нц-33-2608,Тарелка,Тарелки фаянсовой со следами белой поливы снаружи и с белой поливой с голубым орнаментом внутри стенки фр-т,фаянс,,Фрагмент,Серая супесь/ гориз.5,,,data/raw/images/Нц-33-2608_orig.jpg,startswith,1,Нц-33-2608,Фаянс,тарелка,0,прочее,0,фрагмент,0,0,0
Нц-33-2959,Тарелка,Тарелки красноглиняной с белой поливой и синей и коричневой росписью внутри и коричневой поливой снаружи края фр-т,керамика,D34 см,Фрагмент,Серая супесь/ гориз.5,,,data/raw/images/Нц-33-2959_orig.jpg,startswith,1,Нц-33-2959,Керамика,тарелка,0,часть не указана,1,фрагмент,0,0,0
Нц-33-5749,Блюдце,Блюдца фарфорового края фр-т,фарфор,D12 см,Фрагмент,Мешаная желтая супесь/ гориз.2,,,data/raw/images/Нц-33-5749_orig.jpg,startswith,1,Нц-33-5749,Фарфор,блюдце,0,часть не указана,1,фрагмент,0,0,0
Нц-43-06,Тарелка,Тарелки фаянсовой фр-т,фаянс,,Фрагмент,Строительный мусор,,,data/raw/images/Нц-43-06_orig.jpg,startswith,1,Нц-43-06,Фаянс,тарелка,0,часть не указана,1,фрагмент,0,0,0
Нц-45-0019,Тарелка,Тарелки белоглиняной с белой поливой венчика фр-т,керамика,D19 см,Фрагмент,Шлак/ гориз.6,,,data/raw/images/Нц-45-0019_orig.jpg,startswith,1,Нц-45-0019,Керамика,тарелка,0,венчик,0,фрагмент,0,0,0
Нц-45-0230,Тарелка,Тарелки фаянсовой венчика фр-т,фаянс,D27 см,Фрагмент,Шлак/ гориз.6,,,data/raw/images/Нц-45-0230_orig.jpg,startswith,1,Нц-45-0230,Фаянс,тарелка,0,венчик,0,фрагмент,0,0,0
Нц-45-0370,Тарелка,Тарелки фаянсовой с зеленой росписью внутри придонной части фр-т,фаянс,D13 см,Фрагмент,Шлак/ гориз.6,,,data/raw/images/Нц-45-0370_orig.jpg,startswith,1,Нц-45-0370,Фаянс,тарелка,0,часть не указана,1,фрагмент,0,0,0
Нц-45-0863,Тарелка,Тарелки фаянсовой профиля фр-т,фаянс,D13 см,Фрагмент,Строительный мусор/ гориз.1,,,data/raw/images/Нц-45-0863_orig.jpg,startswith,1,Нц-45-0863,Фаянс,тарелка,0,профиль,0,фрагмент,0,0,0
Нц-45-1079,Тарелка,Тарелки фарфоровой с золотистой окантовкой по краю донца с клеймом фр-т,фарфор,D10 см,Фрагмент,Шлак/ гориз.6,,,data/raw/images/Нц-45-1079_orig.jpg,startswith,1,Нц-45-1079,Фарфор,тарелка,0,донце,0,фрагмент,0,0,0
Нц-45-1445,Крышка,Крышки фаянсовой с коричневой и зеленой поливой снаружи с рельефным орнаментом фигурной фр-т,фаянс,,Фрагмент,Шлак/ гориз.6,,,data/raw/images/Нц-45-1445_orig.jpg,startswith,1,Нц-45-1445,Фаянс,крышка,0,часть не указана,1,фрагмент,0,0,0
Нц-45-1529,Миска,Миски  белоглиняной с полихромной поливой внутри венчика фр-т,керамика,D32 см,Фрагмент,Слой разрушения/ гориз.12,,,data/raw/images/Нц-45-1529_orig.jpg,startswith,1,Нц-45-1529,Керамика,миска,0,венчик,0,фрагмент,0,0,0
Нц-45-1579,Тарелка,Тарелки фаянсовой с синей росписью внутри придонной части фр-т,фаянс,D17 см,Фрагмент,Слой разрушения/ гориз.12,,,data/raw/images/Нц-45-1579_orig.jpg,startswith,1,Нц-45-1579,Фаянс,тарелка,0,часть не указана,1,фрагмент,0,0,0
Нц-46-162,Тарелка,Тарелки фаянсовой с синей росписью по белой поливе внутри и белой поливой снаружи края фр-т,фаянс,D16 см,Фрагмент,Шлак,,,data/raw/images/Нц-46-162_orig.jpg,startswith,1,Нц-46-162,Фаянс,тарелка,0,часть не указана,1,фрагмент,0,0,0
Нц-46-228,Тарелка,Тарелки фаянсовой с белой поливой  внутри и снаружи края фр-т,фаянс,D20 см,Фрагмент,Шлак,,,data/raw/images/Нц-46-228_orig.jpg,startswith,1,Нц-46-228,Фаянс,тарелка,0,часть не указана,1,фрагмент,0,0,0
Нейш3А-2018-0210,Блюдце,Блюдца прозрачного бесцветного стекла профиль,стекло,Д=9 см,Фрагмент,Современный строительный мусор,,,data/raw/images/Нейш3А-2018-0210_orig.jpg,startswith,1,Нейш3А-2018-0210,Стекло,блюдце,0,профиль,0,фрагмент,0,0,0
Нейш3А-2018-0259,Тарелка,"Тарелки суповой фаянсовой с пятнистым узором (бордовый, зеленый) по краю венчиков фр-ты",фаянс,Д=25 см,Фрагмент,Современный строительный мусор,,,data/raw/images/Нейш3А-2018-0259_orig.jpg,startswith,1,Нейш3А-2018-0259,Фаянс,тарелка,0,венчик,0,фрагмент,0,0,0
Нейш3А-2018-0572,Крышка,Крышечка прозрачного бесцветного стекла круглая,стекло,"Д=6,2 см",Целый,Строительный мусор с включением битого кирпича,,,data/raw/images/Нейш3А-2018-0572_orig.jpg,startswith,1,Нейш3А-2018-0572,Стекло,крышка,0,часть не указана,1,целый,0,0,0
Нейш3А-2018-0737,Блюдце,"Блюдца фарфорового с геометрическим орнаментом внутри (синий, золотистый) профиль",фарфор,"Д=9+ h=4,5 см",Фрагмент,Строительный мусор с включением темно-коричневой супеси,,,data/raw/images/Нейш3А-2018-0737_orig.jpg,startswith,1,Нейш3А-2018-0737,Фарфор,блюдце,0,профиль,0,фрагмент,0,0,0
Нейш3А-2018-0740,Тарелка,Тарелки фаянсовой с красно-темно-зеленым узором по венчику и голубой линией по центру профиль,фаянс,Д=18+ см,Фрагмент,Строительный мусор с включением темно-коричневой супеси,,,data/raw/images/Нейш3А-2018-0740_orig.jpg,startswith,1,Нейш3А-2018-0740,Фаянс,тарелка,0,венчик,0,фрагмент,0,0,0
Нейш3А-2018-0742,Тарелка,Тарелки фаянсовой с голубой линией по центру донца с придонной частью фр-т,фаянс,"д=12,5 см",Фрагмент,Строительный мусор с включением темно-коричневой супеси,,,data/raw/images/Нейш3А-2018-0742_orig.jpg,startswith,1,Нейш3А-2018-0742,Фаянс,тарелка,0,донце,0,фрагмент,0,0,0
Нейш3А-2018-1101,Блюдце,Блюдца фарфорового с орнаментом - тонкой зеленой линией по краю венчика внутри профиль,фарфор,"Д=12+ д=7,5 см",Фрагмент,Строительный мусор с включением темно-коричневой супеси,,,data/raw/images/Нейш3А-2018-1101_orig.jpg,startswith,1,Нейш3А-2018-1101,Фарфор,блюдце,0,венчик,0,фрагмент,0,0,0
Нейш3А-2018-1284,Тарелка,Тарелки фаянсовой с синим цветочным орнаментом  внутри клейменой профиль,фаянс,"5х4,5 см",Фрагмент,Темно-коричневая супесь,,,data/raw/images/Нейш3А-2018-1284_orig.jpg,startswith,1,Нейш3А-2018-1284,Фаянс,тарелка,0,профиль,0,фрагмент,0,0,0
Нейш3А-2018-1764,Тарелка,Тарелки фарфоровой с синей отводкой края профиль,фарфор,"Д=8,5+ д=4,5+ h=7,5 см",Фрагмент,Строительный мусор с включением битого кирпича,,,data/raw/images/Нейш3А-2018-1764_orig.jpg,startswith,1,Нейш3А-2018-1764,Фарфор,тарелка,0,профиль,0,фрагмент,0,0,0
Нейш3А-2018-1980,Тарелка,Тарелочки глубокой фаянсовой с синим геометрическим и растительным орнаментами внутри  профиль,фаянс,"Д=12,5 д=9,4 h=3,6 см",Фрагмент,Темно-коричневая супесь,,,data/raw/images/Нейш3А-2018-1980_orig.jpg,startswith,1,Нейш3А-2018-1980,Фаянс,тарелка,0,профиль,0,фрагмент,0,0,0
Нейш3А-2018-2142,Блюдце,Блюдца фарфорового с розовой поливой по венчику и с золотистой отводкой края внутри профиль,фарфор,Д=8+ см,Фрагмент,Современный строительный мусор,,,data/raw/images/Нейш3А-2018-2142_orig.jpg,startswith,1,Нейш3А-2018-2142,Фарфор,блюдце,0,венчик,0,фрагмент,0,0,0
Нейш3А-2018-2145,Тарелка,Тарелки фаянсовой с черным линейны орнаментом внутри венчика фр-т,фаянс,"Д=6,5+ см",Фрагмент,Современный строительный мусор,,,data/raw/images/Нейш3А-2018-2145_orig.jpg,startswith,1,Нейш3А-2018-2145,Фаянс,тарелка,0,венчик,0,фрагмент,0,0,0
Нейш3А-2018-2554,Крышка,"Крышечка фарфоровая круглая с пятнистым орнаментом (светло-коричневый, синий) снаружи",фарфор,"Д=5 h=2,7 см",Целый,Строительный мусор,,,data/raw/images/Нейш3А-2018-2554_orig.jpg,startswith,1,Нейш3А-2018-2554,Фарфор,крышка,0,часть не указана,1,целый,0,0,0
Нейш3А-2018-2807,Крышка,Крышки белоглиняной с желтой поливой внутри и следами нагара снаружи венчика фр-т,керамика,Д=12+ см,Фрагмент,Темно-коричневая супесь,,,data/raw/images/Нейш3А-2018-2807_orig.jpg,startswith,1,Нейш3А-2018-2807,Керамика,крышка,0,венчик,0,фрагмент,0,0,0
Нейш3А-2018-2841,Блюдце,Блюдечка фарфорового с голубой поливой и золотистой отводкой края внутри профиль,фарфор,Д=3+ см,Фрагмент,Современный строительный мусор,,,data/raw/images/Нейш3А-2018-2841_orig.jpg,startswith,1,Нейш3А-2018-2841,Фарфор,блюдце,0,профиль,0,фрагмент,0,0,0
Нейш3А-2018-2926,Блюдце,"Блюдца фарфорового с бордовой отводкой края и цветочным орнаментом (розовый, желтый, зеленый, серый) внутри профиль",фарфор,"Д=4,5+ см",Фрагмент,Строительный мусор,,,data/raw/images/Нейш3А-2018-2926_orig.jpg,startswith,1,Нейш3А-2018-2926,Фарфор,блюдце,0,профиль,0,фрагмент,0,0,0
Нейш3А-2018-2953,Блюдце,Блюдечка фаянсового миниатюрного венчика фр-т,фаянс,"Д=8,5+ см",Фрагмент,Строительный мусор,,,data/raw/images/Нейш3А-2018-2953_orig.jpg,startswith,1,Нейш3А-2018-2953,Фаянс,блюдце,0,венчик,0,фрагмент,0,0,0
Нейш3А-2018-3060,Блюдце,Блюдца фарфорового с зеленым растительным орнаментом внутри профиль,фарфор,Д=6+ см,Фрагмент,Современный строительный мусор,,,data/raw/images/Нейш3А-2018-3060_orig.jpg,startswith,1,Нейш3А-2018-3060,Фарфор,блюдце,0,профиль,0,фрагмент,0,0,0
Нейш3А-2018-4068,Крышка,Крышка фарфоровая полусферической формы с подцилиндрической ручкой в центре,фарфор,"7,5х3,5 см",Фрагмент,Современный строительный мусор,,,data/raw/images/Нейш3А-2018-4068_orig.jpg,startswith,1,Нейш3А-2018-4068,Фарфор,крышка,0,ручка,0,фрагмент,0,0,0
Нейш3А-2018-4094,Крышка,Крышки прозрачного бесцветного стекла полусферической формы с усеченной вершиной и с рельефным орнаментом снаружи профиль,стекло,"Д=12,5+ см",Фрагмент,Современный строительный мусор,,,data/raw/images/Нейш3А-2018-4094_orig.jpg,startswith,1,Нейш3А-2018-4094,Стекло,крышка,0,профиль,0,фрагмент,0,0,0
Нейш3А-2018-5002,Тарелка,"Тарелки фарфоровой с изображением цветка (розовый, зеленый) на венчике внутри клейменой профиль",фарфор,"Д=23,5 д=11,5 h=5 см",Фрагмент,Современный строительный мусор,,,data/raw/images/Нейш3А-2018-5002_orig.jpg,startswith,1,Нейш3А-2018-5002,Фарфор,тарелка,0,венчик,0,фрагмент,0,0,0
Нейш3А-2018-5182,Блюдце,"Блюдца фарфорового с коричневой отводкой края и центра и цветочным орнаментом (розовый, красный, зеленый) внутри клейменого профиль",фарфор,"Д=11+ д=6,5+ h=3,5 см",Фрагмент,Строительный мусор с включением желтой супеси,,,data/raw/images/Нейш3А-2018-5182_orig.jpg,startswith,1,Нейш3А-2018-5182,Фарфор,блюдце,0,профиль,0,фрагмент,0,0,0
Нейш3А-2018-5597,Блюдце,"Блюдца фаянсового с голубой поливой снаружи и с рельефным растительным орнаментом (голубой, зеленый, бордовый) внутри профиль",фаянс,"Д=9+ д=5,7 h=3,7 см",Фрагмент,Строительный мусор с включением битого кирпича,,,data/raw/images/Нейш3А-2018-5597_orig.jpg,startswith,1,Нейш3А-2018-5597,Фаянс,блюдце,0,профиль,0,фрагмент,0,0,0
Нейш3А-2018-5970,Крышка,Крышечка?фарфоровая плоская с зеленой поливой и золотистой отводкой края снаружи и фр-том прилепа ручки в центре,фарфор,"Д=3,4 см",Фрагмент,Современный строительный мусор,,,data/raw/images/Нейш3А-2018-5970_orig.jpg,startswith,1,Нейш3А-2018-5970,Фарфор,крышка,0,ручка,0,фрагмент,0,0,1
Нейш3А-2018-7127,Тарелка,"Тарелки светлоглиняной толстостенной с темно-зеленой поливой и рельефным растительным орнаментом снаружи (коричневый, черный) и темно-зеленой и коричневой поливой внутри венчика фр-т",керамика,Д=21+ см,Фрагмент,Современный строительный мусор,,,data/raw/images/Нейш3А-2018-7127_orig.jpg,startswith,1,Нейш3А-2018-7127,Керамика,тарелка,0,венчик,0,фрагмент,0,0,0
Т-12-Р3-1065,Блюдце,Блюдца фаянсового с зеленой монохромной росписью с клеймом снаружи профиля фр-т,фаянс,D9 см,Фрагмент,5 (слой разрушения построек),,,data/raw/images/Т-12-Р3-1065_orig.jpg,startswith,1,Т-12-Р3-1065,Фаянс,блюдце,0,профиль,0,фрагмент,0,0,0
Т-12-Р4-1075,Крышка,Крышка белоглиняная округлой формы,керамика,"D 3,8 см",Целый,6 (слой периода сущестования построек 1-4),,,data/raw/images/Т-12-Р4-1075_orig.jpg,startswith,1,Т-12-Р4-1075,Керамика,крышка,0,часть не указана,1,целый,0,0,0
Т-12-Р4-1086,Тарелка,Тарелки фаянсовой донца с клеймом фр-т,фаянс,,Фрагмент,5 (слой разрушения построек 1-4),,,data/raw/images/Т-12-Р4-1086_orig.jpg,startswith,1,Т-12-Р4-1086,Фаянс,тарелка,0,донце,0,фрагмент,0,0,0
Т-12-Р4-1205,Блюдце,Блюдца фарфорового с цветочным орнаментом внутри профиль,фарфор,D 14 см,Фрагмент,5 (слой разрушения построек 1-4),,,data/raw/images/Т-12-Р4-1205_orig.jpg,startswith,1,Т-12-Р4-1205,Фарфор,блюдце,0,профиль,0,фрагмент,0,0,0
Т-12-Р4-1218,Блюдце,Блюдца фарфорового с цветочным орнаментом внутри донца с клеймом фр-т,фарфор,,Фрагмент,5 (слой разрушения построек 1-4),,,data/raw/images/Т-12-Р4-1218_orig.jpg,startswith,1,Т-12-Р4-1218,Фарфор,блюдце,0,донце,0,фрагмент,0,0,0
ВО-1л58-2017-0056,Тарелка,Тарелки фаянсовой с белой поливой снаружи и внутри венчика фр-т,фаянс,Д=22 см,Фрагмент,Техноген - мусор под асфальтом,ИИМК РАН,2017.0,data/raw/images/ВО-1л58-2017-0056_orig.jpg,startswith,1,ВО-1л58-2017-0056,Фаянс,тарелка,0,венчик,0,фрагмент,0,0,0
ВО-1л58-2017-0058,Крышка,"Сосуда фаянсового с бежевой поливой снаружи и внутри ручка от крышки (либо часть рельефного декора ?) круглая, орнаментированная рельефными лепестками",фаянс,Д=5 см,Фрагмент,Техноген - мусор под асфальтом,ИИМК РАН,2017.0,data/raw/images/ВО-1л58-2017-0058_orig.jpg,startswith,1,ВО-1л58-2017-0058,Фаянс,крышка,0,ручка,0,фрагмент,0,0,1
ВО-1л58-2017-0059,Тарелка,Тарелки фаянсовой с белой поливой внутри и снаружи донца клейменого фр-т,фаянс,,Фрагмент,Техноген - мусор под асфальтом,ИИМК РАН,2017.0,data/raw/images/ВО-1л58-2017-0059_orig.jpg,startswith,1,ВО-1л58-2017-0059,Фаянс,тарелка,0,донце,0,фрагмент,0,0,0
ВО-1л58-2017-0286,Тарелка,Тарелки фаянсовой с голубой поливой снаружи и внутри с бирюзово-золотой волнистой полосой по краю венчика фр-т,фаянс,Д=19 см,Фрагмент,Бурая супесь после 1-й зачистки,ИИМК РАН,2017.0,data/raw/images/ВО-1л58-2017-0286_orig.jpg,startswith,1,ВО-1л58-2017-0286,Фаянс,тарелка,0,венчик,0,фрагмент,0,0,0
ВО-1л58-2017-0425,Крышка,Сосуда фаянсового с белой поливой внутри и снаружи крышки фр-т,фаянс,Д=18 см,Фрагмент,Бурая супесь с раствором и кирп. крошкой (между стенкой и лотком),ИИМК РАН,2017.0,data/raw/images/ВО-1л58-2017-0425_orig.jpg,startswith,1,ВО-1л58-2017-0425,Фаянс,крышка,0,часть не указана,1,фрагмент,0,0,0
ВО-1л58-2017-0722,Плитка,Плитки стеновой белоглиняной с белой поливой и голубой сюжетной росписью фр-т,керамика,"11+ х 5+ х 0,7 см",Фрагмент,Бурая супесь с раствором и кирпичами на дер-ом настиле и выше,ИИМК РАН,2017.0,data/raw/images/ВО-1л58-2017-0722_orig.jpg,startswith,1,ВО-1л58-2017-0722,Керамика,прочее,1,часть не указана,1,фрагмент,0,0,0
