code,name,description,material,size,fragm,cultlayer,execorg,survyear,image_file,match_rule,has_image,group_key,material_raw,type,type_is_missing,part,part_is_missing,integrity,integrity_is_missing,material_is_missing,label_is_uncertain,pool_candidate_labels_hidden
М102-2012-1-0494,Изразец,Изразца красноглиняного с белой поливой и кобальтовой (растительной либо сюжетной ?) росписью фр-т,__HIDDEN__,"7+ х 3,5+ х 1,1+ см",Фрагмент,Пестрая мешаная супесь,ИИМК РАН,2012.0,data/raw/images/М102-2012-1-0494_orig.jpg,startswith,1,М102-2012-1-0494,__HIDDEN__,__HIDDEN__,1,__HIDDEN__,1,__HIDDEN__,1,1,1,1
М102-2012-1-0585,Тарелка,Сосуда (тарелки ?) фаянсового с белой поливой внутри и снаружи края фр-т,__HIDDEN__,D? см,Фрагмент,Дерн со щепой,ИИМК РАН,2012.0,data/raw/images/М102-2012-1-0585_orig.jpg,startswith,1,М102-2012-1-0585,__HIDDEN__,__HIDDEN__,1,__HIDDEN__,1,__HIDDEN__,1,1,1,1
М102-2012-1-0691,Миска,"Миски серолощеной с орнаментом ""волна"" снаружи венчика фр-т",__HIDDEN__,D28 см,Фрагмент,Темно-серая сильногумусированная супесь (низ пестрой),ИИМК РАН,2012.0,data/raw/images/М102-2012-1-0691_orig.jpg,startswith,1,М102-2012-1-0691,__HIDDEN__,__HIDDEN__,1,__HIDDEN__,1,__HIDDEN__,1,1,0,1
М102-2012-1-0851,Тарелка,Тарелки фаянсовой с белой поливой внутри и снаружи края фигурного фр-т,__HIDDEN__,D ок20 см,Фрагмент,Дерн со щепой,ИИМК РАН,2012.0,data/raw/images/М102-2012-1-0851_orig.jpg,startswith,1,М102-2012-1-0851,__HIDDEN__,__HIDDEN__,1,__HIDDEN__,1,__HIDDEN__,1,1,0,1
М102-2012-1-0942,Миска,Миски красноглиняной с белым ангобом внутри и снаружи профиль,__HIDDEN__,"D26 (донце), D21 (венчик) см",Фрагмент,Дерн со щепой,ИИМК РАН,2012.0,data/raw/images/М102-2012-1-0942_orig.jpg,startswith,1,М102-2012-1-0942,__HIDDEN__,__HIDDEN__,1,__HIDDEN__,1,__HIDDEN__,1,1,0,1
М102-2012-1-1008,Изразец,"Изразца красноглиняного с белой поливой, растительным орнаментом и монохромной растительной росписью фр-т",__HIDDEN__,"10,7+ х 6,4+ х 6+ см",Фрагмент,Дерн со щепой,ИИМК РАН,2012.0,data/raw/images/М102-2012-1-1008_orig.jpg,startswith,1,М102-2012-1-1008,__HIDDEN__,__HIDDEN__,1,__HIDDEN__,1,__HIDDEN__,1,1,0,1
М102-2012-2-0538,Блюдце,Блюдца (?) фарфорового с полихромной растительной росписью и золотой окантовкой края фр-т,__HIDDEN__,D15 см,Фрагмент,Дерн,ИИМК РАН,2012.0,data/raw/images/М102-2012-2-0538_orig.jpg,startswith,1,М102-2012-2-0538,__HIDDEN__,__HIDDEN__,1,__HIDDEN__,1,__HIDDEN__,1,1,1,1
М102-2012-2-1068,Плитка,Плитки напольной из каменной массы (?) с белой поливой края фр-т,__HIDDEN__,"10,5+ х 6,5+ х 1 см",Фрагмент,Битый кирпич,ИИМК РАН,2012.0,data/raw/images/М102-2012-2-1068_orig.jpg,startswith,1,М102-2012-2-1068,__HIDDEN__,__HIDDEN__,1,__HIDDEN__,1,__HIDDEN__,1,1,1,1
М102-2012-2-1123,Блюдце,Блюдца фарфорового с белой поливой снаружи и зеленой внутри донца фр-т,__HIDDEN__,D9 см,Фрагмент,Слой под мостовой 2,ИИМК РАН,2012.0,data/raw/images/М102-2012-2-1123_orig.jpg,startswith,1,М102-2012-2-1123,__HIDDEN__,__HIDDEN__,1,__HIDDEN__,1,__HIDDEN__,1,1,0,1
М102-2012-2-1166,Блюдце,Блюдца (?) фарфорового с белой поливой внутри и снаружи донца клейменого фр-т,__HIDDEN__,D9 см,Фрагмент,,ИИМК РАН,2012.0,data/raw/images/М102-2012-2-1166_orig.jpg,startswith,1,М102-2012-2-1166,__HIDDEN__,__HIDDEN__,1,__HIDDEN__,1,__HIDDEN__,1,1,1,1
М102-2012-2-1267,Тарелка,Тарелки фаянсовой с белой поливой снаружи и кобальтовой растительно-геометрической росписью внутри края фр-т,__HIDDEN__,D26 см,Фрагмент,Слой под цементным полом (мусор XIX века),ИИМК РАН,2012.0,data/raw/images/М102-2012-2-1267_orig.jpg,startswith,1,М102-2012-2-1267,__HIDDEN__,__HIDDEN__,1,__HIDDEN__,1,__HIDDEN__,1,1,0,1
М102-2012-2-1319,Тарелка,Тарелки фаянсовой с белой поливой снаружи и внутри края фр-т,__HIDDEN__,D25 см,Фрагмент,Слой под цементным полом (мусор XIX века),ИИМК РАН,2012.0,data/raw/images/М102-2012-2-1319_orig.jpg,startswith,1,М102-2012-2-1319,__HIDDEN__,__HIDDEN__,1,__HIDDEN__,1,__HIDDEN__,1,1,0,1
М102-2012-2-1327,Плитка,Плитки белоглиняной облицовочной с белой поливой снаружи края фр-т,__HIDDEN__,"7,8+ х 5,4+ х 1,1 см",Фрагмент,,ИИМК РАН,2012.0,data/raw/images/М102-2012-2-1327_orig.jpg,startswith,1,М102-2012-2-1327,__HIDDEN__,__HIDDEN__,1,__HIDDEN__,1,__HIDDEN__,1,1,0,1
М102-2012-2-1359,Блюдце,Сосуда (блюдца?) фаянсового с прозрачной поливой внутри и снаружи края фр-т,__HIDDEN__,D12 см,Фрагмент,Слой под цементным полом (мусор XIX века),ИИМК РАН,2012.0,data/raw/images/М102-2012-2-1359_orig.jpg,startswith,1,М102-2012-2-1359,__HIDDEN__,__HIDDEN__,1,__HIDDEN__,1,__HIDDEN__,1,1,1,1
М102-2012-2-1360,Тарелка,Тарелки фаянсовой с прозрачной поливой внутри и снаружи края волнистого фр-т,__HIDDEN__,D? см,Фрагмент,Слой под цементным полом (мусор XIX века),ИИМК РАН,2012.0,data/raw/images/М102-2012-2-1360_orig.jpg,startswith,1,М102-2012-2-1360,__HIDDEN__,__HIDDEN__,1,__HIDDEN__,1,__HIDDEN__,1,1,0,1
М102-2012-2-1361,Блюдце,Блюдца фарфорового с белой поливой внутри и снаружи профиль,__HIDDEN__,"D14,5 см",Фрагмент,Слой под цементным полом (мусор XIX века),ИИМК РАН,2012.0,data/raw/images/М102-2012-2-1361_orig.jpg,startswith,1,М102-2012-2-1361,__HIDDEN__,__HIDDEN__,1,__HIDDEN__,1,__HIDDEN__,1,1,0,1
Мич11-ш01-005,Плитка,Плитки керамической с белой поливой и кобальтовой росписью фр-т,__HIDDEN__,,Фрагмент,Техноген,ИИМК РАН,2011.0,data/raw/images/Мич11-ш01-005_orig.jpg,startswith,1,Мич11-ш01-005,__HIDDEN__,__HIDDEN__,1,__HIDDEN__,1,__HIDDEN__,1,1,0,1
Мич11-ш02-053,Изразец,Изразца красноглиняного с белой поливой и рельефным кобальтовым орнаментом фр-т,__HIDDEN__,,Фрагмент,Техноген,ИИМК РАН,2011.0,data/raw/images/Мич11-ш02-053_orig.jpg,startswith,1,Мич11-ш02-053,__HIDDEN__,__HIDDEN__,1,__HIDDEN__,1,__HIDDEN__,1,1,0,1
Мич11-ш04-155,Изразец,Изразца красноглиняного с рельефным орнаментом фр-т,__HIDDEN__,,Фрагмент,Техноген,ИИМК РАН,2011.0,data/raw/images/Мич11-ш04-155_orig.jpg,startswith,1,Мич11-ш04-155,__HIDDEN__,__HIDDEN__,1,__HIDDEN__,1,__HIDDEN__,1,1,0,1
БП11-Р01-Г01-1247,Тарелка,Тарелки фаянсовой край,__HIDDEN__,Д23 см,Фрагмент,Горизонт 1/ темно-коричневый гумусированный суглинок,,,data/raw/images/БП11-Р01-Г01-1247_orig.jpg,startswith,1,БП11-Р01-Г01-1247,__HIDDEN__,__HIDDEN__,1,__HIDDEN__,1,__HIDDEN__,1,1,0,1
БП11-Р01-тех-0468,Крышка,Крышки красноглиняной края фр-т,__HIDDEN__,Д30 см,Фрагмент,Горизонт техноген,,,data/raw/images/БП11-Р01-тех-0468_orig.jpg,startswith,1,БП11-Р01-тех-0468,__HIDDEN__,__HIDDEN__,1,__HIDDEN__,1,__HIDDEN__,1,1,0,1
БП11-Р01-Г01-1137,Крышка,Сосуда красноглиняного с коричневой поливой снаружи крышки фр-т,__HIDDEN__,Д20 см,Фрагмент,Горизонт 1/ темно-коричневый гумусированный суглинок,,,data/raw/images/БП11-Р01-Г01-1137_orig.jpg,startswith,1,БП11-Р01-Г01-1137,__HIDDEN__,__HIDDEN__,1,__HIDDEN__,1,__HIDDEN__,1,1,0,1
БП11-Р01-Г01-1065,Тарелка,Тарелки фаянсовой донца фр-т,__HIDDEN__,Д17 см,Фрагмент,Горизонт 1,,,data/raw/images/БП11-Р01-Г01-1065_orig.jpg,startswith,1,БП11-Р01-Г01-1065,__HIDDEN__,__HIDDEN__,1,__HIDDEN__,1,__HIDDEN__,1,1,0,1
БП11-Р01-Г01-1251,Тарелка,Тарелки фаянсовой с голубой поливой и полихромной росписью донца фр-т,__HIDDEN__,Д8 см,Фрагмент,Горизонт 1/ темно-коричневый гумусированный суглинок,,,data/raw/images/БП11-Р01-Г01-1251_orig.jpg,startswith,1,БП11-Р01-Г01-1251,__HIDDEN__,__HIDDEN__,1,__HIDDEN__,1,__HIDDEN__,1,1,0,1
БП11-Р01-Г03-3339,Изразец,Изразца красноглиняного с белой поливой и кобальтовой росписью фр-т,__HIDDEN__,,Фрагмент,Горизонт 3/ темно-коричневый гумусированный суглинок,,,data/raw/images/БП11-Р01-Г03-3339_orig.jpg,startswith,1,БП11-Р01-Г03-3339,__HIDDEN__,__HIDDEN__,1,__HIDDEN__,1,__HIDDEN__,1,1,0,1
БП11-Р01-Г01-0944,Тарелка,Тарелки фаянсовой с кобальтовой росписью края фр-т,__HIDDEN__,Д24 см,Фрагмент,Горизонт 1/ темно-коричневый гумусированный суглинок,,,data/raw/images/БП11-Р01-Г01-0944_orig.jpg,startswith,1,БП11-Р01-Г01-0944,__HIDDEN__,__HIDDEN__,1,__HIDDEN__,1,__HIDDEN__,1,1,0,1
БП11-Р01-Г01-1315,Тарелка,Тарелки фаянсовой профиль,__HIDDEN__,Д24-15 см,Фрагмент,Горизонт 2/ голубая мешанная глина,,,data/raw/images/БП11-Р01-Г01-1315_orig.jpg,startswith,1,БП11-Р01-Г01-1315,__HIDDEN__,__HIDDEN__,1,__HIDDEN__,1,__HIDDEN__,1,1,0,1
БП11-Р01-Г01-1397,Тарелка,Тарелки фаянсовой края фр-т,__HIDDEN__,Д33 см,Фрагмент,Горизонт 1/ темно-коричневый гумусированный суглинок,,,data/raw/images/БП11-Р01-Г01-1397_orig.jpg,startswith,1,БП11-Р01-Г01-1397,__HIDDEN__,__HIDDEN__,1,__HIDDEN__,1,__HIDDEN__,1,1,0,1
БП11-Р01-тех-0421,Тарелка,Тарелки красноглиняной с росписью профиль,__HIDDEN__,Д25 см,Фрагмент,Горизонт техноген,,,data/raw/images/БП11-Р01-тех-0421_orig.jpg,startswith,1,БП11-Р01-тех-0421,__HIDDEN__,__HIDDEN__,1,__HIDDEN__,1,__HIDDEN__,1,1,0,1
БП11-Р01-Г01-1405,Тарелка,Тарелки фаянсовой с зеленой росписью края фр-т,__HIDDEN__,Д16 см,Фрагмент,Горизонт 1/ темно-коричневый гумусированный суглинок,,,data/raw/images/БП11-Р01-Г01-1405_orig.jpg,startswith,1,БП11-Р01-Г01-1405,__HIDDEN__,__HIDDEN__,1,__HIDDEN__,1,__HIDDEN__,1,1,0,1
БП11-Р01-Г01-1192,Изразец,Изразца углового красноглиняного с белой поливой фр-т,__HIDDEN__,,Фрагмент,Горизонт 1/ серо-желтая мешаная супесь,,,data/raw/images/БП11-Р01-Г01-1192_orig.jpg,startswith,1,БП11-Р01-Г01-1192,__HIDDEN__,__HIDDEN__,1,__HIDDEN__,1,__HIDDEN__,1,1,0,1
БП11-Р01-Г01-1197,Крышка,Крышка белого металла на бутылку с изображением герба фрагментированная,__HIDDEN__,"Д3, толщина 0,1 см",Фрагмент,Горизонт 1/ темно-коричневый гумусированный суглинок с кирпичной крошкой,,,data/raw/images/БП11-Р01-Г01-1197_orig.jpg,startswith,1,БП11-Р01-Г01-1197,__HIDDEN__,__HIDDEN__,1,__HIDDEN__,1,__HIDDEN__,1,1,0,1
БП11-Р01-Г01-1396,Тарелка,Тарелки фаянсовой края фр-т,__HIDDEN__,Д25 см,Фрагмент,Горизонт 1/ темно-коричневый гумусированный суглинок,,,data/raw/images/БП11-Р01-Г01-1396_orig.jpg,startswith,1,БП11-Р01-Г01-1396,__HIDDEN__,__HIDDEN__,1,__HIDDEN__,1,__HIDDEN__,1,1,0,1
БП11-Р01-Г01-1248,Тарелка,Тарелки фаянсовой с клеймом донце,__HIDDEN__,Д11 см,Фрагмент,Горизонт 1/ темно-коричневый гумусированный суглинок,,,data/raw/images/БП11-Р01-Г01-1248_orig.jpg,startswith,1,БП11-Р01-Г01-1248,__HIDDEN__,__HIDDEN__,1,__HIDDEN__,1,__HIDDEN__,1,1,0,1
БП11-Р01-Г03-6484,Блюдце,Блюдца фарфорового с клеймом профиль,__HIDDEN__,Д10-14 см,Фрагмент,Горизонт 3/ щепа + гумус,,,data/raw/images/БП11-Р01-Г03-6484_orig.jpg,startswith,1,БП11-Р01-Г03-6484,__HIDDEN__,__HIDDEN__,1,__HIDDEN__,1,__HIDDEN__,1,1,0,1
БП11-Р01-тех-0394,Тарелка,Тарелки фаянсовой края фр-т,__HIDDEN__,Д30 см,Фрагмент,Горизонт техноген,,,data/raw/images/БП11-Р01-тех-0394_orig.jpg,startswith,1,БП11-Р01-тех-0394,__HIDDEN__,__HIDDEN__,1,__HIDDEN__,1,__HIDDEN__,1,1,0,1
Кроп-2013-159,Блюдце,"Блюдца фарфорового с декольным орнаментом внутри и клеймом на донце, профиля фр-т",__HIDDEN__,"Двен=15; Ддон=8,5 см",Фрагмент,,,2013.0,data/raw/images/Кроп-2013-159_orig.jpg,startswith,1,Кроп-2013-159,__HIDDEN__,__HIDDEN__,1,__HIDDEN__,1,__HIDDEN__,1,1,0,1
Кроп-2013-163,Крышка,Сосуда  прозрачного зеленого стекла крышка,__HIDDEN__,"Д=7,4 см",Целый,,,2013.0,data/raw/images/Кроп-2013-163_orig.jpg,startswith,1,Кроп-2013-163,__HIDDEN__,__HIDDEN__,1,__HIDDEN__,1,__HIDDEN__,1,1,0,1
Кроп-2013-204,Миска,Миски белоглиняной с желто-зеленой поливой внутри и снаружи орнаментированного венчика фр-т,__HIDDEN__,Д=20 см,Фрагмент,,,2013.0,data/raw/images/Кроп-2013-204_orig.jpg,startswith,1,Кроп-2013-204,__HIDDEN__,__HIDDEN__,1,__HIDDEN__,1,__HIDDEN__,1,1,0,1
Кроп-2013-243,Тарелка,Тарелки фаянсовой с белой поливой внутри и снаружи с рельефным орнаментом по краю профиля фр-т,__HIDDEN__,"Двен=26; Ддон=14; выс=4,5 см",Фрагмент,,,2013.0,data/raw/images/Кроп-2013-243_orig.jpg,startswith,1,Кроп-2013-243,__HIDDEN__,__HIDDEN__,1,__HIDDEN__,1,__HIDDEN__,1,1,0,1
Кроп-2013-248,Блюдце,Блюдца фаянсового с белой поливой снаружи и внутри с синим подглазурным растительным орнаментом внутри донца клейменого фр-т,__HIDDEN__,Д=7 см,Фрагмент,,,2013.0,data/raw/images/Кроп-2013-248_orig.jpg,startswith,1,Кроп-2013-248,__HIDDEN__,__HIDDEN__,1,__HIDDEN__,1,__HIDDEN__,1,1,0,1
Кроп-2013-252,Блюдце,"Блюдца фаянсового с белой поливой снаружи и внутри, с фиолетовым подглазурным декольным орнаментом и клеймом на донце профиля фр-т",__HIDDEN__,"Двен=14; Ддон=7; выс=2,5 см",Фрагмент,,,2013.0,data/raw/images/Кроп-2013-252_orig.jpg,startswith,1,Кроп-2013-252,__HIDDEN__,__HIDDEN__,1,__HIDDEN__,1,__HIDDEN__,1,1,0,1
Кроп-2013-285,Тарелка,"Тарелка фаянсовая с белой поливой внутри и снаружи ,с клеймами на донце, фрагментированная",__HIDDEN__,"Двен=15; Ддон=7; выс=1,5 см",Фрагмент,,,2013.0,data/raw/images/Кроп-2013-285_orig.jpg,startswith,1,Кроп-2013-285,__HIDDEN__,__HIDDEN__,1,__HIDDEN__,1,__HIDDEN__,1,1,0,1
Кроп-2013-317,Тарелка,"Тарелка фаянсовая с белой поливой внутри и снаружи с линейным орнаментом (зеленый, золотистый) вдоль венчика внутри и клеймом на донце, фрагментированная",__HIDDEN__,"Двен=14,5; Ддон=12,5; выс=4,5 см",Фрагмент,,,2013.0,data/raw/images/Кроп-2013-317_orig.jpg,startswith,1,Кроп-2013-317,__HIDDEN__,__HIDDEN__,1,__HIDDEN__,1,__HIDDEN__,1,1,0,1
Кроп-2013-373,Крышка,Сосуда красноглиняного со светло-коричневой снаружи и белой поливой внутри крышки фр-т,__HIDDEN__,Д=17 см,Фрагмент,,,2013.0,data/raw/images/Кроп-2013-373_orig.jpg,startswith,1,Кроп-2013-373,__HIDDEN__,__HIDDEN__,1,__HIDDEN__,1,__HIDDEN__,1,1,0,1
Кроп-2013-391,Тарелка,"Тарелки фарфоровой с линейным красно-желтым  орнаментом по краю, профиля фр-т",__HIDDEN__,Двен=24; Ддон=15; Выс=3 см,Фрагмент,,,2013.0,data/raw/images/Кроп-2013-391_orig.jpg,startswith,1,Кроп-2013-391,__HIDDEN__,__HIDDEN__,1,__HIDDEN__,1,__HIDDEN__,1,1,0,1
Кроп-2013-392,Крышка,Сосуда фарфорового с зеленым растительным подглазурным орнаментом и золотой полосой крышки фр-т,__HIDDEN__,Д=10 см,Фрагмент,,,2013.0,data/raw/images/Кроп-2013-392_orig.jpg,startswith,1,Кроп-2013-392,__HIDDEN__,__HIDDEN__,1,__HIDDEN__,1,__HIDDEN__,1,1,0,1
Кроп-2013-398,Тарелка,Тарелки фаянсовой с белой поливой внутри и снаружи профиля фр-т,__HIDDEN__,"Двен=24; Ддон=11; Выс=4,5 см",Фрагмент,,,2013.0,data/raw/images/Кроп-2013-398_orig.jpg,startswith,1,Кроп-2013-398,__HIDDEN__,__HIDDEN__,1,__HIDDEN__,1,__HIDDEN__,1,1,0,1
Кроп-2013-400,Тарелка,Тарелки фарфоровой с линейным золотым орнаментом по краю снаружи донца клейменого фр-т,__HIDDEN__,"Д=9,5 см",Фрагмент,,,2013.0,data/raw/images/Кроп-2013-400_orig.jpg,startswith,1,Кроп-2013-400,__HIDDEN__,__HIDDEN__,1,__HIDDEN__,1,__HIDDEN__,1,1,0,1
Кроп-2013-414,Тарелка,Сосуда (тарелки ?) фаянсового с темно-синей поливой внутри и снаружи донца фр-т,__HIDDEN__,Ддон=12 см,Фрагмент,,,2013.0,data/raw/images/Кроп-2013-414_orig.jpg,startswith,1,Кроп-2013-414,__HIDDEN__,__HIDDEN__,1,__HIDDEN__,1,__HIDDEN__,1,1,1,1
Кроп-2013-415,Тарелка,Тарелки фаянсовой с темно-синей поливой внутри и снаружи венчика фр-т,__HIDDEN__,Д=19 см,Фрагмент,,,2013.0,data/raw/images/Кроп-2013-415_orig.jpg,startswith,1,Кроп-2013-415,__HIDDEN__,__HIDDEN__,1,__HIDDEN__,1,__HIDDEN__,1,1,0,1
Кроп-2013-422,Тарелка,Тарелки фаянсовой с белой поливой снаружи и с растительным полихромным декольным подглазурным орнаментом внутри донца клейменого фр-т,__HIDDEN__,Д=не определим,Фрагмент,,,2013.0,data/raw/images/Кроп-2013-422_orig.jpg,startswith,1,Кроп-2013-422,__HIDDEN__,__HIDDEN__,1,__HIDDEN__,1,__HIDDEN__,1,1,0,1
Кроп-2013-430,Тарелка,Тарелочки миниатюрной белоглиняной с серо-коричневой поливой снаружи и внутри профиля фр-т,__HIDDEN__,"Двен=9; Ддон=4; выс=1,5 см",Фрагмент,,,2013.0,data/raw/images/Кроп-2013-430_orig.jpg,startswith,1,Кроп-2013-430,__HIDDEN__,__HIDDEN__,1,__HIDDEN__,1,__HIDDEN__,1,1,0,1
Кроп-2013-481,Блюдце,Блюдца фарфорового с золотым линейным орнаментом и клейменым донцем профиля фр-т,__HIDDEN__,Двен=15; Ддон=8; выс=3 см,Фрагмент,,,2013.0,data/raw/images/Кроп-2013-481_orig.jpg,startswith,1,Кроп-2013-481,__HIDDEN__,__HIDDEN__,1,__HIDDEN__,1,__HIDDEN__,1,1,0,1
Кроп-2013-484,Блюдце,Блюдца фарфорового с клейменым донцем профиля фр-т,__HIDDEN__,"Двен=15; Ддон=7,5; выс=3 см",Фрагмент,,,2013.0,data/raw/images/Кроп-2013-484_orig.jpg,startswith,1,Кроп-2013-484,__HIDDEN__,__HIDDEN__,1,__HIDDEN__,1,__HIDDEN__,1,1,0,1
Кроп-2013-Тр2-049,Блюдце,Блюдца фарфорового с белой поливой снаружи и внутри с коричневой каймой и полихромным растительным орнаментом профиль,__HIDDEN__,"Двенч=14; Ддон=8; выс=2,5 см",Фрагмент,,,2013.0,data/raw/images/Кроп-2013-Тр2-049_orig.jpg,startswith,1,Кроп-2013-Тр2-049,__HIDDEN__,__HIDDEN__,1,__HIDDEN__,1,__HIDDEN__,1,1,0,1
Нев11-Г0-005,Плитка,"Плитка бетонно-композитная напольная, орнаментированная",__HIDDEN__,"21,7 х 21,7 х 2,5 см",Целый,Гориз.0,,2011.0,data/raw/images/Нев11-Г0-005_orig.jpg,startswith,1,Нев11-Г0-005,__HIDDEN__,__HIDDEN__,1,__HIDDEN__,1,__HIDDEN__,1,1,0,1
Нев11-Г0-006,Плитка,"Плитка бетонно-композитная напольная, орнаментированная",__HIDDEN__,"21,7 х 21,7 х 2,6 см",Целый,Гориз.0,,2011.0,data/raw/images/Нев11-Г0-006_orig.jpg,startswith,1,Нев11-Г0-006,__HIDDEN__,__HIDDEN__,1,__HIDDEN__,1,__HIDDEN__,1,1,0,1
Нев11-Г02-012,Изразец,Изразца красноглиняного с белой поливой и кобальтовой росписью фр-т,__HIDDEN__,,Фрагмент,Гориз.2,,2011.0,data/raw/images/Нев11-Г02-012_orig.jpg,startswith,1,Нев11-Г02-012,__HIDDEN__,__HIDDEN__,1,__HIDDEN__,1,__HIDDEN__,1,1,0,1
Нев11-Г02-021,Изразец,Изразца плоского красноглиняного с белой поливой  и отверстием для крепления фр-т,__HIDDEN__,"17+ х 7,4 + х 5,8 см",Фрагмент,Гориз.2,,2011.0,data/raw/images/Нев11-Г02-021_orig.jpg,startswith,1,Нев11-Г02-021,__HIDDEN__,__HIDDEN__,1,__HIDDEN__,1,__HIDDEN__,1,1,0,1
Нев11-Г02-022,Изразец,Изразца плоского  красноглиняного с белой поливой фр-т,__HIDDEN__,,Фрагмент,Гориз.2,,2011.0,data/raw/images/Нев11-Г02-022_orig.jpg,startswith,1,Нев11-Г02-022,__HIDDEN__,__HIDDEN__,1,__HIDDEN__,1,__HIDDEN__,1,1,0,1
Нев11-Г03-038,Изразец,Изразца плоского красноглиняного с белой поливой фр-т,__HIDDEN__,,Фрагмент,Гориз.3,,2011.0,data/raw/images/Нев11-Г03-038_orig.jpg,startswith,1,Нев11-Г03-038,__HIDDEN__,__HIDDEN__,1,__HIDDEN__,1,__HIDDEN__,1,1,0,1
Нев11-Г03-096,Изразец,Изразца плоского с белой поливой фр-т,__HIDDEN__,"7,3+ х 10,5 х 3+ см",Фрагмент,Гориз.3,,2011.0,data/raw/images/Нев11-Г03-096_orig.jpg,startswith,1,Нев11-Г03-096,__HIDDEN__,__HIDDEN__,1,__HIDDEN__,1,__HIDDEN__,1,1,0,1
Нев11-Г04-182,Тарелка,Тарелки красноглиняной с прозрачной поливой и следами росписи венчика фр-т,__HIDDEN__,Д20 см,Фрагмент,Гориз.4,,2011.0,data/raw/images/Нев11-Г04-182_orig.jpg,startswith,1,Нев11-Г04-182,__HIDDEN__,__HIDDEN__,1,__HIDDEN__,1,__HIDDEN__,1,1,0,1
Нев11-Г04-187,Тарелка,Тарелки красноглиняной с прозрачной поливой и следами росписи профиля фр-т,__HIDDEN__,Д21 см,Фрагмент,Гориз.4,,2011.0,data/raw/images/Нев11-Г04-187_orig.jpg,startswith,1,Нев11-Г04-187,__HIDDEN__,__HIDDEN__,1,__HIDDEN__,1,__HIDDEN__,1,1,0,1
Нев11-Г04-197,Тарелка,Тарелки красноглиняной с серебристой поливой венчика фр-т,__HIDDEN__,,Фрагмент,Гориз.4,,2011.0,data/raw/images/Нев11-Г04-197_orig.jpg,startswith,1,Нев11-Г04-197,__HIDDEN__,__HIDDEN__,1,__HIDDEN__,1,__HIDDEN__,1,1,0,1
Нев11-Г05-055,Крышка,Крышки с ручкой красноглиняной фр-т,__HIDDEN__,,Фрагмент,Гориз.5,,2011.0,data/raw/images/Нев11-Г05-055_orig.jpg,startswith,1,Нев11-Г05-055,__HIDDEN__,__HIDDEN__,1,__HIDDEN__,1,__HIDDEN__,1,1,0,1
БП12-Г01-0726,Тарелка,Тарелки фаянсовой донца с клеймом фр-т,__HIDDEN__,Д15 см,Фрагмент,Горизонт 1/ темная гумусированная супесь с включением щепы и кирпичной крошки,,,data/raw/images/БП12-Г01-0726_orig.jpg,startswith,1,БП12-Г01-0726,__HIDDEN__,__HIDDEN__,1,__HIDDEN__,1,__HIDDEN__,1,1,0,1
БП12-Г01-0783,Крышка,Сосуда фаянсового крышки с полихромной росписью фр-т,__HIDDEN__,"6,7х3,8х2 см",Фрагмент,Горизонт 1/ Темная гумусированная супесь с включением щепы и кирпичной крошки,,,data/raw/images/БП12-Г01-0783_orig.jpg,startswith,1,БП12-Г01-0783,__HIDDEN__,__HIDDEN__,1,__HIDDEN__,1,__HIDDEN__,1,1,0,1
БП12-Г01-0956,Миска,Миски красноглиняной профиль,__HIDDEN__,"Д15-13; высота 2,3 см",Фрагмент,Горизонт 1/ темный гумусированный суглинок с кирпичной крошкой,,,data/raw/images/БП12-Г01-0956_orig.jpg,startswith,1,БП12-Г01-0956,__HIDDEN__,__HIDDEN__,1,__HIDDEN__,1,__HIDDEN__,1,1,0,1
БП12-Г01-1007,Изразец,Изразца красноглиняного орнаментированного с белой поливой фр-т,__HIDDEN__,,Фрагмент,Горизонт 1/ темная гумусированная супесь,,,data/raw/images/БП12-Г01-1007_orig.jpg,startswith,1,БП12-Г01-1007,__HIDDEN__,__HIDDEN__,1,__HIDDEN__,1,__HIDDEN__,1,1,0,1
БП12-Г01-1008,Изразец,Изразца красноглиняного плоского с белой поливой и кобальтовой росписью фр-т,__HIDDEN__,,Фрагмент,Горизонт 1/ темная гумусированная супесь,,,data/raw/images/БП12-Г01-1008_orig.jpg,startswith,1,БП12-Г01-1008,__HIDDEN__,__HIDDEN__,1,__HIDDEN__,1,__HIDDEN__,1,1,0,1
БП12-Г01-1016,Тарелка,Тарелки фаянсовой с полихромной росписью края фр-т,__HIDDEN__,Д26 см,Фрагмент,Горизонт 1/ темная гумусированная супесь,,,data/raw/images/БП12-Г01-1016_orig.jpg,startswith,1,БП12-Г01-1016,__HIDDEN__,__HIDDEN__,1,__HIDDEN__,1,__HIDDEN__,1,1,0,1
БП12-Г01-1974,Тарелка,Тарелки фаянсовой с клеймом донца фр-т,__HIDDEN__,,Фрагмент,Горизонт 1/ Темный гумусированый суглинок с включением кирпичной крошки,,,data/raw/images/БП12-Г01-1974_orig.jpg,startswith,1,БП12-Г01-1974,__HIDDEN__,__HIDDEN__,1,__HIDDEN__,1,__HIDDEN__,1,1,0,1
БП12-Г01-2474,Крышка,Сосуда фаянсового крышка фрагментированная,__HIDDEN__,"Д4-3,5; высота 1,5 см",Фрагмент,Горизонт 1/ мешаный гумусированный суглинок с кирпичной крошкой,,,data/raw/images/БП12-Г01-2474_orig.jpg,startswith,1,БП12-Г01-2474,__HIDDEN__,__HIDDEN__,1,__HIDDEN__,1,__HIDDEN__,1,1,0,1
БП12-Г01-2475,Блюдце,Блюдца фарфорового с рельефной поверхностью по внутренней стороне и с кобальтовой росписью профиль,__HIDDEN__,Д12-7 см,Фрагмент,Горизонт 1/ мешаный гумусированный суглинок с кирпичной крошкой,,,data/raw/images/БП12-Г01-2475_orig.jpg,startswith,1,БП12-Г01-2475,__HIDDEN__,__HIDDEN__,1,__HIDDEN__,1,__HIDDEN__,1,1,0,1
БП12-Г01-3220,Изразец,Изразца красноглиняного изогнутого с зеленой поливой фр-т,__HIDDEN__,,Фрагмент,Горизонт 1/ темная гумусированная супесь с кирпичной крошкой,,,data/raw/images/БП12-Г01-3220_orig.jpg,startswith,1,БП12-Г01-3220,__HIDDEN__,__HIDDEN__,1,__HIDDEN__,1,__HIDDEN__,1,1,0,1
БП12-Г01-3239,Миска,Миска красноглиняной с зеленой поливой внутри и нагаром снаружи профиль,__HIDDEN__,Д39-29; высота 7 см,Фрагмент,Горизонт 1/ темная гумусированная супесь с кирпичной крошкой,,,data/raw/images/БП12-Г01-3239_orig.jpg,startswith,1,БП12-Г01-3239,__HIDDEN__,__HIDDEN__,1,__HIDDEN__,1,__HIDDEN__,1,1,0,1
БП12-Г01-3414,Блюдце,Блюдца фаянсового с кобальтовой росписью и клеймом профиль,__HIDDEN__,Д15-9 см,Фрагмент,Горизонт 1/ темный гумусированный суглинок с кирпичной крошкой,,,data/raw/images/БП12-Г01-3414_orig.jpg,startswith,1,БП12-Г01-3414,__HIDDEN__,__HIDDEN__,1,__HIDDEN__,1,__HIDDEN__,1,1,0,1
БП12-Г01-3416,Блюдце,Блюдца фаянсового с кобальтовой росписью и клеймом профиль,__HIDDEN__,"Д14-10; высота 2,3 см",Фрагмент,Горизонт 1/ темный гумусированный суглинок с кирпичной крошкой,,,data/raw/images/БП12-Г01-3416_orig.jpg,startswith,1,БП12-Г01-3416,__HIDDEN__,__HIDDEN__,1,__HIDDEN__,1,__HIDDEN__,1,1,0,1
БП12-Г01-4902,Блюдце,Блюдца фарфорового с золотой и розовой каемкой и с клеймом профиль,__HIDDEN__,Д13-8; высота 3 см,Фрагмент,Горизонт 1/ серый суглинок со щепой,,,data/raw/images/БП12-Г01-4902_orig.jpg,startswith,1,БП12-Г01-4902,__HIDDEN__,__HIDDEN__,1,__HIDDEN__,1,__HIDDEN__,1,1,0,1
БП12-Г01-5843,Крышка,Сосуда фаянсового крышки с золотой каемкой и с полихромной росписью по синей поливе профиль,__HIDDEN__,"Д8,5-7 см",Фрагмент,Горизонт 1/ темная гумусированная супесь с включением строительного мусора,,,data/raw/images/БП12-Г01-5843_orig.jpg,startswith,1,БП12-Г01-5843,__HIDDEN__,__HIDDEN__,1,__HIDDEN__,1,__HIDDEN__,1,1,0,1
БП12-Г01-6186,Тарелка,Тарелки фаянсовой орнаментированной с черной росписью края рельефного фр-т,__HIDDEN__,,Фрагмент,Горизонт 1/ гумусовая супесь со щепой,,,data/raw/images/БП12-Г01-6186_orig.jpg,startswith,1,БП12-Г01-6186,__HIDDEN__,__HIDDEN__,1,__HIDDEN__,1,__HIDDEN__,1,1,0,1
БП12-Г01-6214,Крышка,Сосуда красноглиняного крышки ручки с белой поливой и кобальтовой росписью фр-т,__HIDDEN__,,Фрагмент,Горизонт 1/ гумусированный суглинок с кирпичной крошкой,,,data/raw/images/БП12-Г01-6214_orig.jpg,startswith,1,БП12-Г01-6214,__HIDDEN__,__HIDDEN__,1,__HIDDEN__,1,__HIDDEN__,1,1,0,1
БП12-Г01-6521,Блюдце,Блюдца фарфорового с полихромной росписью и золотой окантовкой профиль,__HIDDEN__,"Д17-9;  высота 2,5 см",Фрагмент,Горизонт 1/ гумусированный суглинок с кирпичной крошкой,,,data/raw/images/БП12-Г01-6521_orig.jpg,startswith,1,БП12-Г01-6521,__HIDDEN__,__HIDDEN__,1,__HIDDEN__,1,__HIDDEN__,1,1,0,1
БП12-Г01-6522,Блюдце,Блюдца фаянсового с красной окантовкой по краю профиль,__HIDDEN__,"Д8-6; высота 0,8 см",Фрагмент,Горизонт 1/ гумусированный суглинок с кирпичной крошкой,,,data/raw/images/БП12-Г01-6522_orig.jpg,startswith,1,БП12-Г01-6522,__HIDDEN__,__HIDDEN__,1,__HIDDEN__,1,__HIDDEN__,1,1,0,1
БП12-Г01-6523,Блюдце,Блюдце фаянсовое с зеленой росписью,__HIDDEN__,"Д14-6; высота 2,5 см",Целый,Горизонт 1/ гумусированный суглинок с кирпичной крошкой,,,data/raw/images/БП12-Г01-6523_orig.jpg,startswith,1,БП12-Г01-6523,__HIDDEN__,__HIDDEN__,1,__HIDDEN__,1,__HIDDEN__,1,1,0,1
БП12-Г01-6524,Блюдце,Блюдца фаянсового профиль,__HIDDEN__,"Д14-7,5 см",Фрагмент,Горизонт 1/ гумусированный суглинок с кирпичной крошкой,,,data/raw/images/БП12-Г01-6524_orig.jpg,startswith,1,БП12-Г01-6524,__HIDDEN__,__HIDDEN__,1,__HIDDEN__,1,__HIDDEN__,1,1,0,1
БП12-Г01-6538,Крышка,Сосуда фаянсового крышка,__HIDDEN__,Д5; высота 2 см,Целый,Горизонт 1/ гумусированный суглинок с кирпичной крошкой,,,data/raw/images/БП12-Г01-6538_orig.jpg,startswith,1,БП12-Г01-6538,__HIDDEN__,__HIDDEN__,1,__HIDDEN__,1,__HIDDEN__,1,1,0,1
БП12-Г01-6940,Игрушка,Игрушки резиновой фр-т,__HIDDEN__,длина 8+ см,Фрагмент,Горизонт 1/ темная гумусированная супесь со щепой и кирпичной крошкой,,,data/raw/images/БП12-Г01-6940_orig.jpg,startswith,1,БП12-Г01-6940,__HIDDEN__,__HIDDEN__,1,__HIDDEN__,1,__HIDDEN__,1,1,0,1
БП12-Г01-7058,Изразец,Изразец красноглиняный плоский с зеленой поливой фрагментированный,__HIDDEN__,"21,5х11х5,4+ см",Фрагмент,Горизонт 1/ гумусированная супесь с кирпичной крошкой,,,data/raw/images/БП12-Г01-7058_orig.jpg,startswith,1,БП12-Г01-7058,__HIDDEN__,__HIDDEN__,1,__HIDDEN__,1,__HIDDEN__,1,1,0,1
БП12-Г01-7079,Игрушка,Игрушка белоглиняная с коричневой росписью фрагментированная,__HIDDEN__,,Фрагмент,Горизонт 1/ гумусированный суглинок с кирпичной крошкой,,,data/raw/images/БП12-Г01-7079_orig.jpg,startswith,1,БП12-Г01-7079,__HIDDEN__,__HIDDEN__,1,__HIDDEN__,1,__HIDDEN__,1,1,0,1
БП12-Г01-7211,Изразец,Изразца красноглиняного румпы пронумерованной фр-т,__HIDDEN__,,Фрагмент,Горизонт 1/ гумусированный суглинок с кирпичной крошкой,,,data/raw/images/БП12-Г01-7211_orig.jpg,startswith,1,БП12-Г01-7211,__HIDDEN__,__HIDDEN__,1,__HIDDEN__,1,__HIDDEN__,1,1,0,1
БП12-Г01-7212,Изразец,Изразца красноглиняного декорированного фр-т,__HIDDEN__,,Фрагмент,Горизонт 1,,,data/raw/images/БП12-Г01-7212_orig.jpg,startswith,1,БП12-Г01-7212,__HIDDEN__,__HIDDEN__,1,__HIDDEN__,1,__HIDDEN__,1,1,0,1
БП12-Г01-7213,Изразец,Изразца красноглиняного декорированного фр-т,__HIDDEN__,,Фрагмент,Горизонт 1,,,data/raw/images/БП12-Г01-7213_orig.jpg,startswith,1,БП12-Г01-7213,__HIDDEN__,__HIDDEN__,1,__HIDDEN__,1,__HIDDEN__,1,1,0,1
БП12-Г01-7262,Крышка,Сосуда фаянсового крышка фрагментированная,__HIDDEN__,"Д7,5-5 см",Фрагмент,Горизонт 1/ гумусированный суглинок с кирпичной крошкой,,,data/raw/images/БП12-Г01-7262_orig.jpg,startswith,1,БП12-Г01-7262,__HIDDEN__,__HIDDEN__,1,__HIDDEN__,1,__HIDDEN__,1,1,0,1
БП12-Г01-7263,Крышка,Сосуда фаянсового крышка фрагментированная,__HIDDEN__,"Д19,5-17,5 см",Фрагмент,Горизонт 1/ гумусированный суглинок с кирпичной крошкой,,,data/raw/images/БП12-Г01-7263_orig.jpg,startswith,1,БП12-Г01-7263,__HIDDEN__,__HIDDEN__,1,__HIDDEN__,1,__HIDDEN__,1,1,0,1
БП12-Г01-7754,Тарелка,Тарелки фарфоровой с полихромной росписью и клеймом донца фр-т,__HIDDEN__,,Фрагмент,Горизонт 1/ серая мешаная гумусированная супесь,,,data/raw/images/БП12-Г01-7754_orig.jpg,startswith,1,БП12-Г01-7754,__HIDDEN__,__HIDDEN__,1,__HIDDEN__,1,__HIDDEN__,1,1,0,1
БП12-Г01-7977,Тарелка,Тарелки фаянсовой с кобальтовой росписью и с клеймом профиль,__HIDDEN__,Д14-9; высота 3 см,Фрагмент,Горизонт 1/ черная супесь со щепой,,,data/raw/images/БП12-Г01-7977_orig.jpg,startswith,1,БП12-Г01-7977,__HIDDEN__,__HIDDEN__,1,__HIDDEN__,1,__HIDDEN__,1,1,0,1
БП12-Г01-8837,Изразец,Изразца красноглиняного изогнутого орнаментированного профиль,__HIDDEN__,20+х30х13+ см,Фрагмент,Горизонт 1,,,data/raw/images/БП12-Г01-8837_orig.jpg,startswith,1,БП12-Г01-8837,__HIDDEN__,__HIDDEN__,1,__HIDDEN__,1,__HIDDEN__,1,1,0,1
БП12-Г01-8844,Изразец,Изразца красноглиняного орнаментированного фр-т,__HIDDEN__,"44+х9,5+х5,5+ см",Фрагмент,Горизонт 1/ строительный мусор,,,data/raw/images/БП12-Г01-8844_orig.jpg,startswith,1,БП12-Г01-8844,__HIDDEN__,__HIDDEN__,1,__HIDDEN__,1,__HIDDEN__,1,1,0,1
БП12-Г02-2581,Тарелка,Тарелки красноглиняной с коричневой поливой внутри и белой по слою белого ангоба снаружи и росписью зеленой поливой края фр-т,__HIDDEN__,Д32 см,Фрагмент,Горизонт 2/ темная гумусированная супесь,,,data/raw/images/БП12-Г02-2581_orig.jpg,startswith,1,БП12-Г02-2581,__HIDDEN__,__HIDDEN__,1,__HIDDEN__,1,__HIDDEN__,1,1,0,1
БП12-Г02-2723,Изразец,Изразца красноглиняного плоского с зеленой поливой и рельефным орнаментом фр-т,__HIDDEN__,"10,2х6,1х1 см",Фрагмент,Горизонт 2/ Темная гумусированная супесь с кирпичной крошкой,,,data/raw/images/БП12-Г02-2723_orig.jpg,startswith,1,БП12-Г02-2723,__HIDDEN__,__HIDDEN__,1,__HIDDEN__,1,__HIDDEN__,1,1,0,1
БП12-Г02-2791,Изразец,Изразца красноглиняного с зеленой поливой румпы фр-т,__HIDDEN__,"высота 6,7+ см",Фрагмент,Горизонт 2/ Темная гумусированная супесь с кирпичной крошкой,,,data/raw/images/БП12-Г02-2791_orig.jpg,startswith,1,БП12-Г02-2791,__HIDDEN__,__HIDDEN__,1,__HIDDEN__,1,__HIDDEN__,1,1,0,1
БП12-Г02-3659,Блюдце,Блюдца фаянсового с росписью и с клеймом донца фр-т,__HIDDEN__,Д9 см,Фрагмент,Горизонт 2/ Темно-коричневая гумусированная супесь с кирпичной крошкой,,,data/raw/images/БП12-Г02-3659_orig.jpg,startswith,1,БП12-Г02-3659,__HIDDEN__,__HIDDEN__,1,__HIDDEN__,1,__HIDDEN__,1,1,0,1
БП12-Г02-3865,Изразец,Изразца красноглиняного с зеленой поливой фр-т,__HIDDEN__,"высота 11,2х11,3х8,5 см",Фрагмент,Горизонт 2/ Темная мешаная супесь с кирпичной крошкой,,,data/raw/images/БП12-Г02-3865_orig.jpg,startswith,1,БП12-Г02-3865,__HIDDEN__,__HIDDEN__,1,__HIDDEN__,1,__HIDDEN__,1,1,0,1
БП12-Г02-3927,Крышка,Сосуда красноглиняного с нагарос внутри крышки профиль,__HIDDEN__,Д27 см,Фрагмент,Горизонт 2/ темная гумусированная супесь с кирпичной крошкой,,,data/raw/images/БП12-Г02-3927_orig.jpg,startswith,1,БП12-Г02-3927,__HIDDEN__,__HIDDEN__,1,__HIDDEN__,1,__HIDDEN__,1,1,0,1
БП12-Г02-4183,Тарелка,Тарелки красноглиняной с желтой поливой внутри и следами коричневой снаружи края фр-т,__HIDDEN__,Д26 см,Фрагмент,Горизонт 2/ темная гумусированная супесь с кирпичной крошкой,,,data/raw/images/БП12-Г02-4183_orig.jpg,startswith,1,БП12-Г02-4183,__HIDDEN__,__HIDDEN__,1,__HIDDEN__,1,__HIDDEN__,1,1,0,1
БП12-Г02-4189,Блюдце,Блюдца фаянсового с полихромной росписью профиля фр-т,__HIDDEN__,Д донца 9 см,Фрагмент,Горизонт 2/ темная гумусированная супесь с кирпичной крошкой,,,data/raw/images/БП12-Г02-4189_orig.jpg,startswith,1,БП12-Г02-4189,__HIDDEN__,__HIDDEN__,1,__HIDDEN__,1,__HIDDEN__,1,1,0,1
БП12-Г02-4190,Тарелка,Тарелки фаянсовой с кобальтовой росписью и рельефным краем края фр-т,__HIDDEN__,Д24 см,Фрагмент,Горизонт 2/ темная гумусированная супесь с кирпичной крошкой,,,data/raw/images/БП12-Г02-4190_orig.jpg,startswith,1,БП12-Г02-4190,__HIDDEN__,__HIDDEN__,1,__HIDDEN__,1,__HIDDEN__,1,1,0,1
БП12-Г02-4243,Плитка,Плитка напольная керамическая метлахская с голубой росписью и следами раствора фрагментированная,__HIDDEN__,"15,4х7,6х1,8 см",Фрагмент,Горизонт 2/ темная гумусированная супесь с кирпичной крошкой,,,data/raw/images/БП12-Г02-4243_orig.jpg,startswith,1,БП12-Г02-4243,__HIDDEN__,__HIDDEN__,1,__HIDDEN__,1,__HIDDEN__,1,1,0,1
БП12-Г02-4270,Крышка,Сосуда красноглиняного крышки с зеленой поливой внутри и снаружи края фр-т,__HIDDEN__,,Фрагмент,Горизонт 2/ Темная гумусированная супесь с кирпичной крошкой,,,data/raw/images/БП12-Г02-4270_orig.jpg,startswith,1,БП12-Г02-4270,__HIDDEN__,__HIDDEN__,1,__HIDDEN__,1,__HIDDEN__,1,1,0,1
БП12-Г02-4708,Крышка,Чайника фарфорового крышка фрагментированная,__HIDDEN__,"Д5,5 см",Фрагмент,Горизонт 2/ Темная гумусированная супесь,,,data/raw/images/БП12-Г02-4708_orig.jpg,startswith,1,БП12-Г02-4708,__HIDDEN__,__HIDDEN__,1,__HIDDEN__,1,__HIDDEN__,1,1,0,1
БП12-Г02-5243,Блюдце,Блюдца фаянсового с кобальтовой росписью профиль,__HIDDEN__,"Д13-6; высота 2,5 см",Фрагмент,Горизонт 2/ гумусированный суглинок с кирпичной крошкой,,,data/raw/images/БП12-Г02-5243_orig.jpg,startswith,1,БП12-Г02-5243,__HIDDEN__,__HIDDEN__,1,__HIDDEN__,1,__HIDDEN__,1,1,0,1
БП12-Г02-5372,Тарелка,Тарелки фаянсовой донца с клеймом фр-т,__HIDDEN__,,Фрагмент,"Горизонт 2/ дерн, навоз",,,data/raw/images/БП12-Г02-5372_orig.jpg,startswith,1,БП12-Г02-5372,__HIDDEN__,__HIDDEN__,1,__HIDDEN__,1,__HIDDEN__,1,1,0,1
БП12-Г02-8020,Изразец,Изразца красноглиняного плоского с зеленой поливой фр-т,__HIDDEN__,"10,5+х9,5+х7,5 см",Фрагмент,Горизонт 2/ темная гумусированная супесь,,,data/raw/images/БП12-Г02-8020_orig.jpg,startswith,1,БП12-Г02-8020,__HIDDEN__,__HIDDEN__,1,__HIDDEN__,1,__HIDDEN__,1,1,0,1
БП12-Т01-8071,Блюдце,Блюдца-игрушки фаянсового с золотой окантовкой и полихромной росписью профиль,__HIDDEN__,"Д7,5-4; высота 1,5 см",Фрагмент,,,,data/raw/images/БП12-Т01-8071_orig.jpg,startswith,1,БП12-Т01-8071,__HIDDEN__,__HIDDEN__,1,__HIDDEN__,1,__HIDDEN__,1,1,0,1
БП12-Т01-8073,Блюдце,Блюдца фаянсового с полихромной росписью донца фр-т,__HIDDEN__,Д6 см,Фрагмент,,,,data/raw/images/БП12-Т01-8073_orig.jpg,startswith,1,БП12-Т01-8073,__HIDDEN__,__HIDDEN__,1,__HIDDEN__,1,__HIDDEN__,1,1,0,1
БП12-Т01-8074,Блюдце,Блюдца фаянсового с кобальтовой росписью и рельефными стенками донца фр-т,__HIDDEN__,Д9 см,Фрагмент,,,,data/raw/images/БП12-Т01-8074_orig.jpg,startswith,1,БП12-Т01-8074,__HIDDEN__,__HIDDEN__,1,__HIDDEN__,1,__HIDDEN__,1,1,0,1
БП12-Т02-7986,Крышка,Сосуда фаянсового крышка,__HIDDEN__,"Д6,8 см",Целый,,,,data/raw/images/БП12-Т02-7986_orig.jpg,startswith,1,БП12-Т02-7986,__HIDDEN__,__HIDDEN__,1,__HIDDEN__,1,__HIDDEN__,1,1,0,1
Заг11-ш01-Г01-055,Изразец,Изразца красноглиняного с белой поливой и кобальтовой росписью фр-т,__HIDDEN__,,Фрагмент,Гориз.1,ИИМК РАН,2011.0,data/raw/images/Заг11-ш01-Г01-055_orig.jpg,startswith,1,Заг11-ш01-Г01-055,__HIDDEN__,__HIDDEN__,1,__HIDDEN__,1,__HIDDEN__,1,1,0,1
Заг11-ш01-Г02-067,Изразец,Изразца (карниз) красноглиняного с белой поливой и полихромной росписью фр-т,__HIDDEN__,,Фрагмент,Гориз.2,ИИМК РАН,2011.0,data/raw/images/Заг11-ш01-Г02-067_orig.jpg,startswith,1,Заг11-ш01-Г02-067,__HIDDEN__,__HIDDEN__,1,__HIDDEN__,1,__HIDDEN__,1,1,0,1
Заг11-ш01-Г03-145,Изразец,Изразца (перемычка) красноглиняного с белой поливой и кобальтовой росписью фр-т,__HIDDEN__,,Фрагмент,Гориз.3,ИИМК РАН,2011.0,data/raw/images/Заг11-ш01-Г03-145_orig.jpg,startswith,1,Заг11-ш01-Г03-145,__HIDDEN__,__HIDDEN__,1,__HIDDEN__,1,__HIDDEN__,1,1,0,1
Заг11-ш02-Г02-242,Изразец,Изразца красноглиняного с белой поливой и кобальтовой росписью фр-т,__HIDDEN__,,Фрагмент,Гориз.2,ИИМК РАН,2011.0,data/raw/images/Заг11-ш02-Г02-242_orig.jpg,startswith,1,Заг11-ш02-Г02-242,__HIDDEN__,__HIDDEN__,1,__HIDDEN__,1,__HIDDEN__,1,1,0,1
КБ-2014-Р1-0131,Плитка,"Плитки каменной серой  с вдавленным клеймом  ""KLING…"" фрагмент",__HIDDEN__,15х8 см,Фрагмент,Техногенный слой/ гориз.1,ИИМК РАН,2014.0,data/raw/images/КБ-2014-Р1-0131_orig.jpg,startswith,1,КБ-2014-Р1-0131,__HIDDEN__,__HIDDEN__,1,__HIDDEN__,1,__HIDDEN__,1,1,0,1
КБ-2014-Р1-0400,Блюдце,Блюдца фарфорового с коричневым пейзажным рисунком внутри края фрагмент,__HIDDEN__,D 15 см,Фрагмент,Мешаный серый суглинок/ гориз.1,ИИМК РАН,2014.0,data/raw/images/КБ-2014-Р1-0400_orig.jpg,startswith,1,КБ-2014-Р1-0400,__HIDDEN__,__HIDDEN__,1,__HIDDEN__,1,__HIDDEN__,1,1,0,1
КБ-2014-Р1-0427,Блюдце,Блюдца фарфорового с синим растительным рисунком и золотой окантовкой фрагмент,__HIDDEN__,D 14 см,Фрагмент,Мешанная коричневая супесь с включениями (слоистые подсыпки)/ гориз.1,ИИМК РАН,2014.0,data/raw/images/КБ-2014-Р1-0427_orig.jpg,startswith,1,КБ-2014-Р1-0427,__HIDDEN__,__HIDDEN__,1,__HIDDEN__,1,__HIDDEN__,1,1,0,1
КБ-2014-Р1-0547,Игрушка,Игрушки фаянсовой солдатика с зеленой росписью пуговицы синего цвета (нет головы и ног),__HIDDEN__,6 см,Фрагмент,Мешанная коричневая супесь с включениями (слоистые подсыпки)/ гориз.1,ИИМК РАН,2014.0,data/raw/images/КБ-2014-Р1-0547_orig.jpg,startswith,1,КБ-2014-Р1-0547,__HIDDEN__,__HIDDEN__,1,__HIDDEN__,1,__HIDDEN__,1,1,0,1
КБ-2014-Р1-0716,Тарелка,"Тарелки фарфоровой глубокой с зеленой полосой  по краю клеймо на дне монограмма  ""АII"" над ней корона РИ  фрагмент",__HIDDEN__,"D дна 11,5 D венчика 24 см",Фрагмент,Заполнение,ИИМК РАН,2014.0,data/raw/images/КБ-2014-Р1-0716_orig.jpg,startswith,1,КБ-2014-Р1-0716,__HIDDEN__,__HIDDEN__,1,__HIDDEN__,1,__HIDDEN__,1,1,0,1
КБ-2014-Р1-0718,Тарелка,Тарелки фаянсовой с подглазурным клеймом (не читается) фрагмент,__HIDDEN__,D 13 см,Фрагмент,Заполнение,ИИМК РАН,2014.0,data/raw/images/КБ-2014-Р1-0718_orig.jpg,startswith,1,КБ-2014-Р1-0718,__HIDDEN__,__HIDDEN__,1,__HIDDEN__,1,__HIDDEN__,1,1,0,1
КБ-2014-Р1-0780,Блюдце,"Блюдца фарфорового с синей полосой по краю и золотым орнаментом внутри и КРУГОВЫМ клеймом ""…РСФСР МКМП…"" фрагмент",__HIDDEN__,D 14 см,Фрагмент,Мешанная коричневая супесь с включениями (слоистые подсыпки)/ гориз.1,ИИМК РАН,2014.0,data/raw/images/КБ-2014-Р1-0780_orig.jpg,startswith,1,КБ-2014-Р1-0780,__HIDDEN__,__HIDDEN__,1,__HIDDEN__,1,__HIDDEN__,1,1,0,1
КБ-2014-Р1-0782,Блюдце,Блюдце фарфоровое с золотыми полосками по краю растительно-геометрическим рисунком внутри и клеймом снаружи в виде герба РСФСР и набора букв (?),__HIDDEN__,D 15 см,Целый,Мешанная коричневая супесь с включениями (слоистые подсыпки)/ гориз.1,ИИМК РАН,2014.0,data/raw/images/КБ-2014-Р1-0782_orig.jpg,startswith,1,КБ-2014-Р1-0782,__HIDDEN__,__HIDDEN__,1,__HIDDEN__,1,__HIDDEN__,1,1,1,1
КБ-2014-Р1-1032,Блюдце,"Блюдца фарфорового с геометрическим рисунком и бордовыми полосами по кругу клеймом на дне и вдавленной буквой ""И""  фрагмент",__HIDDEN__,D 8 см,Фрагмент,Мешанная коричневая супесь с включениями (слоистые подсыпки)/ гориз.1,ИИМК РАН,2014.0,data/raw/images/КБ-2014-Р1-1032_orig.jpg,startswith,1,КБ-2014-Р1-1032,__HIDDEN__,__HIDDEN__,1,__HIDDEN__,1,__HIDDEN__,1,1,0,1
КБ-2014-Р1-1033,Тарелка,"Тарелки фарфоровой с клеймом на дне ""братьев Корниловых въ Петербург"" придонной части фрагмент",__HIDDEN__,6х4 см,Фрагмент,Мешанная коричневая супесь с включениями (слоистые подсыпки)/ гориз.1,ИИМК РАН,2014.0,data/raw/images/КБ-2014-Р1-1033_orig.jpg,startswith,1,КБ-2014-Р1-1033,__HIDDEN__,__HIDDEN__,1,__HIDDEN__,1,__HIDDEN__,1,1,0,1
КБ-2014-Р1-1388,Тарелка,"Тарелки фарфоровой с синим цветочным рисунком внутри придонной части фрагмент клеймо снаружи вдавлено ""Мeissen…2 1/2""  подглазурно синим ""Meissen…39""",__HIDDEN__,D 13 см,Фрагмент,Техногенный слой/ гориз.1,ИИМК РАН,2014.0,data/raw/images/КБ-2014-Р1-1388_orig.jpg,startswith,1,КБ-2014-Р1-1388,__HIDDEN__,__HIDDEN__,1,__HIDDEN__,1,__HIDDEN__,1,1,0,1
КБ-2014-Р1-1464,Изразец,"Изразца красноглиняного с белой поливой   с клеймом внутри ""…ПОСПЪЕВ…""лицевой пластины фрагмент",__HIDDEN__,10х7 см,Фрагмент,,ИИМК РАН,2014.0,data/raw/images/КБ-2014-Р1-1464_orig.jpg,startswith,1,КБ-2014-Р1-1464,__HIDDEN__,__HIDDEN__,1,__HIDDEN__,1,__HIDDEN__,1,1,0,1
КБ-2014-Р1-1489,Изразец,Изразца красноглиняного с белой поливой лицевой пластины фрагмент,__HIDDEN__,16х10х7 см,Фрагмент,Мешанная коричневая супесь с включениями (слоистые подсыпки)/ гориз.1,ИИМК РАН,2014.0,data/raw/images/КБ-2014-Р1-1489_orig.jpg,startswith,1,КБ-2014-Р1-1489,__HIDDEN__,__HIDDEN__,1,__HIDDEN__,1,__HIDDEN__,1,1,0,1
КБ-2014-Р1-1508,Тарелка,"Тарелки фарфоровой с клеймом на дне ""АII"" дна фрагмент",__HIDDEN__,,Фрагмент,Мешанная коричневая супесь с включениями (слоистые подсыпки)/ гориз.1,ИИМК РАН,2014.0,data/raw/images/КБ-2014-Р1-1508_orig.jpg,startswith,1,КБ-2014-Р1-1508,__HIDDEN__,__HIDDEN__,1,__HIDDEN__,1,__HIDDEN__,1,1,0,1
КБ-2014-Р1-1518,Тарелка,"Тарелки фаянсовой с клеймом на дне ""KPM DRGY LING SRUSCH"" Дна фрагмент",__HIDDEN__,5х9 см,Фрагмент,Мешанная коричневая супесь с включениями (слоистые подсыпки)/ гориз.1,ИИМК РАН,2014.0,data/raw/images/КБ-2014-Р1-1518_orig.jpg,startswith,1,КБ-2014-Р1-1518,__HIDDEN__,__HIDDEN__,1,__HIDDEN__,1,__HIDDEN__,1,1,0,1
КБ-2014-Р1-1539,Блюдце,Блюдца фарфорового с цветочным и геометрическим орнаментов на дне клеймо профиля фрагмент,__HIDDEN__,D 15 см,Фрагмент,Слой разрушения дома/ гориз.1,ИИМК РАН,2014.0,data/raw/images/КБ-2014-Р1-1539_orig.jpg,startswith,1,КБ-2014-Р1-1539,__HIDDEN__,__HIDDEN__,1,__HIDDEN__,1,__HIDDEN__,1,1,0,1
КБ-2014-Р1-1540,Блюдце,Блюдца фарфорового с голубым рисунком внутри профиля фрагмент,__HIDDEN__,D 14 см,Фрагмент,Слой разрушения дома/ гориз.1,ИИМК РАН,2014.0,data/raw/images/КБ-2014-Р1-1540_orig.jpg,startswith,1,КБ-2014-Р1-1540,__HIDDEN__,__HIDDEN__,1,__HIDDEN__,1,__HIDDEN__,1,1,0,1
КБ-2014-Р1-1568,Блюдце,Блюдца фарфорового  с монохромным цветочным рисунком внутри неровным краем профиля фрагмент,__HIDDEN__,D 15 см,Фрагмент,Техногенный слой/ гориз.1,ИИМК РАН,2014.0,data/raw/images/КБ-2014-Р1-1568_orig.jpg,startswith,1,КБ-2014-Р1-1568,__HIDDEN__,__HIDDEN__,1,__HIDDEN__,1,__HIDDEN__,1,1,0,1
КБ-2014-Р2-0056,Блюдце,Блюдце фаянсовое с голубоватой (?) поливой и растительным и геометрическим синим орнаментом профиль,__HIDDEN__,"Двен=16; Ддон=7,8; выс=2,5 см",Фрагмент,Слой 3/ гориз.2,ИИМК РАН,2014.0,data/raw/images/КБ-2014-Р2-0056_orig.jpg,startswith,1,КБ-2014-Р2-0056,__HIDDEN__,__HIDDEN__,1,__HIDDEN__,1,__HIDDEN__,1,1,1,1
КБ-2014-Р2-0091,Крышка,Чайника фарфорового с полихромным цветочным и линейным декольным орнаментом крышка,__HIDDEN__,"Д=4,5; выс=2,5 см",Целый,Слой 1/ гориз.1,ИИМК РАН,2014.0,data/raw/images/КБ-2014-Р2-0091_orig.jpg,startswith,1,КБ-2014-Р2-0091,__HIDDEN__,__HIDDEN__,1,__HIDDEN__,1,__HIDDEN__,1,1,0,1
КБ-2014-Р2-0092,Блюдце,Блюдце фарфоровое с зеленым линейным орнаментом по краю внутри и клеймом на донце фр-ое,__HIDDEN__,"Двен=14; Ддон=8; выс=3,2 см",Фрагмент,Слой 1/ гориз.1,ИИМК РАН,2014.0,data/raw/images/КБ-2014-Р2-0092_orig.jpg,startswith,1,КБ-2014-Р2-0092,__HIDDEN__,__HIDDEN__,1,__HIDDEN__,1,__HIDDEN__,1,1,0,1
КБ-2014-Р2-0127,Тарелка,Тарелки фаянсовой с растительным полихромным орнаментом внутри донца клейменого фр-т,__HIDDEN__,Д=11 см,Фрагмент,Слой 1/ гориз.1,ИИМК РАН,2014.0,data/raw/images/КБ-2014-Р2-0127_orig.jpg,startswith,1,КБ-2014-Р2-0127,__HIDDEN__,__HIDDEN__,1,__HIDDEN__,1,__HIDDEN__,1,1,0,1
КБ-2014-Р2-0128,Крышка,Сосуда фарфорового рельефной крышки профиль,__HIDDEN__,"Д=4; выс=1,3 см",Фрагмент,Слой 1/ гориз.1,ИИМК РАН,2014.0,data/raw/images/КБ-2014-Р2-0128_orig.jpg,startswith,1,КБ-2014-Р2-0128,__HIDDEN__,__HIDDEN__,1,__HIDDEN__,1,__HIDDEN__,1,1,0,1
КБ-2014-Р2-0130,Блюдце,Блюдце фарфоровое с клеймом на донце фр-ое,__HIDDEN__,"Двен=15,5; Ддон=8; выс=2,5 см",Фрагмент,Слой 1/ гориз.1,ИИМК РАН,2014.0,data/raw/images/КБ-2014-Р2-0130_orig.jpg,startswith,1,КБ-2014-Р2-0130,__HIDDEN__,__HIDDEN__,1,__HIDDEN__,1,__HIDDEN__,1,1,0,1
КБ-2014-Р2-0132,Блюдце,Блюдце фарфоровое с полихромным пейзажным орнаментом и клеймом на донце профиль,__HIDDEN__,"Двен=ок159; Ддон=; выс=2,5 см",Фрагмент,Слой 1/ гориз.1,ИИМК РАН,2014.0,data/raw/images/КБ-2014-Р2-0132_orig.jpg,startswith,1,КБ-2014-Р2-0132,__HIDDEN__,__HIDDEN__,1,__HIDDEN__,1,__HIDDEN__,1,1,0,1
КБ-2014-Р2-0211,Блюдце,"Блюдца фарфорового с золотым линейным и буквенным синим орнаментом внутри и клеймом на донце, профиль",__HIDDEN__,"Двен=не определен; Ддон=8; выс=2,2 см",Фрагмент,Слой 3а/ гориз.2,ИИМК РАН,2014.0,data/raw/images/КБ-2014-Р2-0211_orig.jpg,startswith,1,КБ-2014-Р2-0211,__HIDDEN__,__HIDDEN__,1,__HIDDEN__,1,__HIDDEN__,1,1,0,1
КБ-2014-Р2-0218,Блюдце,"Блюдце фарфоровое с полихромным линейным и растительным орнаментом внутри и клеймом на донце, фр-ое",__HIDDEN__,"Двен=14,5; Ддон=8,5; выс=2,5 см",Фрагмент,Слой 1/ гориз.1,ИИМК РАН,2014.0,data/raw/images/КБ-2014-Р2-0218_orig.jpg,startswith,1,КБ-2014-Р2-0218,__HIDDEN__,__HIDDEN__,1,__HIDDEN__,1,__HIDDEN__,1,1,0,1
КБ-2014-Р2-0323,Миска,"Миски красноглиняной с зелено-коричневой поливой внутри с белым волновым и линейным белым орнаментом, профиль",__HIDDEN__,Двен=20; Ддон=10; выс=6 см,Фрагмент,Слой 3а/ гориз.2,ИИМК РАН,2014.0,data/raw/images/КБ-2014-Р2-0323_orig.jpg,startswith,1,КБ-2014-Р2-0323,__HIDDEN__,__HIDDEN__,1,__HIDDEN__,1,__HIDDEN__,1,1,0,1
КБ-2014-Р2-0331,Тарелка,Тарелки миниатюрной фарфоровой с полихромным и рельефным орнаментом внутри профиль,__HIDDEN__,"Двен=8; Ддон=4,5; выс=1,5 см",Фрагмент,Слой 2/ гориз.2,ИИМК РАН,2014.0,data/raw/images/КБ-2014-Р2-0331_orig.jpg,startswith,1,КБ-2014-Р2-0331,__HIDDEN__,__HIDDEN__,1,__HIDDEN__,1,__HIDDEN__,1,1,0,1
КБ-2014-Р2-0430,Блюдце,Блюдца фарфорового с полихромным растительным орнаментом внутри профиль с клеймом на донце,__HIDDEN__,Двен=13; Ддон=8; выс=3 см,Фрагмент,Слой 3а,ИИМК РАН,2014.0,data/raw/images/КБ-2014-Р2-0430_orig.jpg,startswith,1,КБ-2014-Р2-0430,__HIDDEN__,__HIDDEN__,1,__HIDDEN__,1,__HIDDEN__,1,1,0,1
КБ-2014-Р2-0431,Блюдце,Блюдца фарфорового с полихромным растительным орнаментом внутри профиль с клеймом на донце,__HIDDEN__,Двен=13; Ддон=8; выс=3 см,Фрагмент,Слой 3а,ИИМК РАН,2014.0,data/raw/images/КБ-2014-Р2-0431_orig.jpg,startswith,1,КБ-2014-Р2-0431,__HIDDEN__,__HIDDEN__,1,__HIDDEN__,1,__HIDDEN__,1,1,0,1
КБ-2014-Р2-0435,Крышка,Сосуда красноглиняного с коричневой снаружи и белой поливой внутри крышка,__HIDDEN__,"Д=8,5; выс=4 см",Целый,,ИИМК РАН,2014.0,data/raw/images/КБ-2014-Р2-0435_orig.jpg,startswith,1,КБ-2014-Р2-0435,__HIDDEN__,__HIDDEN__,1,__HIDDEN__,1,__HIDDEN__,1,1,0,1
КБ-2014-Р2-0484,Миска,Миски белоглиняной с нагаром и следами черной поливы снаружи и внутри профиль,__HIDDEN__,"Двен=16,5; Ддон=6,5; выс=6 см",Фрагмент,Слой 5/ гориз.3,ИИМК РАН,2014.0,data/raw/images/КБ-2014-Р2-0484_orig.jpg,startswith,1,КБ-2014-Р2-0484,__HIDDEN__,__HIDDEN__,1,__HIDDEN__,1,__HIDDEN__,1,1,0,1
КБ-2014-Р2-0485,Миска,Миски (?) с ручкой белоглиняного с нагаром и частичной зеленой поливой снаружи и внутри профиль,__HIDDEN__,"Двен=22; Ддон=13; выс=5,5 см",Фрагмент,Слой 5/ гориз.3,ИИМК РАН,2014.0,data/raw/images/КБ-2014-Р2-0485_orig.jpg,startswith,1,КБ-2014-Р2-0485,__HIDDEN__,__HIDDEN__,1,__HIDDEN__,1,__HIDDEN__,1,1,1,1
КБ-2014-Р2-0532,Тарелка,Тарелка фаянсовая с рельефным краем и растительным и пейзажным декольным синим орнаментом фр-ая с клеймом на донце,__HIDDEN__,"Двен=24; Ддон=14; выс=2,5 см",Фрагмент,Слой 4,ИИМК РАН,2014.0,data/raw/images/КБ-2014-Р2-0532_orig.jpg,startswith,1,КБ-2014-Р2-0532,__HIDDEN__,__HIDDEN__,1,__HIDDEN__,1,__HIDDEN__,1,1,0,1
КБ-2014-Р2-0568,Плитка,Плитка керамическая с клеймом,__HIDDEN__,5 х 5 х 1 см,Целый,Слой 2/ гориз.2,ИИМК РАН,2014.0,data/raw/images/КБ-2014-Р2-0568_orig.jpg,startswith,1,КБ-2014-Р2-0568,__HIDDEN__,__HIDDEN__,1,__HIDDEN__,1,__HIDDEN__,1,1,0,1
КБ-2014-Р2-0574,Крышка,Сосуда фаянсового с черной поливой снаружи и внутри крышки венчика фр-т,__HIDDEN__,Д=35 см,Фрагмент,Слой 5/ гориз.3,ИИМК РАН,2014.0,data/raw/images/КБ-2014-Р2-0574_orig.jpg,startswith,1,КБ-2014-Р2-0574,__HIDDEN__,__HIDDEN__,1,__HIDDEN__,1,__HIDDEN__,1,1,0,1
КБ-2014-Р2-0603,Изразец,Изразец фигурный красноглиняный с белой поливой,__HIDDEN__,"6,5 х 5,5 х 3,5 см",Целый,Слой 3/ гориз.2,ИИМК РАН,2014.0,data/raw/images/КБ-2014-Р2-0603_orig.jpg,startswith,1,КБ-2014-Р2-0603,__HIDDEN__,__HIDDEN__,1,__HIDDEN__,1,__HIDDEN__,1,1,0,1
КБ-2014-Р2-0605,Крышка,Сосуда фаянсового с белой поливой снаружи и внутри венчика крышки фр-т,__HIDDEN__,"Двен=16; выс=6,5 см",Фрагмент,Слой 3/ гориз.2,ИИМК РАН,2014.0,data/raw/images/КБ-2014-Р2-0605_orig.jpg,startswith,1,КБ-2014-Р2-0605,__HIDDEN__,__HIDDEN__,1,__HIDDEN__,1,__HIDDEN__,1,1,0,1
КБ-2014-Р2-0616,Блюдце,"Блюдце фаянсовое с белой поливой снаружи и внутри с синим и черным линейным орнаментом и клеймом на донце, профиль",__HIDDEN__,"Двен=15; Ддон=9,5; выс=3 см",Фрагмент,,ИИМК РАН,2014.0,data/raw/images/КБ-2014-Р2-0616_orig.jpg,startswith,1,КБ-2014-Р2-0616,__HIDDEN__,__HIDDEN__,1,__HIDDEN__,1,__HIDDEN__,1,1,0,1
КБ-2014-Р2-0638,Блюдце,"Блюдца фарфорового с золотым линейным орнаментом внутри, с клеймом на донце, профиль",__HIDDEN__,Двен=16; Ддон=9; выс=3 см,Фрагмент,Слой 3/ гориз.2,ИИМК РАН,2014.0,data/raw/images/КБ-2014-Р2-0638_orig.jpg,startswith,1,КБ-2014-Р2-0638,__HIDDEN__,__HIDDEN__,1,__HIDDEN__,1,__HIDDEN__,1,1,0,1
КБ-2014-Р2-0646,Блюдце,"Блюдце фарфоровое с золотым линейным и рельефным орнаментом внутри, с клеймом на донце фр-ое",__HIDDEN__,"Двен=14,5; Ддон=8,5; выс=3 см",Фрагмент,Слой 4,ИИМК РАН,2014.0,data/raw/images/КБ-2014-Р2-0646_orig.jpg,startswith,1,КБ-2014-Р2-0646,__HIDDEN__,__HIDDEN__,1,__HIDDEN__,1,__HIDDEN__,1,1,0,1
КБ-2014-Р2-0656,Миска,Миски белоглиняной с зеленой поливой снаружи и внутри профиль,__HIDDEN__,Двен=22; Ддон=10; выс=10 см,Фрагмент,,ИИМК РАН,2014.0,data/raw/images/КБ-2014-Р2-0656_orig.jpg,startswith,1,КБ-2014-Р2-0656,__HIDDEN__,__HIDDEN__,1,__HIDDEN__,1,__HIDDEN__,1,1,0,1
КБ-2014-Р2-0668,Блюдце,Сосуда (блюдца ?) фарфорового с золотым линейным орнаментом внутри донца с клеймом фр-т,__HIDDEN__,,Фрагмент,Слой 4,ИИМК РАН,2014.0,data/raw/images/КБ-2014-Р2-0668_orig.jpg,startswith,1,КБ-2014-Р2-0668,__HIDDEN__,__HIDDEN__,1,__HIDDEN__,1,__HIDDEN__,1,1,1,1
КБ-2014-Р2-0701,Изразец,Изразца (?) красноглиняного в виде колонны на постаменте фр-т,__HIDDEN__,"7,5+ х 6+ х 5+ см",Фрагмент,Слой 3/ гориз.2,ИИМК РАН,2014.0,data/raw/images/КБ-2014-Р2-0701_orig.jpg,startswith,1,КБ-2014-Р2-0701,__HIDDEN__,__HIDDEN__,1,__HIDDEN__,1,__HIDDEN__,1,1,1,1
КБ-2014-Р2-0712,Тарелка,"Тарелки фаянсовой с белой поливой снаружи и внутри с красным линейным орнаментом и рельефным краем, с клеймом на донце, профиль",__HIDDEN__,"Двен=19; Ддон=10; выс=2,5 см",Фрагмент,Слой 2а/ гориз.2,ИИМК РАН,2014.0,data/raw/images/КБ-2014-Р2-0712_orig.jpg,startswith,1,КБ-2014-Р2-0712,__HIDDEN__,__HIDDEN__,1,__HIDDEN__,1,__HIDDEN__,1,1,0,1
КБ-2014-Р2-0717,Крышка,Сосуда фаянсового с белой поливой внутри и снаружи с золотым линейным орнаментом крышка фр-ая,__HIDDEN__,Д=8; выс=5 см,Фрагмент,Слой 2/ гориз.2,ИИМК РАН,2014.0,data/raw/images/КБ-2014-Р2-0717_orig.jpg,startswith,1,КБ-2014-Р2-0717,__HIDDEN__,__HIDDEN__,1,__HIDDEN__,1,__HIDDEN__,1,1,0,1
КБ-2014-Р2-0773,Миска,Миска красноглиняная с белым ангобом снаружи и полихромной поливой внутри,__HIDDEN__,Двен=15; Ддон= 7; выс=4 см,Целый,Слой 5/ гориз.3,ИИМК РАН,2014.0,data/raw/images/КБ-2014-Р2-0773_orig.jpg,startswith,1,КБ-2014-Р2-0773,__HIDDEN__,__HIDDEN__,1,__HIDDEN__,1,__HIDDEN__,1,1,0,1
КБ-2014-Р2-0780,Крышка,Сосуда фаянсового с белой поливой снаружи и внутри крышка с навершием в виде цветка фр-ая,__HIDDEN__,"Д=3,3; выс=3,5 см",Фрагмент,Слой 5/ гориз.2,ИИМК РАН,2014.0,data/raw/images/КБ-2014-Р2-0780_orig.jpg,startswith,1,КБ-2014-Р2-0780,__HIDDEN__,__HIDDEN__,1,__HIDDEN__,1,__HIDDEN__,1,1,0,1
КБ-2014-Р2-0791,Блюдце,Блюдце миниатюрное фарфоровое,__HIDDEN__,"Двен=6; Ддон=3,5; выс=1,5 см",Целый,Слой 5/ гориз.3,ИИМК РАН,2014.0,data/raw/images/КБ-2014-Р2-0791_orig.jpg,startswith,1,КБ-2014-Р2-0791,__HIDDEN__,__HIDDEN__,1,__HIDDEN__,1,__HIDDEN__,1,1,0,1
КБ-2014-Р3-0049,Тарелка,Тарелки фарфоровой с белой поливой снаружи и внутри донца с двумя клеймами фр-т,__HIDDEN__,D15 см,Фрагмент,Слой 1/ гориз.1,ИИМК РАН,2014.0,data/raw/images/КБ-2014-Р3-0049_orig.jpg,startswith,1,КБ-2014-Р3-0049,__HIDDEN__,__HIDDEN__,1,__HIDDEN__,1,__HIDDEN__,1,1,0,1
КБ-2014-Р3-0114,Тарелка,Тарелка фаянсовая с белой поливой снаружи и белой поливой с коричневым надглазурным цветочным орнаментом в стиле деколь внутри профиль с клеймом на донце,__HIDDEN__,"Dвен=17; Dдон=9; Выс=1,6 см",Фрагмент,Слой 1/ гориз.1,ИИМК РАН,2014.0,data/raw/images/КБ-2014-Р3-0114_orig.jpg,startswith,1,КБ-2014-Р3-0114,__HIDDEN__,__HIDDEN__,1,__HIDDEN__,1,__HIDDEN__,1,1,0,1
КБ-2014-Р3-0116,Блюдце,Блюдечка фарфорового с белой поливой снаружи и белой поливой с зеленым подглазурным растительным орнаментом внутри профиль,__HIDDEN__,Dвен=8; Dдон=4; Выс=1 см,Фрагмент,Слой 1/ гориз.1,ИИМК РАН,2014.0,data/raw/images/КБ-2014-Р3-0116_orig.jpg,startswith,1,КБ-2014-Р3-0116,__HIDDEN__,__HIDDEN__,1,__HIDDEN__,1,__HIDDEN__,1,1,0,1
КБ-2014-Р3-0147,Изразец,Изразца белоглиняного с коричневой поливой и рельефным орнаментом снаружи карнизной части с румпой фр-т,__HIDDEN__,"16,5+ х 14,5 х 2,5; hрум=3 см",Фрагмент,Слой 2/ гориз.1,ИИМК РАН,2014.0,data/raw/images/КБ-2014-Р3-0147_orig.jpg,startswith,1,КБ-2014-Р3-0147,__HIDDEN__,__HIDDEN__,1,__HIDDEN__,1,__HIDDEN__,1,1,0,1
КБ-2014-Р3-0157,Блюдце,Блюдца фарфорового с белой поливой снаружи и белой поливой с полихромным надглазурным орнаментом и золотистой каймой внутри донце с клеймом,__HIDDEN__,"D6,5 см",Целый,Слой 2/ гориз.1,ИИМК РАН,2014.0,data/raw/images/КБ-2014-Р3-0157_orig.jpg,startswith,1,КБ-2014-Р3-0157,__HIDDEN__,__HIDDEN__,1,__HIDDEN__,1,__HIDDEN__,1,1,0,1
КБ-2014-Р3-0171,Тарелка,Тарелки фарфоровой с белой поливой снаружи и внутри донца с клеймом фр-т,__HIDDEN__,D13 см,Фрагмент,Слой 2/ гориз.1,ИИМК РАН,2014.0,data/raw/images/КБ-2014-Р3-0171_orig.jpg,startswith,1,КБ-2014-Р3-0171,__HIDDEN__,__HIDDEN__,1,__HIDDEN__,1,__HIDDEN__,1,1,0,1
КБ-2014-Р3-0252,Блюдце,Сосуда(блюдца) фарфорового с белой поливой снаружи и белой поливой с полихромным надглазурным орнаментом внутри донца с клеймом фр-т,__HIDDEN__,,Фрагмент,Слой 3/ гориз.1,ИИМК РАН,2014.0,data/raw/images/КБ-2014-Р3-0252_orig.jpg,startswith,1,КБ-2014-Р3-0252,__HIDDEN__,__HIDDEN__,1,__HIDDEN__,1,__HIDDEN__,1,1,0,1
КБ-2014-Р3-0268,Крышка,Крышки фаянсовой с бело-коричневой поливой снаружи с коричневым линейным орнаментом и бело-коричневой поливой внутри профиль,__HIDDEN__,"D11; Выс=1,5 см",Фрагмент,Слой 2/ гориз.1,ИИМК РАН,2014.0,data/raw/images/КБ-2014-Р3-0268_orig.jpg,startswith,1,КБ-2014-Р3-0268,__HIDDEN__,__HIDDEN__,1,__HIDDEN__,1,__HIDDEN__,1,1,0,1
КБ-2014-Р3-0302,Блюдце,Блюдце фарфоровое с белой поливой снаружи и бело-коричневой поливой с полихромным надглазурным цветочным орнаментом внутри фрагментированное с клеймом на донце,__HIDDEN__,"Dвен=15; Dдон=8; Выс=3,1 см",Фрагмент,Слой 3/ гориз.1,ИИМК РАН,2014.0,data/raw/images/КБ-2014-Р3-0302_orig.jpg,startswith,1,КБ-2014-Р3-0302,__HIDDEN__,__HIDDEN__,1,__HIDDEN__,1,__HIDDEN__,1,1,0,1
КБ-2014-Р3-0342,Изразец,Изразца красноглиняного плоского клейменого с белой поливой снаружи фр-т,__HIDDEN__,"16+ х 17,5+ х 1,5 см",Фрагмент,,ИИМК РАН,2014.0,data/raw/images/КБ-2014-Р3-0342_orig.jpg,startswith,1,КБ-2014-Р3-0342,__HIDDEN__,__HIDDEN__,1,__HIDDEN__,1,__HIDDEN__,1,1,0,1
КБ-2014-Р3-0397,Изразец,Изразца красноглиняного плоского клейменого с белой поливой снаружи фр-т,__HIDDEN__,,Фрагмент,Слой 2/ гориз.1,ИИМК РАН,2014.0,data/raw/images/КБ-2014-Р3-0397_orig.jpg,startswith,1,КБ-2014-Р3-0397,__HIDDEN__,__HIDDEN__,1,__HIDDEN__,1,__HIDDEN__,1,1,0,1
КБ-2014-Р3-0399,Тарелка,Тарелки красноглиняной с белым ангобом снаружи и бежево-коричневой поливой с полихромным орнаментом по белому ангобу внутри профиль,__HIDDEN__,"Dвен=15; Dдон=8; Выс=3,8 см",Фрагмент,Слой 2/ гориз.1,ИИМК РАН,2014.0,data/raw/images/КБ-2014-Р3-0399_orig.jpg,startswith,1,КБ-2014-Р3-0399,__HIDDEN__,__HIDDEN__,1,__HIDDEN__,1,__HIDDEN__,1,1,0,1
КБ-2014-Р3-0419,Крышка,Крышка пластмассовая красная с рельефной надписью,__HIDDEN__,6 х 5 х 1 см,Целый,Слой 2/ гориз.1,ИИМК РАН,2014.0,data/raw/images/КБ-2014-Р3-0419_orig.jpg,startswith,1,КБ-2014-Р3-0419,__HIDDEN__,__HIDDEN__,1,__HIDDEN__,1,__HIDDEN__,1,1,0,1
КБ-2014-Р3-0436,Тарелка,Тарелки фаянсовой с белой поливой снаружи и белой поливой с черным подглазурным растительным орнаментом в стиле деколь профиль с клеймом на донце,__HIDDEN__,"Dвен=17; Dдон=9; Выс=1,6 см",Фрагмент,Слой 2/ гориз.1,ИИМК РАН,2014.0,data/raw/images/КБ-2014-Р3-0436_orig.jpg,startswith,1,КБ-2014-Р3-0436,__HIDDEN__,__HIDDEN__,1,__HIDDEN__,1,__HIDDEN__,1,1,0,1
КБ-2014-Р3-0535,Миска,Миски белоглиняной с серо-желтой поливой внутри профиль с ручкой,__HIDDEN__,"Dвен=17; Dдон=14; Выс=5,5 см",Фрагмент,Слой 5/ гориз.2,ИИМК РАН,2014.0,data/raw/images/КБ-2014-Р3-0535_orig.jpg,startswith,1,КБ-2014-Р3-0535,__HIDDEN__,__HIDDEN__,1,__HIDDEN__,1,__HIDDEN__,1,1,0,1
КБ-2014-Р4-248,Блюдце,"Блюдца фарфорового с цветочным орнаментом внутри и клеймом снаружи на дне ""Тво МСКУЗНЕЦОВА"" фрагмент",__HIDDEN__,D14 см,Фрагмент,Слой 3,ИИМК РАН,2014.0,data/raw/images/КБ-2014-Р4-248_orig.jpg,startswith,1,КБ-2014-Р4-248,__HIDDEN__,__HIDDEN__,1,__HIDDEN__,1,__HIDDEN__,1,1,0,1
КБ-2014-Р4-250,Блюдце,"Блюдца фарфорового с цветочным орнаментом внутри и клеймом снаружи на дне ""Тво М.С.КУЗНЕЦОВА"" фрагмент",__HIDDEN__,"D14,5 см",Фрагмент,Слой 3,ИИМК РАН,2014.0,data/raw/images/КБ-2014-Р4-250_orig.jpg,startswith,1,КБ-2014-Р4-250,__HIDDEN__,__HIDDEN__,1,__HIDDEN__,1,__HIDDEN__,1,1,0,1
КБ-2014-Р4-307,Блюдце,"Блюдца фарфорового фрагмент на дне клеймо в круге ""ВР"" ниже ""КУЗНЕЦОВА"" фрагмент",__HIDDEN__,D14 см,Фрагмент,Слой 3,ИИМК РАН,2014.0,data/raw/images/КБ-2014-Р4-307_orig.jpg,startswith,1,КБ-2014-Р4-307,__HIDDEN__,__HIDDEN__,1,__HIDDEN__,1,__HIDDEN__,1,1,0,1
КБ-2014-Р4-424,Миска,"Миска фаянсовая на дне клеймо ""М.С.КУЗНЕЦОВА. Въ г. Ригъ""",__HIDDEN__,D8 см,Целый,Слой 3,ИИМК РАН,2014.0,data/raw/images/КБ-2014-Р4-424_orig.jpg,startswith,1,КБ-2014-Р4-424,__HIDDEN__,__HIDDEN__,1,__HIDDEN__,1,__HIDDEN__,1,1,0,1
КБ-2014-Р4-462,Изразец,Изразец печной красноглиняный с кобальтовой росписью по белой поливе,__HIDDEN__,,Целый,Слой 5в,ИИМК РАН,2014.0,data/raw/images/КБ-2014-Р4-462_orig.jpg,startswith,1,КБ-2014-Р4-462,__HIDDEN__,__HIDDEN__,1,__HIDDEN__,1,__HIDDEN__,1,1,0,1
КБ-2014-Р4-494,Тарелка,"Тарелки фарфоровой с цветочным рисунком внутри и клеймом на дне снаружи  ""G"" дна фрагмент",__HIDDEN__,"5,5х7 см",Фрагмент,Слой 5б,ИИМК РАН,2014.0,data/raw/images/КБ-2014-Р4-494_orig.jpg,startswith,1,КБ-2014-Р4-494,__HIDDEN__,__HIDDEN__,1,__HIDDEN__,1,__HIDDEN__,1,1,0,1
КБ-2014-Р4-495,Изразец,Изразца красноглиняного с белой поливой и кобальтовой пейзажной росписью лицевой платины фрагмент,__HIDDEN__,16х8х3 см,Фрагмент,Слой 5б,ИИМК РАН,2014.0,data/raw/images/КБ-2014-Р4-495_orig.jpg,startswith,1,КБ-2014-Р4-495,__HIDDEN__,__HIDDEN__,1,__HIDDEN__,1,__HIDDEN__,1,1,0,1
КБ-2014-Р4-517,Тарелка,"Тарелки фаянсовый с цветочным рисунком внутри и клеймом синей краской снаружи  изображение герба ""фабрики гарднеръ"" фрагмент",__HIDDEN__,5х6 см,Фрагмент,Слой 1,ИИМК РАН,2014.0,data/raw/images/КБ-2014-Р4-517_orig.jpg,startswith,1,КБ-2014-Р4-517,__HIDDEN__,__HIDDEN__,1,__HIDDEN__,1,__HIDDEN__,1,1,0,1
КБ-2014-Р4-571,Тарелка,"Тарелки фарфоровой профиля фрагмент на вдавленное клеймо герб ""М .С. КУЗНЕЦОВА 4""",__HIDDEN__,D11.5 см,Фрагмент,Слой 1,ИИМК РАН,2014.0,data/raw/images/КБ-2014-Р4-571_orig.jpg,startswith,1,КБ-2014-Р4-571,__HIDDEN__,__HIDDEN__,1,__HIDDEN__,1,__HIDDEN__,1,1,0,1
КБ-2014-Р5-0032,Крышка,Сосуда фарфорового с белой поливой внутри и снаружи с рельефным орнаментом крышка,__HIDDEN__,"Д=4; выс=1,3 см",Целый,Слой 1/ гориз.1,ИИМК РАН,2014.0,data/raw/images/КБ-2014-Р5-0032_orig.jpg,startswith,1,КБ-2014-Р5-0032,__HIDDEN__,__HIDDEN__,1,__HIDDEN__,1,__HIDDEN__,1,1,0,1
КБ-2014-Р5-0035,Тарелка,"Тарелки фаянсовой с белой поливой снаружи и внутри с полихромным декольным растительным орнаментом, с клеймом на донце, профиль",__HIDDEN__,Ддон=10; выс=2 см,Фрагмент,Слой 1/ гориз.1,ИИМК РАН,2014.0,data/raw/images/КБ-2014-Р5-0035_orig.jpg,startswith,1,КБ-2014-Р5-0035,__HIDDEN__,__HIDDEN__,1,__HIDDEN__,1,__HIDDEN__,1,1,0,1
КБ-2014-Р5-0066,Блюдце,Блюдце фарфоровое с белой поливой снаружи и внутри с золотым линейным орнаментом и клеймом на донце фр-ое,__HIDDEN__,"Двен=13; Ддон=7; выс=3,5 см",Фрагмент,,ИИМК РАН,2014.0,data/raw/images/КБ-2014-Р5-0066_orig.jpg,startswith,1,КБ-2014-Р5-0066,__HIDDEN__,__HIDDEN__,1,__HIDDEN__,1,__HIDDEN__,1,1,0,1
КБ-2014-Р5-0068,Блюдце,"Блюдце фарфоровое с белой поливой снаружи и внутри с синим линейным и зеленым растительным орнаментом, клеймом на донце фр-ое",__HIDDEN__,"Двен=14; Ддон=7,5; выс=2,5 см",Фрагмент,,ИИМК РАН,2014.0,data/raw/images/КБ-2014-Р5-0068_orig.jpg,startswith,1,КБ-2014-Р5-0068,__HIDDEN__,__HIDDEN__,1,__HIDDEN__,1,__HIDDEN__,1,1,0,1
КБ-2014-Р5-0071,Блюдце,"Блюдца фарфорового с белой поливой снаружи и внутри с полихромным и рельефным орнаментом, с клеймом на донце профиль",__HIDDEN__,Двен=15; Ддон=10; выс=3 см,Фрагмент,,ИИМК РАН,2014.0,data/raw/images/КБ-2014-Р5-0071_orig.jpg,startswith,1,КБ-2014-Р5-0071,__HIDDEN__,__HIDDEN__,1,__HIDDEN__,1,__HIDDEN__,1,1,0,1
КБ-2014-Р5-0072,Блюдце,"Блюдце фарфоровое с белой поливой снаружи и белой и зеленой внутри с полихромным растительным и рельефным орнаментом, профиль",__HIDDEN__,"Двен=14; Ддон=7,5; выс=2,5 см",Фрагмент,,ИИМК РАН,2014.0,data/raw/images/КБ-2014-Р5-0072_orig.jpg,startswith,1,КБ-2014-Р5-0072,__HIDDEN__,__HIDDEN__,1,__HIDDEN__,1,__HIDDEN__,1,1,0,1
КБ-2014-Р5-0074,Крышка,Сосуда фарфорового с белой поливой внутри и снаружи с полихромной растительной росписью и рельефным орнаментом крышка фр-ая,__HIDDEN__,"Д=6,5 см",Фрагмент,,ИИМК РАН,2014.0,data/raw/images/КБ-2014-Р5-0074_orig.jpg,startswith,1,КБ-2014-Р5-0074,__HIDDEN__,__HIDDEN__,1,__HIDDEN__,1,__HIDDEN__,1,1,0,1
КБ-2014-Р5-0081,Блюдце,Блюдце фарфоровое с белой поливой снаружи и внутри клеймом на донце фр-ое,__HIDDEN__,"Двен=13,5; Ддон=7; выс=3 см",Фрагмент,,ИИМК РАН,2014.0,data/raw/images/КБ-2014-Р5-0081_orig.jpg,startswith,1,КБ-2014-Р5-0081,__HIDDEN__,__HIDDEN__,1,__HIDDEN__,1,__HIDDEN__,1,1,0,1
КБ-2014-Р5-0093,Тарелка,"Тарелка фаянсовая с белой поливой снаружи и внутри с синим декольным растительным орнаментом и клеймом на донце, фр-ая",__HIDDEN__,"Двен=18,5; Ддон=9,5; выс=2,5 см",Фрагмент,,ИИМК РАН,2014.0,data/raw/images/КБ-2014-Р5-0093_orig.jpg,startswith,1,КБ-2014-Р5-0093,__HIDDEN__,__HIDDEN__,1,__HIDDEN__,1,__HIDDEN__,1,1,0,1
КБ-2014-Р5-0097,Тарелка,"Тарелка фаянсовая с белой поливой снаружи и внутри с голубым и золотым линейным орнаментом и клеймом на донце, фр-ая",__HIDDEN__,"Двен=18; Ддон=9; выс=2,5 см",Фрагмент,,ИИМК РАН,2014.0,data/raw/images/КБ-2014-Р5-0097_orig.jpg,startswith,1,КБ-2014-Р5-0097,__HIDDEN__,__HIDDEN__,1,__HIDDEN__,1,__HIDDEN__,1,1,0,1
КБ-2014-Р5-0105,Миска,Миска красноглиняная с коричневой поливой внутри и частично снаружи фр-ая,__HIDDEN__,"Двен=24; Ддон=14; выс=10,5 см",Фрагмент,,ИИМК РАН,2014.0,data/raw/images/КБ-2014-Р5-0105_orig.jpg,startswith,1,КБ-2014-Р5-0105,__HIDDEN__,__HIDDEN__,1,__HIDDEN__,1,__HIDDEN__,1,1,0,1
КБ-2014-Р5-0107,Миска,Миска красноглиняная с зеленоватой поливой внутри фр-ая,__HIDDEN__,Двен=25; Ддон=10; выс=11 см,Фрагмент,,ИИМК РАН,2014.0,data/raw/images/КБ-2014-Р5-0107_orig.jpg,startswith,1,КБ-2014-Р5-0107,__HIDDEN__,__HIDDEN__,1,__HIDDEN__,1,__HIDDEN__,1,1,0,1
КБ-2014-Р5-0108,Миска,Миска красноглиняная со светло-коричневой оббитой поливой внутри и частично снаружи фр-ая,__HIDDEN__,"Двен=20,5; Ддон=13; выс=9 см",Фрагмент,,ИИМК РАН,2014.0,data/raw/images/КБ-2014-Р5-0108_orig.jpg,startswith,1,КБ-2014-Р5-0108,__HIDDEN__,__HIDDEN__,1,__HIDDEN__,1,__HIDDEN__,1,1,0,1
КБ-2014-Р5-0111,Миска,Миска красноглиняная со светло-желтой поливой внутри и частичной коричневой снаружи фр-ая,__HIDDEN__,"Двен=20; Ддон=11,5; выс=8 см",Фрагмент,,ИИМК РАН,2014.0,data/raw/images/КБ-2014-Р5-0111_orig.jpg,startswith,1,КБ-2014-Р5-0111,__HIDDEN__,__HIDDEN__,1,__HIDDEN__,1,__HIDDEN__,1,1,0,1
КБ-2014-Р5-0118,Тарелка,"Тарелка красноглиняная с коричневой поливой снаружи и светло-желтой внутри с рельефной надписью по краю, фр-ая",__HIDDEN__,"Двен=25,5; Ддон=13; выс=4,5 см",Фрагмент,,ИИМК РАН,2014.0,data/raw/images/КБ-2014-Р5-0118_orig.jpg,startswith,1,КБ-2014-Р5-0118,__HIDDEN__,__HIDDEN__,1,__HIDDEN__,1,__HIDDEN__,1,1,0,1
КБ-2014-Р5-0120,Крышка,Сосуда красноглиняного с коричневой поливой снаружи и белой внутри крышка фр-ая,__HIDDEN__,Д=15; выс=5 см,Фрагмент,,ИИМК РАН,2014.0,data/raw/images/КБ-2014-Р5-0120_orig.jpg,startswith,1,КБ-2014-Р5-0120,__HIDDEN__,__HIDDEN__,1,__HIDDEN__,1,__HIDDEN__,1,1,0,1
КБ-2014-Р5-0134,Крышка,Банка парфюмерная белого глухого стекла с крышкой,__HIDDEN__,"Двен=6; Ддон=7,5; выс=3,5 см",Целый,,ИИМК РАН,2014.0,data/raw/images/КБ-2014-Р5-0134_orig.jpg,startswith,1,КБ-2014-Р5-0134,__HIDDEN__,__HIDDEN__,1,__HIDDEN__,1,__HIDDEN__,1,1,0,1
КБ-2014-Р5-0229,Блюдце,Блюдце миниатюрное фарфоровое с белой поливой снаружи и внутри с золотым линейным орнаментом фр-ое,__HIDDEN__,"Двен=7; Ддон=3,5; выс=1,5 см",Фрагмент,Слой 3/ гориз.1,ИИМК РАН,2014.0,data/raw/images/КБ-2014-Р5-0229_orig.jpg,startswith,1,КБ-2014-Р5-0229,__HIDDEN__,__HIDDEN__,1,__HIDDEN__,1,__HIDDEN__,1,1,0,1
КБ-2014-Р5-0297,Тарелка,Тарелки фаянсовой с белой поливой снаружи и внутри донца клейменого фр-т,__HIDDEN__,Д=16 см,Фрагмент,Слой 5/ гориз.2,ИИМК РАН,2014.0,data/raw/images/КБ-2014-Р5-0297_orig.jpg,startswith,1,КБ-2014-Р5-0297,__HIDDEN__,__HIDDEN__,1,__HIDDEN__,1,__HIDDEN__,1,1,0,1
КБ-2014-Р5-0415,Миска,Миска красноглиняная с коричневой поливой внутри фр-ая,__HIDDEN__,Двен=22; Ддон=12; выс=6 см,Фрагмент,,ИИМК РАН,2014.0,data/raw/images/КБ-2014-Р5-0415_orig.jpg,startswith,1,КБ-2014-Р5-0415,__HIDDEN__,__HIDDEN__,1,__HIDDEN__,1,__HIDDEN__,1,1,0,1
КБ-2014-Р5-0421,Тарелка,Тарелка с рельефным краем фаянсовая с белой поливой снаружи и внутри с фиолетовым растительным и  цветочным орнаментом фр-ая,__HIDDEN__,"Двен=26,5; Ддон=14,5; выс=2,5 см",Фрагмент,,ИИМК РАН,2014.0,data/raw/images/КБ-2014-Р5-0421_orig.jpg,startswith,1,КБ-2014-Р5-0421,__HIDDEN__,__HIDDEN__,1,__HIDDEN__,1,__HIDDEN__,1,1,0,1
КБ-2014-Р5-0430,Плитка,Плитка керамическая с полихромным орнаментом в виде рельефной мозаики,__HIDDEN__,"4,5+ х 5+ х 2 см",Целый,,ИИМК РАН,2014.0,data/raw/images/КБ-2014-Р5-0430_orig.jpg,startswith,1,КБ-2014-Р5-0430,__HIDDEN__,__HIDDEN__,1,__HIDDEN__,1,__HIDDEN__,1,1,0,1
КБ-2014-Р5-0477,Плитка,"Плитка керамическая 8-гранная с клеймом, фр-ая",__HIDDEN__,"17 х 10 х 1,5 см",Фрагмент,,ИИМК РАН,2014.0,data/raw/images/КБ-2014-Р5-0477_orig.jpg,startswith,1,КБ-2014-Р5-0477,__HIDDEN__,__HIDDEN__,1,__HIDDEN__,1,__HIDDEN__,1,1,0,1
КБ-2014-Р5-0486,Блюдце,"Блюдо фарфоровое с белой поливой снаружи и внутри с красным орнаментом и надписью ""АКВАРIУМЪ."", с клеймом на донце фр-ое",__HIDDEN__,"12+ х 9 х 2,5 см",Фрагмент,Слой 3/ гориз.1,ИИМК РАН,2014.0,data/raw/images/КБ-2014-Р5-0486_orig.jpg,startswith,1,КБ-2014-Р5-0486,__HIDDEN__,__HIDDEN__,1,__HIDDEN__,1,__HIDDEN__,1,1,0,1
КБ-2014-Р5-0491,Блюдце,Блюдце фаянсовое  с белой поливой снаружи и внутри с золотым линейным орнаментом и клеймом на донце,__HIDDEN__,"Двен=10,5; Ддон=5; выс=1,8 см",Целый,Слой 3/ гориз.1,ИИМК РАН,2014.0,data/raw/images/КБ-2014-Р5-0491_orig.jpg,startswith,1,КБ-2014-Р5-0491,__HIDDEN__,__HIDDEN__,1,__HIDDEN__,1,__HIDDEN__,1,1,0,1
КБ-2014-Р6-036,Миска,Миски красноглиняной с коричневой поливой внутри венчика фр-т,__HIDDEN__,D=25 см,Фрагмент,Слой 1/ техноген,ИИМК РАН,2014.0,data/raw/images/КБ-2014-Р6-036_orig.jpg,startswith,1,КБ-2014-Р6-036,__HIDDEN__,__HIDDEN__,1,__HIDDEN__,1,__HIDDEN__,1,1,0,1
КБ-2014-Р6-048,Крышка,Крышка фарфоровая с белой поливой снаружи и внутри,__HIDDEN__,D=5.5 см,Целый,Слой 2/ Слой засыпки с известковым раствором и кирпичной крошкой (слой разрушения дома),ИИМК РАН,2014.0,data/raw/images/КБ-2014-Р6-048_orig.jpg,startswith,1,КБ-2014-Р6-048,__HIDDEN__,__HIDDEN__,1,__HIDDEN__,1,__HIDDEN__,1,1,0,1
КБ-2014-Р6-088,Крышка,Крышка от сосуда фарфоровая с зеленой поливой с темно-зеленым подглазурным растительным орнаментом снаружи и белой поливой внутри,__HIDDEN__,D=6 см,Целый,Слой 5/ Щепа и переотложенная щепа,ИИМК РАН,2014.0,data/raw/images/КБ-2014-Р6-088_orig.jpg,startswith,1,КБ-2014-Р6-088,__HIDDEN__,__HIDDEN__,1,__HIDDEN__,1,__HIDDEN__,1,1,0,1
КБ-2014-Р6-095,Тарелка,Тарелки фаянсовой с белой поливой снаружи и белой поливой с синим подглазурным цветочным орнаментом в стиле деколь профиль с клеймом на донце,__HIDDEN__,Dвен не опред; Dдон=10; Выс=4.5 см,Фрагмент,Слой 5/ Щепа и переотложенная щепа,ИИМК РАН,2014.0,data/raw/images/КБ-2014-Р6-095_orig.jpg,startswith,1,КБ-2014-Р6-095,__HIDDEN__,__HIDDEN__,1,__HIDDEN__,1,__HIDDEN__,1,1,0,1
КБ-2014-Р6-097,Крышка,Крышка от сосуда фарфоровая с белой поливой с золотистой окантовкой снаружи и белой поливой внутри,__HIDDEN__,D=7.5 см,Целый,Слой 5/ Щепа и переотложенная щепа,ИИМК РАН,2014.0,data/raw/images/КБ-2014-Р6-097_orig.jpg,startswith,1,КБ-2014-Р6-097,__HIDDEN__,__HIDDEN__,1,__HIDDEN__,1,__HIDDEN__,1,1,0,1
КБ-2014-Р6-122,Миска,Миски красноглиняной с темно-коричневой поливой снаружи и светло-коричневой поливой внутри профиль,__HIDDEN__,D не опред.; Выс=3.5 см,Фрагмент,Слой 5/ Щепа и переотложенная щепа (зап.щепы и серый мешаный песок),ИИМК РАН,2014.0,data/raw/images/КБ-2014-Р6-122_orig.jpg,startswith,1,КБ-2014-Р6-122,__HIDDEN__,__HIDDEN__,1,__HIDDEN__,1,__HIDDEN__,1,1,0,1
КБ-2014-Р6-137,Крышка,Крышка фарфоровая с белой поливой с фиолетовым надглазурным орнаментом снаружи и белой поливой внутри,__HIDDEN__,D=5; Выс=3 см,Целый,Слой 1/ техноген,ИИМК РАН,2014.0,data/raw/images/КБ-2014-Р6-137_orig.jpg,startswith,1,КБ-2014-Р6-137,__HIDDEN__,__HIDDEN__,1,__HIDDEN__,1,__HIDDEN__,1,1,0,1
КБ-2014-Р6-183,Миска,Миска красноглиняная с коричневой поливой снаружи и внутри фрагментированная,__HIDDEN__,Dвен=20; Dдон=-10; Выс=9 см,Фрагмент,Слой 5/ Щепа и переотложенная щепа,ИИМК РАН,2014.0,data/raw/images/КБ-2014-Р6-183_orig.jpg,startswith,1,КБ-2014-Р6-183,__HIDDEN__,__HIDDEN__,1,__HIDDEN__,1,__HIDDEN__,1,1,0,1
КБ-2014-Р6-193,Крышка,Крышки фаянсовой с полихромной поливой снаружи и белой поливой внутри профиль,__HIDDEN__,,Фрагмент,Слой 2/ Слой засыпки с известковым раствором и кирпичной крошкой (слой разрушения дома),ИИМК РАН,2014.0,data/raw/images/КБ-2014-Р6-193_orig.jpg,startswith,1,КБ-2014-Р6-193,__HIDDEN__,__HIDDEN__,1,__HIDDEN__,1,__HIDDEN__,1,1,0,1
КБ-2014-Р6-199,Блюдце,Блюдце фарфоровое с белой поливой снаружи и белой поливой с полихромным геометрическим орнаментом внутри и клеймом на донце фрагментированное,__HIDDEN__,Dвен=14.5; Dдон=8; Выс=3 см,Фрагмент,Слой 2/ Слой засыпки с известковым раствором и кирпичной крошкой (слой разрушения дома),ИИМК РАН,2014.0,data/raw/images/КБ-2014-Р6-199_orig.jpg,startswith,1,КБ-2014-Р6-199,__HIDDEN__,__HIDDEN__,1,__HIDDEN__,1,__HIDDEN__,1,1,0,1
КБ-2014-Р6-202,Миска,Миска красноглиняная с коричневой поливой снаружи и внутри фрагментированная,__HIDDEN__,Dвен=18; Dдон=7.5; Выс=6  см,Фрагмент,Слой 2/ Слой засыпки с известковым раствором и кирпичной крошкой (слой разрушения дома),ИИМК РАН,2014.0,data/raw/images/КБ-2014-Р6-202_orig.jpg,startswith,1,КБ-2014-Р6-202,__HIDDEN__,__HIDDEN__,1,__HIDDEN__,1,__HIDDEN__,1,1,0,1
ЛАО-2012-М102-Ш1-004,Миска,Миски красноглиняной венчика фр-т,__HIDDEN__,Д30 см,Фрагмент,Строительный мусор (битый кирпич),ИИМК РАН,2012.0,data/raw/images/ЛАО-2012-М102-Ш1-004_orig.jpg,startswith,1,ЛАО-2012-М102-Ш1-004,__HIDDEN__,__HIDDEN__,1,__HIDDEN__,1,__HIDDEN__,1,1,0,1
ЛАО-2012-М102-Ш1-021,Тарелка,Тарелки фаянсовой края фр-т,__HIDDEN__,Д26 см,Фрагмент,Строительный мусор (битый кирпич),ИИМК РАН,2012.0,data/raw/images/ЛАО-2012-М102-Ш1-021_orig.jpg,startswith,1,ЛАО-2012-М102-Ш1-021,__HIDDEN__,__HIDDEN__,1,__HIDDEN__,1,__HIDDEN__,1,1,0,1
ЛАО-2012-М102-Ш3-118,Изразец,Изразца красноглиняного с сюжетным орнаментом и кобальтовой росписью по белому фону фр-т,__HIDDEN__,,Фрагмент,Строительный мусор (битый кирпич),ИИМК РАН,2012.0,data/raw/images/ЛАО-2012-М102-Ш3-118_orig.jpg,startswith,1,ЛАО-2012-М102-Ш3-118,__HIDDEN__,__HIDDEN__,1,__HIDDEN__,1,__HIDDEN__,1,1,0,1
ЛАО-2012-М102-Ш3-131,Тарелка,Тарелки белоглиняной с белым ангобом внутри края фр-т,__HIDDEN__,Д22 см,Фрагмент,Черный гумусированный супесчанный культурный слой со слоем щепы,ИИМК РАН,2012.0,data/raw/images/ЛАО-2012-М102-Ш3-131_orig.jpg,startswith,1,ЛАО-2012-М102-Ш3-131,__HIDDEN__,__HIDDEN__,1,__HIDDEN__,1,__HIDDEN__,1,1,0,1
ЛАО-2012-М102-Ш3-132,Миска,Сосуда красноглиняного с зелено-коричневой поливой внутри и снаружи венчика фр-т,__HIDDEN__,Д22 см,Фрагмент,Черный гумусированный супесчанный культурный слой со слоем щепы,ИИМК РАН,2012.0,data/raw/images/ЛАО-2012-М102-Ш3-132_orig.jpg,startswith,1,ЛАО-2012-М102-Ш3-132,__HIDDEN__,__HIDDEN__,1,__HIDDEN__,1,__HIDDEN__,1,1,0,1
ЛАО-2012-М102-Ш4-175,Тарелка,Тарелки фаянсовой с рельефным краем профиль,__HIDDEN__,"Д венчика 24, Д донца 14 см",Фрагмент,Светло-серая мешаная супесь,ИИМК РАН,2012.0,data/raw/images/ЛАО-2012-М102-Ш4-175_orig.jpg,startswith,1,ЛАО-2012-М102-Ш4-175,__HIDDEN__,__HIDDEN__,1,__HIDDEN__,1,__HIDDEN__,1,1,0,1
ЛАО-2012-М102-Ш5-189,Тарелка,Тарелка фаянсовая с полихромной росписью внутри с клеймом  фрагментированная,__HIDDEN__,"Д венчика 23, Д донца 12 см",Фрагмент,Темно-серый гумусированный слой с включениями битого кирпича и кирпичной крошки (засыпка траншеи),ИИМК РАН,2012.0,data/raw/images/ЛАО-2012-М102-Ш5-189_orig.jpg,startswith,1,ЛАО-2012-М102-Ш5-189,__HIDDEN__,__HIDDEN__,1,__HIDDEN__,1,__HIDDEN__,1,1,0,1
ЛАО-2012-М102-Ш5-203,Блюдце,Блюдца фаянсового профиль,__HIDDEN__,"Д венчика 15, Д донца 10 см",Фрагмент,Темно-серый гумусированный слой с включениями битого кирпича и кирпичной крошки (засыпка траншеи),ИИМК РАН,2012.0,data/raw/images/ЛАО-2012-М102-Ш5-203_orig.jpg,startswith,1,ЛАО-2012-М102-Ш5-203,__HIDDEN__,__HIDDEN__,1,__HIDDEN__,1,__HIDDEN__,1,1,0,1
Маяк-11-Ш1-07,Крышка,Крышка фарфоровая,__HIDDEN__,7 см,Целый,,,2011.0,data/raw/images/Маяк-11-Ш1-07_orig.jpg,startswith,1,Маяк-11-Ш1-07,__HIDDEN__,__HIDDEN__,1,__HIDDEN__,1,__HIDDEN__,1,1,0,1
Маяк-11-Ш3-72,Тарелка,Сосуда фаянсового с подглазурным (?) печатным кобальтовым растительным орнаментом снаружи венчика фр-т,__HIDDEN__,18 см,Фрагмент,,,2011.0,data/raw/images/Маяк-11-Ш3-72_orig.jpg,startswith,1,Маяк-11-Ш3-72,__HIDDEN__,__HIDDEN__,1,__HIDDEN__,1,__HIDDEN__,1,1,1,1
Нц-102-1519,Плитка,Плитка со шлифовкой,__HIDDEN__,"1,9+x1,1x0,2 см",Целый,Светлый песок/ гориз.2,,,data/raw/images/Нц-102-1519_orig.jpg,startswith,1,Нц-102-1519,__HIDDEN__,__HIDDEN__,1,__HIDDEN__,1,__HIDDEN__,1,1,0,1
Нц-23-1058,Тарелка,Тарелки красноглиняной с зеленой росписью по коричневой поливе внутри стенки фр-т,__HIDDEN__,,Фрагмент,Темно-серая гумусир. супесь,,,data/raw/images/Нц-23-1058_orig.jpg,startswith,1,Нц-23-1058,__HIDDEN__,__HIDDEN__,1,__HIDDEN__,1,__HIDDEN__,1,1,0,1
Нц-23-1215,Тарелка,Тарелки белоглиняной с белой поливой снаружи и голубым орнаментом по белой поливе внутри придонной части фр-т,__HIDDEN__,,Фрагмент,Переотложенная серо-желтая супесь,,,data/raw/images/Нц-23-1215_orig.jpg,startswith,1,Нц-23-1215,__HIDDEN__,__HIDDEN__,1,__HIDDEN__,1,__HIDDEN__,1,1,0,1
Нц-23-1785,Тарелка,Тарелки красноглиняной с белой и зеленой росписью по коричневой поливе внутри придонной части фр-т,__HIDDEN__,,Фрагмент,Темно-серая супесь,,,data/raw/images/Нц-23-1785_orig.jpg,startswith,1,Нц-23-1785,__HIDDEN__,__HIDDEN__,1,__HIDDEN__,1,__HIDDEN__,1,1,0,1
Нц-23-2064,Изразец,Изразца красноглиняного фр-т,__HIDDEN__,12.8+ х 4.6+ х 2.4 см,Фрагмент,Перекоп,,,data/raw/images/Нц-23-2064_orig.jpg,startswith,1,Нц-23-2064,__HIDDEN__,__HIDDEN__,1,__HIDDEN__,1,__HIDDEN__,1,1,0,1
Нц-23-2163,Тарелка,Тарелки красноглиняной с зеленой и коричневой росписью по желтой поливе внутри края фр-т,__HIDDEN__,,Фрагмент,Серо-желтая (пестрая) переотложенная супесь,,,data/raw/images/Нц-23-2163_orig.jpg,startswith,1,Нц-23-2163,__HIDDEN__,__HIDDEN__,1,__HIDDEN__,1,__HIDDEN__,1,1,0,1
Нц-23-2188,Изразец,Изразца шведского красноглиняного с растительным орнаментом по черной поливе снаружи фр-т,__HIDDEN__,6.7+ х 4.4+ 1 см,Фрагмент,Темно-серая супесь,,,data/raw/images/Нц-23-2188_orig.jpg,startswith,1,Нц-23-2188,__HIDDEN__,__HIDDEN__,1,__HIDDEN__,1,__HIDDEN__,1,1,0,1
Нц-23-2271,Тарелка,Тарелки красноглиняной с черной и зеленой росписью   по зеленой поливе внутри края фр-т,__HIDDEN__,,Фрагмент,Темно-серая супесь,,,data/raw/images/Нц-23-2271_orig.jpg,startswith,1,Нц-23-2271,__HIDDEN__,__HIDDEN__,1,__HIDDEN__,1,__HIDDEN__,1,1,0,1
Нц-25-0093,Изразец,Изразец красноглиняный с белой поливой фрагментированный,__HIDDEN__,22 x 13 x 4 см,Целый,Строительный мусор/ гориз.1,,,data/raw/images/Нц-25-0093_orig.jpg,startswith,1,Нц-25-0093,__HIDDEN__,__HIDDEN__,1,__HIDDEN__,1,__HIDDEN__,1,1,0,1
Нц-25-0417,Изразец,Изразца красноглиняного с черной поливой фр-т,__HIDDEN__,,Фрагмент,Супесь светло-серая/ гориз.5,,,data/raw/images/Нц-25-0417_orig.jpg,startswith,1,Нц-25-0417,__HIDDEN__,__HIDDEN__,1,__HIDDEN__,1,__HIDDEN__,1,1,0,1
Нц-26-027,Изразец,Изразца красноглиняного фрагмент,__HIDDEN__,9 х 7 х 1 см,Фрагмент,Техногенный / горизонт 2,,,data/raw/images/Нц-26-027_orig.jpg,startswith,1,Нц-26-027,__HIDDEN__,__HIDDEN__,1,__HIDDEN__,1,__HIDDEN__,1,1,0,1
Нц-27-261,Изразец,Изразца красноглиняного с черной поливой и орнаментом фр-т,__HIDDEN__,,Фрагмент,Серая супесь/ гориз.5,,,data/raw/images/Нц-27-261_orig.jpg,startswith,1,Нц-27-261,__HIDDEN__,__HIDDEN__,1,__HIDDEN__,1,__HIDDEN__,1,1,0,1
Нц-27-537,Изразец,Изразца красноглиняного с черной поливой и орнаментом фр-т,__HIDDEN__,5+ x 4.4+ x 1.2 см,Фрагмент,Строительный мусор / гориз.2,,,data/raw/images/Нц-27-537_orig.jpg,startswith,1,Нц-27-537,__HIDDEN__,__HIDDEN__,1,__HIDDEN__,1,__HIDDEN__,1,1,0,1
Нц-27-591,Изразец,Изразца красноглиняного с темно-серебристой поливой и орнаментом фр-т,__HIDDEN__,11+ x 4.7+ x 6.3 см,Фрагмент,Серо-желтая супесь/ гориз.3,,,data/raw/images/Нц-27-591_orig.jpg,startswith,1,Нц-27-591,__HIDDEN__,__HIDDEN__,1,__HIDDEN__,1,__HIDDEN__,1,1,0,1
Нц-30-131,Миска,Миски красноглиняной с коричневой поливой внутри придонной части фр-т,__HIDDEN__,,Фрагмент,Предматериковый слой/ гориз.5,,,data/raw/images/Нц-30-131_orig.jpg,startswith,1,Нц-30-131,__HIDDEN__,__HIDDEN__,1,__HIDDEN__,1,__HIDDEN__,1,1,0,1
Нц-30-662,Крышка,Крышки бесцветного стекла орнаментированной с ручкой фр-т,__HIDDEN__,,Фрагмент,Мешаные серо-желтая и темно-серые супеси/ гориз.2,,,data/raw/images/Нц-30-662_orig.jpg,startswith,1,Нц-30-662,__HIDDEN__,__HIDDEN__,1,__HIDDEN__,1,__HIDDEN__,1,1,0,1
Нц-30-733,Тарелка,Тарелка фаянсовая с золотой росписью по белой и голубой поливе внутри и белой поливой снаружи  фрагментированная,__HIDDEN__,"D14,2 см",Фрагмент,Мешаные серо-желтая и темно-серые супеси/ гориз.2,,,data/raw/images/Нц-30-733_orig.jpg,startswith,1,Нц-30-733,__HIDDEN__,__HIDDEN__,1,__HIDDEN__,1,__HIDDEN__,1,1,0,1
Нц-30-982,Тарелка,Тарелки красноглиняной с коричневой поливой внутри профиля фр-т,__HIDDEN__,D22 см,Фрагмент,Мешаные серо-желтая и темно-серые супеси/ гориз.3,,,data/raw/images/Нц-30-982_orig.jpg,startswith,1,Нц-30-982,__HIDDEN__,__HIDDEN__,1,__HIDDEN__,1,__HIDDEN__,1,1,0,1
Нц-31-0148,Изразец,Изразца стенового фр-т,__HIDDEN__,"5,0х3,2х0,6 см",Фрагмент,Перемешанная супесь со строительным мусором/ гориз.1,,,data/raw/images/Нц-31-0148_orig.jpg,startswith,1,Нц-31-0148,__HIDDEN__,__HIDDEN__,1,__HIDDEN__,1,__HIDDEN__,1,1,0,1
Нц-31-0204,Изразец,Изразца стенового с росписью фр-т,__HIDDEN__,"6,0х4,1х1,2 см",Фрагмент,Перемешанная супесь со строительным мусором/ гориз.1,,,data/raw/images/Нц-31-0204_orig.jpg,startswith,1,Нц-31-0204,__HIDDEN__,__HIDDEN__,1,__HIDDEN__,1,__HIDDEN__,1,1,0,1
Нц-31-0391,Изразец,Изразца стенового фр-т,__HIDDEN__,"4,2х3,2х1,2 см",Фрагмент,Супесь светло-серая/ гориз.5,,,data/raw/images/Нц-31-0391_orig.jpg,startswith,1,Нц-31-0391,__HIDDEN__,__HIDDEN__,1,__HIDDEN__,1,__HIDDEN__,1,1,0,1
Нц-31-0593,Изразец,Изразца красноглиняного горшковидного фр-т,__HIDDEN__,"7,5х5,4х0,5 см",Фрагмент,Супесь светло-серая/ гориз.5,,,data/raw/images/Нц-31-0593_orig.jpg,startswith,1,Нц-31-0593,__HIDDEN__,__HIDDEN__,1,__HIDDEN__,1,__HIDDEN__,1,1,0,1
Нц-32-0062,Изразец,Изразца красноглиняного с белой поливой снаружи фр-т,__HIDDEN__,,Фрагмент,Строительный мусор/ гориз.1,,,data/raw/images/Нц-32-0062_orig.jpg,startswith,1,Нц-32-0062,__HIDDEN__,__HIDDEN__,1,__HIDDEN__,1,__HIDDEN__,1,1,0,1
Нц-32-0063,Тарелка,Тарелки фаянсовой донца фр-т,__HIDDEN__,,Фрагмент,Гориз.1,,,data/raw/images/Нц-32-0063_orig.jpg,startswith,1,Нц-32-0063,__HIDDEN__,__HIDDEN__,1,__HIDDEN__,1,__HIDDEN__,1,1,0,1
Нц-32-0130,Изразец,Изразца красноглиняного румпы фр-т,__HIDDEN__,,Фрагмент,Переотложеное заполнение верфи/ гориз.4,,,data/raw/images/Нц-32-0130_orig.jpg,startswith,1,Нц-32-0130,__HIDDEN__,__HIDDEN__,1,__HIDDEN__,1,__HIDDEN__,1,1,0,1
Нц-32-0339,Тарелка,Тарелки белоглиняной с зеленой поливой снаружи и  внутри донца фр-т,__HIDDEN__,,Фрагмент,Темно-коричневая супесь/ гориз.3,,,data/raw/images/Нц-32-0339_orig.jpg,startswith,1,Нц-32-0339,__HIDDEN__,__HIDDEN__,1,__HIDDEN__,1,__HIDDEN__,1,1,0,1
Нц-32-0837,Изразец,Изразца красноглиняного с белой поливой снаружи фр-т,__HIDDEN__,13.9+ х 12+ 3.5 см,Фрагмент,Серая мешаная супесь/ гориз.4,,,data/raw/images/Нц-32-0837_orig.jpg,startswith,1,Нц-32-0837,__HIDDEN__,__HIDDEN__,1,__HIDDEN__,1,__HIDDEN__,1,1,0,1
Нц-32-0918,Изразец,Изразца красноглиняного румпы фр-т,__HIDDEN__,,Фрагмент,Серая мешаная супесь/ гориз.4,,,data/raw/images/Нц-32-0918_orig.jpg,startswith,1,Нц-32-0918,__HIDDEN__,__HIDDEN__,1,__HIDDEN__,1,__HIDDEN__,1,1,0,1
Нц-32-0937,Тарелка,Тарелки красноглиняной  с коричневой поливой внутри края фр-т,__HIDDEN__,,Фрагмент,Серая мешаная супесь/ гориз.4,,,data/raw/images/Нц-32-0937_orig.jpg,startswith,1,Нц-32-0937,__HIDDEN__,__HIDDEN__,1,__HIDDEN__,1,__HIDDEN__,1,1,0,1
Нц-32-1037,Тарелка,Тарелки красноглиняной с зеленой росписью по желтой поливе внутри края фр-т,__HIDDEN__,,Фрагмент,Дерн/ гориз.6,,,data/raw/images/Нц-32-1037_orig.jpg,startswith,1,Нц-32-1037,__HIDDEN__,__HIDDEN__,1,__HIDDEN__,1,__HIDDEN__,1,1,0,1
Нц-33-0068,Тарелка,Тарелки фаянсовой с синей росписью фр-т,__HIDDEN__,,Фрагмент,Техноген/ гориз.1,,,data/raw/images/Нц-33-0068_orig.jpg,startswith,1,Нц-33-0068,__HIDDEN__,__HIDDEN__,1,__HIDDEN__,1,__HIDDEN__,1,1,0,1
Нц-33-0072,Изразец,Изразца красноглиняного с белой поливой румпы фр-т,__HIDDEN__,,Фрагмент,Техноген/ гориз.1,,,data/raw/images/Нц-33-0072_orig.jpg,startswith,1,Нц-33-0072,__HIDDEN__,__HIDDEN__,1,__HIDDEN__,1,__HIDDEN__,1,1,0,1
Нц-33-0075,Тарелка,Тарелки фаянсовой с зеленой росписью по желтой поливе снаружи и желтой внутри стенки фр-т,__HIDDEN__,D15 см,Фрагмент,Техноген/ гориз.1,,,data/raw/images/Нц-33-0075_orig.jpg,startswith,1,Нц-33-0075,__HIDDEN__,__HIDDEN__,1,__HIDDEN__,1,__HIDDEN__,1,1,0,1
Нц-33-0113,Блюдце,Блюдца фарфорового с зеленой монохромной росписью снаружи придонной части фр-т,__HIDDEN__,D13.5 см,Фрагмент,Техноген/ гориз.1,,,data/raw/images/Нц-33-0113_orig.jpg,startswith,1,Нц-33-0113,__HIDDEN__,__HIDDEN__,1,__HIDDEN__,1,__HIDDEN__,1,1,0,1
Нц-33-0179,Блюдце,Блюдца фарфорового с красной монохромной росписью внутри профиля фр-т,__HIDDEN__,D14 см,Фрагмент,Техноген/ гориз.1,,,data/raw/images/Нц-33-0179_orig.jpg,startswith,1,Нц-33-0179,__HIDDEN__,__HIDDEN__,1,__HIDDEN__,1,__HIDDEN__,1,1,0,1
Нц-33-0621,Тарелка,Тарелки фаянсовой с зеленым орнаментом края фр-т,__HIDDEN__,,Фрагмент,Серая супесь/ гориз.3,,,data/raw/images/Нц-33-0621_orig.jpg,startswith,1,Нц-33-0621,__HIDDEN__,__HIDDEN__,1,__HIDDEN__,1,__HIDDEN__,1,1,0,1
Нц-33-1686,Тарелка,Тарелки белоглиняной с белой поливой внутри и снаружи и полихромной росписью внутри стенки фр-т,__HIDDEN__,,Фрагмент,Серая супесь/ гориз.5,,,data/raw/images/Нц-33-1686_orig.jpg,startswith,1,Нц-33-1686,__HIDDEN__,__HIDDEN__,1,__HIDDEN__,1,__HIDDEN__,1,1,0,1
Нц-33-2946,Тарелка,Тарелки фаянсовой с серой росписью края фр-т,__HIDDEN__,D24 см,Фрагмент,Серая супесь/ гориз.5,,,data/raw/images/Нц-33-2946_orig.jpg,startswith,1,Нц-33-2946,__HIDDEN__,__HIDDEN__,1,__HIDDEN__,1,__HIDDEN__,1,1,0,1
Нц-33-2470,Тарелка,Тарелки красноглиняной с белокоричневой росписью внутри сектора фр-т,__HIDDEN__,,Фрагмент,Серая супесь/ гориз.5,,,data/raw/images/Нц-33-2470_orig.jpg,startswith,1,Нц-33-2470,__HIDDEN__,__HIDDEN__,1,__HIDDEN__,1,__HIDDEN__,1,1,0,1
Нц-33-2608,Тарелка,Тарелки фаянсовой со следами белой поливы снаружи и с белой поливой с голубым орнаментом внутри стенки фр-т,__HIDDEN__,,Фрагмент,Серая супесь/ гориз.5,,,data/raw/images/Нц-33-2608_orig.jpg,startswith,1,Нц-33-2608,__HIDDEN__,__HIDDEN__,1,__HIDDEN__,1,__HIDDEN__,1,1,0,1
Нц-33-2748,Миска,Миски красноглиняной с белой роспистю по коричневой поливе внутри придонной части фр-т,__HIDDEN__,D12 см,Фрагмент,Дерн со щепой/ гориз.6,,,data/raw/images/Нц-33-2748_orig.jpg,startswith,1,Нц-33-2748,__HIDDEN__,__HIDDEN__,1,__HIDDEN__,1,__HIDDEN__,1,1,0,1
Нц-33-2751,Тарелка,Тарелки красноглиняной с серо-желтой поливой внутри фр-т,__HIDDEN__,D20 см,Фрагмент,Дерн со щепой/ гориз.6,,,data/raw/images/Нц-33-2751_orig.jpg,startswith,1,Нц-33-2751,__HIDDEN__,__HIDDEN__,1,__HIDDEN__,1,__HIDDEN__,1,1,0,1
Нц-33-2813,Тарелка,Тарелки красноглиняной с коричневой поливой внутри края фр-т,__HIDDEN__,D34 см,Фрагмент,Серая супесь/ гориз.5,,,data/raw/images/Нц-33-2813_orig.jpg,startswith,1,Нц-33-2813,__HIDDEN__,__HIDDEN__,1,__HIDDEN__,1,__HIDDEN__,1,1,0,1
Нц-33-2934,Тарелка,Тарелки красноглиняной с коричнево-зеленой поливой внутри края фр-т,__HIDDEN__,D36 см,Фрагмент,Серая супесь/ гориз.5,,,data/raw/images/Нц-33-2934_orig.jpg,startswith,1,Нц-33-2934,__HIDDEN__,__HIDDEN__,1,__HIDDEN__,1,__HIDDEN__,1,1,0,1
Нц-33-2959,Тарелка,Тарелки красноглиняной с белой поливой и синей и коричневой росписью внутри и коричневой поливой снаружи края фр-т,__HIDDEN__,D34 см,Фрагмент,Серая супесь/ гориз.5,,,data/raw/images/Нц-33-2959_orig.jpg,startswith,1,Нц-33-2959,__HIDDEN__,__HIDDEN__,1,__HIDDEN__,1,__HIDDEN__,1,1,0,1
Нц-33-2987,Тарелка,Тарелки фаянсовой с синей росписью профиля фр-т,__HIDDEN__,D22 см,Фрагмент,"Дерн со щепой, заполнение ямы/ гориз.6",,,data/raw/images/Нц-33-2987_orig.jpg,startswith,1,Нц-33-2987,__HIDDEN__,__HIDDEN__,1,__HIDDEN__,1,__HIDDEN__,1,1,0,1
Нц-33-4872,Тарелка,Тарелки белоглиняной с синей росписью профиля фр-т,__HIDDEN__,D22 см,Фрагмент,Дерн со щепой/ гориз.7,,,data/raw/images/Нц-33-4872_orig.jpg,startswith,1,Нц-33-4872,__HIDDEN__,__HIDDEN__,1,__HIDDEN__,1,__HIDDEN__,1,1,0,1
Нц-33-5186,Крышка,Сосуда красноглиняного крышки с ручкой фр-т,__HIDDEN__,D25 см,Фрагмент,Дерн со щепой/ гориз.6,,,data/raw/images/Нц-33-5186_orig.jpg,startswith,1,Нц-33-5186,__HIDDEN__,__HIDDEN__,1,__HIDDEN__,1,__HIDDEN__,1,1,0,1
Нц-33-5293,Тарелка,Тарелки красноглиняной с желтой росписью по коричневой поливе венчика фр-т,__HIDDEN__,D22 см,Фрагмент,Серая супесь/ гориз.5,,,data/raw/images/Нц-33-5293_orig.jpg,startswith,1,Нц-33-5293,__HIDDEN__,__HIDDEN__,1,__HIDDEN__,1,__HIDDEN__,1,1,0,1
Нц-33-5509,Тарелка,Тарелки фаянсовой с зеленой поливой и цветочной росписью снаружи и зеленой внутри донца фр-т,__HIDDEN__,,Фрагмент,Серая супесь/ гориз.5,,,data/raw/images/Нц-33-5509_orig.jpg,startswith,1,Нц-33-5509,__HIDDEN__,__HIDDEN__,1,__HIDDEN__,1,__HIDDEN__,1,1,0,1
Нц-33-5519,Тарелка,Тарелки красноглиняной со следами белой поливы снаружи и внутри профиля фр-т,__HIDDEN__,D14 см,Фрагмент,Серая супесь/ гориз.5,,,data/raw/images/Нц-33-5519_orig.jpg,startswith,1,Нц-33-5519,__HIDDEN__,__HIDDEN__,1,__HIDDEN__,1,__HIDDEN__,1,1,0,1
Нц-33-5520,Тарелка,Тарелки красноглиняной с белой поливой снаружи и внутри с полихромной росписью профиля фр-т,__HIDDEN__,D15 см,Фрагмент,Серая супесь/ гориз.5,,,data/raw/images/Нц-33-5520_orig.jpg,startswith,1,Нц-33-5520,__HIDDEN__,__HIDDEN__,1,__HIDDEN__,1,__HIDDEN__,1,1,0,1
Нц-33-5599,Тарелка,Тарелки красноглиняной с голубой росписью по белой поливе внутри сектор,__HIDDEN__,D30 см,Фрагмент,Слой строительного мусора/ гориз.1,,,data/raw/images/Нц-33-5599_orig.jpg,startswith,1,Нц-33-5599,__HIDDEN__,__HIDDEN__,1,__HIDDEN__,1,__HIDDEN__,1,1,0,1
Нц-33-5728,Тарелка,Тарелки красноглиняной с полихромной росписью по коричневой поливе внутри края фр-т,__HIDDEN__,D30 см,Фрагмент,Мешаная желтая супесь/ гориз.2,,,data/raw/images/Нц-33-5728_orig.jpg,startswith,1,Нц-33-5728,__HIDDEN__,__HIDDEN__,1,__HIDDEN__,1,__HIDDEN__,1,1,0,1
Нц-33-5749,Блюдце,Блюдца фарфорового края фр-т,__HIDDEN__,D12 см,Фрагмент,Мешаная желтая супесь/ гориз.2,,,data/raw/images/Нц-33-5749_orig.jpg,startswith,1,Нц-33-5749,__HIDDEN__,__HIDDEN__,1,__HIDDEN__,1,__HIDDEN__,1,1,0,1
Нц-33-5758,Тарелка,Тарелки фаянсовой с полихромной росписью внутри края фр-т,__HIDDEN__,D25 см,Фрагмент,Слой строительного мусора/ гориз.1,,,data/raw/images/Нц-33-5758_orig.jpg,startswith,1,Нц-33-5758,__HIDDEN__,__HIDDEN__,1,__HIDDEN__,1,__HIDDEN__,1,1,0,1
Нц-33-5782,Тарелка,Тарелки красноглиняной с желтой росписью по коричневой поливе края фр-т,__HIDDEN__,D29 см,Фрагмент,Мешаная желтая супесь/ гориз.2,,,data/raw/images/Нц-33-5782_orig.jpg,startswith,1,Нц-33-5782,__HIDDEN__,__HIDDEN__,1,__HIDDEN__,1,__HIDDEN__,1,1,0,1
Нц-33-5829,Крышка,Сосуда красноглиняного с коричневой поливой снаружи и внутри крышки фр-т,__HIDDEN__,D25 см,Фрагмент,"Серая мешаная супесь с гумусом, дерном и щепой/ гориз.6",,,data/raw/images/Нц-33-5829_orig.jpg,startswith,1,Нц-33-5829,__HIDDEN__,__HIDDEN__,1,__HIDDEN__,1,__HIDDEN__,1,1,0,1
Нц-33-5842,Тарелка,Тарелки белоглиняной донца фр-т,__HIDDEN__,D15 см,Фрагмент,Серая супесь переотложенная/ гориз.4,,,data/raw/images/Нц-33-5842_orig.jpg,startswith,1,Нц-33-5842,__HIDDEN__,__HIDDEN__,1,__HIDDEN__,1,__HIDDEN__,1,1,0,1
Нц-34-081,Изразец,Изразца стенового с белой поливой фрагмент,__HIDDEN__,"9,8х8,9х0,8 см",Фрагмент,Перемешанная супесь со строительным мусором/ гориз. 1,,,data/raw/images/Нц-34-081_orig.jpg,startswith,1,Нц-34-081,__HIDDEN__,__HIDDEN__,1,__HIDDEN__,1,__HIDDEN__,1,1,0,1
Нц-34-099,Изразец,Изразца настенного орнаментированного  фрагмент,__HIDDEN__,"18,5х6,7х5,0 см",Фрагмент,Битый кирпич/ гориз. 2,,,data/raw/images/Нц-34-099_orig.jpg,startswith,1,Нц-34-099,__HIDDEN__,__HIDDEN__,1,__HIDDEN__,1,__HIDDEN__,1,1,0,1
Нц-35-033,Тарелка,Тарелки фаянсовой с клеймом на донце придонной части фр-т,__HIDDEN__, ,Фрагмент,Строительный мусор/ гориз. 2,,,data/raw/images/Нц-35-033_orig.jpg,startswith,1,Нц-35-033,__HIDDEN__,__HIDDEN__,1,__HIDDEN__,1,__HIDDEN__,1,1,0,1
Нц-35-190,Блюдце,Блюдце фарфоровое с клеймом на донце,__HIDDEN__,D14.5 см,Целый,Переотложенная серая гумусированная супесь с фрагментами дерева/ гориз. 4,,,data/raw/images/Нц-35-190_orig.jpg,startswith,1,Нц-35-190,__HIDDEN__,__HIDDEN__,1,__HIDDEN__,1,__HIDDEN__,1,1,0,1
Нц-35-225,Блюдце,Блюдца фарфорового с монохромной росписью придонной части фр-ты,__HIDDEN__, ,Фрагмент,Строительный мусор/ гориз. 2,,,data/raw/images/Нц-35-225_orig.jpg,startswith,1,Нц-35-225,__HIDDEN__,__HIDDEN__,1,__HIDDEN__,1,__HIDDEN__,1,1,0,1
Нц-36-274,Тарелка,Тарелки фаянсовой венчика фр-т,__HIDDEN__,D26 см,Фрагмент,Древесная щепа/ гориз.3,,,data/raw/images/Нц-36-274_orig.jpg,startswith,1,Нц-36-274,__HIDDEN__,__HIDDEN__,1,__HIDDEN__,1,__HIDDEN__,1,1,0,1
Нц-36-397,Тарелка,Тарелки красноглиняной с коричневой поливой снаружи и изнутри профиля фр-т,__HIDDEN__,"D19,D10 см",Фрагмент,Древесная щепа/ гориз.3,,,data/raw/images/Нц-36-397_orig.jpg,startswith,1,Нц-36-397,__HIDDEN__,__HIDDEN__,1,__HIDDEN__,1,__HIDDEN__,1,1,0,1
Нц-36-503,Тарелка,Тарелки фаянсовой c синей цветочной росписью венчика фр-т,__HIDDEN__,D23 см,Фрагмент,Древесная щепа/ гориз.1,,,data/raw/images/Нц-36-503_orig.jpg,startswith,1,Нц-36-503,__HIDDEN__,__HIDDEN__,1,__HIDDEN__,1,__HIDDEN__,1,1,0,1
Нц-36-704,Тарелка,Тарелки белоглиняной венчика фр-т,__HIDDEN__,D18 см,Фрагмент,Древесная щепа/ гориз.3,,,data/raw/images/Нц-36-704_orig.jpg,startswith,1,Нц-36-704,__HIDDEN__,__HIDDEN__,1,__HIDDEN__,1,__HIDDEN__,1,1,0,1
Нц-37-0054,Изразец,Изразца белоглиняного с белой поливой фр-т,__HIDDEN__,13.2+ х 12.2+ х 5.5 см,Фрагмент,Строительный мусор/ гориз.1.2,,,data/raw/images/Нц-37-0054_orig.jpg,startswith,1,Нц-37-0054,__HIDDEN__,__HIDDEN__,1,__HIDDEN__,1,__HIDDEN__,1,1,0,1
Нц-37-0071,Тарелка,Тарелки красноглиняной с зеленовато-коричневой поливой внутри края фр-т,__HIDDEN__,D30 см,Фрагмент,Строительный мусор/ гориз.1.2,,,data/raw/images/Нц-37-0071_orig.jpg,startswith,1,Нц-37-0071,__HIDDEN__,__HIDDEN__,1,__HIDDEN__,1,__HIDDEN__,1,1,0,1
Нц-37-0125,Изразец,Изразца красноглиняного с серой поливой и сюжетным орнаментом фр-т,__HIDDEN__,8.6+ х 10.2+ х 1.5 см,Фрагмент,Строительный мусор/ гориз.1.2,,,data/raw/images/Нц-37-0125_orig.jpg,startswith,1,Нц-37-0125,__HIDDEN__,__HIDDEN__,1,__HIDDEN__,1,__HIDDEN__,1,1,0,1
Нц-37-0195,Изразец,Изразца красноглиняного со следами белой поливы фр-т,__HIDDEN__,17+ х 3.5+ х 4.3+ см,Фрагмент,Строительный мусор/ гориз.1.2,,,data/raw/images/Нц-37-0195_orig.jpg,startswith,1,Нц-37-0195,__HIDDEN__,__HIDDEN__,1,__HIDDEN__,1,__HIDDEN__,1,1,0,1
Нц-37-0203,Тарелка,Тарелки красноглиняной с желтовато-коричневой поливой внутри края фр-т,__HIDDEN__,D28 см,Фрагмент,Строительный мусор/ гориз.1.2,,,data/raw/images/Нц-37-0203_orig.jpg,startswith,1,Нц-37-0203,__HIDDEN__,__HIDDEN__,1,__HIDDEN__,1,__HIDDEN__,1,1,0,1
Нц-37-0344,Изразец,Изразца красноглиняного с белой поливой фр-т,__HIDDEN__,18.5+ х 8.5+ х 5.4 см,Фрагмент,Строительный мусор/ гориз.1.1,,,data/raw/images/Нц-37-0344_orig.jpg,startswith,1,Нц-37-0344,__HIDDEN__,__HIDDEN__,1,__HIDDEN__,1,__HIDDEN__,1,1,0,1
Нц-37-0586,Изразец,Изразца красноглиняного с белой поливой фр-т,__HIDDEN__,,Фрагмент,Строительный мусор/ гориз.1.1,,,data/raw/images/Нц-37-0586_orig.jpg,startswith,1,Нц-37-0586,__HIDDEN__,__HIDDEN__,1,__HIDDEN__,1,__HIDDEN__,1,1,0,1
Нц-37-0587,Изразец,Изразца красноглиняного с белой поливой фр-т,__HIDDEN__,11+ х 6.7+ х 4.8+ см,Фрагмент,Строительный мусор/ гориз.1.1,,,data/raw/images/Нц-37-0587_orig.jpg,startswith,1,Нц-37-0587,__HIDDEN__,__HIDDEN__,1,__HIDDEN__,1,__HIDDEN__,1,1,0,1
Нц-37-0589,Изразец,Изразца красноглиняного с белой поливой фр-т,__HIDDEN__,,Фрагмент,Строительный мусор/ гориз.1.1,,,data/raw/images/Нц-37-0589_orig.jpg,startswith,1,Нц-37-0589,__HIDDEN__,__HIDDEN__,1,__HIDDEN__,1,__HIDDEN__,1,1,0,1
Нц-37-0590,Изразец,Изразца красноглиняного с белой поливой фр-т,__HIDDEN__,,Фрагмент,Строительный мусор/ гориз.1.1,,,data/raw/images/Нц-37-0590_orig.jpg,startswith,1,Нц-37-0590,__HIDDEN__,__HIDDEN__,1,__HIDDEN__,1,__HIDDEN__,1,1,0,1
Нц-37-0653,Изразец,Изразца красноглиняного с белой поливой фр-т,__HIDDEN__,12.5+ 9 х 5.8 см,Фрагмент,Строительный мусор/ гориз.1.1,,,data/raw/images/Нц-37-0653_orig.jpg,startswith,1,Нц-37-0653,__HIDDEN__,__HIDDEN__,1,__HIDDEN__,1,__HIDDEN__,1,1,0,1
Нц-37-0654,Изразец,Изразец красноглиняный с белой поливой фрагментированный,__HIDDEN__,27.2 х 11.8 х 6 см,Фрагмент,Строительный мусор/ гориз.1.1,,,data/raw/images/Нц-37-0654_orig.jpg,startswith,1,Нц-37-0654,__HIDDEN__,__HIDDEN__,1,__HIDDEN__,1,__HIDDEN__,1,1,0,1
Нц-37-0656,Изразец,Изразец красноглиняный с белой поливой,__HIDDEN__,27.5 х 18 х 5.8 см,Целый,Строительный мусор/ гориз.1.1,,,data/raw/images/Нц-37-0656_orig.jpg,startswith,1,Нц-37-0656,__HIDDEN__,__HIDDEN__,1,__HIDDEN__,1,__HIDDEN__,1,1,0,1
Нц-37-1527,Изразец,Изразца красноглиняного с серой поливой орнаментированного фр-т,__HIDDEN__,,Фрагмент,Серая супесь/ гориз.3.2,,,data/raw/images/Нц-37-1527_orig.jpg,startswith,1,Нц-37-1527,__HIDDEN__,__HIDDEN__,1,__HIDDEN__,1,__HIDDEN__,1,1,0,1
Нц-40-067,Тарелка,Тарелки красноглиняной с бело-зеленой росписью по коричневой поливе внутри края фр-т,__HIDDEN__,D27 см,Фрагмент,Техноген/ гориз.1,,,data/raw/images/Нц-40-067_orig.jpg,startswith,1,Нц-40-067,__HIDDEN__,__HIDDEN__,1,__HIDDEN__,1,__HIDDEN__,1,1,0,1
Нц-40-358,Изразец,Изразца белоглиняного румпы фр-т,__HIDDEN__,,Фрагмент,Техноген/ гориз.1,,,data/raw/images/Нц-40-358_orig.jpg,startswith,1,Нц-40-358,__HIDDEN__,__HIDDEN__,1,__HIDDEN__,1,__HIDDEN__,1,1,0,1
Нц-41-0178,Изразец,Изразца красноглиняного фр-т,__HIDDEN__,,Фрагмент,Гориз.1,,,data/raw/images/Нц-41-0178_orig.jpg,startswith,1,Нц-41-0178,__HIDDEN__,__HIDDEN__,1,__HIDDEN__,1,__HIDDEN__,1,1,0,1
Нц-41-0620,Изразец,Изразца красноглиняного с темно-серой поливой и рельефным растительным орнаментом снаружи фр-т,__HIDDEN__,,Фрагмент,Гориз.4,,,data/raw/images/Нц-41-0620_orig.jpg,startswith,1,Нц-41-0620,__HIDDEN__,__HIDDEN__,1,__HIDDEN__,1,__HIDDEN__,1,1,0,1
Нц-41-0782,Изразец,Изразца красноглиняного с темно-коричневой поливой и геометрическим орнаментом фр-т,__HIDDEN__,,Фрагмент,Темно-серая супесь/ гориз.6,,,data/raw/images/Нц-41-0782_orig.jpg,startswith,1,Нц-41-0782,__HIDDEN__,__HIDDEN__,1,__HIDDEN__,1,__HIDDEN__,1,1,0,1
Нц-43-06,Тарелка,Тарелки фаянсовой фр-т,__HIDDEN__,,Фрагмент,Строительный мусор,,,data/raw/images/Нц-43-06_orig.jpg,startswith,1,Нц-43-06,__HIDDEN__,__HIDDEN__,1,__HIDDEN__,1,__HIDDEN__,1,1,0,1
Нц-44-0086,Изразец,Изразца красноглиняного глазурованного фр-т,__HIDDEN__,12+ х 10.5 х 5.3+ см,Фрагмент,Строительный мусор/ гориз.3,,,data/raw/images/Нц-44-0086_orig.jpg,startswith,1,Нц-44-0086,__HIDDEN__,__HIDDEN__,1,__HIDDEN__,1,__HIDDEN__,1,1,0,1
Нц-44-0353,Изразец,Изразца красноглиняного с голубой монохромной росписью по белой поливе фр-ты,__HIDDEN__,23.5+ х 13+ х 5.5 см,Фрагмент,Строительный мусор/ гориз.2,,,data/raw/images/Нц-44-0353_orig.jpg,startswith,1,Нц-44-0353,__HIDDEN__,__HIDDEN__,1,__HIDDEN__,1,__HIDDEN__,1,1,0,1
Нц-44-0458,Тарелка,Тарелки фарфоровой с зеленой росписью внутри и коричневой каемкой по венчику профиля фр-т,__HIDDEN__,D14 см,Фрагмент,Щепа/ гориз.4,,,data/raw/images/Нц-44-0458_orig.jpg,startswith,1,Нц-44-0458,__HIDDEN__,__HIDDEN__,1,__HIDDEN__,1,__HIDDEN__,1,1,0,1
Нц-44-0870,Изразец,Изразец красноглиняный с белой поливой снаружи,__HIDDEN__,29.5 х 13.7 х 7 см,Целый,Щепа/ гориз.3,,,data/raw/images/Нц-44-0870_orig.jpg,startswith,1,Нц-44-0870,__HIDDEN__,__HIDDEN__,1,__HIDDEN__,1,__HIDDEN__,1,1,0,1
Нц-44-1159,Изразец,Изразца красноглиняного с белой поливой снаружи фр-т,__HIDDEN__,12.5+ х 13.4 х 7 см,Фрагмент,Супесь серо-желтая/ гориз.4,,,data/raw/images/Нц-44-1159_orig.jpg,startswith,1,Нц-44-1159,__HIDDEN__,__HIDDEN__,1,__HIDDEN__,1,__HIDDEN__,1,1,0,1
Нц-44-1771,Тарелка,Тарелки фаянсовой венчика фр-т,__HIDDEN__,D26 см,Фрагмент,Щепа/ гориз.3,,,data/raw/images/Нц-44-1771_orig.jpg,startswith,1,Нц-44-1771,__HIDDEN__,__HIDDEN__,1,__HIDDEN__,1,__HIDDEN__,1,1,0,1
Нц-45-0009,Тарелка,Тарелки фаянсовой с кобальтовой росписью внутри донца фр-т,__HIDDEN__,D9 см,Фрагмент,Строительный мусор/ гориз.1,,,data/raw/images/Нц-45-0009_orig.jpg,startswith,1,Нц-45-0009,__HIDDEN__,__HIDDEN__,1,__HIDDEN__,1,__HIDDEN__,1,1,0,1
Нц-45-0018,Тарелка,Тарелки фаянсовой с белой поливой  профиля фр-т,__HIDDEN__,D25 см,Фрагмент,Шлак/ гориз.6,,,data/raw/images/Нц-45-0018_orig.jpg,startswith,1,Нц-45-0018,__HIDDEN__,__HIDDEN__,1,__HIDDEN__,1,__HIDDEN__,1,1,0,1
Нц-45-0019,Тарелка,Тарелки белоглиняной с белой поливой венчика фр-т,__HIDDEN__,D19 см,Фрагмент,Шлак/ гориз.6,,,data/raw/images/Нц-45-0019_orig.jpg,startswith,1,Нц-45-0019,__HIDDEN__,__HIDDEN__,1,__HIDDEN__,1,__HIDDEN__,1,1,0,1
Нц-45-0020,Тарелка,Тарелки фаянсовой с белой поливой  профиля фр-т,__HIDDEN__,D63 см,Фрагмент,Шлак/ гориз.6,,,data/raw/images/Нц-45-0020_orig.jpg,startswith,1,Нц-45-0020,__HIDDEN__,__HIDDEN__,1,__HIDDEN__,1,__HIDDEN__,1,1,0,1
Нц-45-0036,Изразец,Изразца красноглиняного со следами  белой поливы румпы фр-т,__HIDDEN__,"9,4+ x 5,8+ x 4,8+ см",Фрагмент,Строительный мусор/ гориз.1,,,data/raw/images/Нц-45-0036_orig.jpg,startswith,1,Нц-45-0036,__HIDDEN__,__HIDDEN__,1,__HIDDEN__,1,__HIDDEN__,1,1,0,1
Нц-45-0230,Тарелка,Тарелки фаянсовой венчика фр-т,__HIDDEN__,D27 см,Фрагмент,Шлак/ гориз.6,,,data/raw/images/Нц-45-0230_orig.jpg,startswith,1,Нц-45-0230,__HIDDEN__,__HIDDEN__,1,__HIDDEN__,1,__HIDDEN__,1,1,0,1
Нц-45-0198,Изразец,Изразца красноглиняного со следами белой поливы  румпы фр-т,__HIDDEN__,"10,9+ x 3,6+ x 2+ см",Фрагмент,Шлак/ гориз.6,,,data/raw/images/Нц-45-0198_orig.jpg,startswith,1,Нц-45-0198,__HIDDEN__,__HIDDEN__,1,__HIDDEN__,1,__HIDDEN__,1,1,0,1
Нц-45-0273,Тарелка,Тарелки фаянсовой венчика фр-т,__HIDDEN__,D24 см,Фрагмент,Шлак/ гориз.6,,,data/raw/images/Нц-45-0273_orig.jpg,startswith,1,Нц-45-0273,__HIDDEN__,__HIDDEN__,1,__HIDDEN__,1,__HIDDEN__,1,1,0,1
Нц-45-0278,Изразец,Изразца красноглиняного со следами полихромной поливы фр-т,__HIDDEN__,"12,5+ x 8,3+ x 5,3 см",Фрагмент,Шлак/ гориз.6,,,data/raw/images/Нц-45-0278_orig.jpg,startswith,1,Нц-45-0278,__HIDDEN__,__HIDDEN__,1,__HIDDEN__,1,__HIDDEN__,1,1,0,1
Нц-45-0287,Тарелка,Тарелки фаянсовой венчика фр-т,__HIDDEN__,D23 см,Фрагмент,Шлак/ гориз.6,,,data/raw/images/Нц-45-0287_orig.jpg,startswith,1,Нц-45-0287,__HIDDEN__,__HIDDEN__,1,__HIDDEN__,1,__HIDDEN__,1,1,0,1
Нц-45-0370,Тарелка,Тарелки фаянсовой с зеленой росписью внутри придонной части фр-т,__HIDDEN__,D13 см,Фрагмент,Шлак/ гориз.6,,,data/raw/images/Нц-45-0370_orig.jpg,startswith,1,Нц-45-0370,__HIDDEN__,__HIDDEN__,1,__HIDDEN__,1,__HIDDEN__,1,1,0,1
Нц-45-0371,Тарелка,Тарелки фаянсовой с зеленой поливой внутри профиля фр-т,__HIDDEN__,D11 см,Фрагмент,Шлак/ гориз.6,,,data/raw/images/Нц-45-0371_orig.jpg,startswith,1,Нц-45-0371,__HIDDEN__,__HIDDEN__,1,__HIDDEN__,1,__HIDDEN__,1,1,0,1
Нц-45-0391,Тарелка,Тарелки фаянсовой с золотистой росписью внутри венчика фр-т,__HIDDEN__,D22 см,Фрагмент,Битый кирпич/ гориз.9,,,data/raw/images/Нц-45-0391_orig.jpg,startswith,1,Нц-45-0391,__HIDDEN__,__HIDDEN__,1,__HIDDEN__,1,__HIDDEN__,1,1,0,1
Нц-45-0392,Тарелка,Тарелки фарфоровой с золотистой росписью внутри придонной части фр-т,__HIDDEN__,D14 см,Фрагмент,Битый кирпич/ гориз.9,,,data/raw/images/Нц-45-0392_orig.jpg,startswith,1,Нц-45-0392,__HIDDEN__,__HIDDEN__,1,__HIDDEN__,1,__HIDDEN__,1,1,0,1
Нц-45-0409,Изразец,Изразца красноглиняного с белой поливой фр-т,__HIDDEN__,"11,3+ x 5,9+ x 6,2 см",Фрагмент,Шлак/ гориз.6,,,data/raw/images/Нц-45-0409_orig.jpg,startswith,1,Нц-45-0409,__HIDDEN__,__HIDDEN__,1,__HIDDEN__,1,__HIDDEN__,1,1,0,1
Нц-45-0437,Изразец,Изразца красноглиняного с белой поливой фр-т,__HIDDEN__,"9,4+ x 5,3+ x 3,6+ см",Фрагмент,Шлак/ гориз.6,,,data/raw/images/Нц-45-0437_orig.jpg,startswith,1,Нц-45-0437,__HIDDEN__,__HIDDEN__,1,__HIDDEN__,1,__HIDDEN__,1,1,0,1
Нц-45-0438,Изразец,Изразца красноглиняного с белой поливой фр-т,__HIDDEN__,"5,2+ x 4,6+ x 4,8+ см",Фрагмент,Шлак/ гориз.6,,,data/raw/images/Нц-45-0438_orig.jpg,startswith,1,Нц-45-0438,__HIDDEN__,__HIDDEN__,1,__HIDDEN__,1,__HIDDEN__,1,1,0,1
Нц-45-0472,Изразец,Изразца красноглиняного с белой поливой фр-т,__HIDDEN__,"7,3+ x 6,8+ x 4,5 см",Фрагмент,Битый кирпич/ гориз.9,,,data/raw/images/Нц-45-0472_orig.jpg,startswith,1,Нц-45-0472,__HIDDEN__,__HIDDEN__,1,__HIDDEN__,1,__HIDDEN__,1,1,0,1
Нц-45-0514,Изразец,Изразца красноглиняного со следами белой поливы с синей росписью снаружи фр-т,__HIDDEN__,,Фрагмент,Шлак/ гориз.6,,,data/raw/images/Нц-45-0514_orig.jpg,startswith,1,Нц-45-0514,__HIDDEN__,__HIDDEN__,1,__HIDDEN__,1,__HIDDEN__,1,1,0,1
Нц-45-0516,Изразец,Изразца красноглиняного со следами белой поливы фр-т,__HIDDEN__,,Фрагмент,Шлак/ гориз.6,,,data/raw/images/Нц-45-0516_orig.jpg,startswith,1,Нц-45-0516,__HIDDEN__,__HIDDEN__,1,__HIDDEN__,1,__HIDDEN__,1,1,0,1
Нц-45-0532,Изразец,Изразца красноглиняного с белой поливой фр-т,__HIDDEN__,"12,7+ x 4,8+ x 5,2 см",Фрагмент,Шлак/ гориз.6,,,data/raw/images/Нц-45-0532_orig.jpg,startswith,1,Нц-45-0532,__HIDDEN__,__HIDDEN__,1,__HIDDEN__,1,__HIDDEN__,1,1,0,1
Нц-45-0540,Изразец,Изразца красноглиняного со следами серой поливы  с рельефным орнаментом фр-т,__HIDDEN__,"11,2+ x 7,4+ x 1,4+ см",Фрагмент,Шлак/ гориз.6,,,data/raw/images/Нц-45-0540_orig.jpg,startswith,1,Нц-45-0540,__HIDDEN__,__HIDDEN__,1,__HIDDEN__,1,__HIDDEN__,1,1,0,1
Нц-45-0550,Блюдце,Блюдца фарфорового профиля фр-т,__HIDDEN__,D7 см,Фрагмент,Шлак/ гориз.6,,,data/raw/images/Нц-45-0550_orig.jpg,startswith,1,Нц-45-0550,__HIDDEN__,__HIDDEN__,1,__HIDDEN__,1,__HIDDEN__,1,1,0,1
Нц-45-0558,Тарелка,Тарелки фаянсовой венчика фр-т,__HIDDEN__,D23 см,Фрагмент,Шлак/ гориз.6,,,data/raw/images/Нц-45-0558_orig.jpg,startswith,1,Нц-45-0558,__HIDDEN__,__HIDDEN__,1,__HIDDEN__,1,__HIDDEN__,1,1,0,1
Нц-45-0567,Блюдце,Блюдца фарфорового с полихромной росписью снаружи донца фр-т,__HIDDEN__,D8 см,Фрагмент,Битый кирпич/ гориз.9,,,data/raw/images/Нц-45-0567_orig.jpg,startswith,1,Нц-45-0567,__HIDDEN__,__HIDDEN__,1,__HIDDEN__,1,__HIDDEN__,1,1,0,1
Нц-45-0599,Изразец,Изразца красноглиняного румпы фр-т,__HIDDEN__,"5,2+ см",Фрагмент,Шлак/ гориз.6,,,data/raw/images/Нц-45-0599_orig.jpg,startswith,1,Нц-45-0599,__HIDDEN__,__HIDDEN__,1,__HIDDEN__,1,__HIDDEN__,1,1,0,1
Нц-45-0600,Тарелка,Тарелки красноглиняной со следами желтой поливы снаружи и с желтой поливой с белой росписью внутри венчика фр-т,__HIDDEN__,D27 см,Фрагмент,Шлак/ гориз.6,,,data/raw/images/Нц-45-0600_orig.jpg,startswith,1,Нц-45-0600,__HIDDEN__,__HIDDEN__,1,__HIDDEN__,1,__HIDDEN__,1,1,0,1
Нц-45-0612,Тарелка,Тарелки фаянсовой придонной части фр-т,__HIDDEN__,D12 см,Фрагмент,Шлак/ гориз.6,,,data/raw/images/Нц-45-0612_orig.jpg,startswith,1,Нц-45-0612,__HIDDEN__,__HIDDEN__,1,__HIDDEN__,1,__HIDDEN__,1,1,0,1
Нц-45-0850,Миска,Миски  красноглиняного с белой поливой снаружи и с белой поливой с цветными разводами  внутри придонной части фр-т,__HIDDEN__,D11 см,Фрагмент,Шлак/ гориз.6,,,data/raw/images/Нц-45-0850_orig.jpg,startswith,1,Нц-45-0850,__HIDDEN__,__HIDDEN__,1,__HIDDEN__,1,__HIDDEN__,1,1,0,1
Нц-45-0863,Тарелка,Тарелки фаянсовой профиля фр-т,__HIDDEN__,D13 см,Фрагмент,Строительный мусор/ гориз.1,,,data/raw/images/Нц-45-0863_orig.jpg,startswith,1,Нц-45-0863,__HIDDEN__,__HIDDEN__,1,__HIDDEN__,1,__HIDDEN__,1,1,0,1
Нц-45-0907,Тарелка,Тарелки красноглиняной со следами бело-серой поливы внутри венчика фр-т,__HIDDEN__,D26 см,Фрагмент,Шлак/ гориз.6,,,data/raw/images/Нц-45-0907_orig.jpg,startswith,1,Нц-45-0907,__HIDDEN__,__HIDDEN__,1,__HIDDEN__,1,__HIDDEN__,1,1,0,1
Нц-45-1079,Тарелка,Тарелки фарфоровой с золотистой окантовкой по краю донца с клеймом фр-т,__HIDDEN__,D10 см,Фрагмент,Шлак/ гориз.6,,,data/raw/images/Нц-45-1079_orig.jpg,startswith,1,Нц-45-1079,__HIDDEN__,__HIDDEN__,1,__HIDDEN__,1,__HIDDEN__,1,1,0,1
Нц-45-1085,Тарелка,Тарелки фаянсового с синей росписью внутри донца фр-т,__HIDDEN__,D9 см,Фрагмент,Шлак/ гориз.6,,,data/raw/images/Нц-45-1085_orig.jpg,startswith,1,Нц-45-1085,__HIDDEN__,__HIDDEN__,1,__HIDDEN__,1,__HIDDEN__,1,1,0,1
Нц-45-1239,Крышка,Крышки красноглиняной с желто-коричневой поливой с белой росписью снаружи и с желто-коричневой поливой внутри профиля фр-т,__HIDDEN__,D25 см,Фрагмент,Шлак/ гориз.6,,,data/raw/images/Нц-45-1239_orig.jpg,startswith,1,Нц-45-1239,__HIDDEN__,__HIDDEN__,1,__HIDDEN__,1,__HIDDEN__,1,1,0,1
Нц-45-1243,Изразец,Изразца красноглиняного орнаментированного с фр-т,__HIDDEN__,"10+ x 11 x 6,6 см",Фрагмент,Щепа/ гориз.7,,,data/raw/images/Нц-45-1243_orig.jpg,startswith,1,Нц-45-1243,__HIDDEN__,__HIDDEN__,1,__HIDDEN__,1,__HIDDEN__,1,1,0,1
Нц-45-1257,Крышка,Крышки красноглиняной с коричневой поливой снаружи и с белой поливой внутри края фр-т,__HIDDEN__,D26 см,Фрагмент,Шлак/ гориз.6,,,data/raw/images/Нц-45-1257_orig.jpg,startswith,1,Нц-45-1257,__HIDDEN__,__HIDDEN__,1,__HIDDEN__,1,__HIDDEN__,1,1,0,1
Нц-45-1259,Изразец,Изразец красноглиняный с белой поливой,__HIDDEN__,"15 x 8,5 x 5,3 см",Целый,Шлак/ гориз.6,,,data/raw/images/Нц-45-1259_orig.jpg,startswith,1,Нц-45-1259,__HIDDEN__,__HIDDEN__,1,__HIDDEN__,1,__HIDDEN__,1,1,0,1
Нц-45-1267,Изразец,"Изразец типа ""валик"" красноглиняный с белой поливой",__HIDDEN__,"13,7 x 3,2 x 4,2 см",Целый,Шлак/ гориз.6,,,data/raw/images/Нц-45-1267_orig.jpg,startswith,1,Нц-45-1267,__HIDDEN__,__HIDDEN__,1,__HIDDEN__,1,__HIDDEN__,1,1,0,1
Нц-45-1434,Плитка,Плитки белоглиняной с полихромной росписью  с клеймом фр-т,__HIDDEN__,"10,7+ x 11,7 x 1,6 см",Фрагмент,Шлак/ гориз.6,,,data/raw/images/Нц-45-1434_orig.jpg,startswith,1,Нц-45-1434,__HIDDEN__,__HIDDEN__,1,__HIDDEN__,1,__HIDDEN__,1,1,0,1
Нц-45-1441,Изразец,Изразца белоглиняного с зеленой поливой с рельефным орнаментом и клеймом фр-т,__HIDDEN__,"8,2+ x 3,4+ x 4,6 см",Фрагмент,Шлак/ гориз.6,,,data/raw/images/Нц-45-1441_orig.jpg,startswith,1,Нц-45-1441,__HIDDEN__,__HIDDEN__,1,__HIDDEN__,1,__HIDDEN__,1,1,0,1
Нц-45-1445,Крышка,Крышки фаянсовой с коричневой и зеленой поливой снаружи с рельефным орнаментом фигурной фр-т,__HIDDEN__,,Фрагмент,Шлак/ гориз.6,,,data/raw/images/Нц-45-1445_orig.jpg,startswith,1,Нц-45-1445,__HIDDEN__,__HIDDEN__,1,__HIDDEN__,1,__HIDDEN__,1,1,0,1
Нц-45-1466,Изразец,Изразца красноглиняного со следами темной поливы фр-т,__HIDDEN__,,Фрагмент,Слой разрушения/ гориз.12,,,data/raw/images/Нц-45-1466_orig.jpg,startswith,1,Нц-45-1466,__HIDDEN__,__HIDDEN__,1,__HIDDEN__,1,__HIDDEN__,1,1,0,1
Нц-45-1467,Изразец,Изразца красноглиняного с темной поливой и с рельефным орнаментом фр-т,__HIDDEN__,"7,2+ x 8,5+ x 3,2+ см",Фрагмент,Слой разрушения/ гориз.12,,,data/raw/images/Нц-45-1467_orig.jpg,startswith,1,Нц-45-1467,__HIDDEN__,__HIDDEN__,1,__HIDDEN__,1,__HIDDEN__,1,1,0,1
Нц-45-1529,Миска,Миски  белоглиняной с полихромной поливой внутри венчика фр-т,__HIDDEN__,D32 см,Фрагмент,Слой разрушения/ гориз.12,,,data/raw/images/Нц-45-1529_orig.jpg,startswith,1,Нц-45-1529,__HIDDEN__,__HIDDEN__,1,__HIDDEN__,1,__HIDDEN__,1,1,0,1
Нц-45-1531,Миска,Миски  красноглиняной с коричневой поливой и белой росписью  венчика с ручкой фр-т,__HIDDEN__,D16 см,Фрагмент,Дерн/ гориз.11,,,data/raw/images/Нц-45-1531_orig.jpg,startswith,1,Нц-45-1531,__HIDDEN__,__HIDDEN__,1,__HIDDEN__,1,__HIDDEN__,1,1,0,1
Нц-45-1537,Изразец,Изразца красноглиняного с темной перламутровой поливой и рельефным орнаментом фр-т,__HIDDEN__,"7,9+ x 2,6+ x 3,8 см",Фрагмент,Светло-серая супесь с включением дерна/ гориз.10,,,data/raw/images/Нц-45-1537_orig.jpg,startswith,1,Нц-45-1537,__HIDDEN__,__HIDDEN__,1,__HIDDEN__,1,__HIDDEN__,1,1,0,1
Нц-45-1562,Миска,Миски красноглиняноой со следами коричневой поливы с белой росписью снаружи и с желто-зеленой поливой внутри венчика фр-т,__HIDDEN__,D15 см,Фрагмент,Дерн/ гориз.11,,,data/raw/images/Нц-45-1562_orig.jpg,startswith,1,Нц-45-1562,__HIDDEN__,__HIDDEN__,1,__HIDDEN__,1,__HIDDEN__,1,1,0,1
Нц-45-1579,Тарелка,Тарелки фаянсовой с синей росписью внутри придонной части фр-т,__HIDDEN__,D17 см,Фрагмент,Слой разрушения/ гориз.12,,,data/raw/images/Нц-45-1579_orig.jpg,startswith,1,Нц-45-1579,__HIDDEN__,__HIDDEN__,1,__HIDDEN__,1,__HIDDEN__,1,1,0,1
Нц-46-067,Тарелка,Тарелки фаянсовой с серой поливой внутри и снаружи края фр-т,__HIDDEN__,D41? см,Фрагмент,Шлак,,,data/raw/images/Нц-46-067_orig.jpg,startswith,1,Нц-46-067,__HIDDEN__,__HIDDEN__,1,__HIDDEN__,1,__HIDDEN__,1,1,0,1
Нц-46-162,Тарелка,Тарелки фаянсовой с синей росписью по белой поливе внутри и белой поливой снаружи края фр-т,__HIDDEN__,D16 см,Фрагмент,Шлак,,,data/raw/images/Нц-46-162_orig.jpg,startswith,1,Нц-46-162,__HIDDEN__,__HIDDEN__,1,__HIDDEN__,1,__HIDDEN__,1,1,0,1
Нц-46-211,Тарелка,Тарелки фаянсовой с белой поливой внутри и снаружи края фр-т,__HIDDEN__,D16 см,Фрагмент,Темно-коричневая супесь,,,data/raw/images/Нц-46-211_orig.jpg,startswith,1,Нц-46-211,__HIDDEN__,__HIDDEN__,1,__HIDDEN__,1,__HIDDEN__,1,1,0,1
Нц-46-221,Тарелка,Тарелки фаянсовой с белой поливой внутри и снаружи края фр-т,__HIDDEN__,D23 см,Фрагмент,Строительный мусор,,,data/raw/images/Нц-46-221_orig.jpg,startswith,1,Нц-46-221,__HIDDEN__,__HIDDEN__,1,__HIDDEN__,1,__HIDDEN__,1,1,0,1
Нц-46-228,Тарелка,Тарелки фаянсовой с белой поливой  внутри и снаружи края фр-т,__HIDDEN__,D20 см,Фрагмент,Шлак,,,data/raw/images/Нц-46-228_orig.jpg,startswith,1,Нц-46-228,__HIDDEN__,__HIDDEN__,1,__HIDDEN__,1,__HIDDEN__,1,1,0,1
Нц-46-230,Блюдце,Блюдца фарфорового с полихромной росписью внутри придонной части фр-т,__HIDDEN__,D6 см,Фрагмент,Шлак,,,data/raw/images/Нц-46-230_orig.jpg,startswith,1,Нц-46-230,__HIDDEN__,__HIDDEN__,1,__HIDDEN__,1,__HIDDEN__,1,1,0,1
Нц-46-320,Тарелка,Тарелки фаянсовой с синей росписью по белой поливе внутри и белой поливой снаружи придонной части фр-т,__HIDDEN__,D10 см,Фрагмент,Шлак,,,data/raw/images/Нц-46-320_orig.jpg,startswith,1,Нц-46-320,__HIDDEN__,__HIDDEN__,1,__HIDDEN__,1,__HIDDEN__,1,1,0,1
Нц-46-369,Изразец,Изразца красноглиняного с белой поливой снаружи пластины с румпой фр-т,__HIDDEN__,"11 х 10,8 х 6 см",Фрагмент,Шлак,,,data/raw/images/Нц-46-369_orig.jpg,startswith,1,Нц-46-369,__HIDDEN__,__HIDDEN__,1,__HIDDEN__,1,__HIDDEN__,1,1,0,1
Нц-46-370,Изразец,Изразца красноглиняного с белой поливой румпы фр-т,__HIDDEN__,"8,6 х 5,5 х 3 см",Фрагмент,Шлак,,,data/raw/images/Нц-46-370_orig.jpg,startswith,1,Нц-46-370,__HIDDEN__,__HIDDEN__,1,__HIDDEN__,1,__HIDDEN__,1,1,0,1
Нц-46-375,Тарелка,Тарелки фаянсовой с черной росписью по белой поливе внутри и снаружи профиля фр-т,__HIDDEN__,D17 см,Фрагмент,Шлак,,,data/raw/images/Нц-46-375_orig.jpg,startswith,1,Нц-46-375,__HIDDEN__,__HIDDEN__,1,__HIDDEN__,1,__HIDDEN__,1,1,0,1
Нц-46-385,Тарелка,Тарелки фаянсовой с белой поливой внутри и снаружи профиля клейменного фр-т (черное подглазурное клеймо «Т-ва  Кузнецова»),__HIDDEN__,"D9,2 см",Фрагмент,Шлак,,,data/raw/images/Нц-46-385_orig.jpg,startswith,1,Нц-46-385,__HIDDEN__,__HIDDEN__,1,__HIDDEN__,1,__HIDDEN__,1,1,0,1
Нц-46-499,Изразец,Изразец красноглиняный с белой поливой снаружи пластины с румпой,__HIDDEN__,"11,7 х 15,3 х 8 см",Целый,Шлак,,,data/raw/images/Нц-46-499_orig.jpg,startswith,1,Нц-46-499,__HIDDEN__,__HIDDEN__,1,__HIDDEN__,1,__HIDDEN__,1,1,0,1
Нц-46-560,Изразец,Изразца красноглиняного пластины рельефной фр-т,__HIDDEN__,"12,5 х 9 х 2 см",Фрагмент,Щепа,,,data/raw/images/Нц-46-560_orig.jpg,startswith,1,Нц-46-560,__HIDDEN__,__HIDDEN__,1,__HIDDEN__,1,__HIDDEN__,1,1,0,1
Нц-46-727,Тарелка,Тарелки фаянсовой с полихромной росписью края по белой поливе внутри и с белой поливой снаружи края рельефного фр-т,__HIDDEN__,"10+ х 5,5+ см",Фрагмент,Шлак,,,data/raw/images/Нц-46-727_orig.jpg,startswith,1,Нц-46-727,__HIDDEN__,__HIDDEN__,1,__HIDDEN__,1,__HIDDEN__,1,1,0,1
Нц-46-736,Блюдце,Блюдца фарфорового с полихромной росписью внутри профиля рельефного фр-т,__HIDDEN__,"D11,5 см",Фрагмент,Шлак,,,data/raw/images/Нц-46-736_orig.jpg,startswith,1,Нц-46-736,__HIDDEN__,__HIDDEN__,1,__HIDDEN__,1,__HIDDEN__,1,1,0,1
Нц-48-041,Изразец,Изразца красноглиняного с белой поливой  фр-т,__HIDDEN__,13+ см,Фрагмент,Строительный мусор/ гориз.1,,,data/raw/images/Нц-48-041_orig.jpg,startswith,1,Нц-48-041,__HIDDEN__,__HIDDEN__,1,__HIDDEN__,1,__HIDDEN__,1,1,0,1
Нц-48-054,Изразец,Изразца красноглиняного с зеленой поливой снаружи фр-т,__HIDDEN__,"7х 8,5 см",Фрагмент,Строительный мусор/ гориз.1,,,data/raw/images/Нц-48-054_orig.jpg,startswith,1,Нц-48-054,__HIDDEN__,__HIDDEN__,1,__HIDDEN__,1,__HIDDEN__,1,1,0,1
Нц-48-073,Изразец,Изразца белоглиняного орнаментированного  с темно-коричневой поливой фр-т,__HIDDEN__,6+ х 10 см,Фрагмент,Строительный мусор/ гориз.1,,,data/raw/images/Нц-48-073_orig.jpg,startswith,1,Нц-48-073,__HIDDEN__,__HIDDEN__,1,__HIDDEN__,1,__HIDDEN__,1,1,0,1
Нц-48-074,Изразец,Изразца белоглиняного с темно-коричневой поливой фр-т,__HIDDEN__,4 х12 см,Фрагмент,Строительный мусор/ гориз.1,,,data/raw/images/Нц-48-074_orig.jpg,startswith,1,Нц-48-074,__HIDDEN__,__HIDDEN__,1,__HIDDEN__,1,__HIDDEN__,1,1,0,1
Нц-48-304,Изразец,Изразца сероглиняного орнаментированного фр-т,__HIDDEN__,"5+ х 6,5+ см",Фрагмент,"Темно-серая гумусированная супесь/ гориз.6, 7",,,data/raw/images/Нц-48-304_orig.jpg,startswith,1,Нц-48-304,__HIDDEN__,__HIDDEN__,1,__HIDDEN__,1,__HIDDEN__,1,1,0,1
Нц-48-326,Тарелка,Тарелки фаянсовой с белой поливой и темно-коричневой росписью фр-т,__HIDDEN__,D22 см,Фрагмент,"Темно-серая гумусированная супесь/ гориз.6, 7",,,data/raw/images/Нц-48-326_orig.jpg,startswith,1,Нц-48-326,__HIDDEN__,__HIDDEN__,1,__HIDDEN__,1,__HIDDEN__,1,1,0,1
Нц-48-334,Тарелка,Тарелки фаянсовой с белой поливой и черной росписью фр-т,__HIDDEN__,,Фрагмент,"Светло-серая мешаная супесь/ гориз.4, 5",,,data/raw/images/Нц-48-334_orig.jpg,startswith,1,Нц-48-334,__HIDDEN__,__HIDDEN__,1,__HIDDEN__,1,__HIDDEN__,1,1,0,1
Нц-48-341,Миска,Миска фаянсовая с серебристой поливой снаружи и внутри фрагментированная,__HIDDEN__,"D15,5 см",Фрагмент,"Темно-серая гумусированная супесь/ гориз.6, 7",,,data/raw/images/Нц-48-341_orig.jpg,startswith,1,Нц-48-341,__HIDDEN__,__HIDDEN__,1,__HIDDEN__,1,__HIDDEN__,1,1,0,1
Нц-48-360,Изразец,Изразца печного с черной поливой фр-т,__HIDDEN__,,Фрагмент,Сильно гумусированная супесь со щепой/ гориз.5,,,data/raw/images/Нц-48-360_orig.jpg,startswith,1,Нц-48-360,__HIDDEN__,__HIDDEN__,1,__HIDDEN__,1,__HIDDEN__,1,1,0,1
Нц-48-375,Тарелка,Тарелки красноглиняной с полихромной поливой внутри придонной части фр-т,__HIDDEN__,D9 см,Фрагмент,Серо-желтая супесь/ гориз.3,,,data/raw/images/Нц-48-375_orig.jpg,startswith,1,Нц-48-375,__HIDDEN__,__HIDDEN__,1,__HIDDEN__,1,__HIDDEN__,1,1,0,1
Нц-49-010,Изразец,Изразца красноглиняного с зеленой поливой и растительным орнаментом румпы фр-т,__HIDDEN__,,Фрагмент,Строительный мусор,,,data/raw/images/Нц-49-010_orig.jpg,startswith,1,Нц-49-010,__HIDDEN__,__HIDDEN__,1,__HIDDEN__,1,__HIDDEN__,1,1,0,1
Нц-49-074,Тарелка,Тарелки красноглиняной с ангобом снаружи и коричневой и желтой поливой внутри фр-т,__HIDDEN__,D16 см,Фрагмент,Строительный мусор/ гориз.1,,,data/raw/images/Нц-49-074_orig.jpg,startswith,1,Нц-49-074,__HIDDEN__,__HIDDEN__,1,__HIDDEN__,1,__HIDDEN__,1,1,0,1
Нц-49-111,Изразец,Изразца красноглиняного фр-т,__HIDDEN__,D15 см,Фрагмент,Щепа/ гориз.1,,,data/raw/images/Нц-49-111_orig.jpg,startswith,1,Нц-49-111,__HIDDEN__,__HIDDEN__,1,__HIDDEN__,1,__HIDDEN__,1,1,0,1
Нц-49-166,Тарелка,Тарелки фаянсовой рельефной с желтой поливой фр-т,__HIDDEN__,D15 см,Фрагмент,Щепа/ гориз.2,,,data/raw/images/Нц-49-166_orig.jpg,startswith,1,Нц-49-166,__HIDDEN__,__HIDDEN__,1,__HIDDEN__,1,__HIDDEN__,1,1,0,1
Нц-52-016,Изразец,Изразца красноглиняного с коричневой поливой фр-т,__HIDDEN__,8.7 х 7.4 х 1.9 см,Фрагмент,Строительный мусор/ гориз.1,,,data/raw/images/Нц-52-016_orig.jpg,startswith,1,Нц-52-016,__HIDDEN__,__HIDDEN__,1,__HIDDEN__,1,__HIDDEN__,1,1,0,1
Нц-52-161,Изразец,Изразца красноглиняного орнаментированного с коричневой поливой фр-т,__HIDDEN__,9.6 х 8.7 х 3.5 см,Фрагмент,Строительный мусор/ гориз.1,,,data/raw/images/Нц-52-161_orig.jpg,startswith,1,Нц-52-161,__HIDDEN__,__HIDDEN__,1,__HIDDEN__,1,__HIDDEN__,1,1,0,1
Нц-52-164,Изразец,Изразца красноглиняного орнаментированного с коричневой поливой фр-т,__HIDDEN__,10.5 х 7.5 х 1.8 см,Фрагмент,Строительный мусор/ гориз.1,,,data/raw/images/Нц-52-164_orig.jpg,startswith,1,Нц-52-164,__HIDDEN__,__HIDDEN__,1,__HIDDEN__,1,__HIDDEN__,1,1,0,1
Нц-52-170,Изразец,Изразца красноглиняного орнаментированного с коричневой поливой фр-т,__HIDDEN__,5.5 х 4.9 х 1 см,Фрагмент,Строительный мусор/ гориз.1,,,data/raw/images/Нц-52-170_orig.jpg,startswith,1,Нц-52-170,__HIDDEN__,__HIDDEN__,1,__HIDDEN__,1,__HIDDEN__,1,1,0,1
Нц-52-171,Изразец,Изразца красноглиняного с коричневой поливой фр-т,__HIDDEN__,24.8 х 18.9 х 5.3 см,Фрагмент,Строительный мусор/ гориз.1,,,data/raw/images/Нц-52-171_orig.jpg,startswith,1,Нц-52-171,__HIDDEN__,__HIDDEN__,1,__HIDDEN__,1,__HIDDEN__,1,1,0,1
Нц-52-181,Изразец,Изразца красноглиняного орнаментированного с коричневой поливой фр-т,__HIDDEN__,8 х 4.7 х 1 см,Фрагмент,Строительный мусор/ гориз.1,,,data/raw/images/Нц-52-181_orig.jpg,startswith,1,Нц-52-181,__HIDDEN__,__HIDDEN__,1,__HIDDEN__,1,__HIDDEN__,1,1,0,1
Нц-52-220,Изразец,Изразца красноглиняного орнаментированного с коричневой поливой фр-т,__HIDDEN__,18.5 х 9.5 х 5.5 см,Фрагмент,Строительный мусор/ гориз.1,,,data/raw/images/Нц-52-220_orig.jpg,startswith,1,Нц-52-220,__HIDDEN__,__HIDDEN__,1,__HIDDEN__,1,__HIDDEN__,1,1,0,1
Нц-52-505,Тарелка,Тарелки красноглиняной с желтым растительным орнаментом по коричневой поливе внутри придонной части фр-т,__HIDDEN__,,Фрагмент,Строительный мусор/ гориз.1,,,data/raw/images/Нц-52-505_orig.jpg,startswith,1,Нц-52-505,__HIDDEN__,__HIDDEN__,1,__HIDDEN__,1,__HIDDEN__,1,1,0,1
Нц-52-506,Крышка,Крышки сосуда красноглиняного со светло-коричневой поливой снаружи с фрагментом ручки фр-т,__HIDDEN__,,Фрагмент,Строительный мусор/ гориз.1,,,data/raw/images/Нц-52-506_orig.jpg,startswith,1,Нц-52-506,__HIDDEN__,__HIDDEN__,1,__HIDDEN__,1,__HIDDEN__,1,1,0,1
Нц-53-021,Изразец,Изразца красноглиняного румпы фр-т,__HIDDEN__,"5,5+ х 4+ см",Фрагмент,Строительный мусор/ гориз.1,,,data/raw/images/Нц-53-021_orig.jpg,startswith,1,Нц-53-021,__HIDDEN__,__HIDDEN__,1,__HIDDEN__,1,__HIDDEN__,1,1,0,1
Нц-53-066,Изразец,Изразца красноглиняного с коричневой поливой и рельефным рисунком угловой части с румпой фр-т ,__HIDDEN__,7+ х 8+ см,Фрагмент,Супесь светло-серая/ гориз.3,,,data/raw/images/Нц-53-066_orig.jpg,startswith,1,Нц-53-066,__HIDDEN__,__HIDDEN__,1,__HIDDEN__,1,__HIDDEN__,1,1,0,1
Нц-53-349,Тарелка,Тарелки фаянсовой с рисунком и порнаментом по краю профиль ,__HIDDEN__,D9 см,Фрагмент,Строительный мусор/ гориз.2,,,data/raw/images/Нц-53-349_orig.jpg,startswith,1,Нц-53-349,__HIDDEN__,__HIDDEN__,1,__HIDDEN__,1,__HIDDEN__,1,1,0,1
Нейш3А-2018-0102,Крышка,Крышечки белого матового стекла круглой клейменой  профиль,__HIDDEN__,"Д=7,5 см",Фрагмент,Современный строительный мусор,,,data/raw/images/Нейш3А-2018-0102_orig.jpg,startswith,1,Нейш3А-2018-0102,__HIDDEN__,__HIDDEN__,1,__HIDDEN__,1,__HIDDEN__,1,1,0,1
Нейш3А-2018-0105,Блюдце,Блюдца белоглиняного со светло-бирюзовой поливой внутри и снаружи клейменой донца фр-т,__HIDDEN__,8х4 см,Фрагмент,Современный строительный мусор,,,data/raw/images/Нейш3А-2018-0105_orig.jpg,startswith,1,Нейш3А-2018-0105,__HIDDEN__,__HIDDEN__,1,__HIDDEN__,1,__HIDDEN__,1,1,0,1
Нейш3А-2018-0111,Тарелка,Тарелки фаянсовой с бордовым линейным орнаментом внутри профиль,__HIDDEN__,"7,5х6,3 см",Фрагмент,Современный строительный мусор,,,data/raw/images/Нейш3А-2018-0111_orig.jpg,startswith,1,Нейш3А-2018-0111,__HIDDEN__,__HIDDEN__,1,__HIDDEN__,1,__HIDDEN__,1,1,0,1
Нейш3А-2018-0206,Блюдце,Блюдца прозрачного бесцветного стекла с рельефным орнаментом внутри и на донце снаружи профиль,__HIDDEN__,д=5+ см,Фрагмент,Современный строительный мусор,,,data/raw/images/Нейш3А-2018-0206_orig.jpg,startswith,1,Нейш3А-2018-0206,__HIDDEN__,__HIDDEN__,1,__HIDDEN__,1,__HIDDEN__,1,1,0,1
Нейш3А-2018-0210,Блюдце,Блюдца прозрачного бесцветного стекла профиль,__HIDDEN__,Д=9 см,Фрагмент,Современный строительный мусор,,,data/raw/images/Нейш3А-2018-0210_orig.jpg,startswith,1,Нейш3А-2018-0210,__HIDDEN__,__HIDDEN__,1,__HIDDEN__,1,__HIDDEN__,1,1,0,1
Нейш3А-2018-0255,Тарелка,Тарелки фаянсовой с синим растительным орнаментом внутри клейменой профиль,__HIDDEN__,Д=7+ см,Фрагмент,Современный строительный мусор,,,data/raw/images/Нейш3А-2018-0255_orig.jpg,startswith,1,Нейш3А-2018-0255,__HIDDEN__,__HIDDEN__,1,__HIDDEN__,1,__HIDDEN__,1,1,0,1
Нейш3А-2018-0259,Тарелка,"Тарелки суповой фаянсовой с пятнистым узором (бордовый, зеленый) по краю венчиков фр-ты",__HIDDEN__,Д=25 см,Фрагмент,Современный строительный мусор,,,data/raw/images/Нейш3А-2018-0259_orig.jpg,startswith,1,Нейш3А-2018-0259,__HIDDEN__,__HIDDEN__,1,__HIDDEN__,1,__HIDDEN__,1,1,0,1
Нейш3А-2018-0276,Крышка,Крышечка фарфоровая полусферической формы с шарообразной ручкой по центру и серебристой линией по внешнему краю,__HIDDEN__,"Д=4,5 см",Целый,Современный строительный мусор,,,data/raw/images/Нейш3А-2018-0276_orig.jpg,startswith,1,Нейш3А-2018-0276,__HIDDEN__,__HIDDEN__,1,__HIDDEN__,1,__HIDDEN__,1,1,0,1
Нейш3А-2018-0350,Тарелка,Тарелки суповой фаянсовой профиль,__HIDDEN__,Д=24  см,Фрагмент,Современный строительный мусор,,,data/raw/images/Нейш3А-2018-0350_orig.jpg,startswith,1,Нейш3А-2018-0350,__HIDDEN__,__HIDDEN__,1,__HIDDEN__,1,__HIDDEN__,1,1,0,1
Нейш3А-2018-0374,Тарелка,Тарелки фаянсовой с серебристым растительным орнаментом и синей толстой лентой по краю венчика фр-т,__HIDDEN__,"6,5х4 см",Фрагмент,Современный строительный мусор,,,data/raw/images/Нейш3А-2018-0374_orig.jpg,startswith,1,Нейш3А-2018-0374,__HIDDEN__,__HIDDEN__,1,__HIDDEN__,1,__HIDDEN__,1,1,0,1
Нейш3А-2018-0397,Тарелка,Тарелки фаянсовой с голубым линейным орнаментом внутри венчика волнообразного фр-т,__HIDDEN__,8х4 см,Фрагмент,Мощение,,,data/raw/images/Нейш3А-2018-0397_orig.jpg,startswith,1,Нейш3А-2018-0397,__HIDDEN__,__HIDDEN__,1,__HIDDEN__,1,__HIDDEN__,1,1,0,1
Нейш3А-2018-0572,Крышка,Крышечка прозрачного бесцветного стекла круглая,__HIDDEN__,"Д=6,2 см",Целый,Строительный мусор с включением битого кирпича,,,data/raw/images/Нейш3А-2018-0572_orig.jpg,startswith,1,Нейш3А-2018-0572,__HIDDEN__,__HIDDEN__,1,__HIDDEN__,1,__HIDDEN__,1,1,0,1
Нейш3А-2018-0625,Тарелка,Тарелки фарфоровой клейменой придонной части с донцем фр-т,__HIDDEN__,д=15+ см,Фрагмент,Темно-коричневая супесь,,,data/raw/images/Нейш3А-2018-0625_orig.jpg,startswith,1,Нейш3А-2018-0625,__HIDDEN__,__HIDDEN__,1,__HIDDEN__,1,__HIDDEN__,1,1,0,1
Нейш3А-2018-0629,Тарелка,Тарелки фаянсовой клейменой донца фр-т,__HIDDEN__,"7,5х3,5 см",Фрагмент,Темно-коричневая супесь,,,data/raw/images/Нейш3А-2018-0629_orig.jpg,startswith,1,Нейш3А-2018-0629,__HIDDEN__,__HIDDEN__,1,__HIDDEN__,1,__HIDDEN__,1,1,0,1
Нейш3А-2018-0726,Блюдце,"Блюдца фарфорового с линейным орнаментом (золотистый, красный) клейменого внутри донца фр-т",__HIDDEN__,"Д=8,2 см",Фрагмент,Строительный мусор с включением темно-коричневой супеси,,,data/raw/images/Нейш3А-2018-0726_orig.jpg,startswith,1,Нейш3А-2018-0726,__HIDDEN__,__HIDDEN__,1,__HIDDEN__,1,__HIDDEN__,1,1,0,1
Нейш3А-2018-0737,Блюдце,"Блюдца фарфорового с геометрическим орнаментом внутри (синий, золотистый) профиль",__HIDDEN__,"Д=9+ h=4,5 см",Фрагмент,Строительный мусор с включением темно-коричневой супеси,,,data/raw/images/Нейш3А-2018-0737_orig.jpg,startswith,1,Нейш3А-2018-0737,__HIDDEN__,__HIDDEN__,1,__HIDDEN__,1,__HIDDEN__,1,1,0,1
Нейш3А-2018-0740,Тарелка,Тарелки фаянсовой с красно-темно-зеленым узором по венчику и голубой линией по центру профиль,__HIDDEN__,Д=18+ см,Фрагмент,Строительный мусор с включением темно-коричневой супеси,,,data/raw/images/Нейш3А-2018-0740_orig.jpg,startswith,1,Нейш3А-2018-0740,__HIDDEN__,__HIDDEN__,1,__HIDDEN__,1,__HIDDEN__,1,1,0,1
Нейш3А-2018-0742,Тарелка,Тарелки фаянсовой с голубой линией по центру донца с придонной частью фр-т,__HIDDEN__,"д=12,5 см",Фрагмент,Строительный мусор с включением темно-коричневой супеси,,,data/raw/images/Нейш3А-2018-0742_orig.jpg,startswith,1,Нейш3А-2018-0742,__HIDDEN__,__HIDDEN__,1,__HIDDEN__,1,__HIDDEN__,1,1,0,1
Нейш3А-2018-0855,Тарелка,Тарелки фаянсовой профиль,__HIDDEN__,Д=17+  см,Фрагмент,Строительный мусор с включением темно-коричневой супеси,,,data/raw/images/Нейш3А-2018-0855_orig.jpg,startswith,1,Нейш3А-2018-0855,__HIDDEN__,__HIDDEN__,1,__HIDDEN__,1,__HIDDEN__,1,1,0,1
Нейш3А-2018-0806,Крышка,"Крышка фарфоровая с рельефным орнаментом (белый, красный) на синем фоне снаружи клейменая",__HIDDEN__,Д=10 см,Целый,Строительный мусор с включением темно-коричневой супеси,,,data/raw/images/Нейш3А-2018-0806_orig.jpg,startswith,1,Нейш3А-2018-0806,__HIDDEN__,__HIDDEN__,1,__HIDDEN__,1,__HIDDEN__,1,1,0,1
Нейш3А-2018-0810,Блюдце,"Блюдца фарфорового с цветочным орнаментом внутри (синий, розовый, зеленый, бордовый, золотистый) клейменого профиль",__HIDDEN__,Д=7+ д=8 см,Фрагмент,Строительный мусор с включением темно-коричневой супеси,,,data/raw/images/Нейш3А-2018-0810_orig.jpg,startswith,1,Нейш3А-2018-0810,__HIDDEN__,__HIDDEN__,1,__HIDDEN__,1,__HIDDEN__,1,1,0,1
Нейш3А-2018-0821,Тарелка,Тарелки фаянсовой с красным линейным орнаментом внутри профиль,__HIDDEN__,Д=9+ д=6+ см,Фрагмент,Строительный мусор с включением темно-коричневой супеси,,,data/raw/images/Нейш3А-2018-0821_orig.jpg,startswith,1,Нейш3А-2018-0821,__HIDDEN__,__HIDDEN__,1,__HIDDEN__,1,__HIDDEN__,1,1,0,1
Нейш3А-2018-0831,Блюдце,"Блюдца фарфорового с цветочным орнаментом внутри (зеленый, розовый) венчика фр-т",__HIDDEN__,Д=10+ см,Фрагмент,Строительный мусор с включением темно-коричневой супеси,,,data/raw/images/Нейш3А-2018-0831_orig.jpg,startswith,1,Нейш3А-2018-0831,__HIDDEN__,__HIDDEN__,1,__HIDDEN__,1,__HIDDEN__,1,1,0,1
Нейш3А-2018-0837,Блюдце,"Блюдца фарфорового клейменого с растительным и линейным орнаментом внутри (синий, зеленый, розовый, красный) профиль",__HIDDEN__,Д=13 д=8 см,Фрагмент,Строительный мусор с включением темно-коричневой супеси,,,data/raw/images/Нейш3А-2018-0837_orig.jpg,startswith,1,Нейш3А-2018-0837,__HIDDEN__,__HIDDEN__,1,__HIDDEN__,1,__HIDDEN__,1,1,0,1
Нейш3А-2018-0839,Блюдце,"Блюдца фарфорового с пятнистым и цветочным орнаментом внутри (синий, золотистый, зеленый, красный) профиль",__HIDDEN__,"Д=9,5+  д=5,5+ см",Фрагмент,Строительный мусор с включением темно-коричневой супеси,,,data/raw/images/Нейш3А-2018-0839_orig.jpg,startswith,1,Нейш3А-2018-0839,__HIDDEN__,__HIDDEN__,1,__HIDDEN__,1,__HIDDEN__,1,1,0,1
Нейш3А-2018-0850,Тарелка,Тарелки фаянсовой клейменой профиль,__HIDDEN__,"Д=13,5+ д=7+ см",Фрагмент,Строительный мусор с включением темно-коричневой супеси,,,data/raw/images/Нейш3А-2018-0850_orig.jpg,startswith,1,Нейш3А-2018-0850,__HIDDEN__,__HIDDEN__,1,__HIDDEN__,1,__HIDDEN__,1,1,0,1
Нейш3А-2018-0851,Тарелка,Тарелки фаянсовой венчика фр-т,__HIDDEN__,Д=17+  см,Фрагмент,Строительный мусор с включением темно-коричневой супеси,,,data/raw/images/Нейш3А-2018-0851_orig.jpg,startswith,1,Нейш3А-2018-0851,__HIDDEN__,__HIDDEN__,1,__HIDDEN__,1,__HIDDEN__,1,1,0,1
Нейш3А-2018-0856,Тарелка,Тарелки фаянсовой профиль,__HIDDEN__,"Д=16,5+ д=8,5+ см",Фрагмент,Строительный мусор с включением темно-коричневой супеси,,,data/raw/images/Нейш3А-2018-0856_orig.jpg,startswith,1,Нейш3А-2018-0856,__HIDDEN__,__HIDDEN__,1,__HIDDEN__,1,__HIDDEN__,1,1,0,1
Нейш3А-2018-0868,Изразец,Изразца красноглиняного белополивного фр-т,__HIDDEN__,16х6х8 см,Фрагмент,Строительный мусор с включением темно-коричневой супеси,,,data/raw/images/Нейш3А-2018-0868_orig.jpg,startswith,1,Нейш3А-2018-0868,__HIDDEN__,__HIDDEN__,1,__HIDDEN__,1,__HIDDEN__,1,1,0,1
Нейш3А-2018-0949,Тарелка,Тарелки фаянсовой клейменой донца фр-т,__HIDDEN__,"3,5х2 см",Фрагмент,Современный строительный мусор,,,data/raw/images/Нейш3А-2018-0949_orig.jpg,startswith,1,Нейш3А-2018-0949,__HIDDEN__,__HIDDEN__,1,__HIDDEN__,1,__HIDDEN__,1,1,0,1
Нейш3А-2018-0954,Изразец,Изразца?печного с зеленой поливой снаружи фр-т,__HIDDEN__,"5х3х1,2 см",Фрагмент,Современный строительный мусор,,,data/raw/images/Нейш3А-2018-0954_orig.jpg,startswith,1,Нейш3А-2018-0954,__HIDDEN__,__HIDDEN__,1,__HIDDEN__,1,__HIDDEN__,1,1,1,1
Нейш3А-2018-1042,Тарелка,Тарелки фаянсовой с синим растительным орнаментом в стиле деколь внутри клейменой профиль,__HIDDEN__,"Д=20,5 д=11,5  см",Фрагмент,Строительный мусор с включением темно-коричневой супеси,,,data/raw/images/Нейш3А-2018-1042_orig.jpg,startswith,1,Нейш3А-2018-1042,__HIDDEN__,__HIDDEN__,1,__HIDDEN__,1,__HIDDEN__,1,1,0,1
Нейш3А-2018-1101,Блюдце,Блюдца фарфорового с орнаментом - тонкой зеленой линией по краю венчика внутри профиль,__HIDDEN__,"Д=12+ д=7,5 см",Фрагмент,Строительный мусор с включением темно-коричневой супеси,,,data/raw/images/Нейш3А-2018-1101_orig.jpg,startswith,1,Нейш3А-2018-1101,__HIDDEN__,__HIDDEN__,1,__HIDDEN__,1,__HIDDEN__,1,1,0,1
Нейш3А-2018-1137,Тарелка,Тарелки фарфоровой глубокой клейменой с серебристой отводкой края внутри профиль,__HIDDEN__,"Д=8+ д=7,5 см",Фрагмент,Современный строительный мусор,,,data/raw/images/Нейш3А-2018-1137_orig.jpg,startswith,1,Нейш3А-2018-1137,__HIDDEN__,__HIDDEN__,1,__HIDDEN__,1,__HIDDEN__,1,1,0,1
Нейш3А-2018-1138,Тарелка,Тарелки фарфоровой глубокой клейменой профиль,__HIDDEN__,Д=13+ д=11 см,Фрагмент,Современный строительный мусор,,,data/raw/images/Нейш3А-2018-1138_orig.jpg,startswith,1,Нейш3А-2018-1138,__HIDDEN__,__HIDDEN__,1,__HIDDEN__,1,__HIDDEN__,1,1,0,1
Нейш3А-2018-1186,Плитка,Плитки с клеймом фр-т,__HIDDEN__,"12,5+х12,5+ см",Фрагмент,Современный строительный мусор,,,data/raw/images/Нейш3А-2018-1186_orig.jpg,startswith,1,Нейш3А-2018-1186,__HIDDEN__,__HIDDEN__,1,__HIDDEN__,1,__HIDDEN__,1,1,0,1
Нейш3А-2018-1284,Тарелка,Тарелки фаянсовой с синим цветочным орнаментом  внутри клейменой профиль,__HIDDEN__,"5х4,5 см",Фрагмент,Темно-коричневая супесь,,,data/raw/images/Нейш3А-2018-1284_orig.jpg,startswith,1,Нейш3А-2018-1284,__HIDDEN__,__HIDDEN__,1,__HIDDEN__,1,__HIDDEN__,1,1,0,1
Нейш3А-2018-1372,Изразец,Изразца печного красноглиняного с зеленой поливой с одной стороны фр-т,__HIDDEN__,"4,5+х5,5+х1,3 см",Фрагмент,Современный строительный мусор,,,data/raw/images/Нейш3А-2018-1372_orig.jpg,startswith,1,Нейш3А-2018-1372,__HIDDEN__,__HIDDEN__,1,__HIDDEN__,1,__HIDDEN__,1,1,0,1
Нейш3А-2018-1379,Крышка,Крышечки фарфоровой круглой с шарообразной ручкой посередине профиль,__HIDDEN__,"Д=7,4 см",Фрагмент,Строительный мусор с включением древесного тлена,,,data/raw/images/Нейш3А-2018-1379_orig.jpg,startswith,1,Нейш3А-2018-1379,__HIDDEN__,__HIDDEN__,1,__HIDDEN__,1,__HIDDEN__,1,1,0,1
Нейш3А-2018-1390,Миска,Миски светлоглиняной со светло-коричневой поливой внутри профиль,__HIDDEN__,Д=9+ см,Фрагмент,Темно-коричневая супесь,,,data/raw/images/Нейш3А-2018-1390_orig.jpg,startswith,1,Нейш3А-2018-1390,__HIDDEN__,__HIDDEN__,1,__HIDDEN__,1,__HIDDEN__,1,1,0,1
Нейш3А-2018-1509,Тарелка,"Тарелки фаянсовой с пятнистым орнаментом внутри (красный, зеленый) клейменой профиль",__HIDDEN__,"Д=10+ д=6,5+ см",Фрагмент,Темно-коричневая супесь,,,data/raw/images/Нейш3А-2018-1509_orig.jpg,startswith,1,Нейш3А-2018-1509,__HIDDEN__,__HIDDEN__,1,__HIDDEN__,1,__HIDDEN__,1,1,0,1
Нейш3А-2018-1527,Блюдце,Блюдца фарфорового клейменого профиль,__HIDDEN__,Д=11+ д=7 см,Фрагмент,Современный строительный мусор,,,data/raw/images/Нейш3А-2018-1527_orig.jpg,startswith,1,Нейш3А-2018-1527,__HIDDEN__,__HIDDEN__,1,__HIDDEN__,1,__HIDDEN__,1,1,0,1
Нейш3А-2018-1533,Изразец,Изразца печного красноглиняного торца фр-т,__HIDDEN__,"9+х4,5+х2 см",Фрагмент,Темно-коричневая супесь,,,data/raw/images/Нейш3А-2018-1533_orig.jpg,startswith,1,Нейш3А-2018-1533,__HIDDEN__,__HIDDEN__,1,__HIDDEN__,1,__HIDDEN__,1,1,0,1
Нейш3А-2018-1642,Миска,Миски красноглиняной с коричневой поливой снаружи и желтой внутри донца с придонной частью фр-т,__HIDDEN__,"Д=14+ д=9,5 см",Фрагмент,Современный строительный мусор,,,data/raw/images/Нейш3А-2018-1642_orig.jpg,startswith,1,Нейш3А-2018-1642,__HIDDEN__,__HIDDEN__,1,__HIDDEN__,1,__HIDDEN__,1,1,0,1
Нейш3А-2018-1685,Тарелка,Тарелки фаянсовой с синим цветочным орнаментом в стиле деколь внутри клейменой профиль,__HIDDEN__,Д=25 д=15 см,Фрагмент,Современный строительный мусор,,,data/raw/images/Нейш3А-2018-1685_orig.jpg,startswith,1,Нейш3А-2018-1685,__HIDDEN__,__HIDDEN__,1,__HIDDEN__,1,__HIDDEN__,1,1,0,1
Нейш3А-2018-1764,Тарелка,Тарелки фарфоровой с синей отводкой края профиль,__HIDDEN__,"Д=8,5+ д=4,5+ h=7,5 см",Фрагмент,Строительный мусор с включением битого кирпича,,,data/raw/images/Нейш3А-2018-1764_orig.jpg,startswith,1,Нейш3А-2018-1764,__HIDDEN__,__HIDDEN__,1,__HIDDEN__,1,__HIDDEN__,1,1,0,1
Нейш3А-2018-1980,Тарелка,Тарелочки глубокой фаянсовой с синим геометрическим и растительным орнаментами внутри  профиль,__HIDDEN__,"Д=12,5 д=9,4 h=3,6 см",Фрагмент,Темно-коричневая супесь,,,data/raw/images/Нейш3А-2018-1980_orig.jpg,startswith,1,Нейш3А-2018-1980,__HIDDEN__,__HIDDEN__,1,__HIDDEN__,1,__HIDDEN__,1,1,0,1
Нейш3А-2018-2040,Тарелка,Тарелки белоглиняной глубокой с желтой и зеленой поливой внутри венчика фр-т,__HIDDEN__,Д=13+ см,Фрагмент,Современный строительный мусор,,,data/raw/images/Нейш3А-2018-2040_orig.jpg,startswith,1,Нейш3А-2018-2040,__HIDDEN__,__HIDDEN__,1,__HIDDEN__,1,__HIDDEN__,1,1,0,1
Нейш3А-2018-2068,Изразец,Изразца печного светлоглиняного с белой поливой снаружи профиль,__HIDDEN__,"6,3х10+х12+х1,7 см",Фрагмент,Современный строительный мусор,,,data/raw/images/Нейш3А-2018-2068_orig.jpg,startswith,1,Нейш3А-2018-2068,__HIDDEN__,__HIDDEN__,1,__HIDDEN__,1,__HIDDEN__,1,1,0,1
Нейш3А-2018-2142,Блюдце,Блюдца фарфорового с розовой поливой по венчику и с золотистой отводкой края внутри профиль,__HIDDEN__,Д=8+ см,Фрагмент,Современный строительный мусор,,,data/raw/images/Нейш3А-2018-2142_orig.jpg,startswith,1,Нейш3А-2018-2142,__HIDDEN__,__HIDDEN__,1,__HIDDEN__,1,__HIDDEN__,1,1,0,1
Нейш3А-2018-2145,Тарелка,Тарелки фаянсовой с черным линейны орнаментом внутри венчика фр-т,__HIDDEN__,"Д=6,5+ см",Фрагмент,Современный строительный мусор,,,data/raw/images/Нейш3А-2018-2145_orig.jpg,startswith,1,Нейш3А-2018-2145,__HIDDEN__,__HIDDEN__,1,__HIDDEN__,1,__HIDDEN__,1,1,0,1
Нейш3А-2018-2170,Тарелка,Тарелки фаянсовой клейменой донца фр-т,__HIDDEN__,д=8+ см,Фрагмент,Темно-коричневая супесь,,,data/raw/images/Нейш3А-2018-2170_orig.jpg,startswith,1,Нейш3А-2018-2170,__HIDDEN__,__HIDDEN__,1,__HIDDEN__,1,__HIDDEN__,1,1,0,1
Нейш3А-2018-2216,Тарелка,Тарелки фаянсовой профиль,__HIDDEN__,Д=18+ см,Фрагмент,Строительный мусор с включением темно-коричневой супеси,,,data/raw/images/Нейш3А-2018-2216_orig.jpg,startswith,1,Нейш3А-2018-2216,__HIDDEN__,__HIDDEN__,1,__HIDDEN__,1,__HIDDEN__,1,1,0,1
Нейш3А-2018-2330,Крышка,Крышечки красноглиняной со светло-коричневой поливой снаружи и внутри со сквозным круглым отверстием в центре профиль,__HIDDEN__,Д=5+ см,Фрагмент,Современный строительный мусор,,,data/raw/images/Нейш3А-2018-2330_orig.jpg,startswith,1,Нейш3А-2018-2330,__HIDDEN__,__HIDDEN__,1,__HIDDEN__,1,__HIDDEN__,1,1,0,1
Нейш3А-2018-2331,Крышка,Крышки красноглиняной со светло-коричневой поливой снаружи и белой внутри со сквозным отверстием в центре фр-т,__HIDDEN__,Д=11+ см,Фрагмент,Современный строительный мусор,,,data/raw/images/Нейш3А-2018-2331_orig.jpg,startswith,1,Нейш3А-2018-2331,__HIDDEN__,__HIDDEN__,1,__HIDDEN__,1,__HIDDEN__,1,1,0,1
Нейш3А-2018-2435,Тарелка,Тарелки красноглиняной венчика фр-т,__HIDDEN__,"Д=13,5 см",Фрагмент,"Строительный мусор, темно-коричневая супесь с включением желтой",,,data/raw/images/Нейш3А-2018-2435_orig.jpg,startswith,1,Нейш3А-2018-2435,__HIDDEN__,__HIDDEN__,1,__HIDDEN__,1,__HIDDEN__,1,1,0,1
Нейш3А-2018-2476,Крышка,Крышки белоглиняной с желтой поливой снаружи и внутри полусферической формы венчика фр-т,__HIDDEN__,Д=7+ см,Фрагмент,Строительный мусор с битым кирпичом,,,data/raw/images/Нейш3А-2018-2476_orig.jpg,startswith,1,Нейш3А-2018-2476,__HIDDEN__,__HIDDEN__,1,__HIDDEN__,1,__HIDDEN__,1,1,0,1
Нейш3А-2018-2548,Крышка,"Крышечка фарфоровая цилиндрической формы с синим линейным орнаментом, круглой ручкой в центре и отверстием под слив",__HIDDEN__,"Д=5,2 h=2 см",Целый,Строительный мусор,,,data/raw/images/Нейш3А-2018-2548_orig.jpg,startswith,1,Нейш3А-2018-2548,__HIDDEN__,__HIDDEN__,1,__HIDDEN__,1,__HIDDEN__,1,1,0,1
Нейш3А-2018-2549,Крышка,Крышечка фарфоровая полусферической формы с серебристым линейным орнаментом  и круглой ручкой в центре,__HIDDEN__,"Д=4,4 h=3 см",Целый,Строительный мусор,,,data/raw/images/Нейш3А-2018-2549_orig.jpg,startswith,1,Нейш3А-2018-2549,__HIDDEN__,__HIDDEN__,1,__HIDDEN__,1,__HIDDEN__,1,1,0,1
Нейш3А-2018-2551,Крышка,"Крышечка фарфоровая круглая с полихромной пятнистой росписью (синий, розовый, желтый, золотистый) снаружи с круглой ручкой со сквозным отверстием в центре",__HIDDEN__,"Д=5,1 h=2,5 см",Целый,Строительный мусор,,,data/raw/images/Нейш3А-2018-2551_orig.jpg,startswith,1,Нейш3А-2018-2551,__HIDDEN__,__HIDDEN__,1,__HIDDEN__,1,__HIDDEN__,1,1,0,1
Нейш3А-2018-2554,Крышка,"Крышечка фарфоровая круглая с пятнистым орнаментом (светло-коричневый, синий) снаружи",__HIDDEN__,"Д=5 h=2,7 см",Целый,Строительный мусор,,,data/raw/images/Нейш3А-2018-2554_orig.jpg,startswith,1,Нейш3А-2018-2554,__HIDDEN__,__HIDDEN__,1,__HIDDEN__,1,__HIDDEN__,1,1,0,1
Нейш3А-2018-2555,Крышка,"Крышечка фарфоровая круглая с полихромной пятнистой росписью (синий, розовый, желтый, золотистый) снаружи с круглой ручкой со сквозным отверстием в центре",__HIDDEN__,"Д=4,4 h=2,3 см",Целый,Строительный мусор,,,data/raw/images/Нейш3А-2018-2555_orig.jpg,startswith,1,Нейш3А-2018-2555,__HIDDEN__,__HIDDEN__,1,__HIDDEN__,1,__HIDDEN__,1,1,0,1
Нейш3А-2018-2556,Крышка,"Крышечка фарфоровая круглая с цветочным орнаментом снаружи (сирень: сиреневый, зеленый)",__HIDDEN__,"Д=4,5 h=2,3 см",Целый,Строительный мусор,,,data/raw/images/Нейш3А-2018-2556_orig.jpg,startswith,1,Нейш3А-2018-2556,__HIDDEN__,__HIDDEN__,1,__HIDDEN__,1,__HIDDEN__,1,1,0,1
Нейш3А-2018-2759,Крышка,Крышечка фарфоровая круглая с зеленой отводкой края и зеленым растительным орнаментом снаружи,__HIDDEN__,"Д=7,5 см",Целый,Современный строительный мусор,,,data/raw/images/Нейш3А-2018-2759_orig.jpg,startswith,1,Нейш3А-2018-2759,__HIDDEN__,__HIDDEN__,1,__HIDDEN__,1,__HIDDEN__,1,1,0,1
Нейш3А-2018-2807,Крышка,Крышки белоглиняной с желтой поливой внутри и следами нагара снаружи венчика фр-т,__HIDDEN__,Д=12+ см,Фрагмент,Темно-коричневая супесь,,,data/raw/images/Нейш3А-2018-2807_orig.jpg,startswith,1,Нейш3А-2018-2807,__HIDDEN__,__HIDDEN__,1,__HIDDEN__,1,__HIDDEN__,1,1,0,1
Нейш3А-2018-2841,Блюдце,Блюдечка фарфорового с голубой поливой и золотистой отводкой края внутри профиль,__HIDDEN__,Д=3+ см,Фрагмент,Современный строительный мусор,,,data/raw/images/Нейш3А-2018-2841_orig.jpg,startswith,1,Нейш3А-2018-2841,__HIDDEN__,__HIDDEN__,1,__HIDDEN__,1,__HIDDEN__,1,1,0,1
Нейш3А-2018-2926,Блюдце,"Блюдца фарфорового с бордовой отводкой края и цветочным орнаментом (розовый, желтый, зеленый, серый) внутри профиль",__HIDDEN__,"Д=4,5+ см",Фрагмент,Строительный мусор,,,data/raw/images/Нейш3А-2018-2926_orig.jpg,startswith,1,Нейш3А-2018-2926,__HIDDEN__,__HIDDEN__,1,__HIDDEN__,1,__HIDDEN__,1,1,0,1
Нейш3А-2018-2953,Блюдце,Блюдечка фаянсового миниатюрного венчика фр-т,__HIDDEN__,"Д=8,5+ см",Фрагмент,Строительный мусор,,,data/raw/images/Нейш3А-2018-2953_orig.jpg,startswith,1,Нейш3А-2018-2953,__HIDDEN__,__HIDDEN__,1,__HIDDEN__,1,__HIDDEN__,1,1,0,1
Нейш3А-2018-3010,Тарелка,Тарелки фаянсовой глубокой венчика фр-т,__HIDDEN__,"Д=11,5+ см",Фрагмент,Современный строительный мусор,,,data/raw/images/Нейш3А-2018-3010_orig.jpg,startswith,1,Нейш3А-2018-3010,__HIDDEN__,__HIDDEN__,1,__HIDDEN__,1,__HIDDEN__,1,1,0,1
Нейш3А-2018-3039,Тарелка,Тарелки фаянсовой венчика фр-т,__HIDDEN__,"Д=3,5+ см",Фрагмент,Заполнение могильной ямы,,,data/raw/images/Нейш3А-2018-3039_orig.jpg,startswith,1,Нейш3А-2018-3039,__HIDDEN__,__HIDDEN__,1,__HIDDEN__,1,__HIDDEN__,1,1,0,1
Нейш3А-2018-3060,Блюдце,Блюдца фарфорового с зеленым растительным орнаментом внутри профиль,__HIDDEN__,Д=6+ см,Фрагмент,Современный строительный мусор,,,data/raw/images/Нейш3А-2018-3060_orig.jpg,startswith,1,Нейш3А-2018-3060,__HIDDEN__,__HIDDEN__,1,__HIDDEN__,1,__HIDDEN__,1,1,0,1
Нейш3А-2018-3712,Изразец,Изразца?светлоглиняного с желтой поливой и рельефным орнаментом снаружи стенки фр-т,__HIDDEN__,"4,5+х6,5+х0,6 см",Фрагмент,Современный строительный мусор,,,data/raw/images/Нейш3А-2018-3712_orig.jpg,startswith,1,Нейш3А-2018-3712,__HIDDEN__,__HIDDEN__,1,__HIDDEN__,1,__HIDDEN__,1,1,1,1
Нейш3А-2018-3748,Блюдце,Блюдца фарфорового с золотистой отводкой центра и голубой поливой по стенкам внутри донца клейменого фр-т,__HIDDEN__,Д=8+ см,Фрагмент,Современный строительный мусор,,,data/raw/images/Нейш3А-2018-3748_orig.jpg,startswith,1,Нейш3А-2018-3748,__HIDDEN__,__HIDDEN__,1,__HIDDEN__,1,__HIDDEN__,1,1,0,1
Нейш3А-2018-3996,Блюдце,Блюдце прозрачного бесцветного стекла с рельефным орнаментом снаружи клейменое,__HIDDEN__,"Д=8,5 h=1,5 см",Целый,Современный строительный мусор,,,data/raw/images/Нейш3А-2018-3996_orig.jpg,startswith,1,Нейш3А-2018-3996,__HIDDEN__,__HIDDEN__,1,__HIDDEN__,1,__HIDDEN__,1,1,0,1
Нейш3А-2018-4068,Крышка,Крышка фарфоровая полусферической формы с подцилиндрической ручкой в центре,__HIDDEN__,"7,5х3,5 см",Фрагмент,Современный строительный мусор,,,data/raw/images/Нейш3А-2018-4068_orig.jpg,startswith,1,Нейш3А-2018-4068,__HIDDEN__,__HIDDEN__,1,__HIDDEN__,1,__HIDDEN__,1,1,0,1
Нейш3А-2018-4085,Изразец,Изразец печной светлоглиняный белополивной клейменый,__HIDDEN__,"10,5х5х21+ см",Целый,Современный строительный мусор,,,data/raw/images/Нейш3А-2018-4085_orig.jpg,startswith,1,Нейш3А-2018-4085,__HIDDEN__,__HIDDEN__,1,__HIDDEN__,1,__HIDDEN__,1,1,0,1
Нейш3А-2018-4094,Крышка,Крышки прозрачного бесцветного стекла полусферической формы с усеченной вершиной и с рельефным орнаментом снаружи профиль,__HIDDEN__,"Д=12,5+ см",Фрагмент,Современный строительный мусор,,,data/raw/images/Нейш3А-2018-4094_orig.jpg,startswith,1,Нейш3А-2018-4094,__HIDDEN__,__HIDDEN__,1,__HIDDEN__,1,__HIDDEN__,1,1,0,1
Нейш3А-2018-4342,Крышка,Ручка (крышки/сосуда) красноглиняная с коричневой поливой и рельефным изображением цветка,__HIDDEN__,"1,8х1,2х4,3 см",Фрагмент,Современный строительный мусор,,,data/raw/images/Нейш3А-2018-4342_orig.jpg,startswith,1,Нейш3А-2018-4342,__HIDDEN__,__HIDDEN__,1,__HIDDEN__,1,__HIDDEN__,1,1,0,1
Нейш3А-2018-4582,Блюдце,"Блюдца фарфорового с цветочным орнаментом (розовый, зеленый, оранжевый, красный) внутри клейменого профиль",__HIDDEN__,"Д=18 д=10,5 h=2 см",Фрагмент,Современный строительный мусор,,,data/raw/images/Нейш3А-2018-4582_orig.jpg,startswith,1,Нейш3А-2018-4582,__HIDDEN__,__HIDDEN__,1,__HIDDEN__,1,__HIDDEN__,1,1,0,1
Нейш3А-2018-4603,Блюдце,Блюдце фарфоровое с зеленой поливой по венчику внутри клейменое,__HIDDEN__,"Д=20 д=11 h=2,7 см",Целый,Современный строительный мусор,,,data/raw/images/Нейш3А-2018-4603_orig.jpg,startswith,1,Нейш3А-2018-4603,__HIDDEN__,__HIDDEN__,1,__HIDDEN__,1,__HIDDEN__,1,1,0,1
Нейш3А-2018-4604,Тарелка,Тарелка фарфоровая с зеленой поливой по венчику внутри клейменая,__HIDDEN__,"Д=25,7 д=11,8 h=5,3 см",Целый,Современный строительный мусор,,,data/raw/images/Нейш3А-2018-4604_orig.jpg,startswith,1,Нейш3А-2018-4604,__HIDDEN__,__HIDDEN__,1,__HIDDEN__,1,__HIDDEN__,1,1,0,1
Нейш3А-2018-4678,Тарелка,Тарелки фаянсовой профиль,__HIDDEN__,"Д=13+ д=8+ h=3,5 см",Фрагмент,Строительный мусор с включением темно-коричневой супеси,,,data/raw/images/Нейш3А-2018-4678_orig.jpg,startswith,1,Нейш3А-2018-4678,__HIDDEN__,__HIDDEN__,1,__HIDDEN__,1,__HIDDEN__,1,1,0,1
Нейш3А-2018-4680,Миска,Миски светлоглиняной с темно-желтой поливой снаружи и внутри клейменой донца с придонной частью фр-т,__HIDDEN__,д=12+ см,Фрагмент,Строительный мусор с включением темно-коричневой супеси,,,data/raw/images/Нейш3А-2018-4680_orig.jpg,startswith,1,Нейш3А-2018-4680,__HIDDEN__,__HIDDEN__,1,__HIDDEN__,1,__HIDDEN__,1,1,0,1
Нейш3А-2018-4749,Тарелка,"Тарелки фарфоровой с оранжевой отводкой краев венчика и цветочным орнаментом (фиолетовый, желтый, зеленый, голубой) внутри профиль",__HIDDEN__,Д=19+ д=7+ h=6 см,Фрагмент,Современный строительный мусор,,,data/raw/images/Нейш3А-2018-4749_orig.jpg,startswith,1,Нейш3А-2018-4749,__HIDDEN__,__HIDDEN__,1,__HIDDEN__,1,__HIDDEN__,1,1,0,1
Нейш3А-2018-4912,Тарелка,Тарелки фаянсовой орнаментированной с темно-зеленой отводкой края венчика фр-т,__HIDDEN__,Д=21 см,Фрагмент,Современный строительный мусор,,,data/raw/images/Нейш3А-2018-4912_orig.jpg,startswith,1,Нейш3А-2018-4912,__HIDDEN__,__HIDDEN__,1,__HIDDEN__,1,__HIDDEN__,1,1,0,1
Нейш3А-2018-4942,Блюдце,Блюдце фарфоровое клейменое,__HIDDEN__,"Д=14,5 д=8,7 h=2,7 см",Целый,Современный строительный мусор,,,data/raw/images/Нейш3А-2018-4942_orig.jpg,startswith,1,Нейш3А-2018-4942,__HIDDEN__,__HIDDEN__,1,__HIDDEN__,1,__HIDDEN__,1,1,0,1
Нейш3А-2018-4950,Тарелка,"Тарелки фаянсовой с линейным орнаментом (светло-зеленый, красный) по венчику внутри клейменой профиль",__HIDDEN__,"Д=15+ д=11,5 h=5,5 см",Фрагмент,Современный строительный мусор,,,data/raw/images/Нейш3А-2018-4950_orig.jpg,startswith,1,Нейш3А-2018-4950,__HIDDEN__,__HIDDEN__,1,__HIDDEN__,1,__HIDDEN__,1,1,0,1
Нейш3А-2018-4976,Тарелка,Тарелка фаянсовая с голубой и серебристой отводкой волнообразного венчика,__HIDDEN__,"Д=25 д=13 h=2,8 см",Целый,Современный строительный мусор,,,data/raw/images/Нейш3А-2018-4976_orig.jpg,startswith,1,Нейш3А-2018-4976,__HIDDEN__,__HIDDEN__,1,__HIDDEN__,1,__HIDDEN__,1,1,0,1
Нейш3А-2018-5002,Тарелка,"Тарелки фарфоровой с изображением цветка (розовый, зеленый) на венчике внутри клейменой профиль",__HIDDEN__,"Д=23,5 д=11,5 h=5 см",Фрагмент,Современный строительный мусор,,,data/raw/images/Нейш3А-2018-5002_orig.jpg,startswith,1,Нейш3А-2018-5002,__HIDDEN__,__HIDDEN__,1,__HIDDEN__,1,__HIDDEN__,1,1,0,1
Нейш3А-2018-5003,Блюдце,"Блюдца фарфорового с линейным орнаментом (зеленый, оранжевый, черный) внутри клейменого профиль",__HIDDEN__,"Д= 13,5 д=9,5 h=2,3 см",Фрагмент,Современный строительный мусор,,,data/raw/images/Нейш3А-2018-5003_orig.jpg,startswith,1,Нейш3А-2018-5003,__HIDDEN__,__HIDDEN__,1,__HIDDEN__,1,__HIDDEN__,1,1,0,1
Нейш3А-2018-5132,Тарелка,"Тарелки белоглиняной с полихромной поливой (желтый, коричневый, зеленый) и рельефным орнаментом внутри венчика фр-т",__HIDDEN__,Д=7+ см,Фрагмент,Строительный мусор с включением древесного тлена,,,data/raw/images/Нейш3А-2018-5132_orig.jpg,startswith,1,Нейш3А-2018-5132,__HIDDEN__,__HIDDEN__,1,__HIDDEN__,1,__HIDDEN__,1,1,0,1
Нейш3А-2018-5182,Блюдце,"Блюдца фарфорового с коричневой отводкой края и центра и цветочным орнаментом (розовый, красный, зеленый) внутри клейменого профиль",__HIDDEN__,"Д=11+ д=6,5+ h=3,5 см",Фрагмент,Строительный мусор с включением желтой супеси,,,data/raw/images/Нейш3А-2018-5182_orig.jpg,startswith,1,Нейш3А-2018-5182,__HIDDEN__,__HIDDEN__,1,__HIDDEN__,1,__HIDDEN__,1,1,0,1
Нейш3А-2018-5232,Блюдце,Блюдца фарфорового с фиолетовой поливой по венчику и с фр-том морского пейзажа в золоченой рамке внутри профиль,__HIDDEN__,"Д=7,5+ д=5+ h=3 см",Фрагмент,Современный строительный мусор,,,data/raw/images/Нейш3А-2018-5232_orig.jpg,startswith,1,Нейш3А-2018-5232,__HIDDEN__,__HIDDEN__,1,__HIDDEN__,1,__HIDDEN__,1,1,0,1
Нейш3А-2018-5233,Блюдце,Блюдца фарфорового клейменого профиль,__HIDDEN__,"Д=14,5 д=8,5 h=3  см",Фрагмент,Современный строительный мусор,,,data/raw/images/Нейш3А-2018-5233_orig.jpg,startswith,1,Нейш3А-2018-5233,__HIDDEN__,__HIDDEN__,1,__HIDDEN__,1,__HIDDEN__,1,1,0,1
Нейш3А-2018-5303,Миска,Миски красноглиняной профиль,__HIDDEN__,"Д=9,5+ д=7,5+ h=4 см",Фрагмент,Современный строительный мусор,,,data/raw/images/Нейш3А-2018-5303_orig.jpg,startswith,1,Нейш3А-2018-5303,__HIDDEN__,__HIDDEN__,1,__HIDDEN__,1,__HIDDEN__,1,1,0,1
Нейш3А-2018-5597,Блюдце,"Блюдца фаянсового с голубой поливой снаружи и с рельефным растительным орнаментом (голубой, зеленый, бордовый) внутри профиль",__HIDDEN__,"Д=9+ д=5,7 h=3,7 см",Фрагмент,Строительный мусор с включением битого кирпича,,,data/raw/images/Нейш3А-2018-5597_orig.jpg,startswith,1,Нейш3А-2018-5597,__HIDDEN__,__HIDDEN__,1,__HIDDEN__,1,__HIDDEN__,1,1,0,1
Нейш3А-2018-5618,Крышка,Крышки светлоглиняной со светло-коричневой поливой снаружи и внутри профиль,__HIDDEN__,Д=11+ см,Фрагмент,Желтая супесь с включением темно-коричневой,,,data/raw/images/Нейш3А-2018-5618_orig.jpg,startswith,1,Нейш3А-2018-5618,__HIDDEN__,__HIDDEN__,1,__HIDDEN__,1,__HIDDEN__,1,1,0,1
Нейш3А-2018-5619,Тарелка,Тарелочки светлоглиняной со светло-коричневой поливой снаружи и внутри и выпуклым орнаментом снаружи профиль,__HIDDEN__,"Д=5+ д=3,5+ h=3 см",Фрагмент,Желтая супесь с включением темно-коричневой,,,data/raw/images/Нейш3А-2018-5619_orig.jpg,startswith,1,Нейш3А-2018-5619,__HIDDEN__,__HIDDEN__,1,__HIDDEN__,1,__HIDDEN__,1,1,0,1
Нейш3А-2018-5661,Тарелка,"Тарелки фарфоровой с линейным орнаментом (синий, золотистый) внутри профиль",__HIDDEN__,"Д=11,5+ д=5+ h=5,5 см",Фрагмент,Современный строительный мусор,,,data/raw/images/Нейш3А-2018-5661_orig.jpg,startswith,1,Нейш3А-2018-5661,__HIDDEN__,__HIDDEN__,1,__HIDDEN__,1,__HIDDEN__,1,1,0,1
Нейш3А-2018-5708,Тарелка,Тарелки фаянсовой донца клейменого фр-т,__HIDDEN__,"д=9,5+ см",Фрагмент,Современный строительный мусор,,,data/raw/images/Нейш3А-2018-5708_orig.jpg,startswith,1,Нейш3А-2018-5708,__HIDDEN__,__HIDDEN__,1,__HIDDEN__,1,__HIDDEN__,1,1,0,1
Нейш3А-2018-5721,Блюдце,Блюдца фарфорового с красной отводкой края и центра внутри клейменого профиль,__HIDDEN__,"Д=8+ д=5,5+ h=3,5 см",Фрагмент,Современный строительный мусор,,,data/raw/images/Нейш3А-2018-5721_orig.jpg,startswith,1,Нейш3А-2018-5721,__HIDDEN__,__HIDDEN__,1,__HIDDEN__,1,__HIDDEN__,1,1,0,1
Нейш3А-2018-5763,Тарелка,Тарелки фаянсовой с зеленой пейзажной росписью в стиле деколь внутри донца клейменого фр-т,__HIDDEN__,д=9+ см,Фрагмент,Современный строительный мусор,,,data/raw/images/Нейш3А-2018-5763_orig.jpg,startswith,1,Нейш3А-2018-5763,__HIDDEN__,__HIDDEN__,1,__HIDDEN__,1,__HIDDEN__,1,1,0,1
Нейш3А-2018-5886,Тарелка,Тарелки красноглиняной толстостенной с зеленой поливой внутри и по верху снаружи профиль,__HIDDEN__,"Д=12,5 д=8+ h=11 см",Фрагмент,Строительный мусор с включением битого кирпича,,,data/raw/images/Нейш3А-2018-5886_orig.jpg,startswith,1,Нейш3А-2018-5886,__HIDDEN__,__HIDDEN__,1,__HIDDEN__,1,__HIDDEN__,1,1,0,1
Нейш3А-2018-5893,Тарелка,Тарелочки?белоглиняной с рельефным изображением внутри венчика фр-т,__HIDDEN__,Д=6+ см,Фрагмент,Строительный мусор с включением битого кирпича,,,data/raw/images/Нейш3А-2018-5893_orig.jpg,startswith,1,Нейш3А-2018-5893,__HIDDEN__,__HIDDEN__,1,__HIDDEN__,1,__HIDDEN__,1,1,1,1
Нейш3А-2018-5912,Тарелка,Тарелки красноглиняной с коричневой поливой снаружи и внутри профиль,__HIDDEN__,"Д=16,5 д=10 h=7,5 см",Фрагмент,Современный строительный мусор,,,data/raw/images/Нейш3А-2018-5912_orig.jpg,startswith,1,Нейш3А-2018-5912,__HIDDEN__,__HIDDEN__,1,__HIDDEN__,1,__HIDDEN__,1,1,0,1
Нейш3А-2018-5970,Крышка,Крышечка?фарфоровая плоская с зеленой поливой и золотистой отводкой края снаружи и фр-том прилепа ручки в центре,__HIDDEN__,"Д=3,4 см",Фрагмент,Современный строительный мусор,,,data/raw/images/Нейш3А-2018-5970_orig.jpg,startswith,1,Нейш3А-2018-5970,__HIDDEN__,__HIDDEN__,1,__HIDDEN__,1,__HIDDEN__,1,1,1,1
Нейш3А-2018-5986,Крышка,Крышки красноглиняной с коричневой поливой снаружи и круглой ручкой в центре профиль,__HIDDEN__,Д=23  см,Фрагмент,Современный строительный мусор,,,data/raw/images/Нейш3А-2018-5986_orig.jpg,startswith,1,Нейш3А-2018-5986,__HIDDEN__,__HIDDEN__,1,__HIDDEN__,1,__HIDDEN__,1,1,0,1
Нейш3А-2018-6055,Крышка,Крышки светлоглиняной со светло-коричневой поливой снаружи и круглой ручкой с вогнутым центом и отверстием в нем профиль,__HIDDEN__,Д=24 см,Фрагмент,Современный строительный мусор,,,data/raw/images/Нейш3А-2018-6055_orig.jpg,startswith,1,Нейш3А-2018-6055,__HIDDEN__,__HIDDEN__,1,__HIDDEN__,1,__HIDDEN__,1,1,0,1
Нейш3А-2018-6297,Миска,Миски красноглиняной с коричневой поливой снаружи и внутри профиль,__HIDDEN__,"Д=15+ д=11,3 h=8 см",Целый,Современный строительный мусор,,,data/raw/images/Нейш3А-2018-6297_orig.jpg,startswith,1,Нейш3А-2018-6297,__HIDDEN__,__HIDDEN__,1,__HIDDEN__,1,__HIDDEN__,1,1,0,1
Нейш3А-2018-7127,Тарелка,"Тарелки светлоглиняной толстостенной с темно-зеленой поливой и рельефным растительным орнаментом снаружи (коричневый, черный) и темно-зеленой и коричневой поливой внутри венчика фр-т",__HIDDEN__,Д=21+ см,Фрагмент,Современный строительный мусор,,,data/raw/images/Нейш3А-2018-7127_orig.jpg,startswith,1,Нейш3А-2018-7127,__HIDDEN__,__HIDDEN__,1,__HIDDEN__,1,__HIDDEN__,1,1,0,1
Нейш3А-2018-7177,Крышка,Крышки светлоглиняной с коричневой поливой снаружи и круглой ручкой в центре профиль,__HIDDEN__,Д=8+ см,Фрагмент,Темно-коричневая супесь,,,data/raw/images/Нейш3А-2018-7177_orig.jpg,startswith,1,Нейш3А-2018-7177,__HIDDEN__,__HIDDEN__,1,__HIDDEN__,1,__HIDDEN__,1,1,0,1
Нейш3А-2018-7185,Тарелка,"Тарелки фарфоровой с цветочным орнаментом (красный, розовый, желтый, зеленый) профиль",__HIDDEN__,"Д=10+ д=7+ h=2,5 см",Фрагмент,Темно-коричневая супесь,,,data/raw/images/Нейш3А-2018-7185_orig.jpg,startswith,1,Нейш3А-2018-7185,__HIDDEN__,__HIDDEN__,1,__HIDDEN__,1,__HIDDEN__,1,1,0,1
Нейш3А-2018-7207,Тарелка,Тарелки фаянсовой с синей пейзажной росписью внутри донца фр-т,__HIDDEN__,"д=10,5+  см",Фрагмент,Темно-коричневая супесь,,,data/raw/images/Нейш3А-2018-7207_orig.jpg,startswith,1,Нейш3А-2018-7207,__HIDDEN__,__HIDDEN__,1,__HIDDEN__,1,__HIDDEN__,1,1,0,1
Нейш3А-2018-7215,Блюдце,Блюдца фаянсового с синей росписью внутри профиль,__HIDDEN__,"Д=11+ д=8,5+ h=3 см",Фрагмент,Темно-коричневая супесь,,,data/raw/images/Нейш3А-2018-7215_orig.jpg,startswith,1,Нейш3А-2018-7215,__HIDDEN__,__HIDDEN__,1,__HIDDEN__,1,__HIDDEN__,1,1,0,1
Нейш3А-2018-7216,Тарелка,Тарелки фаянсовой с синей пейзажной росписью внутри клейменой профиль,__HIDDEN__,"Д=16,5 д=11 h=3,5 см",Фрагмент,Строительный мусор с включением темно-коричневой супеси,,,data/raw/images/Нейш3А-2018-7216_orig.jpg,startswith,1,Нейш3А-2018-7216,__HIDDEN__,__HIDDEN__,1,__HIDDEN__,1,__HIDDEN__,1,1,0,1
Нейш3А-2019-113,Миска,Миски красноглиняной с коричневой поливой снаружи и внутри венчика фр-т,__HIDDEN__,Д=ок.23,Фрагмент,Серая супесь,,,data/raw/images/Нейш3А-2019-113_orig.jpg,startswith,1,Нейш3А-2019-113,__HIDDEN__,__HIDDEN__,1,__HIDDEN__,1,__HIDDEN__,1,1,0,1
Нейш3А-2019-097,Крышка,"Крышка фарфоровая с белой поливой снаружи и внутри и росписью снаружи (синий, розовый, серебристый) и круглой ручкой с круглым сквозным отверстием",__HIDDEN__,"Д=5,7",Целый,Строительный мусор,,,data/raw/images/Нейш3А-2019-097_orig.jpg,startswith,1,Нейш3А-2019-097,__HIDDEN__,__HIDDEN__,1,__HIDDEN__,1,__HIDDEN__,1,1,0,1
Т-12-Р2-1418,Плитка,Плитки из каменной массы с клеймом фр-т,__HIDDEN__,,Фрагмент,Слой 5 (слой разрушения построек 1-4)/ гориз.2,,,data/raw/images/Т-12-Р2-1418_orig.jpg,startswith,1,Т-12-Р2-1418,__HIDDEN__,__HIDDEN__,1,__HIDDEN__,1,__HIDDEN__,1,1,0,1
Т-12-Р2-1716,Тарелка,Тарелки фарфоровой с клеймом и геометрическим орнаментом профиля фр-т,__HIDDEN__,D8 см,Фрагмент,Слой 6 (слой периода существования построек 1-4)/ гориз.2,,,data/raw/images/Т-12-Р2-1716_orig.jpg,startswith,1,Т-12-Р2-1716,__HIDDEN__,__HIDDEN__,1,__HIDDEN__,1,__HIDDEN__,1,1,0,1
Т-12-Р2-1783,Изразец,Изразца белоглиняного с белой поливой снаружи лицевой части колонны фр-т,__HIDDEN__,,Фрагмент,Слой 5 (слой разрушения построек 1-4)/ гориз.2,,,data/raw/images/Т-12-Р2-1783_orig.jpg,startswith,1,Т-12-Р2-1783,__HIDDEN__,__HIDDEN__,1,__HIDDEN__,1,__HIDDEN__,1,1,0,1
Т-12-Р2-1972,Миска,Миски красноглиняной с зеленой поливой внутри профиля фр-т,__HIDDEN__,D венчика — 30; D донца — 13 см,Фрагмент,Слой 4 (подсыпка под мостовую)/ гориз.2,,,data/raw/images/Т-12-Р2-1972_orig.jpg,startswith,1,Т-12-Р2-1972,__HIDDEN__,__HIDDEN__,1,__HIDDEN__,1,__HIDDEN__,1,1,0,1
Т-12-Р2-1974,Миска,Миски красноглиняной с коричневой поливой внутри профиля фр-т,__HIDDEN__,D венчика — 23; D донца — 10 см,Фрагмент,Слой 4 (подсыпка под мостовую)/ гориз.2,,,data/raw/images/Т-12-Р2-1974_orig.jpg,startswith,1,Т-12-Р2-1974,__HIDDEN__,__HIDDEN__,1,__HIDDEN__,1,__HIDDEN__,1,1,0,1
Т-12-Р2-2347,Блюдце,Блюдце фарфоровое с орнаментом внутри и клеймом снаружи фрагментированное,__HIDDEN__,D 14 см,Фрагмент,Слой 5 (слой разрушения построек 1-4)/ гориз.2,,,data/raw/images/Т-12-Р2-2347_orig.jpg,startswith,1,Т-12-Р2-2347,__HIDDEN__,__HIDDEN__,1,__HIDDEN__,1,__HIDDEN__,1,1,0,1
Т-12-Р2-2714,Миска,Миски фарфоровой декоративной фр-т,__HIDDEN__,D 16 см,Фрагмент,Слой 2 (строительный мусор XX в.)/ гориз.1,,,data/raw/images/Т-12-Р2-2714_orig.jpg,startswith,1,Т-12-Р2-2714,__HIDDEN__,__HIDDEN__,1,__HIDDEN__,1,__HIDDEN__,1,1,0,1
Т-12-Р2-2780,Блюдце,Блюдца фарфорового с клеймом профиль,__HIDDEN__,,Фрагмент,Слой 2 (строительный мусор XX в.)/ гориз.1,,,data/raw/images/Т-12-Р2-2780_orig.jpg,startswith,1,Т-12-Р2-2780,__HIDDEN__,__HIDDEN__,1,__HIDDEN__,1,__HIDDEN__,1,1,0,1
Т-12-Р2-2897,Миска,Миски красноглиняной с зеленой поливой внутри профиль,__HIDDEN__,,Фрагмент,Слой 6 (слой периода существования построек 1-4)/ гориз.2,,,data/raw/images/Т-12-Р2-2897_orig.jpg,startswith,1,Т-12-Р2-2897,__HIDDEN__,__HIDDEN__,1,__HIDDEN__,1,__HIDDEN__,1,1,0,1
Т-12-Р2-2924,Миска,Миски красноглиняной с коричнево-зеленой поливой внутри профиль,__HIDDEN__,D венчика — 28; D донца — 13 см,Фрагмент,Слой 6 (слой периода существования построек 1-4)/ гориз.1,,,data/raw/images/Т-12-Р2-2924_orig.jpg,startswith,1,Т-12-Р2-2924,__HIDDEN__,__HIDDEN__,1,__HIDDEN__,1,__HIDDEN__,1,1,0,1
Т-12-Р2-3013,Крышка,Предмета деревянного (крышка от бочки?) фр-т,__HIDDEN__,D 39 см,Фрагмент,Слой 3 (строительный мусор XIX в.)/ гориз.2,,,data/raw/images/Т-12-Р2-3013_orig.jpg,startswith,1,Т-12-Р2-3013,__HIDDEN__,__HIDDEN__,1,__HIDDEN__,1,__HIDDEN__,1,1,1,1
Т-12-Р2-3015,Крышка,Предмета деревянного со сквозным отверстием (крышка от бочки?) фр-т,__HIDDEN__,54х17 см,Фрагмент,Слой 3 (строительный мусор XIX в.)/ гориз.2,,,data/raw/images/Т-12-Р2-3015_orig.jpg,startswith,1,Т-12-Р2-3015,__HIDDEN__,__HIDDEN__,1,__HIDDEN__,1,__HIDDEN__,1,1,1,1
Т-12-Р2-3017,Крышка,Предмета деревянного (крышка от бочки?) фр-т,__HIDDEN__,38х14 см,Фрагмент,Слой 3 (строительный мусор XIX в.)/ гориз.2,,,data/raw/images/Т-12-Р2-3017_orig.jpg,startswith,1,Т-12-Р2-3017,__HIDDEN__,__HIDDEN__,1,__HIDDEN__,1,__HIDDEN__,1,1,1,1
Т-12-Р2-3023,Крышка,Предмета деревянного (крышка от бочки?) фр-т,__HIDDEN__,43х18 см,Фрагмент,Слой 3 (строительный мусор XIX в.)/ гориз.2,,,data/raw/images/Т-12-Р2-3023_orig.jpg,startswith,1,Т-12-Р2-3023,__HIDDEN__,__HIDDEN__,1,__HIDDEN__,1,__HIDDEN__,1,1,1,1
Т-12-Р3-1031,Тарелка,Тарелки фаянсовой с синей монохромной росписью внутри с клеймом снаружи придонной части фр-т,__HIDDEN__,"D10,7 см",Фрагмент,5 (слой разрушения построек),,,data/raw/images/Т-12-Р3-1031_orig.jpg,startswith,1,Т-12-Р3-1031,__HIDDEN__,__HIDDEN__,1,__HIDDEN__,1,__HIDDEN__,1,1,0,1
Т-12-Р3-1065,Блюдце,Блюдца фаянсового с зеленой монохромной росписью с клеймом снаружи профиля фр-т,__HIDDEN__,D9 см,Фрагмент,5 (слой разрушения построек),,,data/raw/images/Т-12-Р3-1065_orig.jpg,startswith,1,Т-12-Р3-1065,__HIDDEN__,__HIDDEN__,1,__HIDDEN__,1,__HIDDEN__,1,1,0,1
Т-12-Р3-1093,Тарелка,Тарелки фаянсовой с клеймом снаружи донца фр-т,__HIDDEN__,"D9,2 см",Фрагмент,5 (слой разрушения построек),,,data/raw/images/Т-12-Р3-1093_orig.jpg,startswith,1,Т-12-Р3-1093,__HIDDEN__,__HIDDEN__,1,__HIDDEN__,1,__HIDDEN__,1,1,0,1
Т-12-Р3-1541,Миска,Миски красноглиняной с коричневой поливой внутри профиля фр-т,__HIDDEN__,"D15,5 см",Фрагмент,6 (слой периода существования построек),,,data/raw/images/Т-12-Р3-1541_orig.jpg,startswith,1,Т-12-Р3-1541,__HIDDEN__,__HIDDEN__,1,__HIDDEN__,1,__HIDDEN__,1,1,0,1
Т-12-Р3-1567,Изразец,Изразца красноглиняного печного рельефно-расписного пояска фр-т,__HIDDEN__,"14,6х11х2,5 см",Фрагмент,5 (слой разрушения построек),,,data/raw/images/Т-12-Р3-1567_orig.jpg,startswith,1,Т-12-Р3-1567,__HIDDEN__,__HIDDEN__,1,__HIDDEN__,1,__HIDDEN__,1,1,0,1
Т-12-Р3-1568,Изразец,Изразца красноглиняного печного рельефно-расписного с румпой фр-т,__HIDDEN__,"14,5х13,5х2,3 см",Фрагмент,5 (слой разрушения построек),,,data/raw/images/Т-12-Р3-1568_orig.jpg,startswith,1,Т-12-Р3-1568,__HIDDEN__,__HIDDEN__,1,__HIDDEN__,1,__HIDDEN__,1,1,0,1
Т-12-Р3-1569,Изразец,Изразца красноглиняного печного рельефно-расписного короны с румпой фр-т,__HIDDEN__,"21,2х20х3,3 см",Фрагмент,5 (слой разрушения построек),,,data/raw/images/Т-12-Р3-1569_orig.jpg,startswith,1,Т-12-Р3-1569,__HIDDEN__,__HIDDEN__,1,__HIDDEN__,1,__HIDDEN__,1,1,0,1
Т-12-Р3-1574,Изразец,Изразца красноглиняного печного рельефно-расписного подзора с румпой фр-т,__HIDDEN__,"15,8х13,5х3,2 см",Фрагмент,5 (слой разрушения построек),,,data/raw/images/Т-12-Р3-1574_orig.jpg,startswith,1,Т-12-Р3-1574,__HIDDEN__,__HIDDEN__,1,__HIDDEN__,1,__HIDDEN__,1,1,0,1
Т-12-Р3-1575,Изразец,Изразца красноглиняного печного рельефно-расписного карниза с румпой фр-т,__HIDDEN__,"14,2х9,2х3,3 см",Фрагмент,5 (слой разрушения построек),,,data/raw/images/Т-12-Р3-1575_orig.jpg,startswith,1,Т-12-Р3-1575,__HIDDEN__,__HIDDEN__,1,__HIDDEN__,1,__HIDDEN__,1,1,0,1
Т-12-Р3-1690,Тарелка,Тарелки фаянсовой с клеймом снаружи профиля фр-т,__HIDDEN__,"D18,9 см",Фрагмент,3 (строительный мусор XIX в.),,,data/raw/images/Т-12-Р3-1690_orig.jpg,startswith,1,Т-12-Р3-1690,__HIDDEN__,__HIDDEN__,1,__HIDDEN__,1,__HIDDEN__,1,1,0,1
Т-12-Р3-1985,Миска,Миски красноглиняной с зеленой поливой внутри профиля фр-т,__HIDDEN__,D17 см,Фрагмент,5 (слой разрушения постройки),,,data/raw/images/Т-12-Р3-1985_orig.jpg,startswith,1,Т-12-Р3-1985,__HIDDEN__,__HIDDEN__,1,__HIDDEN__,1,__HIDDEN__,1,1,0,1
Т-12-Р3-2035,Тарелка,Тарелка красноглиняная фрагментированная с коричневыми разводами по желтой и белой поливе внутри и белой снаружи,__HIDDEN__,"D23,2 см",Фрагмент,7 (слой строительства постройки 2),,,data/raw/images/Т-12-Р3-2035_orig.jpg,startswith,1,Т-12-Р3-2035,__HIDDEN__,__HIDDEN__,1,__HIDDEN__,1,__HIDDEN__,1,1,0,1
Т-12-Р3-2036,Тарелка,Тарелки красноглиняной с коричневыми разводами по желтой поливе внутри и белой снаружи профиля фр-т,__HIDDEN__,"D23,2 см",Фрагмент,7 (слой строительства постройки 2),,,data/raw/images/Т-12-Р3-2036_orig.jpg,startswith,1,Т-12-Р3-2036,__HIDDEN__,__HIDDEN__,1,__HIDDEN__,1,__HIDDEN__,1,1,0,1
Т-12-Р3-2245,Миска,Миска красноглиняная с коричневой поливой внутри с венчиком со сливом,__HIDDEN__,"D15,4 см",Фрагмент,7 (слой строительства постройки 2),,,data/raw/images/Т-12-Р3-2245_orig.jpg,startswith,1,Т-12-Р3-2245,__HIDDEN__,__HIDDEN__,1,__HIDDEN__,1,__HIDDEN__,1,1,0,1
Т-12-Р3-2256,Блюдце,Блюдца фарфорового с клеймом снаружи профиля фр-т,__HIDDEN__,"D14,2 см",Фрагмент,6 (слой периода существования построек),,,data/raw/images/Т-12-Р3-2256_orig.jpg,startswith,1,Т-12-Р3-2256,__HIDDEN__,__HIDDEN__,1,__HIDDEN__,1,__HIDDEN__,1,1,0,1
Т-12-Р3-2365,Миска,Миска красноглиняная,__HIDDEN__,"D16,3 см",Целый,5 (слой разрушения построек),,,data/raw/images/Т-12-Р3-2365_orig.jpg,startswith,1,Т-12-Р3-2365,__HIDDEN__,__HIDDEN__,1,__HIDDEN__,1,__HIDDEN__,1,1,0,1
Т-12-Р3-2642,Изразец,Изразца стенового красноглиняного рельефного с румпой фр-т,__HIDDEN__,"11,7х11,5х6 ,5 см",Фрагмент,5 (слой разрушения построек),,,data/raw/images/Т-12-Р3-2642_orig.jpg,startswith,1,Т-12-Р3-2642,__HIDDEN__,__HIDDEN__,1,__HIDDEN__,1,__HIDDEN__,1,1,0,1
Т-12-Р3-2647,Изразец,Изразца печного красноглиняного рельефно-расписного с белой поливой снаружи вставки с румпой фр-т,__HIDDEN__,"18,9х17,1х3 см",Фрагмент,5 (слой разрушения построек),,,data/raw/images/Т-12-Р3-2647_orig.jpg,startswith,1,Т-12-Р3-2647,__HIDDEN__,__HIDDEN__,1,__HIDDEN__,1,__HIDDEN__,1,1,0,1
Т-12-Р3-2658,Изразец,Изразца печного красноглиняного углового рельефного с румпой фр-т,__HIDDEN__,"17,4х15,5х2,8 см",Фрагмент,5 (слой разрушения построек),,,data/raw/images/Т-12-Р3-2658_orig.jpg,startswith,1,Т-12-Р3-2658,__HIDDEN__,__HIDDEN__,1,__HIDDEN__,1,__HIDDEN__,1,1,0,1
Т-12-Р3-2659,Изразец,Изразца печного красноглиняного рельефного пояска с румпой фр-т,__HIDDEN__,"13,7х12,8х3,3 см",Фрагмент,5 (слой разрушения построек),,,data/raw/images/Т-12-Р3-2659_orig.jpg,startswith,1,Т-12-Р3-2659,__HIDDEN__,__HIDDEN__,1,__HIDDEN__,1,__HIDDEN__,1,1,0,1
Т-12-Р3-2660,Изразец,Изразца печного красноглиняного углового рельефного с румпой фр-т,__HIDDEN__,"23,9х10,5х2,4 см",Фрагмент,5 (слой разрушения построек),,,data/raw/images/Т-12-Р3-2660_orig.jpg,startswith,1,Т-12-Р3-2660,__HIDDEN__,__HIDDEN__,1,__HIDDEN__,1,__HIDDEN__,1,1,0,1
Т-12-Р4-1075,Крышка,Крышка белоглиняная округлой формы,__HIDDEN__,"D 3,8 см",Целый,6 (слой периода сущестования построек 1-4),,,data/raw/images/Т-12-Р4-1075_orig.jpg,startswith,1,Т-12-Р4-1075,__HIDDEN__,__HIDDEN__,1,__HIDDEN__,1,__HIDDEN__,1,1,0,1
Т-12-Р4-1086,Тарелка,Тарелки фаянсовой донца с клеймом фр-т,__HIDDEN__,,Фрагмент,5 (слой разрушения построек 1-4),,,data/raw/images/Т-12-Р4-1086_orig.jpg,startswith,1,Т-12-Р4-1086,__HIDDEN__,__HIDDEN__,1,__HIDDEN__,1,__HIDDEN__,1,1,0,1
Т-12-Р4-1102,Миска,Миска со сливом красноглиняная с зеленой поливой внутри,__HIDDEN__,D 16 см,Целый,6 (слой периода сущестования построек 1-4),,,data/raw/images/Т-12-Р4-1102_orig.jpg,startswith,1,Т-12-Р4-1102,__HIDDEN__,__HIDDEN__,1,__HIDDEN__,1,__HIDDEN__,1,1,0,1
Т-12-Р4-1107,Изразец,Изразца красноглиняного с рельефным растительным орнаментом по зеленой поливе лицевой части с румпой,__HIDDEN__,"16,5 х 11,5х 1,5; h=2,5 см",Фрагмент,2 (слой строительного мусора XX в.),,,data/raw/images/Т-12-Р4-1107_orig.jpg,startswith,1,Т-12-Р4-1107,__HIDDEN__,__HIDDEN__,1,__HIDDEN__,1,__HIDDEN__,1,1,0,1
Т-12-Р4-1118,Изразец,Изразца красноглиняного с зеленой поливой снаружи лицевой части с румпой фр-т,__HIDDEN__,"10 х 8,6 х 2,2; h=4 см",Фрагмент,6 (слой периода сущестования построек 1-4),,,data/raw/images/Т-12-Р4-1118_orig.jpg,startswith,1,Т-12-Р4-1118,__HIDDEN__,__HIDDEN__,1,__HIDDEN__,1,__HIDDEN__,1,1,0,1
Т-12-Р4-1150,Миска,Миски красноглиняной с зеленой поливой внутри профиль,__HIDDEN__,D 18 см,Фрагмент,6 (слой периода сущестования построек 1-4),,,data/raw/images/Т-12-Р4-1150_orig.jpg,startswith,1,Т-12-Р4-1150,__HIDDEN__,__HIDDEN__,1,__HIDDEN__,1,__HIDDEN__,1,1,0,1
Т-12-Р4-1161,Миска,Миски красноглиняной с зеленой поливой внутри профиль,__HIDDEN__,D 17 см,Фрагмент,6 (слой периода сущестования построек 1-4),,,data/raw/images/Т-12-Р4-1161_orig.jpg,startswith,1,Т-12-Р4-1161,__HIDDEN__,__HIDDEN__,1,__HIDDEN__,1,__HIDDEN__,1,1,0,1
Т-12-Р4-1205,Блюдце,Блюдца фарфорового с цветочным орнаментом внутри профиль,__HIDDEN__,D 14 см,Фрагмент,5 (слой разрушения построек 1-4),,,data/raw/images/Т-12-Р4-1205_orig.jpg,startswith,1,Т-12-Р4-1205,__HIDDEN__,__HIDDEN__,1,__HIDDEN__,1,__HIDDEN__,1,1,0,1
Т-12-Р4-1211,Миска,Миски красноглиняной с желтой поливой снаружи и внутри профиль,__HIDDEN__,D 20 см,Фрагмент,5 (слой разрушения построек 1-4),,,data/raw/images/Т-12-Р4-1211_orig.jpg,startswith,1,Т-12-Р4-1211,__HIDDEN__,__HIDDEN__,1,__HIDDEN__,1,__HIDDEN__,1,1,0,1
Т-12-Р4-1218,Блюдце,Блюдца фарфорового с цветочным орнаментом внутри донца с клеймом фр-т,__HIDDEN__,,Фрагмент,5 (слой разрушения построек 1-4),,,data/raw/images/Т-12-Р4-1218_orig.jpg,startswith,1,Т-12-Р4-1218,__HIDDEN__,__HIDDEN__,1,__HIDDEN__,1,__HIDDEN__,1,1,0,1
Т-12-Р4-1224,Крышка,Крышки красноглиняной с коричневой поливой снаружи профиль,__HIDDEN__,D 19 см,Фрагмент,5 (слой разрушения построек 1-4),,,data/raw/images/Т-12-Р4-1224_orig.jpg,startswith,1,Т-12-Р4-1224,__HIDDEN__,__HIDDEN__,1,__HIDDEN__,1,__HIDDEN__,1,1,0,1
Т-12-Р4-1246,Крышка,Крышка фаянсовая фигурная с рельефным растительным орнаментом фрагментированная,__HIDDEN__,D 8 см,Фрагмент,5 (слой разрушения построек 1-4),,,data/raw/images/Т-12-Р4-1246_orig.jpg,startswith,1,Т-12-Р4-1246,__HIDDEN__,__HIDDEN__,1,__HIDDEN__,1,__HIDDEN__,1,1,0,1
ВО-1л58-2017-0011,Изразец,"Изразца прямого красноглиняного с голубой поливой и голубым орнаментом ""вазон"" фр-т",__HIDDEN__,"18+ х 20+ х 1,5; выс.рум=3,5 см",Фрагмент,Техноген - мусор под асфальтом,ИИМК РАН,2017.0,data/raw/images/ВО-1л58-2017-0011_orig.jpg,startswith,1,ВО-1л58-2017-0011,__HIDDEN__,__HIDDEN__,1,__HIDDEN__,1,__HIDDEN__,1,1,0,1
ВО-1л58-2017-0012,Изразец,"Изразца прямоугольного стенового красноглиняного с белой поливой фр-т, румпа утрачена",__HIDDEN__,"19,5+ х 16+ х 1,5 см",Фрагмент,Техноген - мусор под асфальтом,ИИМК РАН,2017.0,data/raw/images/ВО-1л58-2017-0012_orig.jpg,startswith,1,ВО-1л58-2017-0012,__HIDDEN__,__HIDDEN__,1,__HIDDEN__,1,__HIDDEN__,1,1,0,1
ВО-1л58-2017-0014,Изразец,Изразец карнизный сложнопрофилированный светлоглиняный с белой поливой,__HIDDEN__,"12,5 х 24 х 1,5; выс.рум=4 см",Фрагмент,Техноген - мусор под асфальтом,ИИМК РАН,2017.0,data/raw/images/ВО-1л58-2017-0014_orig.jpg,startswith,1,ВО-1л58-2017-0014,__HIDDEN__,__HIDDEN__,1,__HIDDEN__,1,__HIDDEN__,1,1,0,1
ВО-1л58-2017-0016,Изразец,"Изразца пояса красноглиняного с белой поливой фр-т, румпа утрачена",__HIDDEN__,"11,5+ х 8,5+ х 1,5 см",Фрагмент,Техноген - мусор под асфальтом,ИИМК РАН,2017.0,data/raw/images/ВО-1л58-2017-0016_orig.jpg,startswith,1,ВО-1л58-2017-0016,__HIDDEN__,__HIDDEN__,1,__HIDDEN__,1,__HIDDEN__,1,1,0,1
ВО-1л58-2017-0017,Изразец,Изразца карнизного сложнопрофильного красноглиняного с белой поливой фр-т,__HIDDEN__,"7+ х 10+ х 1,5; выс.рум=3,5 см",Фрагмент,Техноген - мусор под асфальтом,ИИМК РАН,2017.0,data/raw/images/ВО-1л58-2017-0017_orig.jpg,startswith,1,ВО-1л58-2017-0017,__HIDDEN__,__HIDDEN__,1,__HIDDEN__,1,__HIDDEN__,1,1,0,1
ВО-1л58-2017-0018,Изразец,Изразца-перемычки красноглиняного с белой поливой фр-т,__HIDDEN__,"13,5+ х 4 х 1,5; выс.рум=4 см",Фрагмент,Техноген - мусор под асфальтом,ИИМК РАН,2017.0,data/raw/images/ВО-1л58-2017-0018_orig.jpg,startswith,1,ВО-1л58-2017-0018,__HIDDEN__,__HIDDEN__,1,__HIDDEN__,1,__HIDDEN__,1,1,0,1
ВО-1л58-2017-0020,Изразец,Изразца (?) белоглиняного с белой поливой внутри и снаружи рельефного с голубой росписью фр-т,__HIDDEN__,10+ х 5+ х 1 см,Фрагмент,Техноген - мусор под асфальтом,ИИМК РАН,2017.0,data/raw/images/ВО-1л58-2017-0020_orig.jpg,startswith,1,ВО-1л58-2017-0020,__HIDDEN__,__HIDDEN__,1,__HIDDEN__,1,__HIDDEN__,1,1,1,1
ВО-1л58-2017-0038,Тарелка/блюдо,Тарелки/блюда красноглиняного с белым ангобом снаружи и прозрачной поливой со следами бело-зеленого орнамента внутри венчика фр-т,__HIDDEN__,Д= ок 24 см,Фрагмент,Техноген - мусор под асфальтом,ИИМК РАН,2017.0,data/raw/images/ВО-1л58-2017-0038_orig.jpg,startswith,1,ВО-1л58-2017-0038,__HIDDEN__,__HIDDEN__,1,__HIDDEN__,1,__HIDDEN__,1,1,0,1
ВО-1л58-2017-0047,Миска,Миски красноглиняной со следами нагара внутри и снаружи профиля фр-т,__HIDDEN__,Двен=26; Ддон=16; выс=4 см,Фрагмент,Техноген - мусор под асфальтом,ИИМК РАН,2017.0,data/raw/images/ВО-1л58-2017-0047_orig.jpg,startswith,1,ВО-1л58-2017-0047,__HIDDEN__,__HIDDEN__,1,__HIDDEN__,1,__HIDDEN__,1,1,0,1
ВО-1л58-2017-0053,Крышка,Сосуда фаянсового с белой поливой снаружи и внутри крышки фр-т,__HIDDEN__,Д=18 см,Фрагмент,Техноген - мусор под асфальтом,ИИМК РАН,2017.0,data/raw/images/ВО-1л58-2017-0053_orig.jpg,startswith,1,ВО-1л58-2017-0053,__HIDDEN__,__HIDDEN__,1,__HIDDEN__,1,__HIDDEN__,1,1,0,1
ВО-1л58-2017-0055,Тарелка,Тарелки фаянсовой с белой поливой снаружи и внутри с зелеными горизонтальными тонкими полосами венчика фр-т,__HIDDEN__,Д=24 см,Фрагмент,Техноген - мусор под асфальтом,ИИМК РАН,2017.0,data/raw/images/ВО-1л58-2017-0055_orig.jpg,startswith,1,ВО-1л58-2017-0055,__HIDDEN__,__HIDDEN__,1,__HIDDEN__,1,__HIDDEN__,1,1,0,1
ВО-1л58-2017-0056,Тарелка,Тарелки фаянсовой с белой поливой снаружи и внутри венчика фр-т,__HIDDEN__,Д=22 см,Фрагмент,Техноген - мусор под асфальтом,ИИМК РАН,2017.0,data/raw/images/ВО-1л58-2017-0056_orig.jpg,startswith,1,ВО-1л58-2017-0056,__HIDDEN__,__HIDDEN__,1,__HIDDEN__,1,__HIDDEN__,1,1,0,1
ВО-1л58-2017-0058,Крышка,"Сосуда фаянсового с бежевой поливой снаружи и внутри ручка от крышки (либо часть рельефного декора ?) круглая, орнаментированная рельефными лепестками",__HIDDEN__,Д=5 см,Фрагмент,Техноген - мусор под асфальтом,ИИМК РАН,2017.0,data/raw/images/ВО-1л58-2017-0058_orig.jpg,startswith,1,ВО-1л58-2017-0058,__HIDDEN__,__HIDDEN__,1,__HIDDEN__,1,__HIDDEN__,1,1,1,1
ВО-1л58-2017-0059,Тарелка,Тарелки фаянсовой с белой поливой внутри и снаружи донца клейменого фр-т,__HIDDEN__,,Фрагмент,Техноген - мусор под асфальтом,ИИМК РАН,2017.0,data/raw/images/ВО-1л58-2017-0059_orig.jpg,startswith,1,ВО-1л58-2017-0059,__HIDDEN__,__HIDDEN__,1,__HIDDEN__,1,__HIDDEN__,1,1,0,1
ВО-1л58-2017-0075,Блюдце,Блюдца фарфорового с белой поливой снаружи и внутри с  полихромной росписью цветами профиля фр-т,__HIDDEN__,"Двен=15; Ддон=8,5; выс=2,5 см",Фрагмент,Техноген - мусор под асфальтом,ИИМК РАН,2017.0,data/raw/images/ВО-1л58-2017-0075_orig.jpg,startswith,1,ВО-1л58-2017-0075,__HIDDEN__,__HIDDEN__,1,__HIDDEN__,1,__HIDDEN__,1,1,0,1
ВО-1л58-2017-0089,Тарелка,Тарелка фарфоровая с белой поливой внутри и снаружи с рельефным орнаментом по волнистому венчику фрагментированная,__HIDDEN__,"Двен=25; Ддон=15,5; выс=2,5 см",Фрагмент,Техноген - мусор под асфальтом,ИИМК РАН,2017.0,data/raw/images/ВО-1л58-2017-0089_orig.jpg,startswith,1,ВО-1л58-2017-0089,__HIDDEN__,__HIDDEN__,1,__HIDDEN__,1,__HIDDEN__,1,1,0,1
ВО-1л58-2017-0091,Тарелка,Тарелки фарфоровой с белой поливой снаружи и внутри с лиловой с золотом полосой по краю профиля фр-т,__HIDDEN__,Двен=26; Ддон=15; выс=3 см,Фрагмент,Техноген - мусор под асфальтом,ИИМК РАН,2017.0,data/raw/images/ВО-1л58-2017-0091_orig.jpg,startswith,1,ВО-1л58-2017-0091,__HIDDEN__,__HIDDEN__,1,__HIDDEN__,1,__HIDDEN__,1,1,0,1
ВО-1л58-2017-0103,Изразец,"Изразец светлоглиняный с высокой румпой (частично утрачена), со следами белой поливы и стершейся росписи",__HIDDEN__,"9,5 х 5,7 х 1,5; выс.рум=5,+ см",Целый,Техноген - мусор под асфальтом,ИИМК РАН,2017.0,data/raw/images/ВО-1л58-2017-0103_orig.jpg,startswith,1,ВО-1л58-2017-0103,__HIDDEN__,__HIDDEN__,1,__HIDDEN__,1,__HIDDEN__,1,1,0,1
ВО-1л58-2017-0124,Миска (?),Сосуда (миски ?) красноглиняной  с прозрачной бесцветной поливой внутри венчика фр-т,__HIDDEN__,Д=18 см,Фрагмент,Техноген - мусор под асфальтом,ИИМК РАН,2017.0,data/raw/images/ВО-1л58-2017-0124_orig.jpg,startswith,1,ВО-1л58-2017-0124,__HIDDEN__,__HIDDEN__,1,__HIDDEN__,1,__HIDDEN__,1,1,1,1
ВО-1л58-2017-0141,Тарелка,Тарелки фаянсовой с белой поливой снаружи и внутри с рифленой поверхностью донца клейменого фр-т,__HIDDEN__,Д=11 см,Фрагмент,Техноген - мусор под асфальтом,ИИМК РАН,2017.0,data/raw/images/ВО-1л58-2017-0141_orig.jpg,startswith,1,ВО-1л58-2017-0141,__HIDDEN__,__HIDDEN__,1,__HIDDEN__,1,__HIDDEN__,1,1,0,1
ВО-1л58-2017-0161,Игрушка,Игрушка пластмассовая - красная обезьянка с отверстием для подвешивания,__HIDDEN__,,Целый,Техноген - мусор под асфальтом,ИИМК РАН,2017.0,data/raw/images/ВО-1л58-2017-0161_orig.jpg,startswith,1,ВО-1л58-2017-0161,__HIDDEN__,__HIDDEN__,1,__HIDDEN__,1,__HIDDEN__,1,1,0,1
ВО-1л58-2017-0242,Миска,Миски красноглиняной с зеленой поливой внутри и снаружи профиля фр-т,__HIDDEN__,"Двен=2,; Ддон=16; выс=3,5 см",Фрагмент,Зачистка 1 после техногенной подсыпки,ИИМК РАН,2017.0,data/raw/images/ВО-1л58-2017-0242_orig.jpg,startswith,1,ВО-1л58-2017-0242,__HIDDEN__,__HIDDEN__,1,__HIDDEN__,1,__HIDDEN__,1,1,0,1
ВО-1л58-2017-0275,Тарелка,Тарелки из каменной массы с белой поливой снаружи и рельефным растительно-геометрическим орнаментом внутри венчика фр-т,__HIDDEN__,Д= ок 20 см,Фрагмент,Бурая супесь после 1-й зачистки,ИИМК РАН,2017.0,data/raw/images/ВО-1л58-2017-0275_orig.jpg,startswith,1,ВО-1л58-2017-0275,__HIDDEN__,__HIDDEN__,1,__HIDDEN__,1,__HIDDEN__,1,1,0,1
ВО-1л58-2017-0284,Тарелка,Тарелки фаянсовой с голубой поливой снаружи и внутри с синей росписью по краю венчика фр-т,__HIDDEN__,Д неопределим см,Фрагмент,Бурая супесь после 1-й зачистки,ИИМК РАН,2017.0,data/raw/images/ВО-1л58-2017-0284_orig.jpg,startswith,1,ВО-1л58-2017-0284,__HIDDEN__,__HIDDEN__,1,__HIDDEN__,1,__HIDDEN__,1,1,0,1
ВО-1л58-2017-0286,Тарелка,Тарелки фаянсовой с голубой поливой снаружи и внутри с бирюзово-золотой волнистой полосой по краю венчика фр-т,__HIDDEN__,Д=19 см,Фрагмент,Бурая супесь после 1-й зачистки,ИИМК РАН,2017.0,data/raw/images/ВО-1л58-2017-0286_orig.jpg,startswith,1,ВО-1л58-2017-0286,__HIDDEN__,__HIDDEN__,1,__HIDDEN__,1,__HIDDEN__,1,1,0,1
ВО-1л58-2017-0294,Блюдце,Блюдца фарфорового с голубоватой поливой снаружи и внутри с кобальтовой росписью профиля фр-т,__HIDDEN__,"Двен=12; Ддон=8; выс=2,5 см",Фрагмент,Бурая супесь после 1-й зачистки,ИИМК РАН,2017.0,data/raw/images/ВО-1л58-2017-0294_orig.jpg,startswith,1,ВО-1л58-2017-0294,__HIDDEN__,__HIDDEN__,1,__HIDDEN__,1,__HIDDEN__,1,1,0,1
ВО-1л58-2017-0397,Изразец,"Изразца красноглиняного прямоугольного стенового с полихромной росписью (цвета: бирюзовый, лиловый, белый) фр-т",__HIDDEN__,"7+ х 4+ х 0,6 см",Фрагмент,Бурая супесь после 1-й зачистки (вокруг столбов),ИИМК РАН,2017.0,data/raw/images/ВО-1л58-2017-0397_orig.jpg,startswith,1,ВО-1л58-2017-0397,__HIDDEN__,__HIDDEN__,1,__HIDDEN__,1,__HIDDEN__,1,1,0,1
ВО-1л58-2017-0425,Крышка,Сосуда фаянсового с белой поливой внутри и снаружи крышки фр-т,__HIDDEN__,Д=18 см,Фрагмент,Бурая супесь с раствором и кирп. крошкой (между стенкой и лотком),ИИМК РАН,2017.0,data/raw/images/ВО-1л58-2017-0425_orig.jpg,startswith,1,ВО-1л58-2017-0425,__HIDDEN__,__HIDDEN__,1,__HIDDEN__,1,__HIDDEN__,1,1,0,1
ВО-1л58-2017-0426,Тарелка,Тарелки фаянсовой с голубой поливой снаружи и внутри с кобальтовой росписью по краю венчика волнистого фр-т,__HIDDEN__,Д= ок 24 см,Фрагмент,Бурая супесь с раствором и кирп. крошкой (между стенкой и лотком),ИИМК РАН,2017.0,data/raw/images/ВО-1л58-2017-0426_orig.jpg,startswith,1,ВО-1л58-2017-0426,__HIDDEN__,__HIDDEN__,1,__HIDDEN__,1,__HIDDEN__,1,1,0,1
ВО-1л58-2017-0480,Крышка,"Чайника фарфорового с белой поливой внутри и снаружи с золоченой полосой крышка с отбитой (вероятно фигурной) ручкой и отверстием, смещенным к краю",__HIDDEN__,"Д=8,5 см",Фрагмент,"Заполнение колодца, крупный песок",ИИМК РАН,2017.0,data/raw/images/ВО-1л58-2017-0480_orig.jpg,startswith,1,ВО-1л58-2017-0480,__HIDDEN__,__HIDDEN__,1,__HIDDEN__,1,__HIDDEN__,1,1,1,1
ВО-1л58-2017-0487,Тарелка,Тарелки фаянсовой с голубой поливой снаружи и внутри с темно-голубой полосой по краю венчика фр-т,__HIDDEN__,Д= ок 24 см,Фрагмент,Заполнение 2х траншей и ם колодца,ИИМК РАН,2017.0,data/raw/images/ВО-1л58-2017-0487_orig.jpg,startswith,1,ВО-1л58-2017-0487,__HIDDEN__,__HIDDEN__,1,__HIDDEN__,1,__HIDDEN__,1,1,0,1
ВО-1л58-2017-0488,Тарелка,Тарелки фаянсовой с голубой поливой снаружи и внутри с синим цветком в центре донца фр-т,__HIDDEN__,Д= ок 16 см,Фрагмент,Заполнение 2х траншей и ם колодца,ИИМК РАН,2017.0,data/raw/images/ВО-1л58-2017-0488_orig.jpg,startswith,1,ВО-1л58-2017-0488,__HIDDEN__,__HIDDEN__,1,__HIDDEN__,1,__HIDDEN__,1,1,0,1
ВО-1л58-2017-0503,Крышка,Сосуда фаянсового с бежевой поливой внутри и снаружи с  коричневыми вертикальными полосами крышка фрагментированная,__HIDDEN__,"Д=5,5 см",Фрагмент,Засыпка котлована под столбы (на границе линии А и Б),ИИМК РАН,2017.0,data/raw/images/ВО-1л58-2017-0503_orig.jpg,startswith,1,ВО-1л58-2017-0503,__HIDDEN__,__HIDDEN__,1,__HIDDEN__,1,__HIDDEN__,1,1,0,1
ВО-1л58-2017-0509,Изразец,"Изразца прямоугольного стенового красноглиняного с  белой поливой бирюзовой и лиловой росписью фр-т, румпа утрачена",__HIDDEN__,5+ х 4+ х 1 см,Фрагмент,Засыпка котлована под столбы (на границе линии А и Б),ИИМК РАН,2017.0,data/raw/images/ВО-1л58-2017-0509_orig.jpg,startswith,1,ВО-1л58-2017-0509,__HIDDEN__,__HIDDEN__,1,__HIDDEN__,1,__HIDDEN__,1,1,0,1
ВО-1л58-2017-0522,Тарелка,Тарелки фаянсовой с белой поливой снаружи и следами белой поливы и кобальтовой росписи внутри донца фр-т,__HIDDEN__,Д=14 см,Фрагмент,Завал между столбами,ИИМК РАН,2017.0,data/raw/images/ВО-1л58-2017-0522_orig.jpg,startswith,1,ВО-1л58-2017-0522,__HIDDEN__,__HIDDEN__,1,__HIDDEN__,1,__HIDDEN__,1,1,0,1
ВО-1л58-2017-0523,Изразец,"Изразец-перемычка угловой красноглиняный с голубоватой поливой и бирюзовой росписью, частично оббит",__HIDDEN__,11 х 11 х 1 см,Целый,Завал между столбами,ИИМК РАН,2017.0,data/raw/images/ВО-1л58-2017-0523_orig.jpg,startswith,1,ВО-1л58-2017-0523,__HIDDEN__,__HIDDEN__,1,__HIDDEN__,1,__HIDDEN__,1,1,0,1
ВО-1л58-2017-0524,Изразец,"Изразец-перемычка красноглиняный с белой поливой, один конец оббит",__HIDDEN__,"21+ х 3,7 х 1,3; выс.рум=3 см",Целый,Завал между столбами,ИИМК РАН,2017.0,data/raw/images/ВО-1л58-2017-0524_orig.jpg,startswith,1,ВО-1л58-2017-0524,__HIDDEN__,__HIDDEN__,1,__HIDDEN__,1,__HIDDEN__,1,1,0,1
ВО-1л58-2017-0528,Изразец,"Изразец плоский красноглиняный с белой поливой, румпа частично утрачена",__HIDDEN__,"18,2 х 21,5 х 2; выс.рум=3,5 см",Целый,Завал между столбами,ИИМК РАН,2017.0,data/raw/images/ВО-1л58-2017-0528_orig.jpg,startswith,1,ВО-1л58-2017-0528,__HIDDEN__,__HIDDEN__,1,__HIDDEN__,1,__HIDDEN__,1,1,0,1
ВО-1л58-2017-0544,Миска,Миски светлоглиняной (бежевая глина) венчика фр-т,__HIDDEN__,Д=16 см,Фрагмент,Коричн. супесь и стр. мусор,ИИМК РАН,2017.0,data/raw/images/ВО-1л58-2017-0544_orig.jpg,startswith,1,ВО-1л58-2017-0544,__HIDDEN__,__HIDDEN__,1,__HIDDEN__,1,__HIDDEN__,1,1,0,1
ВО-1л58-2017-0553,Изразец,Изразца-перемычки красноглиняного с белой поливой и следами бирюзовой и лиловой росписи фр-т,__HIDDEN__,"9+ х 3,5 х 2; выс.рум=2,5+ см",Фрагмент,Коричн. супесь и стр. мусор,ИИМК РАН,2017.0,data/raw/images/ВО-1л58-2017-0553_orig.jpg,startswith,1,ВО-1л58-2017-0553,__HIDDEN__,__HIDDEN__,1,__HIDDEN__,1,__HIDDEN__,1,1,0,1
ВО-1л58-2017-0554,Изразец,Изразец-перемычка красноглиняный с белой поливой и кобальтовой росписью цветами,__HIDDEN__,"14+ х  3 х 1,3; выс.рум=3,5 см",Целый,Коричн. супесь и стр. мусор,ИИМК РАН,2017.0,data/raw/images/ВО-1л58-2017-0554_orig.jpg,startswith,1,ВО-1л58-2017-0554,__HIDDEN__,__HIDDEN__,1,__HIDDEN__,1,__HIDDEN__,1,1,0,1
ВО-1л58-2017-0572,Крышка,Сосуда красноглиняного ручка крышки круглая в сечении,__HIDDEN__,Д=4 см,Фрагмент,Траншея лотка под деревом,ИИМК РАН,2017.0,data/raw/images/ВО-1л58-2017-0572_orig.jpg,startswith,1,ВО-1л58-2017-0572,__HIDDEN__,__HIDDEN__,1,__HIDDEN__,1,__HIDDEN__,1,1,0,1
ВО-1л58-2017-0574,Тарелка,Тарелки фаянсовой с белой поливой снаружи и внутри с кобальтовой росписью венчика фр-ты,__HIDDEN__,Д=19 см,Фрагмент,Траншея лотка под деревом,ИИМК РАН,2017.0,data/raw/images/ВО-1л58-2017-0574_orig.jpg,startswith,1,ВО-1л58-2017-0574,__HIDDEN__,__HIDDEN__,1,__HIDDEN__,1,__HIDDEN__,1,1,0,1
ВО-1л58-2017-0595,Крышка,Сосуда красноглиняного крышки со следами нагара внутри и снаружи фр-т,__HIDDEN__,Д=28 см,Фрагмент,Строительный мусор и супесь - заполн. кирпичн. постр-ки,ИИМК РАН,2017.0,data/raw/images/ВО-1л58-2017-0595_orig.jpg,startswith,1,ВО-1л58-2017-0595,__HIDDEN__,__HIDDEN__,1,__HIDDEN__,1,__HIDDEN__,1,1,0,1
ВО-1л58-2017-0596,Крышка,"Сосуда красноглиняного ручка крышки, круглая в сечении",__HIDDEN__,Д=6 см,Фрагмент,Строительный мусор и супесь - заполн. кирпичн. постр-ки,ИИМК РАН,2017.0,data/raw/images/ВО-1л58-2017-0596_orig.jpg,startswith,1,ВО-1л58-2017-0596,__HIDDEN__,__HIDDEN__,1,__HIDDEN__,1,__HIDDEN__,1,1,0,1
ВО-1л58-2017-0603,Изразец,"Изразца-пояса красноглиняного со следами голубоватой поливы и сине-голубой росписью фр-т, румпа утрачена",__HIDDEN__,"9+ х 6+ х 1,5 см",Фрагмент,Строительный мусор и супесь - заполн. кирпичн. постр-ки,ИИМК РАН,2017.0,data/raw/images/ВО-1л58-2017-0603_orig.jpg,startswith,1,ВО-1л58-2017-0603,__HIDDEN__,__HIDDEN__,1,__HIDDEN__,1,__HIDDEN__,1,1,0,1
ВО-1л58-2017-0604,Изразец,Изразец-перемычка красноглиняный с белой поливой,__HIDDEN__,"23 х 4,3 х 1,5; выс.рум=3,8 см",Целый,Строительный мусор и супесь - заполн. кирпичн. постр-ки,ИИМК РАН,2017.0,data/raw/images/ВО-1л58-2017-0604_orig.jpg,startswith,1,ВО-1л58-2017-0604,__HIDDEN__,__HIDDEN__,1,__HIDDEN__,1,__HIDDEN__,1,1,0,1
ВО-1л58-2017-0605,Изразец,Изразец-перемычка красноглиняный с белой поливой,__HIDDEN__,"22+ х 4,3 х 1,5; выс.рум=4,2 см",Целый,Строительный мусор и супесь - заполн. кирпичн. постр-ки,ИИМК РАН,2017.0,data/raw/images/ВО-1л58-2017-0605_orig.jpg,startswith,1,ВО-1л58-2017-0605,__HIDDEN__,__HIDDEN__,1,__HIDDEN__,1,__HIDDEN__,1,1,0,1
ВО-1л58-2017-0606,Изразец,Изразец-перемычка красноглиняный с белой поливой,__HIDDEN__,"22 х 4,3 х 1,5; выс.рум=3 см",Целый,Строительный мусор и супесь - заполн. кирпичн. постр-ки,ИИМК РАН,2017.0,data/raw/images/ВО-1л58-2017-0606_orig.jpg,startswith,1,ВО-1л58-2017-0606,__HIDDEN__,__HIDDEN__,1,__HIDDEN__,1,__HIDDEN__,1,1,0,1
ВО-1л58-2017-0625,Тарелка,Тарелки фаянсовой с белой поливой снаружи и внутри с кобальтовой росписью венчика фр-т,__HIDDEN__,Д= ок 22 см,Фрагмент,Заполнение траншеи участка,ИИМК РАН,2017.0,data/raw/images/ВО-1л58-2017-0625_orig.jpg,startswith,1,ВО-1л58-2017-0625,__HIDDEN__,__HIDDEN__,1,__HIDDEN__,1,__HIDDEN__,1,1,0,1
ВО-1л58-2017-0627,Изразец,"Изразца красноглиняного прямоугольного стенового с белой поливой и голубой сюжетной росписью фр-т, румпа утрачена",__HIDDEN__,5+ х 5+ х 1 см,Фрагмент,Заполнение траншеи участка,ИИМК РАН,2017.0,data/raw/images/ВО-1л58-2017-0627_orig.jpg,startswith,1,ВО-1л58-2017-0627,__HIDDEN__,__HIDDEN__,1,__HIDDEN__,1,__HIDDEN__,1,1,0,1
ВО-1л58-2017-0631,Изразец,"Изразца (ножки ?) красноглиняного с белой поливой фр-т, румпа утрачена",__HIDDEN__,,Фрагмент,Заполнение траншеи участка,ИИМК РАН,2017.0,data/raw/images/ВО-1л58-2017-0631_orig.jpg,startswith,1,ВО-1л58-2017-0631,__HIDDEN__,__HIDDEN__,1,__HIDDEN__,1,__HIDDEN__,1,1,1,1
ВО-1л58-2017-0632,Изразец,"Изразца (поясного ?) красноглиняного с белой поливой фр-т, румпа отбита",__HIDDEN__,"20,5+ х 9+ х 1 см",Фрагмент,Заполнение траншеи участка,ИИМК РАН,2017.0,data/raw/images/ВО-1л58-2017-0632_orig.jpg,startswith,1,ВО-1л58-2017-0632,__HIDDEN__,__HIDDEN__,1,__HIDDEN__,1,__HIDDEN__,1,1,1,1
ВО-1л58-2017-0634,Изразец,Изразца-перемычки красноглиняного с белой поливой фр-т,__HIDDEN__,"14,5+ х 4,2 х 1,5;; выс.рум=3,5 см",Фрагмент,Заполнение траншеи участка,ИИМК РАН,2017.0,data/raw/images/ВО-1л58-2017-0634_orig.jpg,startswith,1,ВО-1л58-2017-0634,__HIDDEN__,__HIDDEN__,1,__HIDDEN__,1,__HIDDEN__,1,1,0,1
ВО-1л58-2017-0645,Крышка,Сосуда красноглиняного крышки фр-т,__HIDDEN__,Д=16 см,Фрагмент,Заполнение траншеи участка,ИИМК РАН,2017.0,data/raw/images/ВО-1л58-2017-0645_orig.jpg,startswith,1,ВО-1л58-2017-0645,__HIDDEN__,__HIDDEN__,1,__HIDDEN__,1,__HIDDEN__,1,1,0,1
ВО-1л58-2017-0688,Тарелка,Тарелки фаянсовой с розоватой поливой снаружи и внутри венчика волнистого фр-т,__HIDDEN__,Д= ок 24 см,Фрагмент,Бурая супесь с раствором и кирпичами на дер-ом настиле и выше,ИИМК РАН,2017.0,data/raw/images/ВО-1л58-2017-0688_orig.jpg,startswith,1,ВО-1л58-2017-0688,__HIDDEN__,__HIDDEN__,1,__HIDDEN__,1,__HIDDEN__,1,1,0,1
ВО-1л58-2017-0715,Изразец,"Изразца прямоугольного стенового красноглиняного с белой поливой бирюзовой и лиловой росписью фр-т, румпа утрачена",__HIDDEN__,"11+ х 9,5+ х 1 см",Фрагмент,Бурая супесь с раствором и кирпичами на дер-ом настиле и выше,ИИМК РАН,2017.0,data/raw/images/ВО-1л58-2017-0715_orig.jpg,startswith,1,ВО-1л58-2017-0715,__HIDDEN__,__HIDDEN__,1,__HIDDEN__,1,__HIDDEN__,1,1,0,1
ВО-1л58-2017-0718,Изразец,"Изразца-перемычки красноглиняного с белой поливой бирюзовой и лиловой росписью фр-т, румпа утрачена",__HIDDEN__,"6+ х 3,5 х 2 см",Фрагмент,Бурая супесь с раствором и кирпичами на дер-ом настиле и выше,ИИМК РАН,2017.0,data/raw/images/ВО-1л58-2017-0718_orig.jpg,startswith,1,ВО-1л58-2017-0718,__HIDDEN__,__HIDDEN__,1,__HIDDEN__,1,__HIDDEN__,1,1,0,1
ВО-1л58-2017-0722,Плитка,Плитки стеновой белоглиняной с белой поливой и голубой сюжетной росписью фр-т,__HIDDEN__,"11+ х 5+ х 0,7 см",Фрагмент,Бурая супесь с раствором и кирпичами на дер-ом настиле и выше,ИИМК РАН,2017.0,data/raw/images/ВО-1л58-2017-0722_orig.jpg,startswith,1,ВО-1л58-2017-0722,__HIDDEN__,__HIDDEN__,1,__HIDDEN__,1,__HIDDEN__,1,1,0,1
ВО-1л58-2017-0724,Изразец,Изразца-перемычки красноглиняного с белой поливой и голубой росписью фр-т,__HIDDEN__,"8,5+ х 3,2 х 1,5; выс.рум=4 см",Фрагмент,Бурая супесь с раствором и кирпичами на дер-ом настиле и выше,ИИМК РАН,2017.0,data/raw/images/ВО-1л58-2017-0724_orig.jpg,startswith,1,ВО-1л58-2017-0724,__HIDDEN__,__HIDDEN__,1,__HIDDEN__,1,__HIDDEN__,1,1,0,1
ВО-1л58-2017-0736,Блюдце,Блюдца фарфорового с белой поливой снаружи и внутри со следами терракотовой росписи донца фр-т,__HIDDEN__,Д=8 см,Фрагмент,Развал цоколя и кирпичной стенки,ИИМК РАН,2017.0,data/raw/images/ВО-1л58-2017-0736_orig.jpg,startswith,1,ВО-1л58-2017-0736,__HIDDEN__,__HIDDEN__,1,__HIDDEN__,1,__HIDDEN__,1,1,0,1
ВО-1л58-2017-0769,Изразец,Изразца-перемычки красноглиняного со следами белой поливы и синей росписи фр-т,__HIDDEN__,"6+ х ,53 х 1,3; выс.рум=3,5 см",Фрагмент,"Заполнение большого помещ. ""кирпичн. дома"" - песок супесь со строит мусором",ИИМК РАН,2017.0,data/raw/images/ВО-1л58-2017-0769_orig.jpg,startswith,1,ВО-1л58-2017-0769,__HIDDEN__,__HIDDEN__,1,__HIDDEN__,1,__HIDDEN__,1,1,0,1
ВО-1л58-2017-0770,Изразец,Изразца-перемычки красноглиняного со следами белой поливы и синей росписи фр-т,__HIDDEN__,"4,5+ х ,53 х 1,3; выс.рум=3,5 см",Фрагмент,"Заполнение большого помещ. ""кирпичн. дома"" - песок супесь со строит мусором",ИИМК РАН,2017.0,data/raw/images/ВО-1л58-2017-0770_orig.jpg,startswith,1,ВО-1л58-2017-0770,__HIDDEN__,__HIDDEN__,1,__HIDDEN__,1,__HIDDEN__,1,1,0,1
ВО-1л58-2017-0779,Изразец,Изразца-перемычки красноглиняного с белой поливой фр-т,__HIDDEN__,"11+ х 4,5 х 1,5; выс.рум=3,5 см",Фрагмент,"Заполнение большого помещ. ""кирпичн. дома"" - песок супесь со строит мусором",ИИМК РАН,2017.0,data/raw/images/ВО-1л58-2017-0779_orig.jpg,startswith,1,ВО-1л58-2017-0779,__HIDDEN__,__HIDDEN__,1,__HIDDEN__,1,__HIDDEN__,1,1,0,1
ВО-1л58-2017-0781,Изразец,"Изразец плоский стеновой красноглиняный с белой поливой, фрагментированный",__HIDDEN__,"22 х 18,5 х 1; выс.рум=4 см",Фрагмент,"Заполнение большого помещ. ""кирпичн. дома"" - песок супесь со строит мусором",ИИМК РАН,2017.0,data/raw/images/ВО-1л58-2017-0781_orig.jpg,startswith,1,ВО-1л58-2017-0781,__HIDDEN__,__HIDDEN__,1,__HIDDEN__,1,__HIDDEN__,1,1,0,1
ВО-1л58-2017-0868,Изразец,"Изразца красноглиняного (полочки ?) с белой поливой фр-т,",__HIDDEN__,16+ х 11+ х 1 см,Фрагмент,Разборка наброски досок и расчистка по плотной щепе под ними,ИИМК РАН,2017.0,data/raw/images/ВО-1л58-2017-0868_orig.jpg,startswith,1,ВО-1л58-2017-0868,__HIDDEN__,__HIDDEN__,1,__HIDDEN__,1,__HIDDEN__,1,1,1,1
ВО-1л58-2017-0873,Миска,Миски красноглиняной с росписью белой краской с прозрачной бесцветной и зелеными пятнами поливой внутри профиль,__HIDDEN__,"Двен=19; Ддон=10,6; выс=7 см",Фрагмент,Разборка наброски досок и расчистка по плотной щепе под ними,ИИМК РАН,2017.0,data/raw/images/ВО-1л58-2017-0873_orig.jpg,startswith,1,ВО-1л58-2017-0873,__HIDDEN__,__HIDDEN__,1,__HIDDEN__,1,__HIDDEN__,1,1,0,1
ВО-1л58-2017-0874,Миска,Миски красноглиняной с росписью белой краской с прозрачной желтоватой и зелеными пятнами поливой внутри профиль,__HIDDEN__,"Двен=20; Ддон=10,6; выс=6,5 см",Фрагмент,Разборка наброски досок и расчистка по плотной щепе под ними,ИИМК РАН,2017.0,data/raw/images/ВО-1л58-2017-0874_orig.jpg,startswith,1,ВО-1л58-2017-0874,__HIDDEN__,__HIDDEN__,1,__HIDDEN__,1,__HIDDEN__,1,1,0,1
ВО-1л58-2017-0881,Тарелка,Тарелки фаянсовой с белой поливой снаружи и внутри с кобальтовой росписью фр-ты,__HIDDEN__,Д= ок 20 см,Фрагмент,Разборка наброски досок и расчистка по плотной щепе под ними,ИИМК РАН,2017.0,data/raw/images/ВО-1л58-2017-0881_orig.jpg,startswith,1,ВО-1л58-2017-0881,__HIDDEN__,__HIDDEN__,1,__HIDDEN__,1,__HIDDEN__,1,1,0,1
ВО-1л58-2017-0911,Тарелка,Тарелки фаянсовой с голубоватой поливой снаружи и внутри с кобальтовой росписью венчика фр-т,__HIDDEN__,Д=24 см,Фрагмент,Строительный мусор с остатков пола из ф-тов столбов,ИИМК РАН,2017.0,data/raw/images/ВО-1л58-2017-0911_orig.jpg,startswith,1,ВО-1л58-2017-0911,__HIDDEN__,__HIDDEN__,1,__HIDDEN__,1,__HIDDEN__,1,1,0,1
ВО-1л58-2017-0962,Блюдце,Блюдца фарфорового с белой поливой снаружи и внутри с синей и красной росписью донца фр-т,__HIDDEN__,Д=7 см,Фрагмент,Заполнение под полом (зачистка по уровню щепы во дворе),ИИМК РАН,2017.0,data/raw/images/ВО-1л58-2017-0962_orig.jpg,startswith,1,ВО-1л58-2017-0962,__HIDDEN__,__HIDDEN__,1,__HIDDEN__,1,__HIDDEN__,1,1,0,1
ВО-1л58-2017-0973,Тарелка/блюдо,Тарелки/блюда фаянсового с белой поливой снаружи и с кобальтовой росписью цветами внутри донца фр-т,__HIDDEN__,Д неопределим см,Фрагмент,"Засыпка битым кирпич. и изразцами под ""фунд-ом""",ИИМК РАН,2017.0,data/raw/images/ВО-1л58-2017-0973_orig.jpg,startswith,1,ВО-1л58-2017-0973,__HIDDEN__,__HIDDEN__,1,__HIDDEN__,1,__HIDDEN__,1,1,0,1
ВО-1л58-2017-0986,Изразец,Изразец-перемычка красноглиняный с белой поливой,__HIDDEN__,"23,5 х 4,2 х 1,5; выс.рум=3,5 см",Целый,"Засыпка битым кирпич. и изразцами под ""фунд-ом""",ИИМК РАН,2017.0,data/raw/images/ВО-1л58-2017-0986_orig.jpg,startswith,1,ВО-1л58-2017-0986,__HIDDEN__,__HIDDEN__,1,__HIDDEN__,1,__HIDDEN__,1,1,0,1
ВО-1л58-2017-0996,Крышка,Сосуда красноглиняного ручка от крышки,__HIDDEN__,"Д=3,7+1 см",Фрагмент,Бурая супесь с битым кирпич. и изразцами под деревом,ИИМК РАН,2017.0,data/raw/images/ВО-1л58-2017-0996_orig.jpg,startswith,1,ВО-1л58-2017-0996,__HIDDEN__,__HIDDEN__,1,__HIDDEN__,1,__HIDDEN__,1,1,0,1
ВО-1л58-2017-1002,Изразец,"Изразец ножка с полочкой угловой красноглиняный с белой поливой, фрагментированный",__HIDDEN__,"18 х 10 х 1,5; выс.рум=8 см",Фрагмент,Бурая супесь с битым кирпич. и изразцами под деревом,ИИМК РАН,2017.0,data/raw/images/ВО-1л58-2017-1002_orig.jpg,startswith,1,ВО-1л58-2017-1002,__HIDDEN__,__HIDDEN__,1,__HIDDEN__,1,__HIDDEN__,1,1,0,1
ВО-1л58-2017-1006,Изразец,"Изразца (карнизного пояса-каблучка углового?) красноглиняного с белой поливой фр-т, румпа отбита",__HIDDEN__,"20+ х 11,5+ х 1 см",Фрагмент,Бурая супесь с битым кирпич. и изразцами под деревом,ИИМК РАН,2017.0,data/raw/images/ВО-1л58-2017-1006_orig.jpg,startswith,1,ВО-1л58-2017-1006,__HIDDEN__,__HIDDEN__,1,__HIDDEN__,1,__HIDDEN__,1,1,1,1
ВО-1л58-2017-1007,Изразец,Изразца красноглиняного (вертикального пояса ?) со скошенными краями с белой поливой фр-т,__HIDDEN__,22+ х 13+ х 1 см,Фрагмент,Бурая супесь с битым кирпич. и изразцами под деревом,ИИМК РАН,2017.0,data/raw/images/ВО-1л58-2017-1007_orig.jpg,startswith,1,ВО-1л58-2017-1007,__HIDDEN__,__HIDDEN__,1,__HIDDEN__,1,__HIDDEN__,1,1,1,1
ВО-1л58-2017-1008,Изразец,"Изразца (карнизного вертикального пояса-каблучка углового?) красноглиняного с белой поливой фр-т, румпа утрачена",__HIDDEN__,16+ х 10+ х 1 см,Фрагмент,Бурая супесь с битым кирпич. и изразцами под деревом,ИИМК РАН,2017.0,data/raw/images/ВО-1л58-2017-1008_orig.jpg,startswith,1,ВО-1л58-2017-1008,__HIDDEN__,__HIDDEN__,1,__HIDDEN__,1,__HIDDEN__,1,1,1,1
ВО-1л58-2017-1010,Изразец,"Изразец пояс-валик красноглиняный с белой поливой, фрагментированный, румпа утрачена",__HIDDEN__,"21,5 х 11 х 1 см",Фрагмент,Бурая супесь с битым кирпич. и изразцами под деревом,ИИМК РАН,2017.0,data/raw/images/ВО-1л58-2017-1010_orig.jpg,startswith,1,ВО-1л58-2017-1010,__HIDDEN__,__HIDDEN__,1,__HIDDEN__,1,__HIDDEN__,1,1,0,1
ВО-1л58-2017-1030,Изразец,"Изразца красноглиняного с зеленой люстровой поливой (муравленого ?) фр-т, румпа утрачена",__HIDDEN__,7+ х 8+х 2 см,Фрагмент,Бурая супесь с битым кирпич. и изразцами под деревом,ИИМК РАН,2017.0,data/raw/images/ВО-1л58-2017-1030_orig.jpg,startswith,1,ВО-1л58-2017-1030,__HIDDEN__,__HIDDEN__,1,__HIDDEN__,1,__HIDDEN__,1,1,1,1
ВО-1л58-2017-1035,Изразец,"Изразец красноглиняный плоский стеновой с белой поливой, фрагментированный",__HIDDEN__,"22,5 х 19 х 1,2; выс.рум=4,5 см",Фрагмент,Бурая супесь с битым кирпич. и изразцами под деревом,ИИМК РАН,2017.0,data/raw/images/ВО-1л58-2017-1035_orig.jpg,startswith,1,ВО-1л58-2017-1035,__HIDDEN__,__HIDDEN__,1,__HIDDEN__,1,__HIDDEN__,1,1,0,1
ВО-1л58-2017-1036,Изразец,Изразец красноглиняный плоский с бортиками по двум краям (поясовый ?) с белой поливой,__HIDDEN__,"22,5 х 11,2 х 1,5; выс.рум=5 см",Целый,Бурая супесь с битым кирпич. и изразцами под деревом,ИИМК РАН,2017.0,data/raw/images/ВО-1л58-2017-1036_orig.jpg,startswith,1,ВО-1л58-2017-1036,__HIDDEN__,__HIDDEN__,1,__HIDDEN__,1,__HIDDEN__,1,1,1,1
ВО-1л58-2017-1038,Изразец,"Изразца (карнизного вертикального пояса-каблучка углового?) красноглиняного с белой поливой фр-т, румпа утрачена",__HIDDEN__,"22 х 11,5+ х 1 см",Фрагмент,Бурая супесь с битым кирпич. и изразцами под деревом,ИИМК РАН,2017.0,data/raw/images/ВО-1л58-2017-1038_orig.jpg,startswith,1,ВО-1л58-2017-1038,__HIDDEN__,__HIDDEN__,1,__HIDDEN__,1,__HIDDEN__,1,1,1,1
ВО-1л58-2017-1111,Блюдце,Блюдца фарфорового с белой поливой снаружи и внутри и полихромной росписью внутри венчика фр-т,__HIDDEN__,Д=11 см,Фрагмент,Заполнение канавы,ИИМК РАН,2017.0,data/raw/images/ВО-1л58-2017-1111_orig.jpg,startswith,1,ВО-1л58-2017-1111,__HIDDEN__,__HIDDEN__,1,__HIDDEN__,1,__HIDDEN__,1,1,0,1
ВО-1л58-2017-1155,Миска,Миски красноглиняной с зеленой поливой внутри венчика фр-т,__HIDDEN__,Д=27 см,Фрагмент,Заполнение канавы,ИИМК РАН,2017.0,data/raw/images/ВО-1л58-2017-1155_orig.jpg,startswith,1,ВО-1л58-2017-1155,__HIDDEN__,__HIDDEN__,1,__HIDDEN__,1,__HIDDEN__,1,1,0,1
ВО-1л58-2017-1156,Миска,Миски красноглиняной с зеленой поливой внутри венчика фр-т,__HIDDEN__,Д=20 см,Фрагмент,Заполнение канавы,ИИМК РАН,2017.0,data/raw/images/ВО-1л58-2017-1156_orig.jpg,startswith,1,ВО-1л58-2017-1156,__HIDDEN__,__HIDDEN__,1,__HIDDEN__,1,__HIDDEN__,1,1,0,1
ВО-1л58-2017-1238,Крышка,Крышки (?) красноглиняной с нагаром снаружи и внутри края фр-т,__HIDDEN__,Д=20 см,Фрагмент,Заполнение канавы,ИИМК РАН,2017.0,data/raw/images/ВО-1л58-2017-1238_orig.jpg,startswith,1,ВО-1л58-2017-1238,__HIDDEN__,__HIDDEN__,1,__HIDDEN__,1,__HIDDEN__,1,1,1,1
