image_file,auto_description,pred_type,confidence_type,pred_part,confidence_part,pred_integrity,confidence_integrity,pred_material,confidence_material
orig.jpg,изразец керамика фрагмент,изразец,0.998903,профиль,0.45558,фрагмент,0.999724,керамика,0.999721
БП11-Р01-Г01-0944_orig.jpg,тарелка фаянс профиль фрагмент,тарелка,0.99896,профиль,0.813033,фрагмент,0.999989,фаянс,0.993761
БП11-Р01-Г01-1055_orig.jpg,изразец керамика профиль фрагмент,изразец,0.997387,профиль,0.998212,фрагмент,0.996267,керамика,0.999979
БП11-Р01-Г01-1065_orig.jpg,тарелка фаянс донце фрагмент,тарелка,0.997165,донце,0.962436,фрагмент,0.999901,фаянс,0.991949
БП11-Р01-Г01-1137_orig.jpg,крышка керамика профиль фрагмент,крышка,0.999124,профиль,0.963508,фрагмент,0.999777,керамика,0.964483
БП11-Р01-Г01-1192_orig.jpg,изразец керамика профиль фрагмент,изразец,0.999975,профиль,0.744958,фрагмент,0.999484,керамика,0.999956
БП11-Р01-Г01-1197_orig.jpg,крышка керамика профиль фрагмент,крышка,0.997422,профиль,0.676032,фрагмент,0.99952,керамика,0.811456
БП11-Р01-Г01-1247_orig.jpg,тарелка фаянс прочее фрагмент,тарелка,0.997829,прочее,0.979963,фрагмент,0.999459,фаянс,0.987415
БП11-Р01-Г01-1248_orig.jpg,тарелка фаянс донце фрагмент,тарелка,0.999259,донце,0.994456,фрагмент,0.99977,фаянс,0.992129
БП11-Р01-Г01-1251_orig.jpg,тарелка фаянс донце фрагмент,тарелка,0.97457,донце,0.959474,фрагмент,0.99995,фаянс,0.896009
БП11-Р01-Г01-1289_orig.jpg,тарелка фаянс профиль фрагмент,тарелка,0.993531,профиль,0.996715,фрагмент,0.999996,фаянс,0.992224
БП11-Р01-Г01-1290_orig.jpg,тарелка фаянс профиль фрагмент,тарелка,0.999823,профиль,0.960755,фрагмент,0.999908,фаянс,0.994155
БП11-Р01-Г01-1315_orig.jpg,тарелка фаянс профиль фрагмент,тарелка,0.999038,профиль,0.955676,фрагмент,0.999944,фаянс,0.977781
БП11-Р01-Г01-1395_orig.jpg,тарелка фаянс профиль фрагмент,тарелка,0.997409,профиль,0.993486,фрагмент,0.999968,фаянс,0.990707
БП11-Р01-Г01-1396_orig.jpg,тарелка фаянс фрагмент,тарелка,0.999974,профиль,0.48074,фрагмент,0.999973,фаянс,0.997485
БП11-Р01-Г01-1397_orig.jpg,тарелка фаянс профиль фрагмент,тарелка,0.998307,профиль,0.582544,фрагмент,0.999987,фаянс,0.994529
БП11-Р01-Г01-1405_orig.jpg,тарелка фаянс венчик фрагмент,тарелка,0.999824,венчик,0.602788,фрагмент,0.999835,фаянс,0.991356
БП11-Р01-Г03-3244_orig.jpg,тарелка керамика венчик фрагмент,тарелка,0.985749,венчик,0.652792,фрагмент,0.999958,керамика,0.98519
БП11-Р01-Г03-3339_orig.jpg,изразец керамика фрагмент,изразец,0.999935,профиль,0.319288,фрагмент,0.999706,керамика,0.999895
БП11-Р01-Г03-6483_orig.jpg,блюдце фарфор профиль фрагмент,блюдце,0.990525,профиль,0.988338,фрагмент,0.999934,фарфор,0.968997
БП11-Р01-Г03-6484_orig.jpg,блюдце фаянс профиль фрагмент,блюдце,0.978906,профиль,0.983577,фрагмент,0.999992,фаянс,0.927526
БП11-Р01-Г03-6493_orig.jpg,изразец керамика профиль фрагмент,изразец,0.999967,профиль,0.757313,фрагмент,0.978436,керамика,0.999994
БП11-Р01-тех-0060_orig.jpg,изразец керамика профиль фрагмент,изразец,0.999953,профиль,0.980892,фрагмент,0.998027,керамика,0.995277
БП11-Р01-тех-0061_orig.jpg,изразец керамика профиль фрагмент,изразец,0.999415,профиль,0.998621,фрагмент,0.999762,керамика,0.998106
БП11-Р01-тех-0069_orig.jpg,крышка фарфор ручка,крышка,0.999918,ручка,0.978138,целый,0.907409,фарфор,0.948934
БП11-Р01-тех-0381_orig.jpg,тарелка керамика венчик фрагмент,тарелка,0.906994,венчик,0.976038,фрагмент,0.999885,керамика,0.513694
БП11-Р01-тех-0394_orig.jpg,тарелка фаянс венчик фрагмент,тарелка,0.999068,венчик,0.883614,фрагмент,0.99998,фаянс,0.95351
БП11-Р01-тех-0421_orig.jpg,тарелка керамика профиль фрагмент,тарелка,0.981089,профиль,0.924688,фрагмент,0.999936,керамика,0.997767
БП11-Р01-тех-0443_orig.jpg,изразец керамика профиль фрагмент,изразец,0.995401,профиль,0.777908,фрагмент,0.999985,керамика,0.999927
БП11-Р01-тех-0468_orig.jpg,крышка керамика профиль фрагмент,крышка,0.99297,профиль,0.842484,фрагмент,0.999901,керамика,0.99968
БП12-Г01-0726_orig.jpg,тарелка фаянс донце фрагмент,тарелка,0.999388,донце,0.98194,фрагмент,0.999964,фаянс,0.998349
БП12-Г01-0732_orig.jpg,керамика профиль фрагмент,изразец,0.406532,профиль,0.718132,фрагмент,0.999631,керамика,0.999195
БП12-Г01-0767_orig.jpg,крышка фарфор ручка,крышка,0.999975,ручка,0.995004,целый,0.983969,фарфор,0.844837
БП12-Г01-0774_orig.jpg,крышка керамика профиль фрагмент,крышка,0.981747,профиль,0.956665,фрагмент,0.999979,керамика,0.983006
БП12-Г01-0783_orig.jpg,крышка фаянс профиль фрагмент,крышка,0.997779,профиль,0.54671,фрагмент,0.999963,фаянс,0.985275
БП12-Г01-0784_orig.jpg,блюдце фарфор профиль фрагмент,блюдце,0.995932,профиль,0.950303,фрагмент,0.999999,фарфор,0.893039
БП12-Г01-0794_orig.jpg,блюдце фаянс профиль фрагмент,блюдце,0.992349,профиль,0.99694,фрагмент,0.999886,фаянс,0.988561
БП12-Г01-0956_orig.jpg,миска керамика профиль фрагмент,миска,0.977668,профиль,0.995813,фрагмент,0.999917,керамика,0.996669
БП12-Г01-1007_orig.jpg,изразец керамика профиль фрагмент,изразец,0.999954,профиль,0.855936,фрагмент,0.996725,керамика,0.999814
БП12-Г01-1008_orig.jpg,изразец керамика фрагмент,изразец,0.994792,донце,0.351855,фрагмент,0.999918,керамика,0.999004
БП12-Г01-1016_orig.jpg,тарелка фаянс венчик фрагмент,тарелка,0.999171,венчик,0.502618,фрагмент,0.999986,фаянс,0.97662
БП12-Г01-1017_orig.jpg,крышка фаянс профиль фрагмент,крышка,0.998014,профиль,0.955739,фрагмент,0.999995,фаянс,0.974262
БП12-Г01-1036_orig.jpg,крышка керамика профиль фрагмент,крышка,0.99394,профиль,0.811962,фрагмент,0.989017,керамика,0.996345
БП12-Г01-1697_orig.jpg,блюдце фаянс донце фрагмент,блюдце,0.945442,донце,0.982241,фрагмент,0.999995,фаянс,0.992806
БП12-Г01-1713_orig.jpg,изразец керамика донце фрагмент,изразец,0.994804,донце,0.721346,фрагмент,0.999127,керамика,0.999401
БП12-Г01-1956_orig.jpg,изразец керамика фрагмент,изразец,0.998035,венчик,0.404014,фрагмент,0.999554,керамика,0.99844
БП12-Г01-1974_orig.jpg,тарелка фаянс донце фрагмент,тарелка,0.997168,донце,0.990254,фрагмент,0.9999,фаянс,0.997746
БП12-Г01-1985_orig.jpg,тарелка фаянс профиль фрагмент,тарелка,0.99438,профиль,0.974007,фрагмент,0.999996,фаянс,0.987881
БП12-Г01-2474_orig.jpg,крышка фаянс ручка фрагмент,крышка,0.997043,ручка,0.763277,фрагмент,0.982886,фаянс,0.89467
БП12-Г01-2475_orig.jpg,блюдце фарфор профиль фрагмент,блюдце,0.978894,профиль,0.955626,фрагмент,0.999852,фарфор,0.571114
БП12-Г01-2476_orig.jpg,тарелка фаянс профиль фрагмент,тарелка,0.94708,профиль,0.885986,фрагмент,0.999992,фаянс,0.987334
БП12-Г01-3217_orig.jpg,крышка керамика профиль фрагмент,крышка,0.974019,профиль,0.946952,фрагмент,0.999946,керамика,0.971309
БП12-Г01-3218_orig.jpg,изразец керамика ручка фрагмент,изразец,0.865845,ручка,0.528371,фрагмент,0.998333,керамика,0.999939
БП12-Г01-3220_orig.jpg,изразец керамика профиль фрагмент,изразец,0.998491,профиль,0.945409,фрагмент,0.999964,керамика,0.999981
БП12-Г01-3239_orig.jpg,миска керамика профиль фрагмент,миска,0.994702,профиль,0.989541,фрагмент,0.999815,керамика,0.999163
БП12-Г01-3414_orig.jpg,блюдце фаянс профиль фрагмент,блюдце,0.995627,профиль,0.988182,фрагмент,0.999995,фаянс,0.99029
БП12-Г01-3416_orig.jpg,блюдце фаянс профиль фрагмент,блюдце,0.996063,профиль,0.997332,фрагмент,0.999927,фаянс,0.987955
БП12-Г01-3461_orig.jpg,крышка керамика профиль фрагмент,крышка,0.577109,профиль,0.732719,фрагмент,0.999998,керамика,0.999227
БП12-Г01-3462_orig.jpg,блюдце фаянс профиль фрагмент,блюдце,0.923842,профиль,0.918313,фрагмент,1.0,фаянс,0.998045
БП12-Г01-3511_orig.jpg,крышка фаянс ручка фрагмент,крышка,0.908081,ручка,0.954199,фрагмент,0.973809,фаянс,0.950631
БП12-Г01-3577_orig.jpg,тарелка фаянс донце фрагмент,тарелка,0.997398,донце,0.995452,фрагмент,0.99965,фаянс,0.995492
БП12-Г01-4902_orig.jpg,блюдце фарфор профиль фрагмент,блюдце,0.996167,профиль,0.993929,фрагмент,0.999658,фарфор,0.995006
БП12-Г01-4903_orig.jpg,блюдце фаянс донце фрагмент,блюдце,0.972934,донце,0.989354,фрагмент,0.999989,фаянс,0.986688
БП12-Г01-5688_orig.jpg,тарелка фаянс профиль фрагмент,тарелка,0.843234,профиль,0.96856,фрагмент,0.999871,фаянс,0.843968
БП12-Г01-5772_orig.jpg,тарелка фаянс профиль фрагмент,тарелка,0.890353,профиль,0.97389,фрагмент,0.999978,фаянс,0.955238
БП12-Г01-5843_orig.jpg,крышка фаянс профиль фрагмент,крышка,0.999108,профиль,0.982802,фрагмент,0.999769,фаянс,0.985722
БП12-Г01-5844_orig.jpg,тарелка фаянс донце фрагмент,тарелка,0.562588,донце,0.840406,фрагмент,0.999994,фаянс,0.537384
БП12-Г01-5845_orig.jpg,тарелка фаянс донце фрагмент,тарелка,0.999738,донце,0.865782,фрагмент,0.999998,фаянс,0.999368
БП12-Г01-5990_orig.jpg,тарелка керамика профиль фрагмент,тарелка,0.469339,профиль,0.954175,фрагмент,0.999998,керамика,0.899485
БП12-Г01-6186_orig.jpg,тарелка фаянс донце фрагмент,тарелка,0.998732,донце,0.926742,фрагмент,1.0,фаянс,0.994828
БП12-Г01-6214_orig.jpg,крышка керамика ручка фрагмент,крышка,0.981423,ручка,0.956485,фрагмент,0.988655,керамика,0.749954
БП12-Г01-6335_orig.jpg,изразец керамика донце фрагмент,изразец,0.497607,донце,0.916639,фрагмент,0.999998,керамика,0.995011
БП12-Г01-6336_orig.jpg,тарелка фаянс венчик фрагмент,тарелка,0.998994,венчик,0.518292,фрагмент,0.999985,фаянс,0.610978
БП12-Г01-6521_orig.jpg,блюдце фарфор профиль фрагмент,блюдце,0.999805,профиль,0.996101,фрагмент,0.999993,фарфор,0.953033
БП12-Г01-6522_orig.jpg,блюдце фаянс профиль фрагмент,блюдце,0.941045,профиль,0.984658,фрагмент,0.996575,фаянс,0.988585
БП12-Г01-6523_orig.jpg,блюдце фаянс профиль,блюдце,0.990887,профиль,0.791301,целый,0.984194,фаянс,0.995789
БП12-Г01-6524_orig.jpg,блюдце фаянс профиль фрагмент,блюдце,0.994169,профиль,0.994963,фрагмент,0.999805,фаянс,0.98556
БП12-Г01-6525_orig.jpg,блюдце фаянс профиль фрагмент,блюдце,0.551294,профиль,0.942491,фрагмент,0.999938,фаянс,0.998377
БП12-Г01-6538_orig.jpg,крышка фаянс ручка,крышка,0.981573,ручка,0.894865,целый,0.968827,фаянс,0.992925
БП12-Г01-6540_orig.jpg,блюдце фаянс фрагмент,блюдце,0.601126,донце,0.469339,фрагмент,0.986777,фаянс,0.61337
БП12-Г01-6560_orig.jpg,крышка фаянс профиль фрагмент,крышка,0.993579,профиль,0.958562,фрагмент,0.999989,фаянс,0.99438
БП12-Г01-6940_orig.jpg,крышка керамика профиль фрагмент,крышка,0.980054,профиль,0.885462,фрагмент,0.999767,керамика,0.690585
БП12-Г01-7005_orig.jpg,блюдце фарфор профиль фрагмент,блюдце,0.982765,профиль,0.990488,фрагмент,0.99987,фарфор,0.823412
БП12-Г01-7058_orig.jpg,изразец керамика донце фрагмент,изразец,0.998725,донце,0.843756,фрагмент,0.998891,керамика,0.999834
БП12-Г01-7079_orig.jpg,изразец керамика профиль фрагмент,изразец,0.515264,профиль,0.849623,фрагмент,0.998727,керамика,0.971439
БП12-Г01-7209_orig.jpg,изразец керамика профиль фрагмент,изразец,0.98744,профиль,0.939824,фрагмент,0.999923,керамика,0.995998
БП12-Г01-7210_orig.jpg,изразец керамика профиль фрагмент,изразец,0.999897,профиль,0.803922,фрагмент,0.943205,керамика,0.999916
БП12-Г01-7211_orig.jpg,изразец керамика донце фрагмент,изразец,0.997588,донце,0.524549,фрагмент,0.999648,керамика,0.999512
БП12-Г01-7212_orig.jpg,изразец керамика профиль фрагмент,изразец,0.990216,профиль,0.701437,фрагмент,0.999827,керамика,0.996774
БП12-Г01-7213_orig.jpg,изразец керамика профиль фрагмент,изразец,0.995993,профиль,0.765033,фрагмент,0.999955,керамика,0.998611
БП12-Г01-7262_orig.jpg,крышка фаянс ручка фрагмент,крышка,0.999692,ручка,0.981544,фрагмент,0.966637,фаянс,0.985394
БП12-Г01-7263_orig.jpg,крышка фаянс профиль фрагмент,крышка,0.996745,профиль,0.876031,фрагмент,0.996907,фаянс,0.995972
БП12-Г01-7271_orig.jpg,миска керамика профиль фрагмент,миска,0.998268,профиль,0.996515,фрагмент,0.999889,керамика,0.997609
БП12-Г01-7274_orig.jpg,крышка керамика профиль фрагмент,крышка,0.997433,профиль,0.903436,фрагмент,0.999862,керамика,0.906353
БП12-Г01-7738_orig.jpg,тарелка керамика профиль фрагмент,тарелка,0.967269,профиль,0.987636,фрагмент,0.999998,керамика,0.938824
БП12-Г01-7742_orig.jpg,крышка керамика ручка фрагмент,крышка,0.997101,ручка,0.995343,фрагмент,0.999951,керамика,0.998364
БП12-Г01-7754_orig.jpg,тарелка фарфор донце фрагмент,тарелка,0.983409,донце,0.995323,фрагмент,0.999632,фарфор,0.981077
БП12-Г01-7762_orig.jpg,тарелка фаянс профиль фрагмент,тарелка,0.960455,профиль,0.979074,фрагмент,0.999996,фаянс,0.942804
БП12-Г01-7977_orig.jpg,тарелка фаянс профиль фрагмент,тарелка,0.993555,профиль,0.983061,фрагмент,1.0,фаянс,0.999188
БП12-Г01-8799_orig.jpg,изразец керамика профиль фрагмент,изразец,0.999986,профиль,0.779045,фрагмент,0.999712,керамика,0.999994
БП12-Г01-8837_orig.jpg,изразец керамика профиль фрагмент,изразец,0.999464,профиль,0.997491,фрагмент,0.999295,керамика,0.999709
БП12-Г01-8844_orig.jpg,изразец керамика профиль фрагмент,изразец,0.999366,профиль,0.650335,фрагмент,0.999179,керамика,0.999982
БП12-Г02-1422_orig.jpg,крышка керамика ручка,крышка,0.492869,ручка,0.607963,целый,0.890275,керамика,0.972653
БП12-Г02-1735_orig.jpg,тарелка керамика профиль фрагмент,тарелка,0.658017,профиль,0.998835,фрагмент,0.999288,керамика,0.907964
БП12-Г02-2581_orig.jpg,тарелка керамика венчик фрагмент,тарелка,0.998877,венчик,0.99757,фрагмент,0.99969,керамика,0.98461
БП12-Г02-2655_orig.jpg,тарелка фаянс донце фрагмент,тарелка,0.946223,донце,0.99593,фрагмент,0.999828,фаянс,0.974519
БП12-Г02-2723_orig.jpg,изразец керамика фрагмент,изразец,0.99899,донце,0.376927,фрагмент,0.999933,керамика,0.999969
БП12-Г02-2791_orig.jpg,изразец керамика профиль фрагмент,изразец,0.999873,профиль,0.715509,фрагмент,0.99987,керамика,0.999981
БП12-Г02-3656_orig.jpg,крышка керамика профиль фрагмент,крышка,0.601744,профиль,0.94249,фрагмент,0.999993,керамика,0.991592
БП12-Г02-3659_orig.jpg,блюдце фаянс донце фрагмент,блюдце,0.991208,донце,0.962035,фрагмент,0.999994,фаянс,0.911909
БП12-Г02-3807_orig.jpg,тарелка керамика венчик фрагмент,тарелка,0.992403,венчик,0.953641,фрагмент,0.999996,керамика,0.993789
БП12-Г02-3865_orig.jpg,изразец керамика профиль фрагмент,изразец,0.999,профиль,0.978375,фрагмент,0.999968,керамика,0.999926
БП12-Г02-3866_orig.jpg,изразец керамика донце фрагмент,изразец,0.999862,донце,0.783796,фрагмент,0.999449,керамика,0.999968
БП12-Г02-3927_orig.jpg,крышка керамика профиль фрагмент,крышка,0.988523,профиль,0.989486,фрагмент,0.999989,керамика,0.996268
БП12-Г02-3983_orig.jpg,тарелка фаянс донце фрагмент,тарелка,0.99603,донце,0.593731,фрагмент,0.999996,фаянс,0.954692
БП12-Г02-3984_orig.jpg,миска керамика профиль фрагмент,миска,0.576692,профиль,0.99406,фрагмент,0.999921,керамика,0.763883
БП12-Г02-4011_orig.jpg,тарелка фаянс профиль фрагмент,тарелка,0.986059,профиль,0.988377,фрагмент,0.999767,фаянс,0.95354
БП12-Г02-4183_orig.jpg,тарелка керамика венчик фрагмент,тарелка,0.9939,венчик,0.515472,фрагмент,0.999914,керамика,0.94688
БП12-Г02-4189_orig.jpg,блюдце фаянс профиль фрагмент,блюдце,0.997842,профиль,0.989437,фрагмент,0.999995,фаянс,0.876149
БП12-Г02-4190_orig.jpg,тарелка фаянс профиль фрагмент,тарелка,0.981743,профиль,0.953579,фрагмент,0.999989,фаянс,0.970448
БП12-Г02-4243_orig.jpg,изразец керамика профиль фрагмент,изразец,0.999263,профиль,0.709468,фрагмент,0.999362,керамика,0.998896
БП12-Г02-4257_orig.jpg,тарелка фаянс профиль фрагмент,тарелка,0.620963,профиль,0.951055,фрагмент,0.999999,фаянс,0.884429
БП12-Г02-4270_orig.jpg,крышка керамика ручка фрагмент,крышка,0.999022,ручка,0.564652,фрагмент,0.999995,керамика,0.999743
БП12-Г02-4540_orig.jpg,блюдце фарфор профиль фрагмент,блюдце,0.99785,профиль,0.980401,фрагмент,0.996574,фарфор,0.986597
БП12-Г02-4708_orig.jpg,крышка фарфор ручка фрагмент,крышка,0.999592,ручка,0.990675,фрагмент,0.99192,фарфор,0.647415
БП12-Г02-4758_orig.jpg,тарелка фаянс донце фрагмент,тарелка,0.999368,донце,0.981594,фрагмент,0.999998,фаянс,0.992481
БП12-Г02-5150_orig.jpg,крышка керамика ручка фрагмент,крышка,0.976714,ручка,0.994461,фрагмент,0.999946,керамика,0.985296
БП12-Г02-5226_orig.jpg,блюдце фаянс профиль фрагмент,блюдце,0.643461,профиль,0.933862,фрагмент,0.99866,фаянс,0.90406
БП12-Г02-5243_orig.jpg,блюдце фаянс профиль фрагмент,блюдце,0.996496,профиль,0.998185,фрагмент,0.999833,фаянс,0.984803
БП12-Г02-5276_orig.jpg,тарелка фаянс донце фрагмент,тарелка,0.88779,донце,0.989393,фрагмент,0.999981,фаянс,0.994888
БП12-Г02-5372_orig.jpg,тарелка фаянс донце фрагмент,тарелка,0.997007,донце,0.986489,фрагмент,0.999997,фаянс,0.984535
БП12-Г02-6877_orig.jpg,изразец керамика профиль фрагмент,изразец,0.999843,профиль,0.986957,фрагмент,0.992669,керамика,0.997658
БП12-Г02-8020_orig.jpg,изразец керамика профиль фрагмент,изразец,0.993551,профиль,0.992824,фрагмент,0.999743,керамика,0.999703
БП12-Г02-8137_orig.jpg,тарелка фаянс профиль фрагмент,тарелка,0.638123,профиль,0.84732,фрагмент,0.999944,фаянс,0.991155
БП12-Т01-8069_orig.jpg,тарелка фаянс донце фрагмент,тарелка,0.997654,донце,0.993091,фрагмент,0.99453,фаянс,0.995559
БП12-Т01-8071_orig.jpg,блюдце фаянс профиль фрагмент,блюдце,0.996338,профиль,0.995633,фрагмент,0.999619,фаянс,0.91797
БП12-Т01-8073_orig.jpg,блюдце фаянс донце фрагмент,блюдце,0.997753,донце,0.987783,фрагмент,0.999934,фаянс,0.972296
БП12-Т01-8074_orig.jpg,блюдце фаянс донце фрагмент,блюдце,0.983984,донце,0.981871,фрагмент,0.999969,фаянс,0.979408
БП12-Т02-7986_orig.jpg,крышка фаянс ручка,крышка,0.99916,ручка,0.907532,целый,0.980523,фаянс,0.984233
ВО-1л58-2017-0011_orig.jpg,изразец керамика профиль фрагмент,изразец,0.999938,профиль,0.853801,фрагмент,0.999299,керамика,0.999973
ВО-1л58-2017-0012_orig.jpg,изразец керамика профиль фрагмент,изразец,0.999968,профиль,0.908287,фрагмент,0.999867,керамика,0.999835
ВО-1л58-2017-0013_orig.jpg,изразец керамика профиль фрагмент,изразец,0.999699,профиль,0.9966,фрагмент,0.985621,керамика,0.999938
ВО-1л58-2017-0014_orig.jpg,изразец керамика профиль фрагмент,изразец,0.999499,профиль,0.9949,фрагмент,0.984249,керамика,0.995256
ВО-1л58-2017-0015_orig.jpg,изразец керамика профиль фрагмент,изразец,0.999796,профиль,0.99888,фрагмент,0.999289,керамика,0.996228
ВО-1л58-2017-0016_orig.jpg,изразец керамика профиль фрагмент,изразец,0.999714,профиль,0.737374,фрагмент,0.999795,керамика,0.999991
ВО-1л58-2017-0017_orig.jpg,изразец керамика профиль фрагмент,изразец,0.99972,профиль,0.999705,фрагмент,0.990849,керамика,0.993413
ВО-1л58-2017-0018_orig.jpg,изразец керамика профиль фрагмент,изразец,0.999937,профиль,0.805127,фрагмент,0.999359,керамика,0.999877
ВО-1л58-2017-0019_orig.jpg,изразец керамика профиль фрагмент,изразец,0.999988,профиль,0.582559,фрагмент,0.980717,керамика,0.998436
ВО-1л58-2017-0020_orig.jpg,изразец керамика фрагмент,изразец,0.971678,венчик,0.453759,фрагмент,0.99997,керамика,0.987092
ВО-1л58-2017-0022_orig.jpg,изразец керамика донце фрагмент,изразец,0.955686,донце,0.725582,фрагмент,0.997871,керамика,0.99841
ВО-1л58-2017-0036_orig.jpg,тарелка керамика венчик фрагмент,тарелка,0.896383,венчик,0.969379,фрагмент,0.999241,керамика,0.999338
ВО-1л58-2017-0038_orig.jpg,тарелка керамика венчик фрагмент,тарелка,0.99615,венчик,0.993306,фрагмент,0.999996,керамика,0.988539
ВО-1л58-2017-0047_orig.jpg,миска керамика профиль фрагмент,миска,0.999149,профиль,0.977013,фрагмент,0.999561,керамика,0.999864
ВО-1л58-2017-0053_orig.jpg,крышка фаянс профиль фрагмент,крышка,0.979389,профиль,0.977004,фрагмент,0.999815,фаянс,0.964455
ВО-1л58-2017-0055_orig.jpg,тарелка фаянс венчик фрагмент,тарелка,0.995069,венчик,0.979802,фрагмент,0.999683,фаянс,0.980562
ВО-1л58-2017-0056_orig.jpg,тарелка фаянс венчик фрагмент,тарелка,0.998818,венчик,0.994005,фрагмент,0.999987,фаянс,0.99294
ВО-1л58-2017-0058_orig.jpg,крышка фаянс ручка фрагмент,крышка,0.995814,ручка,0.993444,фрагмент,0.999934,фаянс,0.980065
ВО-1л58-2017-0059_orig.jpg,тарелка фаянс донце фрагмент,тарелка,0.97991,донце,0.984856,фрагмент,0.991129,фаянс,0.959166
ВО-1л58-2017-0072_orig.jpg,блюдце фарфор венчик фрагмент,блюдце,0.988901,венчик,0.854904,фрагмент,0.99846,фарфор,0.994437
ВО-1л58-2017-0074_orig.jpg,блюдце фарфор донце фрагмент,блюдце,0.9945,донце,0.973659,фрагмент,0.995799,фарфор,0.997354
ВО-1л58-2017-0075_orig.jpg,блюдце фарфор профиль фрагмент,блюдце,0.978023,профиль,0.745095,фрагмент,0.998173,фарфор,0.932755
ВО-1л58-2017-0076_orig.jpg,крышка фарфор профиль фрагмент,крышка,0.99905,профиль,0.973384,фрагмент,0.995464,фарфор,0.98469
ВО-1л58-2017-0077_orig.jpg,крышка фарфор фрагмент,крышка,0.998658,профиль,0.428294,фрагмент,0.999585,фарфор,0.988547
ВО-1л58-2017-0078_orig.jpg,блюдце фарфор профиль фрагмент,блюдце,0.992611,профиль,0.974188,фрагмент,0.999239,фарфор,0.995725
ВО-1л58-2017-0088_orig.jpg,тарелка фарфор профиль фрагмент,тарелка,0.981188,профиль,0.998739,фрагмент,0.999938,фарфор,0.968508
ВО-1л58-2017-0089_orig.jpg,тарелка фарфор венчик фрагмент,тарелка,0.994781,венчик,0.968311,фрагмент,0.999915,фарфор,0.949962
ВО-1л58-2017-0090_orig.jpg,тарелка фарфор профиль фрагмент,тарелка,0.99773,профиль,0.981639,фрагмент,0.999678,фарфор,0.943457
ВО-1л58-2017-0091_orig.jpg,тарелка фарфор профиль фрагмент,тарелка,0.99126,профиль,0.994068,фрагмент,0.99997,фарфор,0.987637
ВО-1л58-2017-0092_orig.jpg,тарелка фарфор профиль фрагмент,тарелка,0.982733,профиль,0.982167,фрагмент,0.996186,фарфор,0.988047
ВО-1л58-2017-0093_orig.jpg,тарелка фарфор донце фрагмент,тарелка,0.92779,донце,0.978275,фрагмент,0.999729,фарфор,0.926369
ВО-1л58-2017-0103_orig.jpg,изразец керамика,изразец,0.999902,венчик,0.454792,целый,0.946603,керамика,0.999905
ВО-1л58-2017-0104_orig.jpg,изразец керамика фрагмент,изразец,0.996567,прочее,0.411021,фрагмент,0.998202,керамика,0.998486
ВО-1л58-2017-0105_orig.jpg,изразец керамика венчик фрагмент,изразец,0.99989,венчик,0.559182,фрагмент,0.999654,керамика,0.999967
ВО-1л58-2017-0124_orig.jpg,миска керамика венчик фрагмент,миска,0.985932,венчик,0.95731,фрагмент,0.999964,керамика,0.999971
ВО-1л58-2017-0141_orig.jpg,тарелка фаянс донце фрагмент,тарелка,0.999672,донце,0.993935,фрагмент,0.999378,фаянс,0.995683
ВО-1л58-2017-0161_orig.jpg,изразец керамика профиль,изразец,0.88088,профиль,0.588127,целый,0.938455,керамика,0.539201
ВО-1л58-2017-0235_orig.jpg,тарелка фаянс фрагмент,тарелка,0.978969,профиль,0.462843,фрагмент,0.999996,фаянс,0.84292
ВО-1л58-2017-0242_orig.jpg,миска керамика профиль фрагмент,миска,0.998359,профиль,0.996787,фрагмент,0.999983,керамика,0.99448
ВО-1л58-2017-0275_orig.jpg,тарелка фаянс венчик фрагмент,тарелка,0.990248,венчик,0.547412,фрагмент,0.999894,фаянс,0.761106
ВО-1л58-2017-0281_orig.jpg,тарелка керамика венчик фрагмент,тарелка,0.944724,венчик,0.848485,фрагмент,0.99997,керамика,0.924107
ВО-1л58-2017-0284_orig.jpg,тарелка фаянс венчик фрагмент,тарелка,0.993805,венчик,0.987766,фрагмент,0.999934,фаянс,0.983615
ВО-1л58-2017-0286_orig.jpg,тарелка фаянс венчик фрагмент,тарелка,0.997198,венчик,0.981484,фрагмент,0.998811,фаянс,0.84043
ВО-1л58-2017-0294_orig.jpg,блюдце фарфор профиль фрагмент,блюдце,0.994609,профиль,0.990052,фрагмент,0.999997,фарфор,0.994217
ВО-1л58-2017-0297_orig.jpg,тарелка керамика донце фрагмент,тарелка,0.995061,донце,0.801335,фрагмент,0.999999,керамика,0.98646
ВО-1л58-2017-0305_orig.jpg,изразец керамика профиль фрагмент,изразец,0.999939,профиль,0.737697,фрагмент,0.983747,керамика,0.999981
ВО-1л58-2017-0306_orig.jpg,изразец керамика профиль фрагмент,изразец,0.998899,профиль,0.516577,фрагмент,0.999925,керамика,0.999997
ВО-1л58-2017-0307_orig.jpg,изразец керамика фрагмент,изразец,0.999794,венчик,0.348847,фрагмент,0.993991,керамика,0.999814
ВО-1л58-2017-0322_orig.jpg,миска керамика венчик фрагмент,миска,0.729541,венчик,0.804961,фрагмент,0.999843,керамика,0.997293
ВО-1л58-2017-0376_orig.jpg,миска керамика венчик фрагмент,миска,0.995435,венчик,0.995766,фрагмент,0.999999,керамика,0.998935
ВО-1л58-2017-0393_orig.jpg,изразец керамика ручка фрагмент,изразец,0.999178,ручка,0.5304,фрагмент,0.994513,керамика,0.999974
ВО-1л58-2017-0397_orig.jpg,изразец керамика фрагмент,изразец,0.997095,венчик,0.48532,фрагмент,0.999963,керамика,0.999824
ВО-1л58-2017-0418_orig.jpg,тарелка керамика венчик фрагмент,тарелка,0.993815,венчик,0.99113,фрагмент,0.999139,керамика,0.944069
ВО-1л58-2017-0421_orig.jpg,тарелка фаянс донце фрагмент,тарелка,0.899546,донце,0.513238,фрагмент,0.999971,фаянс,0.503424
ВО-1л58-2017-0424_orig.jpg,крышка фаянс профиль фрагмент,крышка,0.641487,профиль,0.637714,фрагмент,0.999998,фаянс,0.966302
ВО-1л58-2017-0425_orig.jpg,крышка фаянс профиль фрагмент,крышка,0.976387,профиль,0.952334,фрагмент,0.999995,фаянс,0.972678
ВО-1л58-2017-0426_orig.jpg,тарелка фаянс венчик фрагмент,тарелка,0.997742,венчик,0.804969,фрагмент,1.0,фаянс,0.987314
ВО-1л58-2017-0441_orig.jpg,миска керамика венчик фрагмент,миска,0.995568,венчик,0.932554,фрагмент,0.999995,керамика,0.999974
ВО-1л58-2017-0447_orig.jpg,изразец керамика фрагмент,изразец,0.999988,венчик,0.464213,фрагмент,0.930644,керамика,0.999971
ВО-1л58-2017-0448_orig.jpg,изразец керамика венчик,изразец,0.99999,венчик,0.604616,целый,0.79726,керамика,0.999957
ВО-1л58-2017-0475_orig.jpg,изразец керамика фрагмент,изразец,0.99997,венчик,0.393063,фрагмент,0.994216,керамика,0.999378
ВО-1л58-2017-0480_orig.jpg,крышка фарфор ручка фрагмент,крышка,0.999758,ручка,0.993808,фрагмент,0.994185,фарфор,0.943808
ВО-1л58-2017-0487_orig.jpg,тарелка фаянс венчик фрагмент,тарелка,0.998126,венчик,0.993173,фрагмент,0.999997,фаянс,0.97337
ВО-1л58-2017-0488_orig.jpg,тарелка фаянс донце фрагмент,тарелка,0.999585,донце,0.8881,фрагмент,0.999851,фаянс,0.995435
ВО-1л58-2017-0503_orig.jpg,крышка фаянс ручка фрагмент,крышка,0.994253,ручка,0.972172,фрагмент,0.996484,фаянс,0.994035
ВО-1л58-2017-0509_orig.jpg,изразец керамика венчик фрагмент,изразец,0.999964,венчик,0.625323,фрагмент,0.9994,керамика,0.999958
ВО-1л58-2017-0522_orig.jpg,тарелка фаянс донце фрагмент,тарелка,0.999308,донце,0.931462,фрагмент,0.999998,фаянс,0.988321
ВО-1л58-2017-0523_orig.jpg,изразец керамика,изразец,0.999997,венчик,0.445754,целый,0.95046,керамика,0.99997
ВО-1л58-2017-0524_orig.jpg,изразец керамика венчик,изразец,0.990308,венчик,0.726294,целый,0.962077,керамика,0.996773
ВО-1л58-2017-0525_orig.jpg,изразец керамика,изразец,0.999775,венчик,0.466867,целый,0.602165,керамика,0.984287
ВО-1л58-2017-0527_orig.jpg,изразец керамика профиль фрагмент,изразец,0.999988,профиль,0.732419,фрагмент,0.992265,керамика,0.999969
ВО-1л58-2017-0528_orig.jpg,изразец керамика профиль,изразец,0.999858,профиль,0.752983,целый,0.989019,керамика,0.998814
ВО-1л58-2017-0544_orig.jpg,миска керамика венчик фрагмент,миска,0.97505,венчик,0.999017,фрагмент,0.999998,керамика,0.990782
ВО-1л58-2017-0547_orig.jpg,тарелка фаянс венчик фрагмент,тарелка,0.989966,венчик,0.995842,фрагмент,0.999927,фаянс,0.994251
ВО-1л58-2017-0551_orig.jpg,изразец керамика фрагмент,изразец,0.999883,профиль,0.34346,фрагмент,0.999312,керамика,0.999981
ВО-1л58-2017-0553_orig.jpg,изразец керамика венчик фрагмент,изразец,0.999958,венчик,0.80894,фрагмент,0.96771,керамика,0.999656
ВО-1л58-2017-0554_orig.jpg,изразец керамика венчик,изразец,0.994306,венчик,0.647835,целый,0.91628,керамика,0.99854
ВО-1л58-2017-0572_orig.jpg,крышка керамика ручка фрагмент,крышка,0.995041,ручка,0.994532,фрагмент,0.996836,керамика,0.999833
ВО-1л58-2017-0573_orig.jpg,тарелка керамика венчик фрагмент,тарелка,0.994661,венчик,0.999927,фрагмент,0.999852,керамика,0.973312
ВО-1л58-2017-0574_orig.jpg,тарелка фаянс венчик фрагмент,тарелка,0.998539,венчик,0.999482,фрагмент,0.999989,фаянс,0.990386
ВО-1л58-2017-0575_orig.jpg,тарелка фарфор венчик фрагмент,тарелка,0.824073,венчик,0.888872,фрагмент,0.999902,фарфор,0.523314
ВО-1л58-2017-0595_orig.jpg,крышка керамика венчик фрагмент,крышка,0.947467,венчик,0.563011,фрагмент,0.999921,керамика,0.986205
ВО-1л58-2017-0596_orig.jpg,крышка керамика ручка фрагмент,крышка,0.995383,ручка,0.99668,фрагмент,0.99594,керамика,0.999626
ВО-1л58-2017-0603_orig.jpg,изразец керамика венчик фрагмент,изразец,0.999167,венчик,0.856095,фрагмент,0.999825,керамика,0.999992
ВО-1л58-2017-0604_orig.jpg,изразец керамика,изразец,0.999931,венчик,0.353089,целый,0.995666,керамика,0.999551
ВО-1л58-2017-0605_orig.jpg,изразец керамика,изразец,0.999918,венчик,0.456374,целый,0.968734,керамика,0.997644
ВО-1л58-2017-0606_orig.jpg,изразец керамика,изразец,0.999976,венчик,0.344489,целый,0.992533,керамика,0.999965
ВО-1л58-2017-0625_orig.jpg,тарелка фаянс венчик фрагмент,тарелка,0.982014,венчик,0.994994,фрагмент,0.999449,фаянс,0.982328
ВО-1л58-2017-0627_orig.jpg,изразец керамика донце фрагмент,изразец,0.959148,донце,0.970536,фрагмент,0.998871,керамика,0.996861
ВО-1л58-2017-0631_orig.jpg,изразец керамика профиль фрагмент,изразец,0.998911,профиль,0.975937,фрагмент,0.99913,керамика,0.999949
ВО-1л58-2017-0632_orig.jpg,изразец керамика профиль фрагмент,изразец,0.999981,профиль,0.755283,фрагмент,0.990263,керамика,0.999982
ВО-1л58-2017-0633_orig.jpg,изразец керамика профиль фрагмент,изразец,0.999987,профиль,0.646782,фрагмент,0.995626,керамика,0.999797
ВО-1л58-2017-0634_orig.jpg,изразец керамика профиль фрагмент,изразец,0.999641,профиль,0.802749,фрагмент,0.96578,керамика,0.998012
ВО-1л58-2017-0635_orig.jpg,изразец керамика профиль фрагмент,изразец,0.99939,профиль,0.858296,фрагмент,0.986794,керамика,0.996463
ВО-1л58-2017-0645_orig.jpg,крышка керамика венчик фрагмент,крышка,0.988838,венчик,0.684814,фрагмент,0.999853,керамика,0.99989
ВО-1л58-2017-0673_orig.jpg,изразец керамика венчик фрагмент,изразец,0.470543,венчик,0.956285,фрагмент,0.999265,керамика,0.999986
ВО-1л58-2017-0688_orig.jpg,тарелка фаянс венчик фрагмент,тарелка,0.994317,венчик,0.996102,фрагмент,0.999997,фаянс,0.990025
ВО-1л58-2017-0689_orig.jpg,тарелка фаянс донце фрагмент,тарелка,0.998932,донце,0.992388,фрагмент,0.999993,фаянс,0.990783
ВО-1л58-2017-0713_orig.jpg,изразец керамика донце фрагмент,изразец,0.999861,донце,0.5353,фрагмент,0.99436,керамика,0.999726
ВО-1л58-2017-0714_orig.jpg,изразец керамика венчик фрагмент,изразец,0.997015,венчик,0.558609,фрагмент,0.998376,керамика,0.999869
ВО-1л58-2017-0715_orig.jpg,изразец керамика донце фрагмент,изразец,0.997178,донце,0.804198,фрагмент,0.999054,керамика,0.999655
ВО-1л58-2017-0716_orig.jpg,изразец керамика профиль фрагмент,изразец,0.999994,профиль,0.827108,фрагмент,0.998795,керамика,0.999984
ВО-1л58-2017-0717_orig.jpg,изразец керамика фрагмент,изразец,0.999842,венчик,0.470546,фрагмент,0.984312,керамика,0.999795
ВО-1л58-2017-0718_orig.jpg,изразец керамика профиль фрагмент,изразец,0.999863,профиль,0.740742,фрагмент,0.935101,керамика,0.999626
ВО-1л58-2017-0721_orig.jpg,изразец керамика профиль фрагмент,изразец,0.976323,профиль,0.91205,фрагмент,0.99398,керамика,0.999213
ВО-1л58-2017-0722_orig.jpg,изразец керамика донце фрагмент,изразец,0.698552,донце,0.907377,фрагмент,0.999125,керамика,0.989194
ВО-1л58-2017-0723_orig.jpg,изразец керамика профиль фрагмент,изразец,0.99983,профиль,0.575004,фрагмент,0.99968,керамика,0.999954
ВО-1л58-2017-0724_orig.jpg,изразец керамика профиль фрагмент,изразец,0.99999,профиль,0.617282,фрагмент,0.967432,керамика,0.998658
ВО-1л58-2017-0734_orig.jpg,крышка керамика ручка фрагмент,крышка,0.999513,ручка,0.998539,фрагмент,0.997289,керамика,0.998431
ВО-1л58-2017-0735_orig.jpg,тарелка фаянс венчик фрагмент,тарелка,0.864468,венчик,0.972237,фрагмент,0.999911,фаянс,0.674152
ВО-1л58-2017-0736_orig.jpg,блюдце фарфор донце фрагмент,блюдце,0.99899,донце,0.991363,фрагмент,0.999872,фарфор,0.998588
ВО-1л58-2017-0743_orig.jpg,тарелка керамика профиль фрагмент,тарелка,0.997204,профиль,0.999816,фрагмент,0.999996,керамика,0.881058
ВО-1л58-2017-0745_orig.jpg,миска керамика венчик фрагмент,миска,0.998388,венчик,0.996563,фрагмент,0.999859,керамика,0.997192
ВО-1л58-2017-0746_orig.jpg,крышка керамика ручка фрагмент,крышка,0.999217,ручка,0.990205,фрагмент,0.999597,керамика,0.953311
ВО-1л58-2017-0753_orig.jpg,тарелка фаянс венчик фрагмент,тарелка,0.987162,венчик,0.97825,фрагмент,0.999929,фаянс,0.955777
ВО-1л58-2017-0754_orig.jpg,изразец керамика профиль фрагмент,изразец,0.993899,профиль,0.742917,фрагмент,0.999868,керамика,0.987818
ВО-1л58-2017-0767_orig.jpg,изразец керамика профиль фрагмент,изразец,0.999868,профиль,0.877543,фрагмент,0.992683,керамика,0.990494
ВО-1л58-2017-0768_orig.jpg,изразец керамика профиль фрагмент,изразец,0.99879,профиль,0.674295,фрагмент,0.999315,керамика,0.968398
ВО-1л58-2017-0769_orig.jpg,изразец керамика фрагмент,изразец,0.999809,профиль,0.410591,фрагмент,0.964842,керамика,0.999946
ВО-1л58-2017-0770_orig.jpg,изразец керамика фрагмент,изразец,0.999467,профиль,0.411512,фрагмент,0.992018,керамика,0.997947
ВО-1л58-2017-0779_orig.jpg,изразец керамика фрагмент,изразец,0.999984,профиль,0.476439,фрагмент,0.999098,керамика,0.99994
ВО-1л58-2017-0780_orig.jpg,изразец керамика профиль фрагмент,изразец,0.999916,профиль,0.97376,фрагмент,0.980936,керамика,0.999813
ВО-1л58-2017-0781_orig.jpg,изразец керамика профиль фрагмент,изразец,0.999837,профиль,0.976688,фрагмент,0.999257,керамика,0.999754
ВО-1л58-2017-0799_orig.jpg,тарелка фарфор венчик фрагмент,тарелка,0.854126,венчик,0.787719,фрагмент,0.999514,фарфор,0.813366
ВО-1л58-2017-0841_orig.jpg,изразец керамика профиль фрагмент,изразец,0.999967,профиль,0.846148,фрагмент,0.989574,керамика,0.99961
ВО-1л58-2017-0868_orig.jpg,изразец керамика венчик фрагмент,изразец,0.999952,венчик,0.750865,фрагмент,0.999809,керамика,0.999935
ВО-1л58-2017-0873_orig.jpg,миска керамика профиль фрагмент,миска,0.99986,профиль,0.994944,фрагмент,0.999988,керамика,0.999543
ВО-1л58-2017-0874_orig.jpg,миска керамика профиль фрагмент,миска,0.998995,профиль,0.9799,фрагмент,0.999904,керамика,0.999806
ВО-1л58-2017-0881_orig.jpg,тарелка фаянс венчик фрагмент,тарелка,0.999241,венчик,0.70827,фрагмент,0.999967,фаянс,0.992038
ВО-1л58-2017-0911_orig.jpg,тарелка фаянс венчик фрагмент,тарелка,0.999671,венчик,0.996293,фрагмент,0.999998,фаянс,0.992266
ВО-1л58-2017-0962_orig.jpg,блюдце фарфор донце фрагмент,блюдце,0.975461,донце,0.906138,фрагмент,0.987065,фарфор,0.682227
ВО-1л58-2017-0963_orig.jpg,миска керамика венчик фрагмент,миска,0.999267,венчик,0.999245,фрагмент,0.999752,керамика,0.999961
ВО-1л58-2017-0973_orig.jpg,тарелка фаянс донце фрагмент,тарелка,0.97603,донце,0.654984,фрагмент,0.989235,фаянс,0.902267
ВО-1л58-2017-0977_orig.jpg,миска керамика венчик фрагмент,миска,0.99827,венчик,0.993203,фрагмент,0.999967,керамика,0.998194
ВО-1л58-2017-0981_orig.jpg,изразец керамика профиль фрагмент,изразец,0.999995,профиль,0.967328,фрагмент,0.987864,керамика,0.999964
ВО-1л58-2017-0986_orig.jpg,изразец керамика,изразец,0.996328,венчик,0.450898,целый,0.957935,керамика,0.951273
ВО-1л58-2017-0996_orig.jpg,крышка керамика ручка фрагмент,крышка,0.998353,ручка,0.995285,фрагмент,0.99264,керамика,0.987604
ВО-1л58-2017-1001_orig.jpg,изразец керамика профиль,изразец,0.999978,профиль,0.774063,целый,0.97411,керамика,0.99976
ВО-1л58-2017-1002_orig.jpg,изразец керамика профиль фрагмент,изразец,0.999612,профиль,0.995848,фрагмент,0.977205,керамика,0.999485
ВО-1л58-2017-1003_orig.jpg,изразец керамика профиль,изразец,0.999995,профиль,0.76159,целый,0.686976,керамика,0.999954
ВО-1л58-2017-1005_orig.jpg,изразец керамика профиль фрагмент,изразец,0.99999,профиль,0.720585,фрагмент,0.999203,керамика,0.999897
ВО-1л58-2017-1006_orig.jpg,изразец керамика профиль фрагмент,изразец,0.999789,профиль,0.928743,фрагмент,0.999966,керамика,0.999975
ВО-1л58-2017-1007_orig.jpg,изразец керамика профиль фрагмент,изразец,0.99991,профиль,0.863423,фрагмент,0.999619,керамика,0.999865
ВО-1л58-2017-1008_orig.jpg,изразец керамика венчик фрагмент,изразец,0.999981,венчик,0.615925,фрагмент,0.99927,керамика,0.999942
ВО-1л58-2017-1009_orig.jpg,изразец керамика профиль фрагмент,изразец,0.999978,профиль,0.548285,фрагмент,0.995978,керамика,0.999208
ВО-1л58-2017-1010_orig.jpg,изразец керамика профиль фрагмент,изразец,0.999947,профиль,0.974832,фрагмент,0.999468,керамика,0.999005
ВО-1л58-2017-1030_orig.jpg,изразец керамика венчик фрагмент,изразец,0.995948,венчик,0.761365,фрагмент,0.999481,керамика,0.999843
ВО-1л58-2017-1035_orig.jpg,изразец керамика профиль фрагмент,изразец,0.99949,профиль,0.973205,фрагмент,0.995947,керамика,0.99975
ВО-1л58-2017-1036_orig.jpg,изразец керамика прочее,изразец,0.999701,прочее,0.990877,целый,0.994488,керамика,0.998233
ВО-1л58-2017-1038_orig.jpg,изразец керамика фрагмент,изразец,0.999993,профиль,0.395335,фрагмент,0.994865,керамика,0.999943
ВО-1л58-2017-1042_orig.jpg,изразец керамика венчик фрагмент,изразец,0.999868,венчик,0.696433,фрагмент,0.989366,керамика,0.999781
ВО-1л58-2017-1101_orig.jpg,тарелка фаянс прочее фрагмент,тарелка,0.999282,прочее,0.984168,фрагмент,0.999825,фаянс,0.982001
ВО-1л58-2017-1102_orig.jpg,тарелка фаянс венчик фрагмент,тарелка,0.998537,венчик,0.996626,фрагмент,0.999998,фаянс,0.9917
ВО-1л58-2017-1111_orig.jpg,блюдце фарфор венчик фрагмент,блюдце,0.983442,венчик,0.987734,фрагмент,0.999987,фарфор,0.978403
ВО-1л58-2017-1152_orig.jpg,миска керамика венчик фрагмент,миска,0.9892,венчик,0.998588,фрагмент,0.999867,керамика,0.998765
ВО-1л58-2017-1155_orig.jpg,миска керамика венчик фрагмент,миска,0.994556,венчик,0.983889,фрагмент,0.998989,керамика,0.997757
ВО-1л58-2017-1156_orig.jpg,миска керамика венчик фрагмент,миска,0.999377,венчик,0.975656,фрагмент,0.999862,керамика,0.999904
ВО-1л58-2017-1157_orig.jpg,миска керамика венчик фрагмент,миска,0.997684,венчик,0.982747,фрагмент,0.999841,керамика,0.999983
ВО-1л58-2017-1238_orig.jpg,крышка керамика венчик фрагмент,крышка,0.997792,венчик,0.607039,фрагмент,0.999702,керамика,0.999506
ВО-1л58-2017-1251_orig.jpg,изразец керамика фрагмент,изразец,0.999991,профиль,0.375303,фрагмент,0.999773,керамика,0.999955
ВО-1л58-2017-1273_orig.jpg,изразец керамика профиль,изразец,0.999889,профиль,0.983117,целый,0.974888,керамика,0.999327
Заг11-ш01-Г01-055_orig.jpg,изразец керамика профиль фрагмент,изразец,0.944466,профиль,0.657496,фрагмент,0.999983,керамика,0.998896
Заг11-ш01-Г02-067_orig.jpg,изразец керамика профиль фрагмент,изразец,0.999368,профиль,0.926699,фрагмент,0.999947,керамика,0.999992
Заг11-ш01-Г02-068_orig.jpg,изразец керамика профиль фрагмент,изразец,0.999895,профиль,0.868327,фрагмент,0.997567,керамика,0.999983
Заг11-ш01-Г03-145_orig.jpg,изразец керамика профиль фрагмент,изразец,0.999481,профиль,0.977171,фрагмент,0.998861,керамика,0.999573
Заг11-ш02-Г02-242_orig.jpg,изразец керамика профиль фрагмент,изразец,0.999693,профиль,0.714237,фрагмент,0.999939,керамика,0.999998
Заг11-ш02-Г02-246_orig.jpg,тарелка фаянс донце фрагмент,тарелка,0.999224,донце,0.848039,фрагмент,0.999991,фаянс,0.692085
Заг11-ш02-Г04-279_orig.jpg,изразец керамика фрагмент,изразец,0.999895,профиль,0.398992,фрагмент,0.993211,керамика,0.999864
КБ-2014-Р1-0094_orig.jpg,изразец керамика профиль фрагмент,изразец,0.999865,профиль,0.626541,фрагмент,0.676802,керамика,0.999973
КБ-2014-Р1-0131_orig.jpg,тарелка фаянс донце фрагмент,тарелка,0.983277,донце,0.986401,фрагмент,0.991837,фаянс,0.828684
КБ-2014-Р1-0222_orig.jpg,тарелка фаянс венчик фрагмент,тарелка,0.998321,венчик,0.989889,фрагмент,0.999968,фаянс,0.993508
КБ-2014-Р1-0247_orig.jpg,тарелка фарфор донце фрагмент,тарелка,0.971241,донце,0.994262,фрагмент,0.920876,фарфор,0.904756
КБ-2014-Р1-0281_orig.jpg,блюдце фарфор донце фрагмент,блюдце,0.545321,донце,0.891998,фрагмент,0.972716,фарфор,0.958242
КБ-2014-Р1-0320_orig.jpg,тарелка фаянс профиль фрагмент,тарелка,0.99954,профиль,0.708438,фрагмент,0.999988,фаянс,0.988564
КБ-2014-Р1-0378_orig.jpg,тарелка фарфор венчик фрагмент,тарелка,0.940595,венчик,0.797684,фрагмент,0.99984,фарфор,0.872808
КБ-2014-Р1-0400_orig.jpg,блюдце фарфор венчик фрагмент,блюдце,0.993548,венчик,0.937822,фрагмент,0.999609,фарфор,0.891079
КБ-2014-Р1-0426_orig.jpg,блюдце фарфор донце фрагмент,блюдце,0.988842,донце,0.992031,фрагмент,0.997204,фарфор,0.994219
КБ-2014-Р1-0427_orig.jpg,блюдце фарфор профиль фрагмент,блюдце,0.995147,профиль,0.991278,фрагмент,0.999937,фарфор,0.995281
КБ-2014-Р1-0446_orig.jpg,блюдце фарфор профиль фрагмент,блюдце,0.958143,профиль,0.762367,фрагмент,0.99992,фарфор,0.997577
КБ-2014-Р1-0547_orig.jpg,крышка керамика венчик фрагмент,крышка,0.713189,венчик,0.685794,фрагмент,0.912195,керамика,0.763361
КБ-2014-Р1-0679_orig.jpg,блюдце фарфор профиль фрагмент,блюдце,0.995054,профиль,0.95432,фрагмент,0.999965,фарфор,0.973969
КБ-2014-Р1-0716_orig.jpg,тарелка фарфор донце фрагмент,тарелка,0.973079,донце,0.829483,фрагмент,0.995049,фарфор,0.99125
КБ-2014-Р1-0718_orig.jpg,тарелка фарфор донце фрагмент,тарелка,0.981698,донце,0.919172,фрагмент,0.999837,фарфор,0.587657
КБ-2014-Р1-0719_orig.jpg,блюдце фарфор донце фрагмент,блюдце,0.926617,донце,0.995779,фрагмент,0.997863,фарфор,0.996987
КБ-2014-Р1-0780_orig.jpg,блюдце фарфор профиль фрагмент,блюдце,0.994473,профиль,0.728303,фрагмент,0.999582,фарфор,0.997285
КБ-2014-Р1-0782_orig.jpg,блюдце фарфор донце,блюдце,0.975306,донце,0.671393,целый,0.937368,фарфор,0.981166
КБ-2014-Р1-1032_orig.jpg,блюдце фарфор профиль фрагмент,блюдце,0.997323,профиль,0.862712,фрагмент,0.999913,фарфор,0.999583
КБ-2014-Р1-1033_orig.jpg,тарелка фарфор донце фрагмент,тарелка,0.94462,донце,0.999257,фрагмент,0.99981,фарфор,0.997199
КБ-2014-Р1-1101_orig.jpg,тарелка фаянс донце фрагмент,тарелка,0.989014,донце,0.736472,фрагмент,0.998859,фаянс,0.983675
КБ-2014-Р1-1299_orig.jpg,тарелка фарфор фрагмент,тарелка,0.984831,профиль,0.451877,фрагмент,0.998546,фарфор,0.930806
КБ-2014-Р1-1304_orig.jpg,блюдце фарфор профиль фрагмент,блюдце,0.993104,профиль,0.931117,фрагмент,0.999477,фарфор,0.998743
КБ-2014-Р1-1388_orig.jpg,тарелка фарфор профиль фрагмент,тарелка,0.970192,профиль,0.72975,фрагмент,0.999877,фарфор,0.975529
КБ-2014-Р1-1464_orig.jpg,изразец керамика профиль фрагмент,изразец,0.999985,профиль,0.547852,фрагмент,0.999767,керамика,0.999974
КБ-2014-Р1-1489_orig.jpg,изразец керамика фрагмент,изразец,0.972373,донце,0.280208,фрагмент,0.9753,керамика,0.959508
КБ-2014-Р1-1508_orig.jpg,тарелка фарфор донце фрагмент,тарелка,0.981436,донце,0.698878,фрагмент,0.998754,фарфор,0.961537
КБ-2014-Р1-1518_orig.jpg,тарелка фаянс донце фрагмент,тарелка,0.991226,донце,0.997769,фрагмент,0.99989,фаянс,0.662301
КБ-2014-Р1-1539_orig.jpg,блюдце фарфор профиль фрагмент,блюдце,0.998798,профиль,0.997469,фрагмент,0.997698,фарфор,0.97152
КБ-2014-Р1-1540_orig.jpg,тарелка фаянс профиль фрагмент,тарелка,0.892263,профиль,0.721808,фрагмент,0.999962,фаянс,0.784385
КБ-2014-Р1-1541_orig.jpg,блюдце фарфор профиль фрагмент,блюдце,0.996745,профиль,0.993867,фрагмент,0.999901,фарфор,0.936035
КБ-2014-Р1-1568_orig.jpg,блюдце фарфор профиль фрагмент,блюдце,0.944151,профиль,0.9464,фрагмент,0.999955,фарфор,0.992029
КБ-2014-Р2-0056_orig.jpg,блюдце фаянс профиль фрагмент,блюдце,0.98893,профиль,0.989206,фрагмент,0.999326,фаянс,0.942331
КБ-2014-Р2-0088_orig.jpg,тарелка фаянс профиль фрагмент,тарелка,0.993997,профиль,0.619181,фрагмент,0.999916,фаянс,0.895993
КБ-2014-Р2-0091_orig.jpg,крышка фарфор ручка,крышка,0.99995,ручка,0.996736,целый,0.979668,фарфор,0.979597
КБ-2014-Р2-0092_orig.jpg,блюдце фарфор донце фрагмент,блюдце,0.997779,донце,0.989071,фрагмент,0.979784,фарфор,0.997546
КБ-2014-Р2-0094_orig.jpg,блюдце фарфор фрагмент,блюдце,0.690003,донце,0.490905,фрагмент,0.999967,фарфор,0.998643
КБ-2014-Р2-0127_orig.jpg,тарелка фаянс донце фрагмент,тарелка,0.994021,донце,0.978428,фрагмент,0.998961,фаянс,0.882049
КБ-2014-Р2-0128_orig.jpg,крышка фарфор профиль фрагмент,крышка,0.998376,профиль,0.996269,фрагмент,0.999859,фарфор,0.902398
КБ-2014-Р2-0130_orig.jpg,блюдце фарфор донце фрагмент,блюдце,0.980131,донце,0.95,фрагмент,0.993285,фарфор,0.974776
КБ-2014-Р2-0132_orig.jpg,блюдце фарфор донце фрагмент,блюдце,0.97033,донце,0.980697,фрагмент,0.999612,фарфор,0.982726
КБ-2014-Р2-0133_orig.jpg,крышка фарфор ручка,крышка,0.999852,ручка,0.989698,целый,0.884423,фарфор,0.996641
КБ-2014-Р2-0185_orig.jpg,крышка фаянс профиль фрагмент,крышка,0.99776,профиль,0.997739,фрагмент,0.999529,фаянс,0.992773
КБ-2014-Р2-0189_orig.jpg,блюдце фарфор профиль фрагмент,блюдце,0.988372,профиль,0.979553,фрагмент,0.997689,фарфор,0.999807
КБ-2014-Р2-0197_orig.jpg,блюдце фарфор профиль фрагмент,блюдце,0.999541,профиль,0.843238,фрагмент,0.997854,фарфор,0.993895
КБ-2014-Р2-0211_orig.jpg,тарелка фарфор донце фрагмент,тарелка,0.982114,донце,0.995644,фрагмент,0.999013,фарфор,0.88309
КБ-2014-Р2-0218_orig.jpg,блюдце фарфор донце фрагмент,блюдце,0.997132,донце,0.989279,фрагмент,0.983801,фарфор,0.982055
КБ-2014-Р2-0221_orig.jpg,крышка фарфор ручка фрагмент,крышка,0.996596,ручка,0.989979,фрагмент,0.959425,фарфор,0.700689
КБ-2014-Р2-0320_orig.jpg,изразец керамика профиль фрагмент,изразец,0.999987,профиль,0.928475,фрагмент,0.989123,керамика,0.999978
КБ-2014-Р2-0323_orig.jpg,миска керамика профиль фрагмент,миска,0.994443,профиль,0.769915,фрагмент,0.999693,керамика,0.999955
КБ-2014-Р2-0331_orig.jpg,блюдце фарфор профиль фрагмент,блюдце,0.995098,профиль,0.690198,фрагмент,0.998484,фарфор,0.992213
КБ-2014-Р2-0332_orig.jpg,крышка керамика ручка фрагмент,крышка,0.998087,ручка,0.84986,фрагмент,0.990169,керамика,0.985038
КБ-2014-Р2-0337_orig.jpg,изразец керамика профиль,изразец,0.999307,профиль,0.927066,целый,0.954762,керамика,0.997904
КБ-2014-Р2-0338_orig.jpg,изразец керамика,изразец,0.999865,профиль,0.41761,целый,0.985598,керамика,0.998879
КБ-2014-Р2-0340_orig.jpg,изразец керамика профиль,изразец,0.996352,профиль,0.840871,целый,0.994301,керамика,0.995769
КБ-2014-Р2-0361_orig.jpg,тарелка фарфор донце фрагмент,тарелка,0.99769,донце,0.961576,фрагмент,0.98495,фарфор,0.955428
КБ-2014-Р2-0370_orig.jpg,миска стекло профиль фрагмент,миска,0.979621,профиль,0.962641,фрагмент,0.991301,стекло,0.958241
КБ-2014-Р2-0394_orig.jpg,тарелка донце фрагмент,тарелка,0.774468,донце,0.773554,фрагмент,0.918483,фаянс,0.499471
КБ-2014-Р2-0395_orig.jpg,блюдце фарфор донце фрагмент,блюдце,0.999581,донце,0.966297,фрагмент,0.999549,фарфор,0.99656
КБ-2014-Р2-0430_orig.jpg,блюдце фарфор донце фрагмент,блюдце,0.993668,донце,0.982873,фрагмент,0.999673,фарфор,0.99717
КБ-2014-Р2-0431_orig.jpg,блюдце фарфор донце фрагмент,блюдце,0.998507,донце,0.958838,фрагмент,0.998607,фарфор,0.992874
КБ-2014-Р2-0432_orig.jpg,блюдце фарфор донце фрагмент,блюдце,0.993379,донце,0.655369,фрагмент,0.999977,фарфор,0.992873
КБ-2014-Р2-0435_orig.jpg,крышка керамика профиль,крышка,0.995386,профиль,0.725627,целый,0.849082,керамика,0.998978
КБ-2014-Р2-0459_orig.jpg,блюдце фарфор донце фрагмент,блюдце,0.99546,донце,0.979412,фрагмент,0.998924,фарфор,0.99736
КБ-2014-Р2-0478_orig.jpg,тарелка фаянс профиль фрагмент,тарелка,0.972392,профиль,0.890349,фрагмент,0.999634,фаянс,0.991292
КБ-2014-Р2-0484_orig.jpg,миска керамика профиль фрагмент,миска,0.767785,профиль,0.948383,фрагмент,0.999634,керамика,0.988879
КБ-2014-Р2-0485_orig.jpg,миска керамика профиль фрагмент,миска,0.999189,профиль,0.983256,фрагмент,0.999419,керамика,0.960509
КБ-2014-Р2-0492_orig.jpg,крышка фарфор ручка,крышка,0.997148,ручка,0.740553,целый,0.913398,фарфор,0.883851
КБ-2014-Р2-0532_orig.jpg,тарелка фаянс донце фрагмент,тарелка,0.975397,донце,0.954378,фрагмент,0.999992,фаянс,0.993765
КБ-2014-Р2-0555_orig.jpg,тарелка фаянс донце фрагмент,тарелка,0.999828,донце,0.99033,фрагмент,0.999974,фаянс,0.991937
КБ-2014-Р2-0558_orig.jpg,блюдце фаянс донце фрагмент,блюдце,0.981909,донце,0.944239,фрагмент,0.995207,фаянс,0.985525
КБ-2014-Р2-0559_orig.jpg,блюдце фарфор донце фрагмент,блюдце,0.980431,донце,0.598312,фрагмент,0.97895,фарфор,0.955999
КБ-2014-Р2-0566_orig.jpg,тарелка фаянс донце фрагмент,тарелка,0.998946,донце,0.975426,фрагмент,0.999997,фаянс,0.99925
КБ-2014-Р2-0568_orig.jpg,изразец керамика прочее,изразец,0.998616,прочее,0.587997,целый,0.962357,керамика,0.95914
КБ-2014-Р2-0571_orig.jpg,миска фаянс профиль фрагмент,миска,0.997378,профиль,0.934678,фрагмент,0.999965,фаянс,0.981637
КБ-2014-Р2-0574_orig.jpg,крышка фаянс венчик фрагмент,крышка,0.934452,венчик,0.996454,фрагмент,0.999883,фаянс,0.977486
КБ-2014-Р2-0576_orig.jpg,миска керамика профиль фрагмент,миска,0.998235,профиль,0.986949,фрагмент,0.995949,керамика,0.99579
КБ-2014-Р2-0596_orig.jpg,блюдце фарфор донце фрагмент,блюдце,0.747131,донце,0.810159,фрагмент,0.99952,фарфор,0.81178
КБ-2014-Р2-0597_orig.jpg,блюдце фаянс донце фрагмент,блюдце,0.998725,донце,0.994863,фрагмент,0.999194,фаянс,0.867807
КБ-2014-Р2-0603_orig.jpg,изразец керамика,изразец,0.99994,прочее,0.379536,целый,0.925066,керамика,0.999238
КБ-2014-Р2-0605_orig.jpg,крышка фаянс венчик фрагмент,крышка,0.994002,венчик,0.970161,фрагмент,0.999854,фаянс,0.9851
КБ-2014-Р2-0607_orig.jpg,тарелка фарфор донце,тарелка,0.973783,донце,0.862591,целый,0.972139,фарфор,0.945944
КБ-2014-Р2-0612_orig.jpg,крышка фарфор ручка,крышка,0.999969,ручка,0.994631,целый,0.972346,фарфор,0.961049
КБ-2014-Р2-0616_orig.jpg,блюдце фаянс донце фрагмент,блюдце,0.975178,донце,0.943245,фрагмент,0.999983,фаянс,0.960099
КБ-2014-Р2-0632_orig.jpg,изразец керамика профиль фрагмент,изразец,0.999779,профиль,0.845131,фрагмент,0.573668,керамика,0.999039
КБ-2014-Р2-0638_orig.jpg,блюдце фарфор донце фрагмент,блюдце,0.999087,донце,0.973854,фрагмент,0.999554,фарфор,0.990981
КБ-2014-Р2-0643_orig.jpg,крышка стекло фрагмент,крышка,0.987579,прочее,0.444319,фрагмент,0.989865,стекло,0.996737
КБ-2014-Р2-0646_orig.jpg,блюдце фарфор донце фрагмент,блюдце,0.998446,донце,0.96141,фрагмент,0.98885,фарфор,0.995129
КБ-2014-Р2-0651_orig.jpg,миска керамика профиль фрагмент,миска,0.512055,профиль,0.890379,фрагмент,0.999836,керамика,0.842635
КБ-2014-Р2-0656_orig.jpg,миска керамика профиль фрагмент,миска,0.999143,профиль,0.985851,фрагмент,0.9998,керамика,0.997055
КБ-2014-Р2-0668_orig.jpg,блюдце фарфор донце фрагмент,блюдце,0.992959,донце,0.99745,фрагмент,0.999834,фарфор,0.987114
КБ-2014-Р2-0701_orig.jpg,изразец керамика ручка фрагмент,изразец,0.993129,ручка,0.797852,фрагмент,0.996698,керамика,0.99993
КБ-2014-Р2-0708_orig.jpg,тарелка фарфор профиль фрагмент,тарелка,0.984861,профиль,0.953052,фрагмент,0.999993,фарфор,0.90833
КБ-2014-Р2-0712_orig.jpg,тарелка фаянс донце фрагмент,тарелка,0.982136,донце,0.980527,фрагмент,0.999984,фаянс,0.987261
КБ-2014-Р2-0717_orig.jpg,крышка фаянс ручка фрагмент,крышка,0.999601,ручка,0.955867,фрагмент,0.97048,фаянс,0.973029
КБ-2014-Р2-0755_orig.jpg,изразец керамика венчик фрагмент,изразец,0.999721,венчик,0.521236,фрагмент,0.999883,керамика,0.999889
КБ-2014-Р2-0773_orig.jpg,миска керамика профиль,миска,0.992415,профиль,0.942603,целый,0.994898,керамика,0.96914
КБ-2014-Р2-0780_orig.jpg,крышка фаянс ручка фрагмент,крышка,0.998068,ручка,0.901662,фрагмент,0.99979,фаянс,0.989538
КБ-2014-Р2-0782_orig.jpg,тарелка фаянс профиль фрагмент,тарелка,0.971585,профиль,0.975581,фрагмент,0.999998,фаянс,0.937525
КБ-2014-Р2-0791_orig.jpg,блюдце фарфор донце,блюдце,0.99543,донце,0.582085,целый,0.785061,фарфор,0.96897
КБ-2014-Р3-0022_orig.jpg,тарелка фарфор донце фрагмент,тарелка,0.984883,донце,0.823602,фрагмент,0.999978,фарфор,0.94944
КБ-2014-Р3-0049_orig.jpg,тарелка фарфор профиль фрагмент,тарелка,0.933221,профиль,0.679914,фрагмент,0.999998,фарфор,0.871285
КБ-2014-Р3-0060_orig.jpg,изразец керамика профиль фрагмент,изразец,0.999984,профиль,0.979426,фрагмент,0.991967,керамика,0.999503
КБ-2014-Р3-0064_orig.jpg,блюдце фарфор донце фрагмент,блюдце,0.997029,донце,0.941681,фрагмент,0.995273,фарфор,0.995768
КБ-2014-Р3-0070_orig.jpg,тарелка фарфор профиль фрагмент,тарелка,0.827872,профиль,0.893144,фрагмент,0.999982,фарфор,0.735545
КБ-2014-Р3-0073_orig.jpg,блюдце фарфор профиль фрагмент,блюдце,0.86667,профиль,0.967325,фрагмент,0.999327,фарфор,0.991761
КБ-2014-Р3-0086_orig.jpg,тарелка фаянс донце фрагмент,тарелка,0.999942,донце,0.990742,фрагмент,0.999995,фаянс,0.996883
КБ-2014-Р3-0105_orig.jpg,блюдце фарфор донце фрагмент,блюдце,0.927166,донце,0.630803,фрагмент,0.999689,фарфор,0.986319
КБ-2014-Р3-0114_orig.jpg,тарелка фаянс донце фрагмент,тарелка,0.998546,донце,0.990122,фрагмент,0.986618,фаянс,0.982285
КБ-2014-Р3-0115_orig.jpg,блюдце фарфор донце фрагмент,блюдце,0.994368,донце,0.989576,фрагмент,0.997117,фарфор,0.982593
КБ-2014-Р3-0116_orig.jpg,блюдце фарфор профиль фрагмент,блюдце,0.999053,профиль,0.890813,фрагмент,0.999381,фарфор,0.998687
КБ-2014-Р3-0138_orig.jpg,тарелка фаянс донце фрагмент,тарелка,0.976081,донце,0.531842,фрагмент,0.999997,фаянс,0.832483
КБ-2014-Р3-0141_orig.jpg,блюдце фарфор донце фрагмент,блюдце,0.98766,донце,0.96836,фрагмент,0.951866,фарфор,0.98594
КБ-2014-Р3-0147_orig.jpg,изразец керамика профиль фрагмент,изразец,0.999943,профиль,0.810675,фрагмент,0.998956,керамика,0.999283
КБ-2014-Р3-0151_orig.jpg,крышка керамика ручка фрагмент,крышка,0.9893,ручка,0.79045,фрагмент,0.998445,керамика,0.951252
КБ-2014-Р3-0157_orig.jpg,блюдце фарфор донце фрагмент,блюдце,0.997811,донце,0.993258,фрагмент,0.9944,фарфор,0.997343
КБ-2014-Р3-0158_orig.jpg,тарелка фаянс донце фрагмент,тарелка,0.99828,донце,0.961406,фрагмент,0.996809,фаянс,0.979606
КБ-2014-Р3-0171_orig.jpg,тарелка фарфор донце фрагмент,тарелка,0.995537,донце,0.991086,фрагмент,0.999919,фарфор,0.663067
КБ-2014-Р3-0252_orig.jpg,блюдце фарфор донце фрагмент,блюдце,0.986191,донце,0.965703,фрагмент,0.988653,фарфор,0.981539
КБ-2014-Р3-0253_orig.jpg,изразец керамика профиль фрагмент,изразец,0.999854,профиль,0.549114,фрагмент,0.994196,керамика,0.999831
КБ-2014-Р3-0268_orig.jpg,крышка фаянс профиль фрагмент,крышка,0.997735,профиль,0.981235,фрагмент,0.998372,фаянс,0.986692
КБ-2014-Р3-0299_orig.jpg,блюдце фарфор донце фрагмент,блюдце,0.999844,донце,0.980002,фрагмент,0.998432,фарфор,0.998343
КБ-2014-Р3-0302_orig.jpg,блюдце фарфор донце фрагмент,блюдце,0.834356,донце,0.609596,фрагмент,0.994946,фарфор,0.886941
КБ-2014-Р3-0342_orig.jpg,изразец керамика профиль фрагмент,изразец,0.964899,профиль,0.500989,фрагмент,0.999987,керамика,0.997091
КБ-2014-Р3-0391_orig.jpg,крышка фаянс профиль,крышка,0.997798,профиль,0.773332,целый,0.511439,фаянс,0.667622
КБ-2014-Р3-0394_orig.jpg,тарелка керамика профиль фрагмент,тарелка,0.994394,профиль,0.994233,фрагмент,0.999997,керамика,0.992389
КБ-2014-Р3-0397_orig.jpg,изразец керамика профиль фрагмент,изразец,0.997318,профиль,0.849765,фрагмент,0.999265,керамика,0.990698
КБ-2014-Р3-0399_orig.jpg,тарелка керамика профиль фрагмент,тарелка,0.993406,профиль,0.992163,фрагмент,0.999994,керамика,0.999513
КБ-2014-Р3-0419_orig.jpg,изразец керамика донце фрагмент,изразец,0.779695,донце,0.504623,фрагмент,0.776662,керамика,0.808917
КБ-2014-Р3-0436_orig.jpg,тарелка фаянс донце фрагмент,тарелка,0.673759,донце,0.988474,фрагмент,0.999387,фаянс,0.956772
КБ-2014-Р3-0442_orig.jpg,крышка фаянс профиль фрагмент,крышка,0.995777,профиль,0.960641,фрагмент,0.998982,фаянс,0.994783
КБ-2014-Р3-0535_orig.jpg,миска керамика профиль фрагмент,миска,0.996898,профиль,0.992902,фрагмент,0.997493,керамика,0.995288
КБ-2014-Р3-0543_orig.jpg,крышка керамика ручка фрагмент,крышка,0.999777,ручка,0.997516,фрагмент,0.895677,керамика,0.965405
КБ-2014-Р4-081_orig.jpg,тарелка фарфор донце фрагмент,тарелка,0.888249,донце,0.807424,фрагмент,0.999657,фарфор,0.633204
КБ-2014-Р4-248_orig.jpg,блюдце фарфор профиль фрагмент,блюдце,0.99967,профиль,0.750279,фрагмент,0.994661,фарфор,0.997495
КБ-2014-Р4-250_orig.jpg,блюдце фарфор донце фрагмент,блюдце,0.99348,донце,0.917447,фрагмент,0.993148,фарфор,0.981351
КБ-2014-Р4-307_orig.jpg,блюдце фарфор донце фрагмент,блюдце,0.992788,донце,0.553216,фрагмент,0.99781,фарфор,0.996341
КБ-2014-Р4-368_orig.jpg,блюдце фарфор донце фрагмент,блюдце,0.998161,донце,0.917168,фрагмент,0.999816,фарфор,0.997792
КБ-2014-Р4-375_orig.jpg,блюдце фарфор донце фрагмент,блюдце,0.992424,донце,0.845136,фрагмент,0.998143,фарфор,0.998929
КБ-2014-Р4-389_orig.jpg,блюдце фарфор донце фрагмент,блюдце,0.995023,донце,0.739411,фрагмент,0.999765,фарфор,0.99313
КБ-2014-Р4-424_orig.jpg,миска фаянс донце,миска,0.991395,донце,0.906503,целый,0.843617,фаянс,0.907499
КБ-2014-Р4-438_orig.jpg,тарелка фарфор донце фрагмент,тарелка,0.996712,донце,0.97567,фрагмент,0.999778,фарфор,0.990096
КБ-2014-Р4-462_orig.jpg,изразец керамика профиль,изразец,0.99996,профиль,0.679476,целый,0.897196,керамика,0.999975
КБ-2014-Р4-494_orig.jpg,тарелка фарфор донце фрагмент,тарелка,0.994069,донце,0.99695,фрагмент,0.999392,фарфор,0.98506
КБ-2014-Р4-495_orig.jpg,изразец керамика профиль фрагмент,изразец,0.999692,профиль,0.975916,фрагмент,0.919866,керамика,0.999974
КБ-2014-Р4-508_orig.jpg,блюдце фарфор профиль фрагмент,блюдце,0.998462,профиль,0.881038,фрагмент,0.999919,фарфор,0.991633
КБ-2014-Р4-517_orig.jpg,тарелка фаянс донце фрагмент,тарелка,0.995689,донце,0.997375,фрагмент,0.998259,фаянс,0.988986
КБ-2014-Р4-551_orig.jpg,тарелка фаянс профиль фрагмент,тарелка,0.91465,профиль,0.891613,фрагмент,0.999896,фаянс,0.620503
КБ-2014-Р4-571_orig.jpg,тарелка фарфор профиль фрагмент,тарелка,0.997368,профиль,0.982922,фрагмент,0.999798,фарфор,0.929434
КБ-2014-Р4-581_orig.jpg,блюдце фарфор профиль фрагмент,блюдце,0.998843,профиль,0.630599,фрагмент,0.990299,фарфор,0.882204
КБ-2014-Р4-583_orig.jpg,блюдце фарфор профиль фрагмент,блюдце,0.997883,профиль,0.956293,фрагмент,0.995014,фарфор,0.995177
КБ-2014-Р5-0032_orig.jpg,крышка фарфор ручка,крышка,0.996845,ручка,0.932211,целый,0.752968,фарфор,0.958697
КБ-2014-Р5-0035_orig.jpg,тарелка фаянс донце фрагмент,тарелка,0.998605,донце,0.936463,фрагмент,0.99996,фаянс,0.992649
КБ-2014-Р5-0059_orig.jpg,крышка стекло,крышка,0.993899,ручка,0.373569,целый,0.973079,стекло,0.996953
КБ-2014-Р5-0065_orig.jpg,блюдце фарфор донце фрагмент,блюдце,0.99858,донце,0.913639,фрагмент,0.998533,фарфор,0.997649
КБ-2014-Р5-0066_orig.jpg,блюдце фарфор донце фрагмент,блюдце,0.993218,донце,0.965756,фрагмент,0.972413,фарфор,0.976515
КБ-2014-Р5-0067_orig.jpg,блюдце фарфор донце фрагмент,блюдце,0.995611,донце,0.968818,фрагмент,0.999366,фарфор,0.907909
КБ-2014-Р5-0068_orig.jpg,блюдце фарфор донце фрагмент,блюдце,0.991719,донце,0.879862,фрагмент,0.999264,фарфор,0.990314
КБ-2014-Р5-0069_orig.jpg,блюдце фарфор донце фрагмент,блюдце,0.998202,донце,0.978002,фрагмент,0.999981,фарфор,0.99009
КБ-2014-Р5-0070_orig.jpg,блюдце фарфор донце фрагмент,блюдце,0.998126,донце,0.98415,фрагмент,0.995541,фарфор,0.976139
КБ-2014-Р5-0071_orig.jpg,блюдце фарфор донце фрагмент,блюдце,0.99265,донце,0.981338,фрагмент,0.998919,фарфор,0.973063
КБ-2014-Р5-0072_orig.jpg,блюдце фарфор профиль фрагмент,блюдце,0.999628,профиль,0.976283,фрагмент,0.999192,фарфор,0.988487
КБ-2014-Р5-0073_orig.jpg,блюдце фарфор профиль фрагмент,блюдце,0.99728,профиль,0.991362,фрагмент,0.999816,фарфор,0.988136
КБ-2014-Р5-0074_orig.jpg,крышка фарфор ручка фрагмент,крышка,0.999026,ручка,0.816824,фрагмент,0.996443,фарфор,0.972279
КБ-2014-Р5-0078_orig.jpg,блюдце фарфор донце фрагмент,блюдце,0.99784,донце,0.948048,фрагмент,0.999311,фарфор,0.995598
КБ-2014-Р5-0079_orig.jpg,блюдце фарфор донце фрагмент,блюдце,0.996232,донце,0.811714,фрагмент,0.992947,фарфор,0.996327
КБ-2014-Р5-0081_orig.jpg,блюдце фарфор донце фрагмент,блюдце,0.986,донце,0.737177,фрагмент,0.90438,фарфор,0.975018
КБ-2014-Р5-0082_orig.jpg,тарелка фарфор донце фрагмент,тарелка,0.999177,донце,0.990446,фрагмент,0.999894,фарфор,0.781201
КБ-2014-Р5-0092_orig.jpg,блюдце фаянс донце фрагмент,блюдце,0.982751,донце,0.947041,фрагмент,0.996269,фаянс,0.964613
КБ-2014-Р5-0093_orig.jpg,тарелка фаянс донце фрагмент,тарелка,0.997442,донце,0.971115,фрагмент,0.998722,фаянс,0.987491
КБ-2014-Р5-0094_orig.jpg,тарелка фаянс донце фрагмент,тарелка,0.999218,донце,0.938461,фрагмент,0.997351,фаянс,0.988774
КБ-2014-Р5-0097_orig.jpg,тарелка фаянс донце фрагмент,тарелка,0.997815,донце,0.99875,фрагмент,0.998754,фаянс,0.95871
КБ-2014-Р5-0102_orig.jpg,тарелка фаянс донце фрагмент,тарелка,0.999705,донце,0.993217,фрагмент,0.996096,фаянс,0.996459
КБ-2014-Р5-0103_orig.jpg,тарелка фаянс донце фрагмент,тарелка,0.845973,донце,0.89109,фрагмент,0.884483,фаянс,0.931163
КБ-2014-Р5-0105_orig.jpg,миска керамика профиль фрагмент,миска,0.99884,профиль,0.965658,фрагмент,0.99709,керамика,0.999084
КБ-2014-Р5-0106_orig.jpg,миска керамика профиль фрагмент,миска,0.986102,профиль,0.967487,фрагмент,0.968038,керамика,0.995119
КБ-2014-Р5-0107_orig.jpg,миска керамика профиль фрагмент,миска,0.997719,профиль,0.995081,фрагмент,0.999756,керамика,0.999718
КБ-2014-Р5-0108_orig.jpg,миска керамика профиль фрагмент,миска,0.970832,профиль,0.985859,фрагмент,0.999228,керамика,0.984364
КБ-2014-Р5-0111_orig.jpg,миска керамика профиль фрагмент,миска,0.998198,профиль,0.755389,фрагмент,0.999264,керамика,0.988764
КБ-2014-Р5-0118_orig.jpg,тарелка керамика профиль фрагмент,тарелка,0.980276,профиль,0.94067,фрагмент,0.999915,керамика,0.989663
КБ-2014-Р5-0120_orig.jpg,крышка керамика профиль фрагмент,крышка,0.993947,профиль,0.522582,фрагмент,0.997899,керамика,0.959307
КБ-2014-Р5-0134_orig.jpg,крышка стекло ручка,крышка,0.991004,ручка,0.641141,целый,0.98007,стекло,0.973048
КБ-2014-Р5-0229_orig.jpg,блюдце фарфор донце фрагмент,блюдце,0.998,донце,0.577067,фрагмент,0.991205,фарфор,0.913499
КБ-2014-Р5-0297_orig.jpg,тарелка фаянс донце фрагмент,тарелка,0.99852,донце,0.991718,фрагмент,0.999152,фаянс,0.899608
КБ-2014-Р5-0303_orig.jpg,крышка фаянс ручка фрагмент,крышка,0.999808,ручка,0.998209,фрагмент,0.982264,фаянс,0.964172
КБ-2014-Р5-0415_orig.jpg,миска керамика профиль фрагмент,миска,0.917866,профиль,0.982562,фрагмент,0.999255,керамика,0.998724
КБ-2014-Р5-0421_orig.jpg,тарелка фарфор донце фрагмент,тарелка,0.962387,донце,0.876353,фрагмент,0.976752,фарфор,0.615299
КБ-2014-Р5-0422_orig.jpg,фаянс профиль фрагмент,крышка,0.323972,профиль,0.522032,фрагмент,0.982739,фаянс,0.728481
КБ-2014-Р5-0430_orig.jpg,изразец керамика венчик фрагмент,изразец,0.70521,венчик,0.750312,фрагмент,0.999943,керамика,0.998314
КБ-2014-Р5-0477_orig.jpg,изразец керамика донце фрагмент,изразец,0.958562,донце,0.671758,фрагмент,0.998213,керамика,0.979424
КБ-2014-Р5-0486_orig.jpg,блюдце фарфор донце фрагмент,блюдце,0.977802,донце,0.997836,фрагмент,0.956747,фарфор,0.999455
КБ-2014-Р5-0491_orig.jpg,блюдце фарфор донце,блюдце,0.557473,донце,0.628126,целый,0.635203,фарфор,0.804202
КБ-2014-Р6-018_orig.jpg,крышка фарфор ручка,крышка,0.999934,ручка,0.998189,целый,0.914789,фарфор,0.969392
КБ-2014-Р6-036_orig.jpg,миска керамика венчик фрагмент,миска,0.998868,венчик,0.991632,фрагмент,0.998438,керамика,0.993194
КБ-2014-Р6-048_orig.jpg,крышка фарфор ручка,крышка,0.99993,ручка,0.969006,целый,0.955359,фарфор,0.892496
КБ-2014-Р6-068_orig.jpg,крышка фарфор ручка,крышка,0.999938,ручка,0.9984,целый,0.935714,фарфор,0.973658
КБ-2014-Р6-072_orig.jpg,блюдце фарфор профиль фрагмент,блюдце,0.99941,профиль,0.99621,фрагмент,0.999906,фарфор,0.999548
КБ-2014-Р6-088_orig.jpg,крышка фарфор ручка,крышка,0.999966,ручка,0.99725,целый,0.960789,фарфор,0.963322
КБ-2014-Р6-091_orig.jpg,крышка керамика ручка фрагмент,крышка,0.999023,ручка,0.98419,фрагмент,0.998609,керамика,0.998395
КБ-2014-Р6-095_orig.jpg,тарелка фаянс донце фрагмент,тарелка,0.992493,донце,0.98217,фрагмент,0.999429,фаянс,0.961226
КБ-2014-Р6-096_orig.jpg,тарелка фарфор профиль фрагмент,тарелка,0.992468,профиль,0.95993,фрагмент,0.999941,фарфор,0.986675
КБ-2014-Р6-097_orig.jpg,крышка фарфор ручка,крышка,0.999927,ручка,0.976945,целый,0.955298,фарфор,0.987664
КБ-2014-Р6-111_orig.jpg,тарелка фарфор донце фрагмент,тарелка,0.906915,донце,0.992661,фрагмент,0.999891,фарфор,0.994823
КБ-2014-Р6-122_orig.jpg,миска керамика профиль фрагмент,миска,0.997899,профиль,0.99097,фрагмент,0.999988,керамика,0.998618
КБ-2014-Р6-123_orig.jpg,крышка керамика венчик фрагмент,крышка,0.985569,венчик,0.573922,фрагмент,0.999985,керамика,0.999786
КБ-2014-Р6-137_orig.jpg,крышка фарфор ручка,крышка,0.99996,ручка,0.997868,целый,0.731132,фарфор,0.944478
КБ-2014-Р6-183_orig.jpg,миска керамика профиль фрагмент,миска,0.997621,профиль,0.833084,фрагмент,0.999347,керамика,0.987423
КБ-2014-Р6-187_orig.jpg,миска керамика венчик фрагмент,миска,0.916327,венчик,0.99107,фрагмент,0.999894,керамика,0.999773
КБ-2014-Р6-193_orig.jpg,крышка фаянс профиль фрагмент,крышка,0.995501,профиль,0.972892,фрагмент,0.999907,фаянс,0.978849
КБ-2014-Р6-194_orig.jpg,тарелка фарфор донце фрагмент,тарелка,0.982785,донце,0.981754,фрагмент,0.999903,фарфор,0.985678
КБ-2014-Р6-199_orig.jpg,блюдце фарфор фрагмент,блюдце,0.999406,донце,0.48466,фрагмент,0.935043,фарфор,0.986476
КБ-2014-Р6-202_orig.jpg,миска керамика профиль фрагмент,миска,0.999157,профиль,0.970169,фрагмент,0.996047,керамика,0.99952
Кроп-2013-151_orig.jpg,блюдце фарфор профиль фрагмент,блюдце,0.99951,профиль,0.981934,фрагмент,0.99984,фарфор,0.996813
Кроп-2013-152_orig.jpg,тарелка фарфор донце фрагмент,тарелка,0.959567,донце,0.953037,фрагмент,0.999986,фарфор,0.989571
Кроп-2013-155_orig.jpg,блюдце фарфор венчик фрагмент,блюдце,0.996994,венчик,0.765986,фрагмент,0.999414,фарфор,0.965596
Кроп-2013-158_orig.jpg,блюдце фарфор донце фрагмент,блюдце,0.989592,донце,0.974132,фрагмент,0.988746,фарфор,0.979826
Кроп-2013-159_orig.jpg,блюдце фарфор донце фрагмент,блюдце,0.998436,донце,0.96889,фрагмент,0.999621,фарфор,0.999181
Кроп-2013-163_orig.jpg,крышка стекло ручка,крышка,0.987156,ручка,0.734407,целый,0.983089,стекло,0.78197
Кроп-2013-186_orig.jpg,крышка фаянс ручка фрагмент,крышка,0.99376,ручка,0.994478,фрагмент,0.998215,фаянс,0.989012
Кроп-2013-203_orig.jpg,миска керамика профиль фрагмент,миска,0.986764,профиль,0.985999,фрагмент,0.995205,керамика,0.996434
Кроп-2013-204_orig.jpg,миска керамика венчик фрагмент,миска,0.999064,венчик,0.986743,фрагмент,0.999846,керамика,0.985931
Кроп-2013-218_orig.jpg,миска керамика венчик фрагмент,миска,0.987134,венчик,0.707988,фрагмент,0.999548,керамика,0.995176
Кроп-2013-240_orig.jpg,миска керамика профиль фрагмент,миска,0.998942,профиль,0.797607,фрагмент,0.99969,керамика,0.995495
Кроп-2013-243_orig.jpg,тарелка фаянс профиль фрагмент,тарелка,0.99631,профиль,0.922559,фрагмент,0.999997,фаянс,0.736841
Кроп-2013-248_orig.jpg,блюдце фаянс донце фрагмент,блюдце,0.996379,донце,0.985932,фрагмент,0.999957,фаянс,0.967059
Кроп-2013-252_orig.jpg,блюдце фарфор донце фрагмент,блюдце,0.994531,донце,0.947329,фрагмент,0.999996,фарфор,0.618043
Кроп-2013-262_orig.jpg,тарелка фаянс донце фрагмент,тарелка,0.999983,донце,0.542087,фрагмент,0.999971,фаянс,0.978354
Кроп-2013-263_orig.jpg,блюдце фарфор профиль фрагмент,блюдце,0.99789,профиль,0.665815,фрагмент,0.986639,фарфор,0.999245
Кроп-2013-266_orig.jpg,блюдце фаянс профиль фрагмент,блюдце,0.992211,профиль,0.53472,фрагмент,0.999813,фаянс,0.607178
Кроп-2013-267_orig.jpg,блюдце фарфор профиль фрагмент,блюдце,0.512585,профиль,0.667495,фрагмент,0.999998,фарфор,0.924439
Кроп-2013-268_orig.jpg,тарелка фарфор донце фрагмент,тарелка,0.967289,донце,0.971399,фрагмент,0.999968,фарфор,0.988698
Кроп-2013-285_orig.jpg,тарелка фаянс донце фрагмент,тарелка,0.999553,донце,0.958006,фрагмент,0.998888,фаянс,0.970164
Кроп-2013-317_orig.jpg,тарелка фаянс венчик фрагмент,тарелка,0.998346,венчик,0.994339,фрагмент,0.999566,фаянс,0.99554
Кроп-2013-373_orig.jpg,крышка керамика профиль фрагмент,крышка,0.991115,профиль,0.993945,фрагмент,0.999941,керамика,0.89765
Кроп-2013-391_orig.jpg,тарелка фарфор профиль фрагмент,тарелка,0.988447,профиль,0.985869,фрагмент,0.998678,фарфор,0.879381
Кроп-2013-392_orig.jpg,крышка фарфор профиль фрагмент,крышка,0.994261,профиль,0.962839,фрагмент,0.999669,фарфор,0.678236
Кроп-2013-398_orig.jpg,тарелка фаянс профиль фрагмент,тарелка,0.992495,профиль,0.966502,фрагмент,0.999865,фаянс,0.99037
Кроп-2013-399_orig.jpg,тарелка фарфор профиль фрагмент,тарелка,0.982339,профиль,0.899789,фрагмент,0.999999,фарфор,0.95961
Кроп-2013-400_orig.jpg,тарелка фарфор донце фрагмент,тарелка,0.99752,донце,0.957114,фрагмент,0.999883,фарфор,0.993788
Кроп-2013-401_orig.jpg,тарелка фарфор донце фрагмент,тарелка,0.969721,донце,0.998648,фрагмент,0.999978,фарфор,0.988418
Кроп-2013-403_orig.jpg,блюдце фарфор профиль фрагмент,блюдце,0.963258,профиль,0.988562,фрагмент,0.999918,фарфор,0.983936
Кроп-2013-414_orig.jpg,тарелка фаянс донце фрагмент,тарелка,0.987614,донце,0.988329,фрагмент,0.999895,фаянс,0.984042
Кроп-2013-415_orig.jpg,тарелка фаянс венчик фрагмент,тарелка,0.996718,венчик,0.987106,фрагмент,0.999926,фаянс,0.993802
Кроп-2013-421_orig.jpg,тарелка фаянс донце фрагмент,тарелка,0.996517,донце,0.990949,фрагмент,0.999995,фаянс,0.93731
Кроп-2013-422_orig.jpg,тарелка фаянс донце фрагмент,тарелка,0.998728,донце,0.982094,фрагмент,0.99999,фаянс,0.976701
Кроп-2013-430_orig.jpg,тарелка керамика профиль фрагмент,тарелка,0.987766,профиль,0.987719,фрагмент,0.999999,керамика,0.828979
Кроп-2013-478_orig.jpg,блюдце фарфор профиль фрагмент,блюдце,0.985318,профиль,0.500616,фрагмент,0.999752,фарфор,0.992459
Кроп-2013-481_orig.jpg,блюдце фарфор донце фрагмент,блюдце,0.991786,донце,0.636401,фрагмент,0.999978,фарфор,0.991704
Кроп-2013-482_orig.jpg,блюдце фарфор донце фрагмент,блюдце,0.978752,донце,0.976587,фрагмент,0.999576,фарфор,0.991806
Кроп-2013-484_orig.jpg,тарелка фарфор профиль фрагмент,тарелка,0.646148,профиль,0.949356,фрагмент,0.999732,фарфор,0.98522
Кроп-2013-Тр1-023_orig.jpg,изразец керамика прочее,изразец,0.998496,прочее,0.764477,целый,0.979451,керамика,0.981856
Кроп-2013-Тр2-032_orig.jpg,изразец керамика профиль фрагмент,изразец,0.999956,профиль,0.963072,фрагмент,0.997907,керамика,0.999896
Кроп-2013-Тр2-045_orig.jpg,тарелка фаянс венчик фрагмент,тарелка,0.995429,венчик,0.998568,фрагмент,0.999948,фаянс,0.976663
Кроп-2013-Тр2-049_orig.jpg,блюдце фарфор профиль фрагмент,блюдце,0.997634,профиль,0.991725,фрагмент,0.999962,фарфор,0.999169
Кроп-2013-Тр2-050_orig.jpg,блюдце фарфор профиль фрагмент,блюдце,0.914141,профиль,0.995477,фрагмент,0.999839,фарфор,0.979852
Кроп-2013-Тр2-053_orig.jpg,тарелка фаянс донце фрагмент,тарелка,0.998795,донце,0.931575,фрагмент,0.999996,фаянс,0.995154
ЛАО-2012-М102-Ш1-004_orig.jpg,миска керамика профиль фрагмент,миска,0.591644,профиль,0.935993,фрагмент,0.999995,керамика,0.998697
ЛАО-2012-М102-Ш1-005_orig.jpg,миска керамика профиль фрагмент,миска,0.999116,профиль,0.982977,фрагмент,0.999689,керамика,0.999891
ЛАО-2012-М102-Ш1-006_orig.jpg,миска керамика венчик фрагмент,миска,0.998276,венчик,0.964226,фрагмент,0.999992,керамика,0.999808
ЛАО-2012-М102-Ш1-021_orig.jpg,тарелка фаянс профиль фрагмент,тарелка,0.998752,профиль,0.577372,фрагмент,0.999955,фаянс,0.984604
ЛАО-2012-М102-Ш1-057_orig.jpg,изразец керамика фрагмент,изразец,0.999155,донце,0.47164,фрагмент,0.999835,керамика,0.999822
ЛАО-2012-М102-Ш3-118_orig.jpg,изразец керамика профиль фрагмент,изразец,0.999971,профиль,0.971968,фрагмент,0.984703,керамика,0.999989
ЛАО-2012-М102-Ш3-131_orig.jpg,тарелка керамика профиль фрагмент,тарелка,0.969015,профиль,0.992884,фрагмент,0.999999,керамика,0.955346
ЛАО-2012-М102-Ш3-132_orig.jpg,миска керамика венчик фрагмент,миска,0.999786,венчик,0.987613,фрагмент,0.999892,керамика,0.99987
ЛАО-2012-М102-Ш4-175_orig.jpg,тарелка фаянс профиль фрагмент,тарелка,0.999959,профиль,0.926002,фрагмент,0.999997,фаянс,0.995474
ЛАО-2012-М102-Ш4-179_orig.jpg,миска керамика профиль фрагмент,миска,0.998234,профиль,0.989067,фрагмент,0.99995,керамика,0.999985
ЛАО-2012-М102-Ш4-181_orig.jpg,изразец керамика профиль фрагмент,изразец,0.999961,профиль,0.955299,фрагмент,0.999371,керамика,0.999907
ЛАО-2012-М102-Ш4-182_orig.jpg,изразец керамика прочее фрагмент,изразец,0.999123,прочее,0.537431,фрагмент,0.992172,керамика,0.998143
ЛАО-2012-М102-Ш5-186_orig.jpg,тарелка фаянс профиль фрагмент,тарелка,0.998324,профиль,0.952913,фрагмент,0.99984,фаянс,0.998685
ЛАО-2012-М102-Ш5-188_orig.jpg,тарелка фаянс профиль фрагмент,тарелка,0.999079,профиль,0.580734,фрагмент,0.999141,фаянс,0.997838
ЛАО-2012-М102-Ш5-189_orig.jpg,тарелка фаянс фрагмент,тарелка,0.998629,профиль,0.496328,фрагмент,0.999959,фаянс,0.994285
ЛАО-2012-М102-Ш5-190_orig.jpg,тарелка фаянс профиль фрагмент,тарелка,0.997769,профиль,0.758158,фрагмент,0.999996,фаянс,0.973709
ЛАО-2012-М102-Ш5-191_orig.jpg,тарелка фаянс профиль фрагмент,тарелка,0.97141,профиль,0.7962,фрагмент,0.999152,фаянс,0.925516
ЛАО-2012-М102-Ш5-192_orig.jpg,тарелка фаянс профиль фрагмент,тарелка,0.999649,профиль,0.98772,фрагмент,0.999999,фаянс,0.990393
ЛАО-2012-М102-Ш5-193_orig.jpg,тарелка фаянс профиль фрагмент,тарелка,0.998222,профиль,0.999081,фрагмент,0.999997,фаянс,0.991078
ЛАО-2012-М102-Ш5-194_orig.jpg,тарелка фаянс профиль фрагмент,тарелка,0.997906,профиль,0.997324,фрагмент,0.999997,фаянс,0.989846
ЛАО-2012-М102-Ш5-195_orig.jpg,тарелка фаянс профиль фрагмент,тарелка,0.804468,профиль,0.99891,фрагмент,0.999924,фаянс,0.861012
ЛАО-2012-М102-Ш5-196_orig.jpg,тарелка фаянс профиль фрагмент,тарелка,0.998065,профиль,0.996886,фрагмент,0.99996,фаянс,0.84278
ЛАО-2012-М102-Ш5-197_orig.jpg,тарелка фаянс профиль фрагмент,тарелка,0.996252,профиль,0.999074,фрагмент,0.999966,фаянс,0.978379
ЛАО-2012-М102-Ш5-203_orig.jpg,блюдце фаянс профиль фрагмент,блюдце,0.99079,профиль,0.9936,фрагмент,0.999961,фаянс,0.968254
М102-2012-1-0494_orig.jpg,изразец керамика фрагмент,изразец,0.996665,донце,0.284788,фрагмент,0.999908,керамика,0.997974
М102-2012-1-0496_orig.jpg,изразец керамика фрагмент,изразец,0.999968,прочее,0.248,фрагмент,0.999237,керамика,0.999856
М102-2012-1-0529_orig.jpg,изразец керамика фрагмент,изразец,0.995261,прочее,0.409293,фрагмент,0.999041,керамика,0.999652
М102-2012-1-0585_orig.jpg,тарелка фаянс донце фрагмент,тарелка,0.998571,донце,0.86583,фрагмент,0.998829,фаянс,0.997926
М102-2012-1-0603_orig.jpg,изразец керамика профиль фрагмент,изразец,0.999959,профиль,0.778184,фрагмент,0.997415,керамика,0.999861
М102-2012-1-0611_orig.jpg,изразец керамика фрагмент,изразец,0.999919,прочее,0.347791,фрагмент,0.999248,керамика,0.999992
М102-2012-1-0691_orig.jpg,миска керамика венчик фрагмент,миска,0.999291,венчик,0.991996,фрагмент,0.999989,керамика,0.979849
М102-2012-1-0752_orig.jpg,тарелка керамика донце фрагмент,тарелка,0.994151,донце,0.996337,фрагмент,0.999996,керамика,0.704659
М102-2012-1-0827_orig.jpg,тарелка фаянс венчик фрагмент,тарелка,0.91717,венчик,0.601352,фрагмент,0.998868,фаянс,0.937411
М102-2012-1-0833_orig.jpg,тарелка фаянс донце фрагмент,тарелка,0.999728,донце,0.709336,фрагмент,0.999762,фаянс,0.99682
М102-2012-1-0837_orig.jpg,тарелка фаянс донце фрагмент,тарелка,0.742623,донце,0.895872,фрагмент,0.999994,фаянс,0.968869
М102-2012-1-0843_orig.jpg,тарелка фаянс фрагмент,тарелка,0.996122,донце,0.492715,фрагмент,0.999037,фаянс,0.997203
М102-2012-1-0847_orig.jpg,тарелка фаянс донце фрагмент,тарелка,0.999907,донце,0.626841,фрагмент,0.999999,фаянс,0.996796
М102-2012-1-0851_orig.jpg,тарелка фаянс профиль фрагмент,тарелка,0.999754,профиль,0.859204,фрагмент,0.999998,фаянс,0.997925
М102-2012-1-0942_orig.jpg,миска керамика профиль фрагмент,миска,0.998797,профиль,0.947976,фрагмент,0.999897,керамика,0.998192
М102-2012-1-0949_orig.jpg,изразец керамика профиль фрагмент,изразец,0.999977,профиль,0.97983,фрагмент,0.999906,керамика,0.999942
М102-2012-1-1008_orig.jpg,изразец керамика фрагмент,изразец,0.998253,профиль,0.436427,фрагмент,0.999808,керамика,0.999811
М102-2012-2-0538_orig.jpg,блюдце фарфор фрагмент,блюдце,0.994875,венчик,0.417255,фрагмент,0.999857,фарфор,0.994195
М102-2012-2-0543_orig.jpg,блюдце фарфор профиль фрагмент,блюдце,0.99818,профиль,0.998266,фрагмент,0.999833,фарфор,0.993552
М102-2012-2-1028_orig.jpg,тарелка фаянс профиль фрагмент,тарелка,0.998878,профиль,0.9805,фрагмент,0.999794,фаянс,0.988964
М102-2012-2-1068_orig.jpg,тарелка керамика донце фрагмент,тарелка,0.565772,донце,0.878219,фрагмент,0.998472,керамика,0.638583
М102-2012-2-1086_orig.jpg,тарелка фаянс донце фрагмент,тарелка,0.999,донце,0.991851,фрагмент,0.999952,фаянс,0.99188
М102-2012-2-1095_orig.jpg,изразец керамика профиль фрагмент,изразец,0.996661,профиль,0.790035,фрагмент,0.99973,керамика,0.982479
М102-2012-2-1121_orig.jpg,блюдце фарфор профиль фрагмент,блюдце,0.971023,профиль,0.566233,фрагмент,0.997812,фарфор,0.996153
М102-2012-2-1123_orig.jpg,блюдце фарфор донце фрагмент,блюдце,0.986752,донце,0.990245,фрагмент,0.999733,фарфор,0.990918
М102-2012-2-1125_orig.jpg,крышка фарфор венчик фрагмент,крышка,0.988981,венчик,0.559559,фрагмент,0.999902,фарфор,0.994403
М102-2012-2-1166_orig.jpg,блюдце фарфор донце фрагмент,блюдце,0.994573,донце,0.983567,фрагмент,0.999644,фарфор,0.997752
М102-2012-2-1181_orig.jpg,изразец керамика фрагмент,изразец,0.999907,профиль,0.372654,фрагмент,0.994674,керамика,0.993197
М102-2012-2-1248_orig.jpg,блюдце фарфор венчик фрагмент,блюдце,0.858767,венчик,0.895197,фрагмент,0.999953,фарфор,0.961851
М102-2012-2-1264_orig.jpg,тарелка фаянс венчик фрагмент,тарелка,0.993283,венчик,0.968568,фрагмент,0.999961,фаянс,0.977812
М102-2012-2-1265_orig.jpg,тарелка фаянс венчик фрагмент,тарелка,0.992086,венчик,0.799109,фрагмент,0.999992,фаянс,0.9952
М102-2012-2-1267_orig.jpg,тарелка фаянс венчик фрагмент,тарелка,0.99896,венчик,0.894847,фрагмент,0.999933,фаянс,0.998604
М102-2012-2-1271_orig.jpg,блюдце фарфор профиль фрагмент,блюдце,0.985674,профиль,0.946996,фрагмент,0.999996,фарфор,0.684786
М102-2012-2-1279_orig.jpg,крышка фаянс фрагмент,крышка,0.947481,донце,0.373819,фрагмент,0.999252,фаянс,0.84892
М102-2012-2-1313_orig.jpg,блюдце фарфор донце фрагмент,блюдце,0.881574,донце,0.968296,фрагмент,0.997514,фарфор,0.954454
М102-2012-2-1314_orig.jpg,крышка фарфор венчик фрагмент,крышка,0.994846,венчик,0.709612,фрагмент,0.999951,фарфор,0.86224
М102-2012-2-1319_orig.jpg,тарелка фаянс венчик фрагмент,тарелка,0.999794,венчик,0.987573,фрагмент,0.999972,фаянс,0.994408
М102-2012-2-1327_orig.jpg,изразец керамика донце фрагмент,изразец,0.946149,донце,0.723062,фрагмент,0.999977,керамика,0.958103
М102-2012-2-1359_orig.jpg,блюдце фаянс венчик фрагмент,блюдце,0.992867,венчик,0.825859,фрагмент,0.999481,фаянс,0.953847
М102-2012-2-1360_orig.jpg,тарелка фаянс профиль фрагмент,тарелка,0.998766,профиль,0.936775,фрагмент,1.0,фаянс,0.98864
М102-2012-2-1361_orig.jpg,блюдце фарфор профиль фрагмент,блюдце,0.525595,профиль,0.979223,фрагмент,0.999111,фарфор,0.639203
М102-2012-2-1394_orig.jpg,крышка фаянс ручка фрагмент,крышка,0.947669,ручка,0.602427,фрагмент,0.995521,фаянс,0.736091
М102-2012-2-1406_orig.jpg,крышка фарфор венчик фрагмент,крышка,0.664907,венчик,0.6471,фрагмент,0.999916,фарфор,0.543437
М102-2012-2-1423_orig.jpg,миска керамика венчик фрагмент,миска,0.925459,венчик,0.59743,фрагмент,0.999997,керамика,0.955767
Маяк-11-Ш1-06_orig.jpg,крышка фарфор ручка,крышка,0.999957,ручка,0.997197,целый,0.896667,фарфор,0.973482
Маяк-11-Ш1-07_orig.jpg,крышка фарфор ручка,крышка,0.999933,ручка,0.989404,целый,0.993252,фарфор,0.963556
Маяк-11-Ш2-21_orig.jpg,тарелка фаянс профиль фрагмент,тарелка,0.999578,профиль,0.773643,фрагмент,0.999985,фаянс,0.975349
Маяк-11-Ш2-37_orig.jpg,изразец керамика профиль фрагмент,изразец,0.999537,профиль,0.95281,фрагмент,0.998857,керамика,0.999988
Маяк-11-Ш3-68_orig.jpg,тарелка фарфор профиль фрагмент,тарелка,0.943873,профиль,0.985307,фрагмент,0.999697,фарфор,0.99656
Маяк-11-Ш3-72_orig.jpg,тарелка фаянс венчик фрагмент,тарелка,0.987427,венчик,0.73412,фрагмент,0.999172,фаянс,0.987611
Мич11-ш01-005_orig.jpg,изразец керамика донце фрагмент,изразец,0.987527,донце,0.793719,фрагмент,0.995281,керамика,0.973391
Мич11-ш01-029_orig.jpg,изразец керамика профиль фрагмент,изразец,0.999818,профиль,0.631327,фрагмент,0.999901,керамика,0.99992
Мич11-ш02-053_orig.jpg,изразец керамика донце фрагмент,изразец,0.999946,донце,0.524576,фрагмент,0.999751,керамика,0.999941
Мич11-ш02-057_orig.jpg,изразец керамика профиль фрагмент,изразец,0.998863,профиль,0.518623,фрагмент,0.994062,керамика,0.999732
Мич11-ш04-155_orig.jpg,изразец керамика венчик фрагмент,изразец,0.962731,венчик,0.821555,фрагмент,0.999784,керамика,0.999994
Нев11-Г0-005_orig.jpg,изразец керамика фрагмент,изразец,0.988612,донце,0.463696,фрагмент,0.880047,керамика,0.988208
Нев11-Г0-006_orig.jpg,изразец керамика донце,изразец,0.985804,донце,0.515583,целый,0.983215,керамика,0.999209
Нев11-Г02-009_orig.jpg,тарелка керамика венчик фрагмент,тарелка,0.988647,венчик,0.984599,фрагмент,0.999979,керамика,0.993142
Нев11-Г02-010_orig.jpg,тарелка керамика венчик фрагмент,тарелка,0.917334,венчик,0.695323,фрагмент,0.999913,керамика,0.885546
Нев11-Г02-012_orig.jpg,изразец керамика фрагмент,изразец,0.892879,донце,0.483538,фрагмент,0.999612,керамика,0.993672
Нев11-Г02-021_orig.jpg,изразец керамика профиль фрагмент,изразец,0.998182,профиль,0.969146,фрагмент,0.999703,керамика,0.999027
Нев11-Г02-022_orig.jpg,изразец керамика профиль фрагмент,изразец,0.98655,профиль,0.696514,фрагмент,0.999176,керамика,0.999941
Нев11-Г02-023_orig.jpg,изразец керамика профиль фрагмент,изразец,0.999955,профиль,0.610024,фрагмент,0.98873,керамика,0.99982
Нев11-Г02-033_orig.jpg,изразец фаянс донце фрагмент,изразец,0.507518,донце,0.605184,фрагмент,0.999604,фаянс,0.765767
Нев11-Г03-037_orig.jpg,изразец керамика фрагмент,изразец,0.999959,донце,0.420619,фрагмент,0.99974,керамика,0.999995
Нев11-Г03-038_orig.jpg,изразец керамика донце фрагмент,изразец,0.997118,донце,0.690996,фрагмент,0.999985,керамика,0.999283
Нев11-Г03-043_orig.jpg,изразец керамика фрагмент,изразец,0.998889,профиль,0.415006,фрагмент,0.999992,керамика,0.999983
Нев11-Г03-044_orig.jpg,изразец керамика венчик фрагмент,изразец,0.991861,венчик,0.946263,фрагмент,0.999935,керамика,0.99999
Нев11-Г03-058_orig.jpg,изразец керамика профиль фрагмент,изразец,0.999855,профиль,0.986663,фрагмент,0.999257,керамика,0.999975
Нев11-Г03-096_orig.jpg,изразец керамика фрагмент,изразец,0.999983,профиль,0.433333,фрагмент,0.999659,керамика,0.999998
Нев11-Г03-097_orig.jpg,изразец керамика профиль фрагмент,изразец,0.999902,профиль,0.720456,фрагмент,0.997775,керамика,0.999992
Нев11-Г03-178_orig.jpg,изразец керамика фрагмент,изразец,0.997608,венчик,0.285035,фрагмент,0.999656,керамика,0.999949
Нев11-Г03-181_orig.jpg,изразец керамика фрагмент,изразец,0.99981,профиль,0.492649,фрагмент,0.999756,керамика,0.999967
Нев11-Г04-182_orig.jpg,тарелка керамика венчик фрагмент,тарелка,0.96543,венчик,0.99188,фрагмент,0.999503,керамика,0.999047
Нев11-Г04-185_orig.jpg,тарелка керамика венчик фрагмент,тарелка,0.994983,венчик,0.683845,фрагмент,0.999737,керамика,0.999219
Нев11-Г04-187_orig.jpg,тарелка керамика профиль фрагмент,тарелка,0.976333,профиль,0.995582,фрагмент,0.999662,керамика,0.996209
Нев11-Г04-197_orig.jpg,тарелка керамика венчик фрагмент,тарелка,0.919671,венчик,0.93021,фрагмент,0.999999,керамика,0.988342
Нев11-Г04А-210_orig.jpg,тарелка керамика венчик фрагмент,тарелка,0.997399,венчик,0.898382,фрагмент,0.999915,керамика,0.995392
Нев11-Г05-055_orig.jpg,крышка керамика ручка фрагмент,крышка,0.9931,ручка,0.997835,фрагмент,0.999109,керамика,0.996191
Нев11-Г05-056_orig.jpg,миска керамика венчик фрагмент,миска,0.500443,венчик,0.898923,фрагмент,0.999949,керамика,0.999789
Нев11-Г05-228_orig.jpg,тарелка фаянс венчик фрагмент,тарелка,0.999975,венчик,0.883509,фрагмент,0.99997,фаянс,0.990642
Нев11-Г05-235_orig.jpg,изразец керамика профиль фрагмент,изразец,0.999558,профиль,0.762615,фрагмент,0.99923,керамика,0.999722
Нев11-под-001_orig.jpg,изразец керамика,изразец,0.749314,прочее,0.447681,целый,0.682631,керамика,0.777297
Нейш3А-2018-0018_orig.jpg,крышка фарфор ручка,крышка,0.999992,ручка,0.996691,целый,0.904696,фарфор,0.968926
Нейш3А-2018-0097_orig.jpg,крышка стекло,крышка,0.99773,ручка,0.445235,целый,0.953341,стекло,0.99893
Нейш3А-2018-0102_orig.jpg,крышка стекло профиль фрагмент,крышка,0.995469,профиль,0.996581,фрагмент,0.982259,стекло,0.985963
Нейш3А-2018-0105_orig.jpg,тарелка фаянс донце фрагмент,тарелка,0.979181,донце,0.995086,фрагмент,0.999802,фаянс,0.603251
Нейш3А-2018-0108_orig.jpg,крышка фаянс профиль фрагмент,крышка,0.887453,профиль,0.650877,фрагмент,0.99987,фаянс,0.69963
Нейш3А-2018-0111_orig.jpg,тарелка фаянс профиль фрагмент,тарелка,0.999906,профиль,0.582937,фрагмент,0.999916,фаянс,0.974524
Нейш3А-2018-0117_orig.jpg,тарелка фарфор профиль фрагмент,тарелка,0.869071,профиль,0.973181,фрагмент,0.993233,фарфор,0.924872
Нейш3А-2018-0118_orig.jpg,блюдце фарфор донце фрагмент,блюдце,0.980682,донце,0.979667,фрагмент,0.998921,фарфор,0.970804
Нейш3А-2018-0138_orig.jpg,тарелка фарфор донце фрагмент,тарелка,0.80825,донце,0.508356,фрагмент,0.999887,фарфор,0.712956
Нейш3А-2018-0189_orig.jpg,крышка стекло фрагмент,крышка,0.997428,профиль,0.41729,фрагмент,0.906028,стекло,0.521934
Нейш3А-2018-0203_orig.jpg,крышка стекло фрагмент,крышка,0.9744,донце,0.32923,фрагмент,0.983617,стекло,0.785909
Нейш3А-2018-0206_orig.jpg,блюдце стекло донце фрагмент,блюдце,0.98876,донце,0.911765,фрагмент,0.999688,стекло,0.996079
Нейш3А-2018-0210_orig.jpg,блюдце стекло профиль фрагмент,блюдце,0.996665,профиль,0.974054,фрагмент,0.997509,стекло,0.988863
Нейш3А-2018-0244_orig.jpg,блюдце фарфор профиль фрагмент,блюдце,0.996964,профиль,0.903506,фрагмент,0.996748,фарфор,0.939419
Нейш3А-2018-0247_orig.jpg,блюдце фарфор донце фрагмент,блюдце,0.997831,донце,0.992215,фрагмент,0.999638,фарфор,0.986388
Нейш3А-2018-0248_orig.jpg,тарелка фаянс донце фрагмент,тарелка,0.991138,донце,0.986781,фрагмент,0.999929,фаянс,0.995531
Нейш3А-2018-0252_orig.jpg,тарелка фаянс донце фрагмент,тарелка,0.996788,донце,0.976625,фрагмент,0.999949,фаянс,0.980246
Нейш3А-2018-0254_orig.jpg,тарелка фаянс венчик фрагмент,тарелка,0.996216,венчик,0.990475,фрагмент,0.999881,фаянс,0.980561
Нейш3А-2018-0255_orig.jpg,тарелка фаянс профиль фрагмент,тарелка,0.997015,профиль,0.974672,фрагмент,0.999979,фаянс,0.994952
Нейш3А-2018-0259_orig.jpg,тарелка фаянс профиль фрагмент,тарелка,0.988655,профиль,0.599003,фрагмент,0.998207,фаянс,0.976875
Нейш3А-2018-0276_orig.jpg,крышка фарфор ручка фрагмент,крышка,0.999953,ручка,0.991151,фрагмент,0.988804,фарфор,0.971979
Нейш3А-2018-0288_orig.jpg,крышка фаянс ручка фрагмент,крышка,0.995879,ручка,0.989924,фрагмент,0.977114,фаянс,0.78205
Нейш3А-2018-0349_orig.jpg,тарелка фаянс венчик фрагмент,тарелка,0.991637,венчик,0.559419,фрагмент,0.998855,фаянс,0.969618
Нейш3А-2018-0350_orig.jpg,тарелка фаянс профиль фрагмент,тарелка,0.999001,профиль,0.960863,фрагмент,0.999986,фаянс,0.99242
Нейш3А-2018-0373_orig.jpg,тарелка фаянс профиль фрагмент,тарелка,0.861639,профиль,0.977626,фрагмент,0.999933,фаянс,0.625786
Нейш3А-2018-0374_orig.jpg,тарелка фаянс венчик фрагмент,тарелка,0.999532,венчик,0.993,фрагмент,0.999457,фаянс,0.998104
Нейш3А-2018-0377_orig.jpg,тарелка фаянс донце фрагмент,тарелка,0.998835,донце,0.675244,фрагмент,0.99993,фаянс,0.973403
Нейш3А-2018-0378_orig.jpg,тарелка фаянс донце фрагмент,тарелка,0.996712,донце,0.994785,фрагмент,0.999985,фаянс,0.995389
Нейш3А-2018-0384_orig.jpg,тарелка фарфор донце фрагмент,тарелка,0.899535,донце,0.960376,фрагмент,0.999897,фарфор,0.991999
Нейш3А-2018-0394_orig.jpg,тарелка фаянс венчик фрагмент,тарелка,0.994318,венчик,0.917017,фрагмент,0.999929,фаянс,0.954182
Нейш3А-2018-0397_orig.jpg,тарелка фаянс венчик фрагмент,тарелка,0.998967,венчик,0.998658,фрагмент,0.99976,фаянс,0.995249
Нейш3А-2018-0426_orig.jpg,тарелка фаянс венчик фрагмент,тарелка,0.977122,венчик,0.981674,фрагмент,0.999941,фаянс,0.991075
Нейш3А-2018-0454_orig.jpg,тарелка стекло профиль фрагмент,тарелка,0.478817,профиль,0.556017,фрагмент,0.998528,стекло,0.747213
Нейш3А-2018-0499_orig.jpg,тарелка фаянс профиль фрагмент,тарелка,0.998305,профиль,0.965423,фрагмент,0.999981,фаянс,0.960855
Нейш3А-2018-0500_orig.jpg,крышка фарфор ручка,крышка,0.999437,ручка,0.971971,целый,0.896366,фарфор,0.794948
Нейш3А-2018-0572_orig.jpg,крышка стекло ручка,крышка,0.997977,ручка,0.629693,целый,0.951948,стекло,0.997499
Нейш3А-2018-0625_orig.jpg,тарелка фарфор донце фрагмент,тарелка,0.983069,донце,0.933087,фрагмент,0.999992,фарфор,0.89195
Нейш3А-2018-0628_orig.jpg,тарелка фаянс донце фрагмент,тарелка,0.997276,донце,0.988003,фрагмент,0.999438,фаянс,0.912048
Нейш3А-2018-0629_orig.jpg,тарелка фаянс донце фрагмент,тарелка,0.996769,донце,0.984955,фрагмент,0.999985,фаянс,0.945391
Нейш3А-2018-0645_orig.jpg,изразец керамика профиль фрагмент,изразец,0.999965,профиль,0.994633,фрагмент,0.999166,керамика,0.999472
Нейш3А-2018-0685_orig.jpg,тарелка фаянс венчик фрагмент,тарелка,0.999308,венчик,0.995501,фрагмент,0.999997,фаянс,0.991973
Нейш3А-2018-0726_orig.jpg,блюдце фаянс профиль фрагмент,блюдце,0.974132,профиль,0.897378,фрагмент,0.999028,фаянс,0.682007
Нейш3А-2018-0733_orig.jpg,тарелка фарфор профиль фрагмент,тарелка,0.943749,профиль,0.979432,фрагмент,0.999999,фарфор,0.55527
Нейш3А-2018-0735_orig.jpg,блюдце фарфор профиль фрагмент,блюдце,0.996749,профиль,0.942951,фрагмент,0.999879,фарфор,0.993591
Нейш3А-2018-0737_orig.jpg,блюдце фарфор профиль фрагмент,блюдце,0.992406,профиль,0.988698,фрагмент,0.999469,фарфор,0.985956
Нейш3А-2018-0738_orig.jpg,блюдце профиль фрагмент,блюдце,0.948045,профиль,0.819191,фрагмент,0.995201,фаянс,0.430213
Нейш3А-2018-0740_orig.jpg,тарелка фаянс венчик фрагмент,тарелка,0.988532,венчик,0.994842,фрагмент,0.999811,фаянс,0.959246
Нейш3А-2018-0741_orig.jpg,тарелка фаянс профиль фрагмент,тарелка,0.9248,профиль,0.841577,фрагмент,0.99887,фаянс,0.926039
Нейш3А-2018-0742_orig.jpg,тарелка фаянс донце фрагмент,тарелка,0.996906,донце,0.993905,фрагмент,0.999982,фаянс,0.949201
Нейш3А-2018-0806_orig.jpg,крышка фарфор профиль,крышка,0.995593,профиль,0.731313,целый,0.902006,фарфор,0.941173
Нейш3А-2018-0810_orig.jpg,блюдце фарфор профиль фрагмент,блюдце,0.999011,профиль,0.991705,фрагмент,0.998496,фарфор,0.997279
Нейш3А-2018-0811_orig.jpg,блюдце фарфор донце фрагмент,блюдце,0.803065,донце,0.676225,фрагмент,0.999719,фарфор,0.940215
Нейш3А-2018-0812_orig.jpg,блюдце фарфор профиль фрагмент,блюдце,0.827366,профиль,0.7257,фрагмент,0.995558,фарфор,0.833246
Нейш3А-2018-0817_orig.jpg,тарелка фарфор донце фрагмент,тарелка,0.996697,донце,0.98199,фрагмент,0.999859,фарфор,0.8871
Нейш3А-2018-0821_orig.jpg,тарелка фаянс профиль фрагмент,тарелка,0.997635,профиль,0.983998,фрагмент,0.999996,фаянс,0.98786
Нейш3А-2018-0831_orig.jpg,блюдце фарфор венчик фрагмент,блюдце,0.99059,венчик,0.975705,фрагмент,0.996374,фарфор,0.953532
Нейш3А-2018-0833_orig.jpg,блюдце фарфор профиль фрагмент,блюдце,0.991561,профиль,0.918477,фрагмент,0.999893,фарфор,0.971604
Нейш3А-2018-0834_orig.jpg,блюдце фарфор венчик фрагмент,блюдце,0.99545,венчик,0.520522,фрагмент,0.999977,фарфор,0.951967
Нейш3А-2018-0837_orig.jpg,блюдце фарфор профиль фрагмент,блюдце,0.997806,профиль,0.96824,фрагмент,0.997501,фарфор,0.997514
Нейш3А-2018-0838_orig.jpg,крышка фарфор ручка фрагмент,крышка,0.999603,ручка,0.996907,фрагмент,0.985572,фарфор,0.905144
Нейш3А-2018-0839_orig.jpg,блюдце фарфор профиль фрагмент,блюдце,0.994863,профиль,0.989858,фрагмент,0.997685,фарфор,0.999068
Нейш3А-2018-0844_orig.jpg,блюдце фаянс профиль фрагмент,блюдце,0.83422,профиль,0.975482,фрагмент,0.99995,фаянс,0.991261
Нейш3А-2018-0847_orig.jpg,тарелка фаянс профиль фрагмент,тарелка,0.989456,профиль,0.978614,фрагмент,0.998561,фаянс,0.921867
Нейш3А-2018-0848_orig.jpg,тарелка фаянс профиль фрагмент,тарелка,0.999825,профиль,0.983474,фрагмент,0.999976,фаянс,0.986565
Нейш3А-2018-0850_orig.jpg,тарелка фаянс профиль фрагмент,тарелка,0.997048,профиль,0.992651,фрагмент,0.999872,фаянс,0.993439
Нейш3А-2018-0851_orig.jpg,тарелка фаянс венчик фрагмент,тарелка,0.994023,венчик,0.58292,фрагмент,0.999844,фаянс,0.990196
Нейш3А-2018-0855_orig.jpg,тарелка фаянс профиль фрагмент,тарелка,0.999351,профиль,0.994918,фрагмент,0.999936,фаянс,0.997575
Нейш3А-2018-0856_orig.jpg,тарелка фаянс профиль фрагмент,тарелка,0.996005,профиль,0.991879,фрагмент,0.999801,фаянс,0.970271
Нейш3А-2018-0861_orig.jpg,крышка керамика фрагмент,крышка,0.992449,ручка,0.399329,фрагмент,0.99944,керамика,0.7283
Нейш3А-2018-0868_orig.jpg,изразец керамика фрагмент,изразец,0.999867,венчик,0.272336,фрагмент,0.999799,керамика,0.997506
Нейш3А-2018-0871_orig.jpg,тарелка фарфор венчик фрагмент,тарелка,0.580439,венчик,0.80487,фрагмент,0.999923,фарфор,0.769901
Нейш3А-2018-0881_orig.jpg,крышка фарфор венчик фрагмент,крышка,0.997493,венчик,0.998063,фрагмент,0.999987,фарфор,0.858947
Нейш3А-2018-0947_orig.jpg,тарелка фаянс донце фрагмент,тарелка,0.999598,донце,0.960953,фрагмент,0.999938,фаянс,0.913547
Нейш3А-2018-0949_orig.jpg,тарелка фаянс донце фрагмент,тарелка,0.998609,донце,0.999351,фрагмент,0.99939,фаянс,0.958664
Нейш3А-2018-0954_orig.jpg,изразец керамика донце фрагмент,изразец,0.99531,донце,0.692816,фрагмент,0.999837,керамика,0.998836
Нейш3А-2018-0955_orig.jpg,изразец керамика фрагмент,изразец,0.999768,донце,0.416616,фрагмент,0.999643,керамика,0.999951
Нейш3А-2018-0956_orig.jpg,изразец керамика профиль фрагмент,изразец,0.9999,профиль,0.816639,фрагмент,0.999988,керамика,0.999815
Нейш3А-2018-0986_orig.jpg,крышка керамика венчик фрагмент,крышка,0.997862,венчик,0.935739,фрагмент,0.965294,керамика,0.998226
Нейш3А-2018-1034_orig.jpg,крышка фаянс венчик фрагмент,крышка,0.998622,венчик,0.981217,фрагмент,0.999648,фаянс,0.967357
Нейш3А-2018-1035_orig.jpg,крышка фарфор профиль фрагмент,крышка,0.998475,профиль,0.981925,фрагмент,0.99881,фарфор,0.579536
Нейш3А-2018-1042_orig.jpg,тарелка фаянс профиль фрагмент,тарелка,0.993954,профиль,0.996571,фрагмент,0.999767,фаянс,0.976118
Нейш3А-2018-1101_orig.jpg,блюдце фарфор венчик фрагмент,блюдце,0.960629,венчик,0.74287,фрагмент,0.999993,фарфор,0.984254
Нейш3А-2018-1137_orig.jpg,тарелка фарфор профиль фрагмент,тарелка,0.994597,профиль,0.990716,фрагмент,0.999974,фарфор,0.952851
Нейш3А-2018-1138_orig.jpg,тарелка фарфор профиль фрагмент,тарелка,0.957369,профиль,0.993583,фрагмент,0.999974,фарфор,0.995022
Нейш3А-2018-1154_orig.jpg,изразец керамика венчик фрагмент,изразец,0.688109,венчик,0.899592,фрагмент,0.999938,керамика,0.999035
Нейш3А-2018-1174_orig.jpg,крышка фаянс профиль фрагмент,крышка,0.994639,профиль,0.907831,фрагмент,0.999879,фаянс,0.997324
Нейш3А-2018-1178_orig.jpg,тарелка керамика профиль фрагмент,тарелка,0.983015,профиль,0.986304,фрагмент,0.999862,керамика,0.947101
Нейш3А-2018-1180_orig.jpg,блюдце фарфор профиль фрагмент,блюдце,0.987981,профиль,0.984082,фрагмент,0.999881,фарфор,0.996353
Нейш3А-2018-1182_orig.jpg,крышка фарфор ручка фрагмент,крышка,0.999865,ручка,0.991285,фрагмент,0.998968,фарфор,0.97533
Нейш3А-2018-1186_orig.jpg,тарелка керамика венчик фрагмент,тарелка,0.867143,венчик,0.663389,фрагмент,0.999914,керамика,0.631867
Нейш3А-2018-1190_orig.jpg,тарелка керамика венчик фрагмент,тарелка,0.990989,венчик,0.993264,фрагмент,0.999875,керамика,0.993757
Нейш3А-2018-1232_orig.jpg,тарелка керамика венчик фрагмент,тарелка,0.866651,венчик,0.995931,фрагмент,0.9998,керамика,0.995315
Нейш3А-2018-1282_orig.jpg,тарелка фаянс донце фрагмент,тарелка,0.996804,донце,0.977994,фрагмент,0.999977,фаянс,0.97937
Нейш3А-2018-1284_orig.jpg,тарелка фаянс профиль фрагмент,тарелка,0.99215,профиль,0.971128,фрагмент,0.99995,фаянс,0.98512
Нейш3А-2018-1311_orig.jpg,крышка фарфор профиль фрагмент,крышка,0.999798,профиль,0.988416,фрагмент,0.999969,фарфор,0.96667
Нейш3А-2018-1318_orig.jpg,тарелка фарфор донце фрагмент,тарелка,0.851773,донце,0.589451,фрагмент,0.999994,фарфор,0.945281
Нейш3А-2018-1357_orig.jpg,блюдце фарфор профиль фрагмент,блюдце,0.945404,профиль,0.522171,фрагмент,0.982539,фарфор,0.881112
Нейш3А-2018-1372_orig.jpg,изразец керамика донце фрагмент,изразец,0.996442,донце,0.962342,фрагмент,0.999615,керамика,0.999626
Нейш3А-2018-1379_orig.jpg,крышка фарфор профиль фрагмент,крышка,0.998097,профиль,0.98811,фрагмент,0.999114,фарфор,0.988565
Нейш3А-2018-1390_orig.jpg,миска керамика профиль фрагмент,миска,0.999219,профиль,0.8835,фрагмент,0.999936,керамика,0.999827
Нейш3А-2018-1469_orig.jpg,крышка фарфор ручка,крышка,0.99772,ручка,0.621686,целый,0.921235,фарфор,0.908943
Нейш3А-2018-1473_orig.jpg,крышка фаянс ручка фрагмент,крышка,0.998653,ручка,0.996346,фрагмент,0.984751,фаянс,0.990206
Нейш3А-2018-1476_orig.jpg,крышка стекло фрагмент,крышка,0.986552,прочее,0.427309,фрагмент,0.998856,стекло,0.604368
Нейш3А-2018-1509_orig.jpg,тарелка фаянс профиль фрагмент,тарелка,0.999804,профиль,0.993023,фрагмент,0.999955,фаянс,0.9123
Нейш3А-2018-1527_orig.jpg,блюдце фарфор венчик фрагмент,блюдце,0.931682,венчик,0.716569,фрагмент,0.999844,фарфор,0.97122
Нейш3А-2018-1533_orig.jpg,изразец керамика фрагмент,изразец,0.999319,ручка,0.410018,фрагмент,0.999939,керамика,0.999959
Нейш3А-2018-1642_orig.jpg,миска керамика профиль фрагмент,миска,0.842695,профиль,0.96775,фрагмент,0.99999,керамика,0.996385
Нейш3А-2018-1660_orig.jpg,блюдце керамика профиль фрагмент,блюдце,0.994516,профиль,0.991912,фрагмент,0.996295,керамика,0.802722
Нейш3А-2018-1671_orig.jpg,крышка стекло профиль,крышка,0.998596,профиль,0.678823,целый,0.944673,стекло,0.981718
Нейш3А-2018-1685_orig.jpg,тарелка фаянс профиль фрагмент,тарелка,0.996378,профиль,0.994551,фрагмент,0.997601,фаянс,0.978442
Нейш3А-2018-1719_orig.jpg,блюдце фарфор профиль фрагмент,блюдце,0.654405,профиль,0.867123,фрагмент,0.999908,фарфор,0.985263
Нейш3А-2018-1755_orig.jpg,миска керамика профиль фрагмент,миска,0.998033,профиль,0.562216,фрагмент,0.996216,керамика,0.999563
Нейш3А-2018-1764_orig.jpg,тарелка фарфор профиль фрагмент,тарелка,0.891096,профиль,0.862842,фрагмент,0.999909,фарфор,0.889942
Нейш3А-2018-1766_orig.jpg,тарелка фарфор фрагмент,тарелка,0.873241,профиль,0.484899,фрагмент,0.998705,фарфор,0.885916
Нейш3А-2018-1839_orig.jpg,крышка стекло ручка,крышка,0.998736,ручка,0.977753,целый,0.959739,стекло,0.992761
Нейш3А-2018-1911_orig.jpg,тарелка фаянс венчик фрагмент,тарелка,0.999368,венчик,0.694088,фрагмент,0.999995,фаянс,0.992166
Нейш3А-2018-1912_orig.jpg,тарелка стекло профиль фрагмент,тарелка,0.982368,профиль,0.936763,фрагмент,0.999883,стекло,0.990431
Нейш3А-2018-1913_orig.jpg,тарелка фарфор профиль фрагмент,тарелка,0.99345,профиль,0.841483,фрагмент,0.999968,фарфор,0.913343
Нейш3А-2018-1919_orig.jpg,блюдце фарфор венчик фрагмент,блюдце,0.733657,венчик,0.868061,фрагмент,0.999807,фарфор,0.992597
Нейш3А-2018-1980_orig.jpg,тарелка фаянс профиль фрагмент,тарелка,0.990243,профиль,0.993773,фрагмент,0.999863,фаянс,0.968779
Нейш3А-2018-2040_orig.jpg,тарелка керамика венчик фрагмент,тарелка,0.993173,венчик,0.990837,фрагмент,0.999993,керамика,0.886366
Нейш3А-2018-2047_orig.jpg,крышка керамика профиль фрагмент,крышка,0.999432,профиль,0.995594,фрагмент,0.999979,керамика,0.887614
Нейш3А-2018-2068_orig.jpg,изразец керамика профиль фрагмент,изразец,0.999894,профиль,0.961372,фрагмент,0.998561,керамика,0.995772
Нейш3А-2018-2087_orig.jpg,тарелка керамика фрагмент,тарелка,0.921154,венчик,0.361286,фрагмент,0.999684,керамика,0.999792
Нейш3А-2018-2098_orig.jpg,крышка керамика фрагмент,крышка,0.5055,профиль,0.474916,фрагмент,0.9998,керамика,0.994945
Нейш3А-2018-2142_orig.jpg,блюдце фарфор профиль фрагмент,блюдце,0.86751,профиль,0.809634,фрагмент,0.999978,фарфор,0.59474
Нейш3А-2018-2145_orig.jpg,тарелка фаянс венчик фрагмент,тарелка,0.999665,венчик,0.995517,фрагмент,0.999999,фаянс,0.991915
Нейш3А-2018-2170_orig.jpg,тарелка фаянс донце фрагмент,тарелка,0.999443,донце,0.989815,фрагмент,0.999953,фаянс,0.989134
Нейш3А-2018-2216_orig.jpg,тарелка фаянс профиль фрагмент,тарелка,0.999499,профиль,0.943441,фрагмент,0.999872,фаянс,0.986291
Нейш3А-2018-2327_orig.jpg,крышка фарфор ручка фрагмент,крышка,0.999991,ручка,0.998983,фрагмент,0.553053,фарфор,0.702462
Нейш3А-2018-2329_orig.jpg,крышка фарфор ручка,крышка,0.999984,ручка,0.999458,целый,0.627262,фарфор,0.743664
Нейш3А-2018-2330_orig.jpg,крышка керамика профиль фрагмент,крышка,0.974293,профиль,0.997182,фрагмент,0.999127,керамика,0.982082
Нейш3А-2018-2331_orig.jpg,крышка керамика фрагмент,крышка,0.998308,ручка,0.466458,фрагмент,0.999992,керамика,0.997409
Нейш3А-2018-2400_orig.jpg,крышка керамика ручка фрагмент,крышка,0.994846,ручка,0.990929,фрагмент,0.999893,керамика,0.999887
Нейш3А-2018-2416_orig.jpg,изразец керамика фрагмент,изразец,0.999868,венчик,0.403391,фрагмент,0.999846,керамика,0.999991
Нейш3А-2018-2435_orig.jpg,тарелка керамика венчик фрагмент,тарелка,0.958684,венчик,0.987188,фрагмент,0.999551,керамика,0.99984
Нейш3А-2018-2476_orig.jpg,крышка керамика венчик фрагмент,крышка,0.992975,венчик,0.993129,фрагмент,0.999645,керамика,0.99748
Нейш3А-2018-2510_orig.jpg,крышка фаянс венчик фрагмент,крышка,0.997033,венчик,0.9946,фрагмент,0.999943,фаянс,0.963463
Нейш3А-2018-2548_orig.jpg,крышка фарфор ручка фрагмент,крышка,0.998497,ручка,0.995445,фрагмент,0.954141,фарфор,0.965148
Нейш3А-2018-2549_orig.jpg,крышка фарфор ручка фрагмент,крышка,0.999986,ручка,0.998003,фрагмент,0.839734,фарфор,0.929946
Нейш3А-2018-2550_orig.jpg,крышка фарфор ручка,крышка,0.999956,ручка,0.997957,целый,0.805619,фарфор,0.936615
Нейш3А-2018-2551_orig.jpg,крышка фарфор ручка фрагмент,крышка,0.999739,ручка,0.982306,фрагмент,0.981446,фарфор,0.808317
Нейш3А-2018-2552_orig.jpg,крышка фарфор ручка,крышка,0.99995,ручка,0.997469,целый,0.758948,фарфор,0.982594
Нейш3А-2018-2553_orig.jpg,крышка фарфор ручка фрагмент,крышка,0.999986,ручка,0.99649,фрагмент,0.955404,фарфор,0.94778
Нейш3А-2018-2554_orig.jpg,крышка фарфор ручка,крышка,0.999719,ручка,0.969622,целый,0.897859,фарфор,0.963736
Нейш3А-2018-2555_orig.jpg,крышка фарфор ручка фрагмент,крышка,0.999783,ручка,0.997067,фрагмент,0.996966,фарфор,0.955577
Нейш3А-2018-2556_orig.jpg,крышка фарфор ручка,крышка,0.999949,ручка,0.994678,целый,0.864222,фарфор,0.99547
Нейш3А-2018-2581_orig.jpg,блюдце фарфор профиль фрагмент,блюдце,0.958728,профиль,0.955552,фрагмент,0.9384,фарфор,0.61715
Нейш3А-2018-2588_orig.jpg,крышка фарфор ручка фрагмент,крышка,0.999388,ручка,0.990107,фрагмент,0.973306,фарфор,0.994519
Нейш3А-2018-2665_orig.jpg,тарелка керамика донце фрагмент,тарелка,0.947673,донце,0.97666,фрагмент,0.999889,керамика,0.998479
Нейш3А-2018-2759_orig.jpg,крышка фарфор ручка,крышка,0.998621,ручка,0.943233,целый,0.979783,фарфор,0.918422
Нейш3А-2018-2773_orig.jpg,изразец керамика венчик фрагмент,изразец,0.70692,венчик,0.600608,фрагмент,0.999128,керамика,0.998746
Нейш3А-2018-2807_orig.jpg,изразец керамика венчик фрагмент,изразец,0.636917,венчик,0.904095,фрагмент,0.999849,керамика,0.963849
Нейш3А-2018-2841_orig.jpg,блюдце фарфор профиль фрагмент,блюдце,0.994599,профиль,0.990851,фрагмент,0.999982,фарфор,0.989202
Нейш3А-2018-2921_orig.jpg,блюдце фарфор профиль фрагмент,блюдце,0.660267,профиль,0.952939,фрагмент,0.999988,фарфор,0.962146
Нейш3А-2018-2925_orig.jpg,блюдце фарфор донце фрагмент,блюдце,0.897874,донце,0.920778,фрагмент,0.999982,фарфор,0.898585
Нейш3А-2018-2926_orig.jpg,блюдце фарфор профиль фрагмент,блюдце,0.721916,профиль,0.954406,фрагмент,0.999993,фарфор,0.961284
Нейш3А-2018-2953_orig.jpg,тарелка фаянс венчик фрагмент,тарелка,0.804107,венчик,0.980652,фрагмент,0.999972,фаянс,0.856016
Нейш3А-2018-3010_orig.jpg,тарелка фаянс венчик фрагмент,тарелка,0.978691,венчик,0.995941,фрагмент,0.999983,фаянс,0.976424
Нейш3А-2018-3011_orig.jpg,тарелка фаянс профиль фрагмент,тарелка,0.999528,профиль,0.579409,фрагмент,0.999888,фаянс,0.993719
Нейш3А-2018-3012_orig.jpg,тарелка фаянс профиль фрагмент,тарелка,0.999808,профиль,0.97872,фрагмент,0.999899,фаянс,0.924683
Нейш3А-2018-3039_orig.jpg,тарелка фаянс венчик фрагмент,тарелка,0.991521,венчик,0.946074,фрагмент,0.999985,фаянс,0.989751
Нейш3А-2018-3050_orig.jpg,изразец керамика профиль,изразец,0.999872,профиль,0.770402,целый,0.938824,керамика,0.99901
Нейш3А-2018-3060_orig.jpg,блюдце фарфор профиль фрагмент,блюдце,0.9148,профиль,0.610971,фрагмент,0.999998,фарфор,0.507657
Нейш3А-2018-3690_orig.jpg,блюдце стекло профиль фрагмент,блюдце,0.990905,профиль,0.980972,фрагмент,0.999179,стекло,0.997232
Нейш3А-2018-3692_orig.jpg,крышка стекло ручка,крышка,0.648733,ручка,0.941136,целый,0.982259,стекло,0.996766
Нейш3А-2018-3712_orig.jpg,изразец керамика прочее фрагмент,изразец,0.998336,прочее,0.99026,фрагмент,0.999612,керамика,0.994799
Нейш3А-2018-3748_orig.jpg,блюдце фарфор донце фрагмент,блюдце,0.989983,донце,0.993429,фрагмент,0.997478,фарфор,0.997175
Нейш3А-2018-3996_orig.jpg,блюдце стекло ручка,блюдце,0.961838,ручка,0.51187,целый,0.996518,стекло,0.9966
Нейш3А-2018-4068_orig.jpg,крышка фарфор ручка,крышка,0.999792,ручка,0.995105,целый,0.657192,фарфор,0.626934
Нейш3А-2018-4071_orig.jpg,изразец керамика,изразец,0.999785,прочее,0.43543,целый,0.964209,керамика,0.999296
Нейш3А-2018-4085_orig.jpg,изразец керамика профиль,изразец,0.99999,профиль,0.619899,целый,0.96669,керамика,0.999667
Нейш3А-2018-4094_orig.jpg,крышка стекло профиль фрагмент,крышка,0.988154,профиль,0.991271,фрагмент,0.99979,стекло,0.99279
Нейш3А-2018-4342_orig.jpg,крышка керамика ручка фрагмент,крышка,0.992587,ручка,0.993378,фрагмент,0.999449,керамика,0.995768
Нейш3А-2018-4499_orig.jpg,крышка стекло донце фрагмент,крышка,0.673553,донце,0.513277,фрагмент,0.669442,стекло,0.815365
Нейш3А-2018-4581_orig.jpg,тарелка фарфор донце фрагмент,тарелка,0.975758,донце,0.943692,фрагмент,0.996873,фарфор,0.998891
Нейш3А-2018-4582_orig.jpg,блюдце фарфор профиль фрагмент,блюдце,0.989893,профиль,0.883674,фрагмент,0.981694,фарфор,0.999788
Нейш3А-2018-4583_orig.jpg,блюдце фарфор профиль фрагмент,блюдце,0.99696,профиль,0.975364,фрагмент,0.995818,фарфор,0.997644
Нейш3А-2018-4603_orig.jpg,блюдце фарфор венчик фрагмент,блюдце,0.988236,венчик,0.970729,фрагмент,0.996794,фарфор,0.983062
Нейш3А-2018-4604_orig.jpg,тарелка фарфор венчик фрагмент,тарелка,0.995664,венчик,0.987285,фрагмент,0.998527,фарфор,0.916194
Нейш3А-2018-4678_orig.jpg,тарелка фаянс профиль фрагмент,тарелка,0.998823,профиль,0.994709,фрагмент,0.999997,фаянс,0.998414
Нейш3А-2018-4680_orig.jpg,миска керамика донце фрагмент,миска,0.999069,донце,0.961701,фрагмент,0.999969,керамика,0.996086
Нейш3А-2018-4742_orig.jpg,блюдце фарфор профиль фрагмент,блюдце,0.999751,профиль,0.998913,фрагмент,0.998715,фарфор,0.992218
Нейш3А-2018-4743_orig.jpg,блюдце фарфор профиль фрагмент,блюдце,0.999049,профиль,0.99376,фрагмент,0.995687,фарфор,0.996461
Нейш3А-2018-4749_orig.jpg,тарелка фарфор венчик фрагмент,тарелка,0.980533,венчик,0.981274,фрагмент,0.999979,фарфор,0.981307
Нейш3А-2018-4751_orig.jpg,блюдце фарфор профиль фрагмент,блюдце,0.998149,профиль,0.770176,фрагмент,0.998669,фарфор,0.99611
Нейш3А-2018-4837_orig.jpg,миска керамика профиль фрагмент,миска,0.970084,профиль,0.987087,фрагмент,0.999105,керамика,0.999841
Нейш3А-2018-4912_orig.jpg,тарелка фаянс венчик фрагмент,тарелка,0.999273,венчик,0.998562,фрагмент,0.99988,фаянс,0.997508
Нейш3А-2018-4914_orig.jpg,тарелка фаянс профиль фрагмент,тарелка,0.996073,профиль,0.680624,фрагмент,0.999885,фаянс,0.995996
Нейш3А-2018-4942_orig.jpg,блюдце фарфор профиль,блюдце,0.997213,профиль,0.639814,целый,0.688747,фарфор,0.997598
Нейш3А-2018-4945_orig.jpg,блюдце фарфор профиль фрагмент,блюдце,0.728507,профиль,0.946559,фрагмент,0.999961,фарфор,0.611054
Нейш3А-2018-4950_orig.jpg,тарелка фаянс венчик фрагмент,тарелка,0.999469,венчик,0.957192,фрагмент,0.999994,фаянс,0.948653
Нейш3А-2018-4972_orig.jpg,тарелка фарфор донце фрагмент,тарелка,0.984649,донце,0.797925,фрагмент,0.999969,фарфор,0.813357
Нейш3А-2018-4973_orig.jpg,тарелка фаянс донце фрагмент,тарелка,0.503772,донце,0.934428,фрагмент,0.999879,фаянс,0.54207
Нейш3А-2018-4976_orig.jpg,тарелка фаянс венчик фрагмент,тарелка,0.997161,венчик,0.979164,фрагмент,0.998741,фаянс,0.990486
Нейш3А-2018-4977_orig.jpg,тарелка фаянс донце фрагмент,тарелка,0.969773,донце,0.804832,фрагмент,0.999995,фаянс,0.67738
Нейш3А-2018-4978_orig.jpg,тарелка фаянс донце фрагмент,тарелка,0.998372,донце,0.987198,фрагмент,1.0,фаянс,0.997407
Нейш3А-2018-5002_orig.jpg,тарелка фарфор венчик фрагмент,тарелка,0.996574,венчик,0.900413,фрагмент,0.999887,фарфор,0.972494
Нейш3А-2018-5003_orig.jpg,блюдце фарфор профиль фрагмент,блюдце,0.9946,профиль,0.994186,фрагмент,0.998603,фарфор,0.986936
Нейш3А-2018-5004_orig.jpg,тарелка фарфор профиль фрагмент,тарелка,0.987191,профиль,0.991013,фрагмент,0.999783,фарфор,0.916902
Нейш3А-2018-5005_orig.jpg,блюдце фарфор донце фрагмент,блюдце,0.989213,донце,0.992555,фрагмент,0.999838,фарфор,0.995168
Нейш3А-2018-5125_orig.jpg,миска керамика венчик фрагмент,миска,0.514015,венчик,0.990616,фрагмент,0.996137,керамика,0.999507
Нейш3А-2018-5132_orig.jpg,тарелка керамика венчик фрагмент,тарелка,0.99087,венчик,0.990921,фрагмент,0.999992,керамика,0.962245
Нейш3А-2018-5182_orig.jpg,тарелка фаянс профиль фрагмент,тарелка,0.67704,профиль,0.604046,фрагмент,0.999974,фаянс,0.588541
Нейш3А-2018-5221_orig.jpg,блюдце фарфор донце фрагмент,блюдце,0.981227,донце,0.971611,фрагмент,0.999992,фарфор,0.993671
Нейш3А-2018-5225_orig.jpg,тарелка фарфор профиль фрагмент,тарелка,0.994962,профиль,0.963195,фрагмент,0.999546,фарфор,0.906994
Нейш3А-2018-5229_orig.jpg,тарелка фаянс профиль фрагмент,тарелка,0.716091,профиль,0.594228,фрагмент,0.999981,фаянс,0.720248
Нейш3А-2018-5232_orig.jpg,блюдце фарфор венчик фрагмент,блюдце,0.990056,венчик,0.947978,фрагмент,0.999999,фарфор,0.962383
Нейш3А-2018-5233_orig.jpg,блюдце фарфор профиль фрагмент,блюдце,0.994504,профиль,0.973798,фрагмент,0.999043,фарфор,0.993868
Нейш3А-2018-5236_orig.jpg,тарелка фарфор профиль фрагмент,тарелка,0.988519,профиль,0.956728,фрагмент,0.999844,фарфор,0.965057
Нейш3А-2018-5303_orig.jpg,миска керамика профиль фрагмент,миска,0.994656,профиль,0.960036,фрагмент,0.997912,керамика,0.999865
Нейш3А-2018-5597_orig.jpg,керамика профиль фрагмент,изразец,0.377022,профиль,0.575589,фрагмент,0.998712,керамика,0.588848
Нейш3А-2018-5599_orig.jpg,тарелка фаянс донце фрагмент,тарелка,0.999436,донце,0.995425,фрагмент,0.999602,фаянс,0.990846
Нейш3А-2018-5618_orig.jpg,крышка керамика профиль фрагмент,крышка,0.995162,профиль,0.99055,фрагмент,1.0,керамика,0.959131
Нейш3А-2018-5619_orig.jpg,тарелка керамика профиль фрагмент,тарелка,0.983568,профиль,0.970056,фрагмент,0.999464,керамика,0.997724
Нейш3А-2018-5661_orig.jpg,тарелка фарфор профиль фрагмент,тарелка,0.874626,профиль,0.982345,фрагмент,0.999923,фарфор,0.745821
Нейш3А-2018-5706_orig.jpg,блюдце фарфор профиль фрагмент,блюдце,0.99491,профиль,0.815367,фрагмент,0.999926,фарфор,0.998183
Нейш3А-2018-5708_orig.jpg,тарелка фаянс донце фрагмент,тарелка,0.999607,донце,0.980408,фрагмент,0.999893,фаянс,0.995636
Нейш3А-2018-5721_orig.jpg,блюдце фарфор профиль фрагмент,блюдце,0.996603,профиль,0.907284,фрагмент,0.99996,фарфор,0.996446
Нейш3А-2018-5730_orig.jpg,крышка керамика венчик фрагмент,крышка,0.991668,венчик,0.98844,фрагмент,0.988096,керамика,0.923549
Нейш3А-2018-5763_orig.jpg,тарелка фаянс донце фрагмент,тарелка,0.998291,донце,0.999068,фрагмент,0.999903,фаянс,0.982761
Нейш3А-2018-5863_orig.jpg,миска керамика профиль фрагмент,миска,0.98835,профиль,0.984764,фрагмент,0.999894,керамика,0.998669
Нейш3А-2018-5886_orig.jpg,миска керамика профиль фрагмент,миска,0.997388,профиль,0.503385,фрагмент,0.999868,керамика,0.999891
Нейш3А-2018-5893_orig.jpg,тарелка керамика венчик фрагмент,тарелка,0.98407,венчик,0.992055,фрагмент,0.999994,керамика,0.989852
Нейш3А-2018-5912_orig.jpg,тарелка керамика профиль фрагмент,тарелка,0.987873,профиль,0.994107,фрагмент,0.999846,керамика,0.970897
Нейш3А-2018-5925_orig.jpg,миска керамика профиль фрагмент,миска,0.992644,профиль,0.947511,фрагмент,0.997205,керамика,0.995333
Нейш3А-2018-5959_orig.jpg,крышка керамика ручка фрагмент,крышка,0.99962,ручка,0.99844,фрагмент,0.99965,керамика,0.981118
Нейш3А-2018-5970_orig.jpg,крышка фаянс ручка фрагмент,крышка,0.977036,ручка,0.78834,фрагмент,0.927616,фаянс,0.784949
Нейш3А-2018-5986_orig.jpg,крышка керамика профиль фрагмент,крышка,0.996285,профиль,0.982167,фрагмент,0.999255,керамика,0.999506
Нейш3А-2018-6024_orig.jpg,миска керамика венчик фрагмент,миска,0.997083,венчик,0.99275,фрагмент,0.999977,керамика,0.988486
Нейш3А-2018-6025_orig.jpg,миска керамика венчик фрагмент,миска,0.63466,венчик,0.588891,фрагмент,0.999999,керамика,0.98923
Нейш3А-2018-6028_orig.jpg,миска керамика венчик фрагмент,миска,0.99416,венчик,0.991614,фрагмент,0.999992,керамика,0.99468
Нейш3А-2018-6055_orig.jpg,крышка керамика профиль фрагмент,крышка,0.999066,профиль,0.998017,фрагмент,0.996974,керамика,0.977063
Нейш3А-2018-6220_orig.jpg,миска керамика профиль фрагмент,миска,0.99664,профиль,0.995309,фрагмент,0.99999,керамика,0.990577
Нейш3А-2018-6297_orig.jpg,миска керамика профиль фрагмент,миска,0.991817,профиль,0.993654,фрагмент,0.999935,керамика,0.999335
Нейш3А-2018-6973_orig.jpg,тарелка фаянс фрагмент,тарелка,0.979399,донце,0.483428,фрагмент,0.999498,фаянс,0.90751
Нейш3А-2018-7127_orig.jpg,тарелка керамика венчик фрагмент,тарелка,0.997056,венчик,0.998455,фрагмент,0.999886,керамика,0.832033
Нейш3А-2018-7177_orig.jpg,крышка керамика профиль фрагмент,крышка,0.995085,профиль,0.99334,фрагмент,0.999937,керамика,0.999566
Нейш3А-2018-7185_orig.jpg,тарелка фарфор профиль фрагмент,тарелка,0.998711,профиль,0.990477,фрагмент,0.999989,фарфор,0.777231
Нейш3А-2018-7193_orig.jpg,тарелка фаянс профиль фрагмент,тарелка,0.994921,профиль,0.930822,фрагмент,0.999997,фаянс,0.999175
Нейш3А-2018-7194_orig.jpg,тарелка фаянс профиль фрагмент,тарелка,0.99802,профиль,0.995124,фрагмент,0.999988,фаянс,0.994638
Нейш3А-2018-7207_orig.jpg,тарелка фаянс донце фрагмент,тарелка,0.997317,донце,0.946344,фрагмент,0.999997,фаянс,0.997568
Нейш3А-2018-7213_orig.jpg,тарелка фаянс профиль фрагмент,тарелка,0.973325,профиль,0.907308,фрагмент,0.999989,фаянс,0.983105
Нейш3А-2018-7215_orig.jpg,блюдце фаянс профиль фрагмент,блюдце,0.990782,профиль,0.994439,фрагмент,0.999993,фаянс,0.992826
Нейш3А-2018-7216_orig.jpg,тарелка фаянс профиль фрагмент,тарелка,0.843552,профиль,0.77877,фрагмент,0.999991,фаянс,0.978426
Нейш3А-2018-7338_orig.jpg,тарелка фаянс профиль фрагмент,тарелка,0.996471,профиль,0.976918,фрагмент,0.999997,фаянс,0.845564
Нейш3А-2019-097_orig.jpg,крышка фарфор ручка фрагмент,крышка,0.999802,ручка,0.996044,фрагмент,0.995245,фарфор,0.954705
Нейш3А-2019-113_orig.jpg,миска керамика венчик фрагмент,миска,0.999147,венчик,0.981559,фрагмент,0.999991,керамика,0.999989
Нц-102-1519_orig.jpg,керамика,тарелка,0.444695,прочее,0.495404,целый,0.961819,керамика,0.612406
Нц-102-1523_orig.jpg,изразец керамика фрагмент,изразец,0.987953,венчик,0.472736,фрагмент,0.989977,керамика,0.998704
Нц-102-1945_orig.jpg,изразец керамика венчик фрагмент,изразец,0.997347,венчик,0.754482,фрагмент,0.995692,керамика,0.96932
Нц-102-1976_orig.jpg,изразец керамика фрагмент,изразец,0.961119,донце,0.459808,фрагмент,0.999352,керамика,0.997401
Нц-102-1977_orig.jpg,изразец фаянс донце фрагмент,изразец,0.844355,донце,0.626601,фрагмент,0.983334,фаянс,0.608604
Нц-106-03_orig.jpg,тарелка керамика венчик фрагмент,тарелка,0.880822,венчик,0.970439,фрагмент,0.999997,керамика,0.868196
Нц-106-11_orig.jpg,тарелка керамика венчик фрагмент,тарелка,0.981235,венчик,0.995194,фрагмент,0.999968,керамика,0.998022
Нц-106-19_orig.jpg,изразец керамика венчик фрагмент,изразец,0.999567,венчик,0.647898,фрагмент,0.997528,керамика,0.999981
Нц-23-0180_orig.jpg,изразец керамика донце фрагмент,изразец,0.997047,донце,0.688596,фрагмент,0.999883,керамика,0.999967
Нц-23-0261_orig.jpg,изразец керамика фрагмент,изразец,0.999757,профиль,0.466384,фрагмент,0.999616,керамика,0.999907
Нц-23-0561_orig.jpg,изразец керамика венчик фрагмент,изразец,0.999989,венчик,0.591255,фрагмент,0.999831,керамика,0.999995
Нц-23-1058_orig.jpg,тарелка керамика прочее фрагмент,тарелка,0.990351,прочее,0.982437,фрагмент,0.999818,керамика,0.999682
Нц-23-1080_orig.jpg,тарелка керамика фрагмент,тарелка,0.716861,донце,0.402355,фрагмент,0.999896,керамика,0.996539
Нц-23-1215_orig.jpg,тарелка керамика донце фрагмент,тарелка,0.986424,донце,0.712263,фрагмент,0.999974,керамика,0.895519
Нц-23-1503_orig.jpg,тарелка керамика венчик фрагмент,тарелка,0.992753,венчик,0.998163,фрагмент,0.999977,керамика,0.999038
Нц-23-1785_orig.jpg,тарелка керамика донце фрагмент,тарелка,0.986052,донце,0.701628,фрагмент,0.999796,керамика,0.996466
Нц-23-1970_orig.jpg,изразец керамика венчик фрагмент,изразец,0.999173,венчик,0.584934,фрагмент,0.999932,керамика,0.999987
Нц-23-2064_orig.jpg,изразец керамика фрагмент,изразец,0.999748,венчик,0.465743,фрагмент,0.994745,керамика,0.99997
Нц-23-2163_orig.jpg,тарелка керамика венчик фрагмент,тарелка,0.998237,венчик,0.861009,фрагмент,0.999998,керамика,0.994637
Нц-23-2188_orig.jpg,изразец керамика прочее фрагмент,изразец,0.999205,прочее,0.549468,фрагмент,0.999449,керамика,0.999408
Нц-23-2266_orig.jpg,тарелка керамика венчик фрагмент,тарелка,0.903968,венчик,0.954919,фрагмент,0.999895,керамика,0.996819
Нц-23-2271_orig.jpg,изразец керамика донце фрагмент,изразец,0.676721,донце,0.76364,фрагмент,0.999865,керамика,0.999199
Нц-24-026_orig.jpg,тарелка стекло венчик фрагмент,тарелка,0.988935,венчик,0.643314,фрагмент,0.999594,стекло,0.98912
Нц-24-129_orig.jpg,изразец керамика венчик фрагмент,изразец,0.994642,венчик,0.967429,фрагмент,0.945877,керамика,0.999981
Нц-24-130_orig.jpg,миска керамика венчик фрагмент,миска,0.997306,венчик,0.997426,фрагмент,0.9997,керамика,0.999195
Нц-24-190_orig.jpg,тарелка керамика донце фрагмент,тарелка,0.928259,донце,0.641466,фрагмент,0.999513,керамика,0.523099
Нц-25-0068_orig.jpg,изразец керамика профиль фрагмент,изразец,0.999581,профиль,0.629254,фрагмент,0.999565,керамика,0.999909
Нц-25-0093_orig.jpg,изразец керамика профиль фрагмент,изразец,0.999948,профиль,0.992822,фрагмент,0.998101,керамика,0.999849
Нц-25-0417_orig.jpg,изразец керамика профиль фрагмент,изразец,0.994303,профиль,0.956658,фрагмент,0.999978,керамика,0.999993
Нц-25-0652_orig.jpg,изразец керамика профиль фрагмент,изразец,0.95935,профиль,0.521256,фрагмент,0.999919,керамика,0.999985
Нц-25-0730_orig.jpg,изразец керамика фрагмент,изразец,0.97549,венчик,0.381561,фрагмент,0.999982,керамика,0.999466
Нц-25-0759_orig.jpg,изразец керамика прочее фрагмент,изразец,0.997779,прочее,0.661036,фрагмент,0.995412,керамика,0.973752
Нц-25-1004_orig.jpg,изразец керамика прочее фрагмент,изразец,0.982708,прочее,0.512117,фрагмент,0.999993,керамика,0.974695
Нц-26-027_orig.jpg,изразец керамика донце фрагмент,изразец,0.999107,донце,0.679861,фрагмент,0.998507,керамика,0.999739
Нц-27-261_orig.jpg,изразец керамика донце фрагмент,изразец,0.999615,донце,0.745023,фрагмент,0.999842,керамика,0.999609
Нц-27-470_orig.jpg,изразец керамика фрагмент,изразец,0.999989,венчик,0.423303,фрагмент,0.99921,керамика,0.999966
Нц-27-481_orig.jpg,изразец керамика профиль фрагмент,изразец,0.999635,профиль,0.627832,фрагмент,0.999934,керамика,0.999951
Нц-27-493_orig.jpg,изразец керамика венчик фрагмент,изразец,0.98193,венчик,0.887193,фрагмент,0.803655,керамика,0.999907
Нц-27-537_orig.jpg,изразец керамика фрагмент,изразец,0.99658,венчик,0.328256,фрагмент,0.999702,керамика,0.999825
Нц-27-591_orig.jpg,изразец керамика венчик фрагмент,изразец,0.999309,венчик,0.627759,фрагмент,0.999924,керамика,0.999691
Нц-27-617_orig.jpg,изразец керамика профиль фрагмент,изразец,0.999645,профиль,0.791555,фрагмент,0.998607,керамика,0.999926
Нц-29-17_orig.jpg,изразец керамика профиль фрагмент,изразец,0.999968,профиль,0.686738,фрагмент,0.999788,керамика,0.999864
Нц-30-025_orig.jpg,тарелка керамика венчик фрагмент,тарелка,0.990068,венчик,0.941468,фрагмент,0.999996,керамика,0.999684
Нц-30-065_orig.jpg,тарелка керамика венчик фрагмент,тарелка,0.993615,венчик,0.836521,фрагмент,0.999501,керамика,0.996799
Нц-30-131_orig.jpg,миска керамика венчик фрагмент,миска,0.970516,венчик,0.912895,фрагмент,0.999937,керамика,0.999728
Нц-30-662_orig.jpg,крышка стекло ручка фрагмент,крышка,0.996589,ручка,0.99835,фрагмент,0.976329,стекло,0.983028
Нц-30-689_orig.jpg,тарелка фаянс донце фрагмент,тарелка,0.998678,донце,0.987225,фрагмент,0.999751,фаянс,0.971915
Нц-30-705_orig.jpg,тарелка керамика венчик фрагмент,тарелка,0.959741,венчик,0.996827,фрагмент,0.999964,керамика,0.998756
Нц-30-716_orig.jpg,тарелка фаянс донце фрагмент,тарелка,0.997143,донце,0.944994,фрагмент,0.999931,фаянс,0.979933
Нц-30-733_orig.jpg,тарелка фаянс донце фрагмент,тарелка,0.997436,донце,0.751191,фрагмент,0.996926,фаянс,0.968028
Нц-30-736_orig.jpg,тарелка фаянс профиль фрагмент,тарелка,0.997231,профиль,0.858095,фрагмент,0.999229,фаянс,0.976277
Нц-30-899_orig.jpg,миска керамика профиль фрагмент,миска,0.997766,профиль,0.985951,фрагмент,0.997883,керамика,0.929754
Нц-30-935_orig.jpg,изразец керамика фрагмент,изразец,0.999716,профиль,0.377901,фрагмент,0.999975,керамика,0.999971
Нц-30-968_orig.jpg,блюдце фаянс профиль фрагмент,блюдце,0.92943,профиль,0.530249,фрагмент,0.999041,фаянс,0.988748
Нц-30-982_orig.jpg,тарелка керамика профиль фрагмент,тарелка,0.98956,профиль,0.98007,фрагмент,0.999121,керамика,0.980888
Нц-31-0148_orig.jpg,изразец керамика ручка фрагмент,изразец,0.98666,ручка,0.502306,фрагмент,0.986835,керамика,0.982179
Нц-31-0204_orig.jpg,изразец керамика прочее фрагмент,изразец,0.996809,прочее,0.698463,фрагмент,0.999441,керамика,0.999191
Нц-31-0251_orig.jpg,изразец керамика профиль фрагмент,изразец,0.999992,профиль,0.814527,фрагмент,0.996538,керамика,0.999993
Нц-31-0391_orig.jpg,изразец керамика венчик фрагмент,изразец,0.998957,венчик,0.80684,фрагмент,0.999843,керамика,0.998797
Нц-31-0593_orig.jpg,изразец керамика донце фрагмент,изразец,0.990833,донце,0.581276,фрагмент,0.999962,керамика,0.999745
Нц-31-0639_orig.jpg,изразец керамика венчик фрагмент,изразец,0.967371,венчик,0.717977,фрагмент,0.999851,керамика,0.999464
Нц-31-0850_orig.jpg,тарелка керамика профиль фрагмент,тарелка,0.946109,профиль,0.696712,фрагмент,0.999982,керамика,0.892492
Нц-32-0018_orig.jpg,изразец керамика венчик фрагмент,изразец,0.999808,венчик,0.530945,фрагмент,0.999981,керамика,0.999984
Нц-32-0019_orig.jpg,изразец керамика профиль фрагмент,изразец,0.999378,профиль,0.536153,фрагмент,0.99997,керамика,0.98764
Нц-32-0024_orig.jpg,изразец керамика венчик фрагмент,изразец,0.995782,венчик,0.685354,фрагмент,0.999356,керамика,0.999974
Нц-32-0062_orig.jpg,изразец керамика венчик фрагмент,изразец,0.999886,венчик,0.672512,фрагмент,0.99994,керамика,0.99998
Нц-32-0063_orig.jpg,тарелка фаянс донце фрагмент,тарелка,0.999448,донце,0.985185,фрагмент,0.999974,фаянс,0.990497
Нц-32-0087_orig.jpg,миска керамика венчик фрагмент,миска,0.997862,венчик,0.990607,фрагмент,0.999974,керамика,0.999983
Нц-32-0096_orig.jpg,изразец керамика донце фрагмент,изразец,0.999645,донце,0.881317,фрагмент,0.999687,керамика,0.998925
Нц-32-0099_orig.jpg,миска керамика венчик фрагмент,миска,0.999361,венчик,0.974365,фрагмент,0.999483,керамика,0.999967
Нц-32-0101_orig.jpg,тарелка керамика венчик фрагмент,тарелка,0.980033,венчик,0.999191,фрагмент,0.999986,керамика,0.973041
Нц-32-0130_orig.jpg,изразец керамика венчик фрагмент,изразец,0.999234,венчик,0.663456,фрагмент,0.997362,керамика,0.999995
Нц-32-0136_orig.jpg,керамика донце фрагмент,изразец,0.430139,донце,0.735254,фрагмент,0.999991,керамика,0.99993
Нц-32-0217_orig.jpg,миска керамика профиль фрагмент,миска,0.744644,профиль,0.687621,фрагмент,0.999503,керамика,0.999575
Нц-32-0339_orig.jpg,тарелка керамика донце фрагмент,тарелка,0.993258,донце,0.997043,фрагмент,0.999907,керамика,0.838475
Нц-32-0344_orig.jpg,тарелка фаянс профиль фрагмент,тарелка,0.99428,профиль,0.974615,фрагмент,0.99998,фаянс,0.997467
Нц-32-0466_orig.jpg,изразец керамика фрагмент,изразец,0.999917,донце,0.433421,фрагмент,0.999919,керамика,0.999827
Нц-32-0509_orig.jpg,тарелка фарфор профиль фрагмент,тарелка,0.786252,профиль,0.881095,фрагмент,0.999891,фарфор,0.929776
Нц-32-0785_orig.jpg,миска керамика профиль фрагмент,миска,0.997578,профиль,0.975356,фрагмент,0.999983,керамика,0.999954
Нц-32-0837_orig.jpg,изразец керамика венчик фрагмент,изразец,0.996815,венчик,0.866139,фрагмент,0.998007,керамика,0.969081
Нц-32-0918_orig.jpg,изразец керамика венчик фрагмент,изразец,0.991787,венчик,0.688084,фрагмент,0.997687,керамика,0.99995
Нц-32-0937_orig.jpg,тарелка керамика венчик фрагмент,тарелка,0.997666,венчик,0.985988,фрагмент,0.999963,керамика,0.971041
Нц-32-0978_orig.jpg,изразец керамика фрагмент,изразец,0.999468,профиль,0.376923,фрагмент,0.999311,керамика,0.998255
Нц-32-1000_orig.jpg,тарелка керамика венчик фрагмент,тарелка,0.993658,венчик,0.992938,фрагмент,0.999977,керамика,0.994783
Нц-32-1037_orig.jpg,тарелка керамика венчик фрагмент,тарелка,0.984929,венчик,0.951843,фрагмент,0.999972,керамика,0.998306
Нц-33-0068_orig.jpg,тарелка фаянс донце фрагмент,тарелка,0.998663,донце,0.735142,фрагмент,0.999951,фаянс,0.989227
Нц-33-0072_orig.jpg,изразец керамика венчик фрагмент,изразец,0.996164,венчик,0.687169,фрагмент,0.999484,керамика,0.999968
Нц-33-0075_orig.jpg,тарелка фаянс прочее фрагмент,тарелка,0.979812,прочее,0.989234,фрагмент,0.999843,фаянс,0.926184
Нц-33-0113_orig.jpg,блюдце фарфор профиль фрагмент,блюдце,0.99989,профиль,0.980348,фрагмент,0.998922,фарфор,0.996513
Нц-33-0129_orig.jpg,крышка стекло ручка фрагмент,крышка,0.988555,ручка,0.678335,фрагмент,0.999622,стекло,0.992727
Нц-33-0135_orig.jpg,изразец керамика венчик фрагмент,изразец,0.995251,венчик,0.630881,фрагмент,0.999864,керамика,0.999964
Нц-33-0179_orig.jpg,блюдце фарфор профиль фрагмент,блюдце,0.992877,профиль,0.994301,фрагмент,0.99962,фарфор,0.98079
Нц-33-0286_orig.jpg,тарелка фаянс донце фрагмент,тарелка,0.99983,донце,0.98179,фрагмент,0.998948,фаянс,0.998137
Нц-33-0307_orig.jpg,изразец керамика профиль фрагмент,изразец,0.999969,профиль,0.860837,фрагмент,0.997693,керамика,0.999913
Нц-33-0621_orig.jpg,тарелка фаянс донце фрагмент,тарелка,0.998723,донце,0.558121,фрагмент,0.999998,фаянс,0.966792
Нц-33-0703_orig.jpg,тарелка фаянс донце фрагмент,тарелка,0.888031,донце,0.881424,фрагмент,0.999156,фаянс,0.851576
Нц-33-1349_orig.jpg,тарелка фаянс венчик фрагмент,тарелка,0.999795,венчик,0.949132,фрагмент,0.999933,фаянс,0.526042
Нц-33-1499_orig.jpg,тарелка фаянс донце,тарелка,0.975263,донце,0.961806,целый,0.999252,фаянс,0.849739
Нц-33-1686_orig.jpg,тарелка керамика прочее фрагмент,тарелка,0.999025,прочее,0.99847,фрагмент,0.999963,керамика,0.908268
Нц-33-1713_orig.jpg,миска керамика профиль фрагмент,миска,0.512581,профиль,0.879013,фрагмент,0.999967,керамика,0.999195
Нц-33-1733_orig.jpg,блюдце фаянс профиль фрагмент,блюдце,0.765416,профиль,0.974443,фрагмент,0.999592,фаянс,0.755133
Нц-33-1878_orig.jpg,тарелка фаянс венчик фрагмент,тарелка,0.999201,венчик,0.98609,фрагмент,0.999935,фаянс,0.990857
Нц-33-2470_orig.jpg,тарелка керамика венчик фрагмент,тарелка,0.863152,венчик,0.793356,фрагмент,0.999958,керамика,0.995392
Нц-33-2608_orig.jpg,тарелка фаянс прочее фрагмент,тарелка,0.983025,прочее,0.986861,фрагмент,0.994529,фаянс,0.922793
Нц-33-2748_orig.jpg,миска керамика венчик фрагмент,миска,0.99564,венчик,0.564068,фрагмент,0.999892,керамика,0.999665
Нц-33-2751_orig.jpg,миска керамика венчик фрагмент,миска,0.533498,венчик,0.82761,фрагмент,0.999721,керамика,0.999653
Нц-33-2813_orig.jpg,тарелка керамика венчик фрагмент,тарелка,0.985067,венчик,0.942101,фрагмент,0.999963,керамика,0.988591
Нц-33-2934_orig.jpg,тарелка керамика венчик фрагмент,тарелка,0.994642,венчик,0.959334,фрагмент,0.999722,керамика,0.999088
Нц-33-2938_orig.jpg,тарелка керамика венчик фрагмент,тарелка,0.949626,венчик,0.731508,фрагмент,0.999987,керамика,0.998739
Нц-33-2946_orig.jpg,тарелка фаянс венчик фрагмент,тарелка,0.999877,венчик,0.519102,фрагмент,0.999999,фаянс,0.97861
Нц-33-2959_orig.jpg,тарелка керамика венчик фрагмент,тарелка,0.961335,венчик,0.99799,фрагмент,0.99999,керамика,0.805218
Нц-33-2987_orig.jpg,тарелка фаянс профиль фрагмент,тарелка,0.996421,профиль,0.957397,фрагмент,0.999879,фаянс,0.994256
Нц-33-2988_orig.jpg,тарелка фаянс профиль фрагмент,тарелка,0.981107,профиль,0.935717,фрагмент,0.999984,фаянс,0.941183
Нц-33-2989_orig.jpg,тарелка фаянс прочее фрагмент,тарелка,0.990974,прочее,0.984002,фрагмент,0.999881,фаянс,0.983138
Нц-33-2990_orig.jpg,тарелка фаянс прочее фрагмент,тарелка,0.796182,прочее,0.593664,фрагмент,0.999986,фаянс,0.962286
Нц-33-2991_orig.jpg,тарелка керамика прочее фрагмент,тарелка,0.995975,прочее,0.986526,фрагмент,0.999893,керамика,0.799916
Нц-33-3019_orig.jpg,тарелка фаянс венчик фрагмент,тарелка,0.999907,венчик,0.998099,фрагмент,0.999992,фаянс,0.993994
Нц-33-3732_orig.jpg,тарелка керамика донце фрагмент,тарелка,0.993527,донце,0.882005,фрагмент,0.999958,керамика,0.867657
Нц-33-4316_orig.jpg,тарелка фаянс венчик фрагмент,тарелка,0.996566,венчик,0.992707,фрагмент,0.999959,фаянс,0.990295
Нц-33-4872_orig.jpg,тарелка керамика профиль фрагмент,тарелка,0.99808,профиль,0.984675,фрагмент,0.998631,керамика,0.99076
Нц-33-5144_orig.jpg,тарелка керамика профиль фрагмент,тарелка,0.912907,профиль,0.995752,фрагмент,0.997088,керамика,0.912556
Нц-33-5186_orig.jpg,крышка керамика ручка фрагмент,крышка,0.997203,ручка,0.995911,фрагмент,0.998373,керамика,0.997974
Нц-33-5212_orig.jpg,тарелка керамика венчик фрагмент,тарелка,0.996115,венчик,0.997484,фрагмент,0.999905,керамика,0.989988
Нц-33-5293_orig.jpg,тарелка керамика венчик фрагмент,тарелка,0.996351,венчик,0.996828,фрагмент,0.999562,керамика,0.995645
Нц-33-5509_orig.jpg,тарелка фаянс донце фрагмент,тарелка,0.994342,донце,0.996313,фрагмент,0.993785,фаянс,0.991566
Нц-33-5519_orig.jpg,тарелка керамика венчик фрагмент,тарелка,0.728059,венчик,0.842742,фрагмент,0.999945,керамика,0.999203
Нц-33-5520_orig.jpg,тарелка керамика профиль фрагмент,тарелка,0.99207,профиль,0.945561,фрагмент,0.999978,керамика,0.917349
Нц-33-5563_orig.jpg,изразец керамика венчик фрагмент,изразец,0.998837,венчик,0.574621,фрагмент,0.999922,керамика,0.999653
Нц-33-5574_orig.jpg,тарелка керамика венчик фрагмент,тарелка,0.984725,венчик,0.99879,фрагмент,0.99993,керамика,0.873058
Нц-33-5599_orig.jpg,тарелка керамика венчик фрагмент,тарелка,0.987594,венчик,0.860539,фрагмент,0.99999,керамика,0.996668
Нц-33-5640_orig.jpg,тарелка керамика венчик фрагмент,тарелка,0.996128,венчик,0.994476,фрагмент,0.999714,керамика,0.539288
Нц-33-5724_orig.jpg,миска керамика венчик фрагмент,миска,0.990616,венчик,0.745773,фрагмент,0.999249,керамика,0.999533
Нц-33-5728_orig.jpg,изразец керамика венчик фрагмент,изразец,0.607069,венчик,0.916513,фрагмент,0.997863,керамика,0.999814
Нц-33-5736_orig.jpg,изразец керамика профиль фрагмент,изразец,0.999367,профиль,0.919747,фрагмент,0.998981,керамика,0.999931
Нц-33-5749_orig.jpg,блюдце фарфор фрагмент,блюдце,0.994003,профиль,0.383811,фрагмент,0.999497,фарфор,0.965174
Нц-33-5758_orig.jpg,тарелка фаянс донце фрагмент,тарелка,0.999954,донце,0.809877,фрагмент,0.999956,фаянс,0.992587
Нц-33-5772_orig.jpg,тарелка керамика венчик фрагмент,тарелка,0.986025,венчик,0.78542,фрагмент,0.999652,керамика,0.96807
Нц-33-5782_orig.jpg,тарелка керамика венчик фрагмент,тарелка,0.963467,венчик,0.996892,фрагмент,0.999904,керамика,0.995164
Нц-33-5829_orig.jpg,крышка керамика венчик фрагмент,крышка,0.947186,венчик,0.971132,фрагмент,0.99999,керамика,0.995473
Нц-33-5841_orig.jpg,тарелка керамика венчик фрагмент,тарелка,0.998653,венчик,0.998904,фрагмент,0.999986,керамика,0.995432
Нц-33-5842_orig.jpg,тарелка керамика донце фрагмент,тарелка,0.992967,донце,0.975255,фрагмент,0.999971,керамика,0.985665
Нц-34-079_orig.jpg,изразец керамика фрагмент,изразец,0.998701,профиль,0.473656,фрагмент,0.999975,керамика,0.99963
Нц-34-081_orig.jpg,изразец керамика фрагмент,изразец,0.99984,профиль,0.414628,фрагмент,0.999983,керамика,0.998061
Нц-34-099_orig.jpg,изразец керамика фрагмент,изразец,0.999828,профиль,0.369788,фрагмент,0.998942,керамика,0.998831
Нц-34-137_orig.jpg,миска керамика профиль фрагмент,миска,0.473908,профиль,0.504572,фрагмент,0.999937,керамика,0.998441
Нц-35-033_orig.jpg,тарелка фаянс донце фрагмент,тарелка,0.968101,донце,0.960496,фрагмент,0.999352,фаянс,0.976321
Нц-35-123_orig.jpg,изразец керамика донце фрагмент,изразец,0.99989,донце,0.516252,фрагмент,0.997897,керамика,0.999889
Нц-35-151_orig.jpg,тарелка фарфор профиль фрагмент,тарелка,0.920106,профиль,0.960283,фрагмент,0.999925,фарфор,0.605714
Нц-35-180_orig.jpg,изразец керамика фрагмент,изразец,0.999825,венчик,0.442793,фрагмент,0.999667,керамика,0.999969
Нц-35-190_orig.jpg,блюдце фарфор профиль фрагмент,блюдце,0.990018,профиль,0.573879,фрагмент,0.626288,фарфор,0.732693
Нц-35-225_orig.jpg,блюдце фарфор донце фрагмент,блюдце,0.99207,донце,0.747002,фрагмент,0.999988,фарфор,0.973174
Нц-35-314_orig.jpg,тарелка фаянс венчик фрагмент,тарелка,0.95445,венчик,0.508517,фрагмент,0.999936,фаянс,0.736822
Нц-36-274_orig.jpg,тарелка фаянс донце фрагмент,тарелка,0.999257,донце,0.980803,фрагмент,0.999982,фаянс,0.990559
Нц-36-397_orig.jpg,тарелка керамика профиль фрагмент,тарелка,0.910109,профиль,0.977091,фрагмент,0.999869,керамика,0.99794
Нц-36-401_orig.jpg,тарелка фаянс донце фрагмент,тарелка,0.999453,донце,0.989805,фрагмент,0.999554,фаянс,0.998354
Нц-36-469_orig.jpg,тарелка фаянс донце фрагмент,тарелка,0.996792,донце,0.977473,фрагмент,0.99957,фаянс,0.982227
Нц-36-503_orig.jpg,тарелка фаянс венчик фрагмент,тарелка,0.986835,венчик,0.919987,фрагмент,0.996748,фаянс,0.727164
Нц-36-532_orig.jpg,тарелка керамика фрагмент,тарелка,0.752873,донце,0.425347,фрагмент,0.999983,керамика,0.97028
Нц-36-704_orig.jpg,тарелка керамика венчик фрагмент,тарелка,0.99914,венчик,0.989456,фрагмент,0.999966,керамика,0.990191
Нц-37-0054_orig.jpg,изразец керамика фрагмент,изразец,0.999457,профиль,0.467411,фрагмент,0.999988,керамика,0.9972
Нц-37-0071_orig.jpg,тарелка керамика венчик фрагмент,тарелка,0.982799,венчик,0.782431,фрагмент,0.999297,керамика,0.992752
Нц-37-0125_orig.jpg,изразец керамика профиль фрагмент,изразец,0.998303,профиль,0.557652,фрагмент,0.999806,керамика,0.999819
Нц-37-0195_orig.jpg,изразец керамика профиль фрагмент,изразец,0.999993,профиль,0.928914,фрагмент,0.989392,керамика,0.999222
Нц-37-0203_orig.jpg,тарелка керамика венчик фрагмент,тарелка,0.993321,венчик,0.67883,фрагмент,0.999763,керамика,0.992831
Нц-37-0344_orig.jpg,изразец керамика профиль фрагмент,изразец,0.999958,профиль,0.542006,фрагмент,0.998739,керамика,0.999976
Нц-37-0466_orig.jpg,изразец керамика профиль фрагмент,изразец,0.999882,профиль,0.858572,фрагмент,0.99923,керамика,0.998363
Нц-37-0585_orig.jpg,изразец керамика профиль фрагмент,изразец,0.999993,профиль,0.759904,фрагмент,0.970975,керамика,0.999968
Нц-37-0586_orig.jpg,изразец керамика профиль фрагмент,изразец,0.999991,профиль,0.796808,фрагмент,0.995664,керамика,0.999991
Нц-37-0587_orig.jpg,изразец керамика фрагмент,изразец,0.999909,донце,0.425685,фрагмент,0.975504,керамика,0.999765
Нц-37-0588_orig.jpg,изразец керамика венчик фрагмент,изразец,0.999911,венчик,0.717053,фрагмент,0.99866,керамика,0.999757
Нц-37-0589_orig.jpg,изразец керамика фрагмент,изразец,0.999929,профиль,0.388998,фрагмент,0.96815,керамика,0.999215
Нц-37-0590_orig.jpg,изразец керамика донце фрагмент,изразец,0.999953,донце,0.50337,фрагмент,0.993672,керамика,0.999688
Нц-37-0653_orig.jpg,изразец керамика профиль фрагмент,изразец,0.999951,профиль,0.94507,фрагмент,0.999554,керамика,0.999974
Нц-37-0654_orig.jpg,изразец керамика фрагмент,изразец,0.999993,прочее,0.351515,фрагмент,0.864827,керамика,0.99993
Нц-37-0655_orig.jpg,изразец керамика профиль фрагмент,изразец,0.999427,профиль,0.575369,фрагмент,0.927806,керамика,0.999891
Нц-37-0656_orig.jpg,изразец керамика,изразец,0.999584,донце,0.45877,целый,0.989619,керамика,0.998005
Нц-37-1369_orig.jpg,изразец керамика донце фрагмент,изразец,0.993644,донце,0.968751,фрагмент,0.999706,керамика,0.999961
Нц-37-1482_orig.jpg,изразец керамика профиль фрагмент,изразец,0.999932,профиль,0.764641,фрагмент,0.990651,керамика,0.999627
Нц-37-1527_orig.jpg,изразец керамика донце фрагмент,изразец,0.998666,донце,0.829766,фрагмент,0.999936,керамика,0.99958
Нц-37-1843_orig.jpg,изразец керамика фрагмент,изразец,0.999831,профиль,0.466331,фрагмент,0.999964,керамика,0.999881
Нц-38-09_orig.jpg,изразец керамика венчик фрагмент,изразец,0.996242,венчик,0.692024,фрагмент,0.997101,керамика,0.999952
Нц-40-067_orig.jpg,тарелка керамика венчик фрагмент,тарелка,0.99201,венчик,0.505467,фрагмент,0.99997,керамика,0.994411
Нц-40-358_orig.jpg,изразец керамика венчик фрагмент,изразец,0.996018,венчик,0.642457,фрагмент,0.999947,керамика,0.999348
Нц-41-0031_orig.jpg,крышка керамика ручка,крышка,0.998661,ручка,0.836381,целый,0.95857,керамика,0.766098
Нц-41-0069_orig.jpg,изразец керамика донце фрагмент,изразец,0.998911,донце,0.798371,фрагмент,0.999973,керамика,0.999968
Нц-41-0162_orig.jpg,изразец керамика фрагмент,изразец,0.999554,венчик,0.329465,фрагмент,0.988065,керамика,0.999969
Нц-41-0178_orig.jpg,изразец керамика профиль фрагмент,изразец,0.999925,профиль,0.882845,фрагмент,0.999583,керамика,0.999967
Нц-41-0331_orig.jpg,изразец керамика фрагмент,изразец,0.971608,профиль,0.425552,фрагмент,0.999916,керамика,0.995864
Нц-41-0527_orig.jpg,изразец керамика профиль фрагмент,изразец,0.998473,профиль,0.962649,фрагмент,0.999963,керамика,0.999689
Нц-41-0620_orig.jpg,изразец керамика венчик фрагмент,изразец,0.999722,венчик,0.644897,фрагмент,0.999897,керамика,0.99999
Нц-41-0782_orig.jpg,изразец керамика профиль фрагмент,изразец,0.99899,профиль,0.989943,фрагмент,0.999936,керамика,0.999733
Нц-41-0964_orig.jpg,изразец керамика венчик фрагмент,изразец,0.999404,венчик,0.938405,фрагмент,0.998703,керамика,0.999991
Нц-41-1212_orig.jpg,тарелка керамика венчик фрагмент,тарелка,0.563433,венчик,0.99741,фрагмент,0.999993,керамика,0.995328
Нц-41-1213_orig.jpg,тарелка керамика венчик фрагмент,тарелка,0.996514,венчик,0.994485,фрагмент,0.999944,керамика,0.931453
Нц-43-06_orig.jpg,тарелка фаянс донце фрагмент,тарелка,0.907446,донце,0.681741,фрагмент,0.999909,фаянс,0.706604
Нц-44-0086_orig.jpg,изразец керамика фрагмент,изразец,0.999785,прочее,0.43307,фрагмент,0.999619,керамика,0.999577
Нц-44-0131_orig.jpg,изразец керамика фрагмент,изразец,0.994443,прочее,0.45219,фрагмент,0.999477,керамика,0.99703
Нц-44-0353_orig.jpg,изразец керамика профиль фрагмент,изразец,0.999741,профиль,0.789625,фрагмент,0.999537,керамика,0.996849
Нц-44-0458_orig.jpg,тарелка фарфор венчик фрагмент,тарелка,0.985906,венчик,0.887932,фрагмент,0.999972,фарфор,0.985963
Нц-44-0498_orig.jpg,изразец керамика профиль фрагмент,изразец,0.999678,профиль,0.931613,фрагмент,0.999966,керамика,0.999867
Нц-44-0500_orig.jpg,изразец керамика фрагмент,изразец,0.982408,прочее,0.294756,фрагмент,0.999988,керамика,0.998671
Нц-44-0870_orig.jpg,изразец керамика,изразец,0.999996,прочее,0.459027,целый,0.961873,керамика,0.999954
Нц-44-1035_orig.jpg,тарелка фаянс донце фрагмент,тарелка,0.999844,донце,0.647194,фрагмент,0.999803,фаянс,0.996598
Нц-44-1075_orig.jpg,изразец керамика венчик фрагмент,изразец,0.915942,венчик,0.886912,фрагмент,0.903515,керамика,0.812012
Нц-44-1077_orig.jpg,тарелка фаянс венчик фрагмент,тарелка,0.979227,венчик,0.561359,фрагмент,0.999751,фаянс,0.572428
Нц-44-1159_orig.jpg,изразец керамика профиль фрагмент,изразец,0.999991,профиль,0.699801,фрагмент,0.979679,керамика,0.999985
Нц-44-1181_orig.jpg,изразец керамика фрагмент,изразец,0.998836,донце,0.411126,фрагмент,0.999035,керамика,0.999992
Нц-44-1182_orig.jpg,изразец керамика ручка фрагмент,изразец,0.960301,ручка,0.645284,фрагмент,0.999381,керамика,0.99996
Нц-44-1771_orig.jpg,тарелка фаянс венчик фрагмент,тарелка,0.993666,венчик,0.947345,фрагмент,0.999994,фаянс,0.959735
Нц-44-1814_orig.jpg,миска керамика профиль фрагмент,миска,0.997425,профиль,0.992356,фрагмент,0.999961,керамика,0.99943
Нц-45-0009_orig.jpg,тарелка фаянс донце фрагмент,тарелка,0.999902,донце,0.93508,фрагмент,0.999965,фаянс,0.994411
Нц-45-0012_orig.jpg,тарелка керамика венчик фрагмент,тарелка,0.997305,венчик,0.968644,фрагмент,0.999957,керамика,0.860852
Нц-45-0018_orig.jpg,тарелка фаянс профиль фрагмент,тарелка,0.997019,профиль,0.997892,фрагмент,0.999988,фаянс,0.987533
Нц-45-0019_orig.jpg,тарелка керамика венчик фрагмент,тарелка,0.99593,венчик,0.980003,фрагмент,0.999981,керамика,0.943462
Нц-45-0020_orig.jpg,тарелка фаянс профиль фрагмент,тарелка,0.995667,профиль,0.989361,фрагмент,0.999999,фаянс,0.981784
Нц-45-0021_orig.jpg,тарелка фаянс венчик фрагмент,тарелка,0.996917,венчик,0.987939,фрагмент,0.999987,фаянс,0.905768
Нц-45-0035_orig.jpg,изразец керамика донце фрагмент,изразец,0.999989,донце,0.587207,фрагмент,0.999853,керамика,0.999676
Нц-45-0036_orig.jpg,изразец керамика профиль фрагмент,изразец,0.999943,профиль,0.597849,фрагмент,0.999801,керамика,0.999996
Нц-45-0046_orig.jpg,изразец керамика донце фрагмент,изразец,0.999946,донце,0.647883,фрагмент,0.999865,керамика,0.99996
Нц-45-0070_orig.jpg,изразец керамика профиль фрагмент,изразец,0.99993,профиль,0.566972,фрагмент,0.99974,керамика,0.999758
Нц-45-0092_orig.jpg,изразец керамика профиль фрагмент,изразец,0.999722,профиль,0.908917,фрагмент,0.998557,керамика,0.999677
Нц-45-0102_orig.jpg,миска керамика венчик фрагмент,миска,0.99741,венчик,0.973622,фрагмент,0.999938,керамика,0.982978
Нц-45-0121_orig.jpg,тарелка фарфор прочее фрагмент,тарелка,0.980102,прочее,0.951447,фрагмент,0.994532,фарфор,0.968364
Нц-45-0160_orig.jpg,изразец керамика венчик фрагмент,изразец,0.998622,венчик,0.95134,фрагмент,0.996748,керамика,0.999368
Нц-45-0198_orig.jpg,изразец керамика профиль фрагмент,изразец,0.999989,профиль,0.683769,фрагмент,0.999883,керамика,0.999998
Нц-45-0199_orig.jpg,изразец керамика профиль фрагмент,изразец,0.999939,профиль,0.757931,фрагмент,0.999945,керамика,0.99993
Нц-45-0203_orig.jpg,изразец керамика венчик фрагмент,изразец,0.999439,венчик,0.916041,фрагмент,0.999957,керамика,0.99999
Нц-45-0230_orig.jpg,тарелка фаянс венчик фрагмент,тарелка,0.99554,венчик,0.986397,фрагмент,0.997606,фаянс,0.918854
Нц-45-0233_orig.jpg,изразец керамика профиль фрагмент,изразец,0.999677,профиль,0.884555,фрагмент,0.999799,керамика,0.999955
Нц-45-0235_orig.jpg,изразец керамика профиль фрагмент,изразец,0.996045,профиль,0.887275,фрагмент,0.999965,керамика,0.990146
Нц-45-0253_orig.jpg,изразец керамика профиль фрагмент,изразец,0.999849,профиль,0.687021,фрагмент,0.990358,керамика,0.997085
Нц-45-0273_orig.jpg,тарелка фаянс венчик фрагмент,тарелка,0.999099,венчик,0.995585,фрагмент,0.999737,фаянс,0.995441
Нц-45-0278_orig.jpg,изразец керамика профиль фрагмент,изразец,0.999433,профиль,0.541855,фрагмент,0.999609,керамика,0.999918
Нц-45-0287_orig.jpg,тарелка фаянс венчик фрагмент,тарелка,0.99974,венчик,0.995145,фрагмент,0.999982,фаянс,0.992792
Нц-45-0357_orig.jpg,тарелка фаянс донце фрагмент,тарелка,0.996872,донце,0.972192,фрагмент,0.999444,фаянс,0.946105
Нц-45-0370_orig.jpg,тарелка фаянс донце фрагмент,тарелка,0.993511,донце,0.959373,фрагмент,0.999995,фаянс,0.864832
Нц-45-0371_orig.jpg,тарелка фаянс профиль фрагмент,тарелка,0.996865,профиль,0.987257,фрагмент,0.999895,фаянс,0.941444
Нц-45-0375_orig.jpg,изразец керамика профиль фрагмент,изразец,0.999983,профиль,0.688306,фрагмент,0.997036,керамика,0.999611
Нц-45-0391_orig.jpg,тарелка фаянс венчик фрагмент,тарелка,0.998237,венчик,0.956288,фрагмент,0.999957,фаянс,0.965359
Нц-45-0392_orig.jpg,тарелка фарфор профиль фрагмент,тарелка,0.983162,профиль,0.838985,фрагмент,0.999938,фарфор,0.985213
Нц-45-0407_orig.jpg,блюдце фарфор профиль фрагмент,блюдце,0.995994,профиль,0.995411,фрагмент,0.999681,фарфор,0.997849
Нц-45-0408_orig.jpg,изразец керамика донце фрагмент,изразец,0.999139,донце,0.754424,фрагмент,0.999337,керамика,0.99992
Нц-45-0409_orig.jpg,изразец керамика профиль фрагмент,изразец,0.999977,профиль,0.586608,фрагмент,0.997383,керамика,0.999982
Нц-45-0416_orig.jpg,тарелка керамика венчик фрагмент,тарелка,0.553293,венчик,0.979199,фрагмент,0.999991,керамика,0.998165
Нц-45-0437_orig.jpg,изразец керамика донце фрагмент,изразец,0.99834,донце,0.833042,фрагмент,0.99997,керамика,0.999691
Нц-45-0438_orig.jpg,изразец керамика фрагмент,изразец,0.999734,профиль,0.491453,фрагмент,0.999947,керамика,0.998298
Нц-45-0472_orig.jpg,изразец керамика венчик фрагмент,изразец,0.999837,венчик,0.70797,фрагмент,0.999963,керамика,0.996994
Нц-45-0513_orig.jpg,изразец керамика донце фрагмент,изразец,0.920976,донце,0.598563,фрагмент,0.99996,керамика,0.99841
Нц-45-0514_orig.jpg,изразец керамика донце фрагмент,изразец,0.976381,донце,0.781068,фрагмент,0.999027,керамика,0.999363
Нц-45-0515_orig.jpg,изразец керамика донце фрагмент,изразец,0.955512,донце,0.727292,фрагмент,0.999717,керамика,0.999492
Нц-45-0516_orig.jpg,изразец керамика фрагмент,изразец,0.991285,донце,0.479049,фрагмент,0.999059,керамика,0.998603
Нц-45-0522_orig.jpg,изразец керамика донце фрагмент,изразец,0.997323,донце,0.642569,фрагмент,0.999964,керамика,0.999935
Нц-45-0530_orig.jpg,тарелка фаянс донце фрагмент,тарелка,0.813418,донце,0.871378,фрагмент,0.999995,фаянс,0.988524
Нц-45-0532_orig.jpg,изразец керамика донце фрагмент,изразец,0.999807,донце,0.593867,фрагмент,0.999921,керамика,0.997867
Нц-45-0540_orig.jpg,изразец керамика фрагмент,изразец,0.999924,венчик,0.495444,фрагмент,0.999951,керамика,0.9997
Нц-45-0550_orig.jpg,блюдце фарфор профиль фрагмент,блюдце,0.995203,профиль,0.952063,фрагмент,0.999918,фарфор,0.998065
Нц-45-0558_orig.jpg,тарелка фаянс венчик фрагмент,тарелка,0.996003,венчик,0.977904,фрагмент,0.999999,фаянс,0.950543
Нц-45-0567_orig.jpg,блюдце фарфор донце фрагмент,блюдце,0.998852,донце,0.990108,фрагмент,0.999936,фарфор,0.997597
Нц-45-0573_orig.jpg,изразец керамика фрагмент,изразец,0.999915,профиль,0.39964,фрагмент,0.996253,керамика,0.999974
Нц-45-0599_orig.jpg,изразец керамика венчик фрагмент,изразец,0.99602,венчик,0.866479,фрагмент,0.996579,керамика,0.997696
Нц-45-0600_orig.jpg,тарелка керамика венчик фрагмент,тарелка,0.996059,венчик,0.995447,фрагмент,0.999993,керамика,0.992112
Нц-45-0612_orig.jpg,тарелка фаянс донце фрагмент,тарелка,0.998657,донце,0.7967,фрагмент,0.999949,фаянс,0.994101
Нц-45-0850_orig.jpg,миска керамика профиль фрагмент,миска,0.962985,профиль,0.927257,фрагмент,0.999556,керамика,0.980719
Нц-45-0863_orig.jpg,тарелка фаянс профиль фрагмент,тарелка,0.99659,профиль,0.963211,фрагмент,0.999913,фаянс,0.94466
Нц-45-0885_orig.jpg,тарелка фаянс донце фрагмент,тарелка,0.999279,донце,0.636849,фрагмент,0.999987,фаянс,0.984472
Нц-45-0905_orig.jpg,тарелка фаянс донце фрагмент,тарелка,0.999113,донце,0.989002,фрагмент,0.999794,фаянс,0.997661
Нц-45-0907_orig.jpg,тарелка керамика венчик фрагмент,тарелка,0.99842,венчик,0.989156,фрагмент,0.999996,керамика,0.996203
Нц-45-0998_orig.jpg,миска керамика венчик фрагмент,миска,0.991361,венчик,0.996519,фрагмент,0.999992,керамика,0.999971
Нц-45-1013_orig.jpg,изразец керамика фрагмент,изразец,0.999939,профиль,0.451738,фрагмент,0.999458,керамика,0.998172
Нц-45-1035_orig.jpg,изразец керамика венчик фрагмент,изразец,0.984008,венчик,0.70328,фрагмент,0.998181,керамика,0.999965
Нц-45-1079_orig.jpg,тарелка фарфор донце фрагмент,тарелка,0.972099,донце,0.966966,фрагмент,0.999964,фарфор,0.915896
Нц-45-1085_orig.jpg,тарелка фаянс донце фрагмент,тарелка,0.99839,донце,0.988413,фрагмент,0.999684,фаянс,0.993647
Нц-45-1232_orig.jpg,изразец керамика,изразец,0.999996,прочее,0.449939,целый,0.98438,керамика,0.999473
Нц-45-1233_orig.jpg,изразец керамика,изразец,0.999998,профиль,0.392203,целый,0.960106,керамика,0.999841
Нц-45-1236_orig.jpg,изразец керамика профиль фрагмент,изразец,0.999942,профиль,0.627361,фрагмент,0.999483,керамика,0.999883
Нц-45-1239_orig.jpg,крышка керамика профиль фрагмент,крышка,0.993279,профиль,0.994612,фрагмент,0.999339,керамика,0.997694
Нц-45-1242_orig.jpg,изразец керамика фрагмент,изразец,0.998406,профиль,0.483465,фрагмент,0.999779,керамика,0.990244
Нц-45-1243_orig.jpg,изразец керамика фрагмент,изразец,0.999875,венчик,0.340344,фрагмент,0.991248,керамика,0.999795
Нц-45-1257_orig.jpg,крышка керамика профиль фрагмент,крышка,0.997689,профиль,0.972126,фрагмент,0.999627,керамика,0.984245
Нц-45-1259_orig.jpg,изразец керамика,изразец,0.99999,донце,0.363638,целый,0.937366,керамика,0.999875
Нц-45-1265_orig.jpg,тарелка фарфор донце фрагмент,тарелка,0.957007,донце,0.902908,фрагмент,0.999736,фарфор,0.788452
Нц-45-1267_orig.jpg,изразец керамика,изразец,0.999921,венчик,0.409518,целый,0.962896,керамика,0.999559
Нц-45-1287_orig.jpg,изразец керамика,изразец,0.999979,профиль,0.480489,целый,0.992292,керамика,0.999852
Нц-45-1288_orig.jpg,изразец керамика профиль,изразец,0.999974,профиль,0.844691,целый,0.922054,керамика,0.999965
Нц-45-1296_orig.jpg,крышка фарфор ручка,крышка,0.99892,ручка,0.984029,целый,0.856135,фарфор,0.549357
Нц-45-1299_orig.jpg,изразец керамика профиль фрагмент,изразец,0.988046,профиль,0.773658,фрагмент,0.995299,керамика,0.999967
Нц-45-1306_orig.jpg,изразец керамика прочее,изразец,0.999996,прочее,0.640099,целый,0.945456,керамика,0.999757
Нц-45-1308_orig.jpg,изразец керамика фрагмент,изразец,0.999855,венчик,0.486689,фрагмент,0.994578,керамика,0.998526
Нц-45-1434_orig.jpg,изразец керамика донце фрагмент,изразец,0.928712,донце,0.501723,фрагмент,0.999483,керамика,0.995865
Нц-45-1436_orig.jpg,изразец керамика венчик фрагмент,изразец,0.999838,венчик,0.519903,фрагмент,0.999958,керамика,0.998045
Нц-45-1441_orig.jpg,изразец керамика венчик фрагмент,изразец,0.99936,венчик,0.777665,фрагмент,0.999966,керамика,0.992592
Нц-45-1444_orig.jpg,тарелка фаянс донце фрагмент,тарелка,0.95047,донце,0.903619,фрагмент,0.999943,фаянс,0.807474
Нц-45-1445_orig.jpg,крышка фаянс профиль фрагмент,крышка,0.974839,профиль,0.6237,фрагмент,0.999164,фаянс,0.923036
Нц-45-1460_orig.jpg,изразец керамика донце фрагмент,изразец,0.99987,донце,0.633863,фрагмент,0.999949,керамика,0.999994
Нц-45-1463_orig.jpg,изразец керамика профиль фрагмент,изразец,0.99774,профиль,0.948052,фрагмент,0.999849,керамика,0.974119
Нц-45-1466_orig.jpg,изразец керамика фрагмент,изразец,0.99975,венчик,0.391811,фрагмент,0.998484,керамика,0.999945
Нц-45-1467_orig.jpg,изразец керамика профиль фрагмент,изразец,0.999984,профиль,0.742983,фрагмент,0.999863,керамика,0.999808
Нц-45-1476_orig.jpg,изразец керамика донце фрагмент,изразец,0.979511,донце,0.935961,фрагмент,0.998238,керамика,0.999926
Нц-45-1529_orig.jpg,миска керамика венчик фрагмент,миска,0.946157,венчик,0.995589,фрагмент,0.999998,керамика,0.965275
Нц-45-1531_orig.jpg,миска керамика венчик фрагмент,миска,0.996112,венчик,0.990224,фрагмент,0.999259,керамика,0.965043
Нц-45-1537_orig.jpg,изразец керамика венчик фрагмент,изразец,0.998646,венчик,0.875219,фрагмент,0.99996,керамика,0.999879
Нц-45-1562_orig.jpg,изразец керамика венчик фрагмент,изразец,0.567552,венчик,0.918712,фрагмент,0.99996,керамика,0.999995
Нц-45-1564_orig.jpg,миска керамика венчик фрагмент,миска,0.996123,венчик,0.997407,фрагмент,0.99999,керамика,0.999894
Нц-45-1579_orig.jpg,тарелка фаянс донце фрагмент,тарелка,0.994758,донце,0.513592,фрагмент,0.999971,фаянс,0.973955
Нц-46-067_orig.jpg,тарелка фаянс венчик фрагмент,тарелка,0.99878,венчик,0.98606,фрагмент,0.999521,фаянс,0.987824
Нц-46-137_orig.jpg,тарелка фаянс венчик фрагмент,тарелка,0.998683,венчик,0.904565,фрагмент,0.999958,фаянс,0.986374
Нц-46-144_orig.jpg,тарелка фаянс донце фрагмент,тарелка,0.99824,донце,0.994361,фрагмент,0.999366,фаянс,0.975712
Нц-46-148_orig.jpg,изразец керамика венчик фрагмент,изразец,0.999021,венчик,0.695852,фрагмент,0.998802,керамика,0.998706
Нц-46-150_orig.jpg,крышка фарфор ручка,крышка,0.964012,ручка,0.642539,целый,0.997448,фарфор,0.914094
Нц-46-152_orig.jpg,миска фаянс профиль фрагмент,миска,0.965746,профиль,0.996255,фрагмент,0.999998,фаянс,0.94709
Нц-46-162_orig.jpg,тарелка фаянс донце фрагмент,тарелка,0.999323,донце,0.719556,фрагмент,0.999973,фаянс,0.990912
Нц-46-170_orig.jpg,блюдце фарфор донце фрагмент,блюдце,0.543928,донце,0.739076,фрагмент,0.999606,фарфор,0.993816
Нц-46-193_orig.jpg,тарелка фаянс профиль фрагмент,тарелка,0.998711,профиль,0.987865,фрагмент,0.999982,фаянс,0.962469
Нц-46-204_orig.jpg,изразец керамика профиль фрагмент,изразец,0.998434,профиль,0.99846,фрагмент,0.998656,керамика,0.996675
Нц-46-210_orig.jpg,тарелка фарфор профиль фрагмент,тарелка,0.898841,профиль,0.672056,фрагмент,0.999329,фарфор,0.968419
Нц-46-211_orig.jpg,тарелка фаянс венчик фрагмент,тарелка,0.999637,венчик,0.652693,фрагмент,0.999412,фаянс,0.997092
Нц-46-221_orig.jpg,тарелка фаянс венчик фрагмент,тарелка,0.99988,венчик,0.860457,фрагмент,0.999997,фаянс,0.988248
Нц-46-225_orig.jpg,тарелка фаянс фрагмент,тарелка,0.999566,донце,0.466746,фрагмент,0.999688,фаянс,0.943282
Нц-46-228_orig.jpg,тарелка фаянс венчик фрагмент,тарелка,0.999899,венчик,0.799084,фрагмент,0.999989,фаянс,0.975977
Нц-46-230_orig.jpg,тарелка фарфор донце фрагмент,тарелка,0.788863,донце,0.990624,фрагмент,0.99914,фарфор,0.979766
Нц-46-235_orig.jpg,тарелка фаянс венчик фрагмент,тарелка,0.994244,венчик,0.871564,фрагмент,0.999967,фаянс,0.558273
Нц-46-240_orig.jpg,тарелка фарфор венчик фрагмент,тарелка,0.997164,венчик,0.797608,фрагмент,0.9999,фарфор,0.968747
Нц-46-253_orig.jpg,блюдце фарфор профиль фрагмент,блюдце,0.997948,профиль,0.991435,фрагмент,0.999392,фарфор,0.987141
Нц-46-260_orig.jpg,тарелка фаянс профиль фрагмент,тарелка,0.497382,профиль,0.988551,фрагмент,0.999775,фаянс,0.895511
Нц-46-264_orig.jpg,тарелка фаянс венчик фрагмент,тарелка,0.99631,венчик,0.513738,фрагмент,0.999981,фаянс,0.973845
Нц-46-320_orig.jpg,тарелка фаянс донце фрагмент,тарелка,0.999543,донце,0.903582,фрагмент,0.999987,фаянс,0.994646
Нц-46-335_orig.jpg,тарелка фаянс донце фрагмент,тарелка,0.999539,донце,0.976063,фрагмент,0.999994,фаянс,0.99603
Нц-46-336_orig.jpg,тарелка фарфор донце фрагмент,тарелка,0.988137,донце,0.999204,фрагмент,0.998963,фарфор,0.657482
Нц-46-369_orig.jpg,изразец керамика профиль фрагмент,изразец,0.999796,профиль,0.527483,фрагмент,0.999886,керамика,0.9998
Нц-46-370_orig.jpg,изразец керамика фрагмент,изразец,0.961533,профиль,0.289488,фрагмент,0.99982,керамика,0.999702
Нц-46-374_orig.jpg,тарелка фаянс профиль фрагмент,тарелка,0.982794,профиль,0.998731,фрагмент,0.99982,фаянс,0.962301
Нц-46-375_orig.jpg,тарелка фаянс профиль фрагмент,тарелка,0.99949,профиль,0.926243,фрагмент,0.999983,фаянс,0.994903
Нц-46-385_orig.jpg,тарелка фаянс профиль фрагмент,тарелка,0.999416,профиль,0.995132,фрагмент,0.999651,фаянс,0.996449
Нц-46-422_orig.jpg,блюдце фарфор профиль фрагмент,блюдце,0.999654,профиль,0.956016,фрагмент,0.989036,фарфор,0.995452
Нц-46-437_orig.jpg,крышка керамика ручка фрагмент,крышка,0.998712,ручка,0.560649,фрагмент,0.999853,керамика,0.999062
Нц-46-455_orig.jpg,тарелка керамика профиль фрагмент,тарелка,0.875389,профиль,0.967187,фрагмент,0.996872,керамика,0.961665
Нц-46-499_orig.jpg,изразец керамика профиль,изразец,0.997847,профиль,0.754185,целый,0.992421,керамика,0.999705
Нц-46-560_orig.jpg,изразец керамика профиль фрагмент,изразец,0.999657,профиль,0.731403,фрагмент,0.994433,керамика,0.999971
Нц-46-593_orig.jpg,тарелка фаянс профиль фрагмент,тарелка,0.999464,профиль,0.83805,фрагмент,0.999888,фаянс,0.989289
Нц-46-727_orig.jpg,тарелка фаянс фрагмент,тарелка,0.969284,донце,0.428978,фрагмент,0.999997,фаянс,0.8435
Нц-46-736_orig.jpg,блюдце фарфор профиль фрагмент,блюдце,0.978296,профиль,0.895712,фрагмент,0.999174,фарфор,0.990869
Нц-47-324_orig.jpg,изразец керамика профиль фрагмент,изразец,0.999953,профиль,0.698511,фрагмент,0.999674,керамика,0.999906
Нц-48-016_orig.jpg,изразец керамика фрагмент,изразец,0.998844,прочее,0.442333,фрагмент,0.902364,керамика,0.998783
Нц-48-027_orig.jpg,тарелка керамика венчик фрагмент,тарелка,0.808123,венчик,0.528168,фрагмент,0.999991,керамика,0.999176
Нц-48-041_orig.jpg,изразец керамика венчик фрагмент,изразец,0.998381,венчик,0.685897,фрагмент,0.999227,керамика,0.999549
Нц-48-054_orig.jpg,изразец керамика ручка фрагмент,изразец,0.999402,ручка,0.600244,фрагмент,0.999919,керамика,0.999887
Нц-48-073_orig.jpg,изразец керамика профиль фрагмент,изразец,0.998504,профиль,0.634879,фрагмент,0.999985,керамика,0.999717
Нц-48-074_orig.jpg,изразец керамика венчик фрагмент,изразец,0.997904,венчик,0.611991,фрагмент,0.999803,керамика,0.999815
Нц-48-217_orig.jpg,миска керамика профиль фрагмент,миска,0.987723,профиль,0.981498,фрагмент,0.999919,керамика,0.998278
Нц-48-304_orig.jpg,изразец керамика фрагмент,изразец,0.999584,венчик,0.482958,фрагмент,0.999838,керамика,0.999819
Нц-48-326_orig.jpg,тарелка фаянс профиль фрагмент,тарелка,0.999522,профиль,0.742615,фрагмент,0.99996,фаянс,0.99735
Нц-48-334_orig.jpg,тарелка фаянс донце фрагмент,тарелка,0.993439,донце,0.672237,фрагмент,0.999967,фаянс,0.947121
Нц-48-341_orig.jpg,миска фаянс профиль фрагмент,миска,0.998427,профиль,0.850392,фрагмент,0.999617,фаянс,0.972736
Нц-48-342_orig.jpg,миска фаянс венчик фрагмент,миска,0.993735,венчик,0.969363,фрагмент,0.999224,фаянс,0.962546
Нц-48-360_orig.jpg,изразец керамика фрагмент,изразец,0.997892,прочее,0.311844,фрагмент,0.999424,керамика,0.999719
Нц-48-375_orig.jpg,тарелка керамика фрагмент,тарелка,0.996492,донце,0.474855,фрагмент,0.999147,керамика,0.990528
Нц-48-376_orig.jpg,изразец керамика донце фрагмент,изразец,0.989532,донце,0.961642,фрагмент,0.999498,керамика,0.99987
Нц-48-378_orig.jpg,изразец керамика венчик фрагмент,изразец,0.993515,венчик,0.585805,фрагмент,0.999955,керамика,0.999735
Нц-49-010_orig.jpg,изразец керамика венчик фрагмент,изразец,0.998555,венчик,0.595288,фрагмент,0.99994,керамика,0.999984
Нц-49-011_orig.jpg,изразец керамика профиль фрагмент,изразец,0.999992,профиль,0.966879,фрагмент,0.977976,керамика,0.999958
Нц-49-074_orig.jpg,тарелка керамика профиль фрагмент,тарелка,0.985478,профиль,0.971887,фрагмент,0.999923,керамика,0.984784
Нц-49-111_orig.jpg,изразец керамика венчик фрагмент,изразец,0.99938,венчик,0.853585,фрагмент,0.999911,керамика,0.999971
Нц-49-166_orig.jpg,тарелка фаянс венчик фрагмент,тарелка,0.996785,венчик,0.843728,фрагмент,0.99997,фаянс,0.942995
Нц-52-002_orig.jpg,изразец керамика венчик фрагмент,изразец,0.998654,венчик,0.921708,фрагмент,0.999144,керамика,0.999993
Нц-52-016_orig.jpg,изразец керамика фрагмент,изразец,0.998843,венчик,0.457942,фрагмент,0.993908,керамика,0.999824
Нц-52-161_orig.jpg,изразец керамика профиль фрагмент,изразец,0.998836,профиль,0.608133,фрагмент,0.999982,керамика,0.999415
Нц-52-164_orig.jpg,изразец керамика профиль фрагмент,изразец,0.998804,профиль,0.794184,фрагмент,0.999869,керамика,0.992459
Нц-52-170_orig.jpg,изразец керамика прочее фрагмент,изразец,0.997702,прочее,0.703373,фрагмент,0.999513,керамика,0.999434
Нц-52-171_orig.jpg,изразец керамика профиль фрагмент,изразец,0.999924,профиль,0.637796,фрагмент,0.992434,керамика,0.998524
Нц-52-181_orig.jpg,изразец керамика профиль фрагмент,изразец,0.996115,профиль,0.689999,фрагмент,0.999777,керамика,0.999256
Нц-52-220_orig.jpg,изразец керамика фрагмент,изразец,0.999635,прочее,0.30092,фрагмент,0.995138,керамика,0.999547
Нц-52-221_orig.jpg,изразец керамика профиль фрагмент,изразец,0.999552,профиль,0.779571,фрагмент,0.994981,керамика,0.999066
Нц-52-255_orig.jpg,тарелка фаянс венчик фрагмент,тарелка,0.999525,венчик,0.947962,фрагмент,0.999988,фаянс,0.950221
Нц-52-389_orig.jpg,тарелка керамика венчик фрагмент,тарелка,0.996854,венчик,0.997479,фрагмент,0.999975,керамика,0.99126
Нц-52-397_orig.jpg,изразец керамика донце фрагмент,изразец,0.959028,донце,0.989921,фрагмент,0.998945,керамика,0.999931
Нц-52-505_orig.jpg,тарелка керамика венчик фрагмент,тарелка,0.985597,венчик,0.648318,фрагмент,0.999997,керамика,0.999204
Нц-52-506_orig.jpg,крышка керамика ручка фрагмент,крышка,0.998969,ручка,0.992894,фрагмент,0.999802,керамика,0.999186
Нц-52-514_orig.jpg,изразец керамика фрагмент,изразец,0.999822,донце,0.370897,фрагмент,0.996218,керамика,0.999975
Нц-53-021_orig.jpg,изразец керамика фрагмент,изразец,0.999959,донце,0.330577,фрагмент,0.999866,керамика,0.999994
Нц-53-066_orig.jpg,изразец керамика профиль фрагмент,изразец,0.999647,профиль,0.830416,фрагмент,0.999906,керамика,0.999911
Нц-53-067_orig.jpg,изразец керамика профиль фрагмент,изразец,0.999185,профиль,0.857248,фрагмент,0.999981,керамика,0.999938
Нц-53-349_orig.jpg,тарелка фаянс профиль фрагмент,тарелка,0.992154,профиль,0.950732,фрагмент,0.999992,фаянс,0.971872
Т-12-Р2-1418_orig.jpg,изразец керамика донце фрагмент,изразец,0.71925,донце,0.868631,фрагмент,0.995898,керамика,0.992465
Т-12-Р2-1438_orig.jpg,тарелка керамика фрагмент,тарелка,0.881707,донце,0.479571,фрагмент,0.999802,керамика,0.998619
Т-12-Р2-1636_orig.jpg,крышка стекло ручка фрагмент,крышка,0.998439,ручка,0.93991,фрагмент,0.991934,стекло,0.995954
Т-12-Р2-1716_orig.jpg,тарелка фарфор профиль фрагмент,тарелка,0.985646,профиль,0.981896,фрагмент,0.986887,фарфор,0.981423
Т-12-Р2-1779_orig.jpg,тарелка керамика донце фрагмент,тарелка,0.986445,донце,0.879479,фрагмент,0.999117,керамика,0.991021
Т-12-Р2-1783_orig.jpg,изразец керамика профиль фрагмент,изразец,0.999971,профиль,0.92181,фрагмент,0.998036,керамика,0.999442
Т-12-Р2-1972_orig.jpg,миска керамика профиль фрагмент,миска,0.995924,профиль,0.969509,фрагмент,0.999992,керамика,0.998804
Т-12-Р2-1974_orig.jpg,миска керамика профиль фрагмент,миска,0.989863,профиль,0.989609,фрагмент,0.999614,керамика,0.999596
Т-12-Р2-2049_orig.jpg,крышка керамика ручка фрагмент,крышка,0.998131,ручка,0.995778,фрагмент,0.994561,керамика,0.999721
Т-12-Р2-2347_orig.jpg,блюдце фарфор профиль фрагмент,блюдце,0.999907,профиль,0.928131,фрагмент,0.995305,фарфор,0.998864
Т-12-Р2-2696_orig.jpg,тарелка фаянс профиль фрагмент,тарелка,0.999047,профиль,0.608128,фрагмент,0.999972,фаянс,0.990573
Т-12-Р2-2697_orig.jpg,тарелка фаянс профиль фрагмент,тарелка,0.994396,профиль,0.989538,фрагмент,0.999962,фаянс,0.989178
Т-12-Р2-2698_orig.jpg,тарелка фаянс донце фрагмент,тарелка,0.995465,донце,0.996669,фрагмент,0.999991,фаянс,0.99586
Т-12-Р2-2699_orig.jpg,тарелка фаянс донце фрагмент,тарелка,0.960331,донце,0.661154,фрагмент,0.999991,фаянс,0.829588
Т-12-Р2-2712_orig.jpg,блюдце фарфор профиль фрагмент,блюдце,0.99376,профиль,0.986723,фрагмент,0.99917,фарфор,0.994601
Т-12-Р2-2714_orig.jpg,миска фарфор профиль фрагмент,миска,0.99283,профиль,0.735545,фрагмент,0.999975,фарфор,0.790594
Т-12-Р2-2779_orig.jpg,блюдце фаянс донце фрагмент,блюдце,0.590225,донце,0.871736,фрагмент,0.998928,фаянс,0.501423
Т-12-Р2-2780_orig.jpg,блюдце фарфор профиль фрагмент,блюдце,0.996806,профиль,0.984803,фрагмент,0.99961,фарфор,0.995237
Т-12-Р2-2897_orig.jpg,миска керамика профиль фрагмент,миска,0.997913,профиль,0.992772,фрагмент,0.99921,керамика,0.99914
Т-12-Р2-2921_orig.jpg,миска керамика профиль фрагмент,миска,0.998344,профиль,0.929193,фрагмент,0.999918,керамика,0.999738
Т-12-Р2-2924_orig.jpg,миска керамика профиль фрагмент,миска,0.998657,профиль,0.995997,фрагмент,0.99959,керамика,0.999767
Т-12-Р2-2946_orig.jpg,крышка фарфор профиль фрагмент,крышка,0.992004,профиль,0.607782,фрагмент,0.982247,фарфор,0.972433
Т-12-Р2-3013_orig.jpg,крышка керамика профиль фрагмент,крышка,0.998644,профиль,0.945367,фрагмент,0.993899,керамика,0.997176
Т-12-Р2-3015_orig.jpg,крышка керамика профиль фрагмент,крышка,0.998763,профиль,0.957483,фрагмент,0.996148,керамика,0.996196
Т-12-Р2-3017_orig.jpg,крышка керамика профиль фрагмент,крышка,0.996617,профиль,0.943118,фрагмент,0.998886,керамика,0.999281
Т-12-Р2-3018_orig.jpg,крышка керамика профиль фрагмент,крышка,0.99829,профиль,0.939521,фрагмент,0.992503,керамика,0.988363
Т-12-Р2-3023_orig.jpg,крышка керамика профиль фрагмент,крышка,0.996991,профиль,0.623481,фрагмент,0.997782,керамика,0.993024
Т-12-Р3-1007_orig.jpg,блюдце фарфор профиль фрагмент,блюдце,0.999907,профиль,0.938784,фрагмент,0.890021,фарфор,0.996086
Т-12-Р3-1008_orig.jpg,блюдце фарфор профиль,блюдце,0.999618,профиль,0.818326,целый,0.962283,фарфор,0.996189
Т-12-Р3-1009_orig.jpg,миска керамика профиль фрагмент,миска,0.99971,профиль,0.987743,фрагмент,0.999976,керамика,0.999892
Т-12-Р3-1031_orig.jpg,тарелка фаянс профиль фрагмент,тарелка,0.983669,профиль,0.909974,фрагмент,0.999929,фаянс,0.891643
Т-12-Р3-1065_orig.jpg,блюдце фаянс профиль фрагмент,блюдце,0.973717,профиль,0.89454,фрагмент,0.999864,фаянс,0.935364
Т-12-Р3-1093_orig.jpg,тарелка фаянс донце фрагмент,тарелка,0.995289,донце,0.991689,фрагмент,0.996326,фаянс,0.982885
Т-12-Р3-1124_orig.jpg,блюдце фарфор профиль фрагмент,блюдце,0.999961,профиль,0.98866,фрагмент,0.972412,фарфор,0.997824
Т-12-Р3-1540_orig.jpg,тарелка керамика профиль фрагмент,тарелка,0.998978,профиль,0.995779,фрагмент,0.999675,керамика,0.969992
Т-12-Р3-1541_orig.jpg,миска керамика профиль фрагмент,миска,0.990522,профиль,0.976363,фрагмент,0.999946,керамика,0.991182
Т-12-Р3-1550_orig.jpg,тарелка керамика профиль фрагмент,тарелка,0.979637,профиль,0.990754,фрагмент,0.998035,керамика,0.99268
Т-12-Р3-1567_orig.jpg,изразец керамика фрагмент,изразец,0.999976,профиль,0.352632,фрагмент,0.997525,керамика,0.999957
Т-12-Р3-1568_orig.jpg,изразец керамика профиль фрагмент,изразец,0.999835,профиль,0.654507,фрагмент,0.998013,керамика,0.999143
Т-12-Р3-1569_orig.jpg,изразец керамика профиль фрагмент,изразец,0.999421,профиль,0.771847,фрагмент,0.998506,керамика,0.998468
Т-12-Р3-1570_orig.jpg,изразец керамика профиль фрагмент,изразец,0.999974,профиль,0.905989,фрагмент,0.996758,керамика,0.999496
Т-12-Р3-1574_orig.jpg,изразец керамика профиль фрагмент,изразец,0.9998,профиль,0.808535,фрагмент,0.998576,керамика,0.999631
Т-12-Р3-1575_orig.jpg,изразец керамика фрагмент,изразец,0.999971,профиль,0.453218,фрагмент,0.999577,керамика,0.999958
Т-12-Р3-1578_orig.jpg,изразец керамика профиль фрагмент,изразец,0.999348,профиль,0.635108,фрагмент,0.999976,керамика,0.999803
Т-12-Р3-1581_orig.jpg,изразец керамика профиль фрагмент,изразец,0.984533,профиль,0.942882,фрагмент,0.973742,керамика,0.993935
Т-12-Р3-1690_orig.jpg,тарелка фаянс профиль фрагмент,тарелка,0.999638,профиль,0.995444,фрагмент,0.999989,фаянс,0.990559
Т-12-Р3-1783_orig.jpg,миска керамика профиль фрагмент,миска,0.993507,профиль,0.58709,фрагмент,0.999415,керамика,0.999944
Т-12-Р3-1985_orig.jpg,миска керамика профиль фрагмент,миска,0.998256,профиль,0.867889,фрагмент,0.999944,керамика,0.997832
Т-12-Р3-2035_orig.jpg,тарелка керамика профиль фрагмент,тарелка,0.970848,профиль,0.985704,фрагмент,0.993356,керамика,0.988862
Т-12-Р3-2036_orig.jpg,тарелка керамика профиль фрагмент,тарелка,0.972233,профиль,0.986718,фрагмент,0.999193,керамика,0.845446
Т-12-Р3-2194_orig.jpg,тарелка фаянс профиль фрагмент,тарелка,0.998273,профиль,0.993737,фрагмент,0.998352,фаянс,0.999089
Т-12-Р3-2245_orig.jpg,миска керамика венчик фрагмент,миска,0.998088,венчик,0.956333,фрагмент,0.937247,керамика,0.999949
Т-12-Р3-2250_orig.jpg,изразец керамика профиль фрагмент,изразец,0.993549,профиль,0.873548,фрагмент,0.999125,керамика,0.98743
Т-12-Р3-2256_orig.jpg,блюдце фарфор профиль фрагмент,блюдце,0.998709,профиль,0.965894,фрагмент,0.99485,фарфор,0.902751
Т-12-Р3-2365_orig.jpg,миска керамика профиль,миска,0.998091,профиль,0.978734,целый,0.980816,керамика,0.997193
Т-12-Р3-2642_orig.jpg,изразец керамика профиль фрагмент,изразец,0.999952,профиль,0.953942,фрагмент,0.998604,керамика,0.999935
Т-12-Р3-2647_orig.jpg,изразец керамика профиль фрагмент,изразец,0.999992,профиль,0.858852,фрагмент,0.98036,керамика,0.999789
Т-12-Р3-2658_orig.jpg,изразец керамика профиль фрагмент,изразец,0.99808,профиль,0.597933,фрагмент,0.999373,керамика,0.996721
Т-12-Р3-2659_orig.jpg,изразец керамика профиль фрагмент,изразец,0.999799,профиль,0.660988,фрагмент,0.999958,керамика,0.999768
Т-12-Р3-2660_orig.jpg,изразец керамика фрагмент,изразец,0.999863,профиль,0.370562,фрагмент,0.992661,керамика,0.999896
Т-12-Р3-2937_orig.jpg,миска керамика венчик,миска,0.997399,венчик,0.890177,целый,0.976562,керамика,0.999906
Т-12-Р4-1075_orig.jpg,крышка керамика ручка,крышка,0.99815,ручка,0.986822,целый,0.973526,керамика,0.981358
Т-12-Р4-1084_orig.jpg,миска керамика венчик фрагмент,миска,0.938733,венчик,0.976162,фрагмент,0.999895,керамика,0.999973
Т-12-Р4-1086_orig.jpg,тарелка фаянс донце фрагмент,тарелка,0.999271,донце,0.996216,фрагмент,0.999975,фаянс,0.996747
Т-12-Р4-1097_orig.jpg,миска керамика профиль фрагмент,миска,0.998921,профиль,0.977948,фрагмент,0.99914,керамика,0.999907
Т-12-Р4-1102_orig.jpg,миска керамика венчик,миска,0.99793,венчик,0.578704,целый,0.952596,керамика,0.99976
Т-12-Р4-1107_orig.jpg,изразец керамика профиль фрагмент,изразец,0.99979,профиль,0.774685,фрагмент,0.99992,керамика,0.999051
Т-12-Р4-1118_orig.jpg,изразец керамика профиль фрагмент,изразец,0.999572,профиль,0.631287,фрагмент,0.998376,керамика,0.999987
Т-12-Р4-1122_orig.jpg,тарелка фаянс профиль фрагмент,тарелка,0.993235,профиль,0.947215,фрагмент,0.999911,фаянс,0.978979
Т-12-Р4-1123_orig.jpg,тарелка фаянс профиль фрагмент,тарелка,0.995478,профиль,0.978736,фрагмент,0.991517,фаянс,0.988081
Т-12-Р4-1124_orig.jpg,тарелка фаянс профиль фрагмент,тарелка,0.793932,профиль,0.880202,фрагмент,0.999698,фаянс,0.692167
Т-12-Р4-1137_orig.jpg,миска керамика профиль фрагмент,миска,0.517785,профиль,0.975409,фрагмент,0.997345,керамика,0.874019
Т-12-Р4-1141_orig.jpg,крышка фаянс профиль фрагмент,крышка,0.96977,профиль,0.991844,фрагмент,0.999912,фаянс,0.984684
Т-12-Р4-1150_orig.jpg,миска керамика профиль фрагмент,миска,0.997133,профиль,0.958878,фрагмент,0.999055,керамика,0.999916
Т-12-Р4-1152_orig.jpg,миска керамика венчик фрагмент,миска,0.999265,венчик,0.988004,фрагмент,0.998169,керамика,0.99993
Т-12-Р4-1161_orig.jpg,миска керамика профиль фрагмент,миска,0.999735,профиль,0.963479,фрагмент,0.999269,керамика,0.999639
Т-12-Р4-1162_orig.jpg,изразец керамика профиль фрагмент,изразец,0.87636,профиль,0.936325,фрагмент,0.999982,керамика,0.999892
Т-12-Р4-1177_orig.jpg,миска керамика профиль фрагмент,миска,0.990998,профиль,0.934002,фрагмент,0.999979,керамика,0.999941
Т-12-Р4-1203_orig.jpg,крышка фарфор ручка фрагмент,крышка,0.999919,ручка,0.753114,фрагмент,0.84436,фарфор,0.557261
Т-12-Р4-1204_orig.jpg,блюдце фарфор профиль фрагмент,блюдце,0.746292,профиль,0.528728,фрагмент,0.999731,фарфор,0.853595
Т-12-Р4-1205_orig.jpg,блюдце фарфор профиль фрагмент,блюдце,0.996422,профиль,0.995735,фрагмент,0.999972,фарфор,0.956034
Т-12-Р4-1207_orig.jpg,тарелка фаянс донце фрагмент,тарелка,0.992906,донце,0.968757,фрагмент,0.999187,фаянс,0.971811
Т-12-Р4-1210_orig.jpg,блюдце фарфор донце фрагмент,блюдце,0.989356,донце,0.60941,фрагмент,0.999503,фарфор,0.987964
Т-12-Р4-1211_orig.jpg,миска керамика профиль фрагмент,миска,0.997207,профиль,0.979026,фрагмент,0.999826,керамика,0.999535
Т-12-Р4-1218_orig.jpg,блюдце фарфор донце фрагмент,блюдце,0.998885,донце,0.987521,фрагмент,0.999644,фарфор,0.983383
Т-12-Р4-1224_orig.jpg,крышка керамика профиль фрагмент,крышка,0.995099,профиль,0.984985,фрагмент,0.999795,керамика,0.990584
Т-12-Р4-1245_orig.jpg,тарелка фаянс донце фрагмент,тарелка,0.998114,донце,0.973702,фрагмент,0.999929,фаянс,0.989314
Т-12-Р4-1246_orig.jpg,крышка фаянс профиль фрагмент,крышка,0.929159,профиль,0.576158,фрагмент,0.998328,фаянс,0.945056
