image_file,auto_description,pred_type,confidence_type,pred_part,confidence_part,pred_integrity,confidence_integrity,pred_material,confidence_material
orig.jpg,изразец керамика профиль фрагмент,изразец,0.776074,профиль,0.947209,фрагмент,0.995613,керамика,0.998353
БП11-Р01-Г01-0944_orig.jpg,тарелка фаянс профиль фрагмент,тарелка,0.996814,профиль,0.607085,фрагмент,0.99976,фаянс,0.845218
БП11-Р01-Г01-1055_orig.jpg,изразец керамика профиль фрагмент,изразец,0.999425,профиль,0.981043,фрагмент,0.982863,керамика,0.999973
БП11-Р01-Г01-1065_orig.jpg,тарелка фаянс профиль фрагмент,тарелка,0.887001,профиль,0.680037,фрагмент,0.999809,фаянс,0.83698
БП11-Р01-Г01-1137_orig.jpg,изразец керамика профиль фрагмент,изразец,0.9746,профиль,0.941563,фрагмент,0.999539,керамика,0.998962
БП11-Р01-Г01-1192_orig.jpg,изразец керамика профиль фрагмент,изразец,0.997935,профиль,0.767807,фрагмент,0.997608,керамика,0.999781
БП11-Р01-Г01-1197_orig.jpg,крышка керамика фрагмент,крышка,0.954056,ручка,0.349368,фрагмент,0.996464,керамика,0.605986
БП11-Р01-Г01-1247_orig.jpg,тарелка фаянс профиль фрагмент,тарелка,0.984581,профиль,0.568603,фрагмент,0.999978,фаянс,0.776511
БП11-Р01-Г01-1248_orig.jpg,тарелка фаянс профиль фрагмент,тарелка,0.993387,профиль,0.580849,фрагмент,0.999951,фаянс,0.887896
БП11-Р01-Г01-1251_orig.jpg,тарелка фаянс донце фрагмент,тарелка,0.999015,донце,0.974625,фрагмент,0.999966,фаянс,0.833543
БП11-Р01-Г01-1289_orig.jpg,тарелка фаянс профиль фрагмент,тарелка,0.97964,профиль,0.988963,фрагмент,0.999992,фаянс,0.600715
БП11-Р01-Г01-1290_orig.jpg,тарелка фаянс профиль фрагмент,тарелка,0.997461,профиль,0.865027,фрагмент,0.999993,фаянс,0.93218
БП11-Р01-Г01-1315_orig.jpg,тарелка фаянс профиль фрагмент,тарелка,0.998281,профиль,0.849223,фрагмент,0.999957,фаянс,0.866344
БП11-Р01-Г01-1395_orig.jpg,тарелка фаянс профиль фрагмент,тарелка,0.973921,профиль,0.994728,фрагмент,0.999704,фаянс,0.813309
БП11-Р01-Г01-1396_orig.jpg,тарелка фаянс профиль фрагмент,тарелка,0.996542,профиль,0.66846,фрагмент,0.999946,фаянс,0.618694
БП11-Р01-Г01-1397_orig.jpg,тарелка фаянс профиль фрагмент,тарелка,0.967286,профиль,0.929879,фрагмент,0.999918,фаянс,0.874311
БП11-Р01-Г01-1405_orig.jpg,тарелка фаянс профиль фрагмент,тарелка,0.999031,профиль,0.555314,фрагмент,0.999848,фаянс,0.52606
БП11-Р01-Г03-3244_orig.jpg,тарелка керамика профиль фрагмент,тарелка,0.924845,профиль,0.789337,фрагмент,0.997874,керамика,0.970874
БП11-Р01-Г03-3339_orig.jpg,изразец керамика профиль фрагмент,изразец,0.998991,профиль,0.562461,фрагмент,0.998483,керамика,0.999572
БП11-Р01-Г03-6483_orig.jpg,блюдце фарфор профиль фрагмент,блюдце,0.983039,профиль,0.978156,фрагмент,0.996641,фарфор,0.984129
БП11-Р01-Г03-6484_orig.jpg,блюдце фарфор профиль фрагмент,блюдце,0.81096,профиль,0.795614,фрагмент,0.999971,фарфор,0.989692
БП11-Р01-Г03-6493_orig.jpg,изразец керамика профиль фрагмент,изразец,0.999594,профиль,0.625004,фрагмент,0.982328,керамика,0.99994
БП11-Р01-тех-0060_orig.jpg,изразец керамика профиль фрагмент,изразец,0.999639,профиль,0.927072,фрагмент,0.941988,керамика,0.995769
БП11-Р01-тех-0061_orig.jpg,изразец керамика профиль фрагмент,изразец,0.999067,профиль,0.997116,фрагмент,0.992471,керамика,0.999033
БП11-Р01-тех-0069_orig.jpg,крышка фарфор ручка,крышка,0.99573,ручка,0.549534,целый,0.867796,фарфор,0.985259
БП11-Р01-тех-0381_orig.jpg,керамика венчик фрагмент,тарелка,0.341776,венчик,0.517497,фрагмент,0.999822,керамика,0.77547
БП11-Р01-тех-0394_orig.jpg,керамика венчик фрагмент,миска,0.43297,венчик,0.708271,фрагмент,0.999894,керамика,0.999618
БП11-Р01-тех-0421_orig.jpg,тарелка керамика фрагмент,тарелка,0.849554,венчик,0.485554,фрагмент,0.999871,керамика,0.955325
БП11-Р01-тех-0443_orig.jpg,изразец керамика профиль фрагмент,изразец,0.994951,профиль,0.736885,фрагмент,0.999434,керамика,0.999939
БП11-Р01-тех-0468_orig.jpg,тарелка керамика профиль фрагмент,тарелка,0.682256,профиль,0.764458,фрагмент,0.999961,керамика,0.997754
БП12-Г01-0726_orig.jpg,тарелка фаянс профиль фрагмент,тарелка,0.874107,профиль,0.587342,фрагмент,0.999789,фаянс,0.891276
БП12-Г01-0732_orig.jpg,изразец керамика профиль фрагмент,изразец,0.829955,профиль,0.730924,фрагмент,0.996633,керамика,0.999593
БП12-Г01-0767_orig.jpg,крышка фарфор ручка,крышка,0.99964,ручка,0.942334,целый,0.96701,фарфор,0.969811
БП12-Г01-0774_orig.jpg,крышка керамика профиль фрагмент,крышка,0.578074,профиль,0.507116,фрагмент,0.999958,керамика,0.984164
БП12-Г01-0783_orig.jpg,крышка фаянс фрагмент,крышка,0.995812,донце,0.356205,фрагмент,0.999673,фаянс,0.678672
БП12-Г01-0784_orig.jpg,блюдце фарфор профиль фрагмент,блюдце,0.934004,профиль,0.917794,фрагмент,0.999875,фарфор,0.933321
БП12-Г01-0794_orig.jpg,блюдце фаянс профиль фрагмент,блюдце,0.990693,профиль,0.994011,фрагмент,0.997653,фаянс,0.629359
БП12-Г01-0956_orig.jpg,крышка керамика профиль фрагмент,крышка,0.585447,профиль,0.981907,фрагмент,0.997752,керамика,0.907583
БП12-Г01-1007_orig.jpg,изразец керамика профиль фрагмент,изразец,0.999649,профиль,0.665641,фрагмент,0.993479,керамика,0.999808
БП12-Г01-1008_orig.jpg,изразец керамика фрагмент,изразец,0.960912,венчик,0.435648,фрагмент,0.998771,керамика,0.999329
БП12-Г01-1016_orig.jpg,тарелка фаянс профиль фрагмент,тарелка,0.923943,профиль,0.904961,фрагмент,0.999957,фаянс,0.59047
БП12-Г01-1017_orig.jpg,крышка фарфор профиль фрагмент,крышка,0.977395,профиль,0.947019,фрагмент,0.999686,фарфор,0.589014
БП12-Г01-1036_orig.jpg,крышка керамика профиль фрагмент,крышка,0.970958,профиль,0.792106,фрагмент,0.824221,керамика,0.987703
БП12-Г01-1697_orig.jpg,блюдце фаянс донце фрагмент,блюдце,0.960071,донце,0.958305,фрагмент,0.999409,фаянс,0.971031
БП12-Г01-1713_orig.jpg,изразец керамика фрагмент,изразец,0.891508,донце,0.458825,фрагмент,0.990955,керамика,0.99942
БП12-Г01-1956_orig.jpg,изразец керамика венчик фрагмент,изразец,0.910059,венчик,0.709958,фрагмент,0.999428,керамика,0.98766
БП12-Г01-1974_orig.jpg,тарелка фаянс донце фрагмент,тарелка,0.965021,донце,0.908677,фрагмент,0.998915,фаянс,0.981686
БП12-Г01-1985_orig.jpg,тарелка фаянс профиль фрагмент,тарелка,0.996353,профиль,0.984376,фрагмент,0.999969,фаянс,0.976908
БП12-Г01-2474_orig.jpg,крышка фарфор ручка,крышка,0.969739,ручка,0.706997,целый,0.981611,фарфор,0.954773
БП12-Г01-2475_orig.jpg,тарелка фаянс фрагмент,тарелка,0.778405,профиль,0.472188,фрагмент,0.997302,фаянс,0.868491
БП12-Г01-2476_orig.jpg,тарелка фаянс профиль фрагмент,тарелка,0.975185,профиль,0.694494,фрагмент,0.999887,фаянс,0.965104
БП12-Г01-3217_orig.jpg,изразец керамика профиль фрагмент,изразец,0.575168,профиль,0.963234,фрагмент,0.999626,керамика,0.983599
БП12-Г01-3218_orig.jpg,изразец керамика профиль фрагмент,изразец,0.671476,профиль,0.944736,фрагмент,0.996392,керамика,0.999818
БП12-Г01-3220_orig.jpg,изразец керамика профиль фрагмент,изразец,0.998657,профиль,0.910331,фрагмент,0.998708,керамика,0.999977
БП12-Г01-3239_orig.jpg,изразец керамика профиль фрагмент,изразец,0.566865,профиль,0.618462,фрагмент,0.996424,керамика,0.999485
БП12-Г01-3414_orig.jpg,тарелка фаянс профиль фрагмент,тарелка,0.601655,профиль,0.93557,фрагмент,0.999982,фаянс,0.909197
БП12-Г01-3416_orig.jpg,блюдце фарфор профиль фрагмент,блюдце,0.948348,профиль,0.709965,фрагмент,0.998393,фарфор,0.855219
БП12-Г01-3461_orig.jpg,керамика венчик фрагмент,крышка,0.347149,венчик,0.600993,фрагмент,0.999956,керамика,0.998683
БП12-Г01-3462_orig.jpg,блюдце профиль фрагмент,блюдце,0.856558,профиль,0.988825,фрагмент,0.999906,фаянс,0.480305
БП12-Г01-3511_orig.jpg,крышка фаянс ручка фрагмент,крышка,0.801434,ручка,0.825987,фрагмент,0.844067,фаянс,0.598808
БП12-Г01-3577_orig.jpg,тарелка фаянс донце фрагмент,тарелка,0.985939,донце,0.957029,фрагмент,0.999594,фаянс,0.672038
БП12-Г01-4902_orig.jpg,блюдце фарфор профиль фрагмент,блюдце,0.874372,профиль,0.958335,фрагмент,0.991421,фарфор,0.992458
БП12-Г01-4903_orig.jpg,блюдце фаянс донце фрагмент,блюдце,0.936957,донце,0.93955,фрагмент,0.999843,фаянс,0.965536
БП12-Г01-5688_orig.jpg,тарелка фарфор профиль фрагмент,тарелка,0.97546,профиль,0.962152,фрагмент,0.999554,фарфор,0.607022
БП12-Г01-5772_orig.jpg,тарелка фаянс профиль фрагмент,тарелка,0.937692,профиль,0.95571,фрагмент,0.999947,фаянс,0.86781
БП12-Г01-5843_orig.jpg,крышка фарфор профиль фрагмент,крышка,0.99662,профиль,0.910763,фрагмент,0.986115,фарфор,0.574483
БП12-Г01-5844_orig.jpg,тарелка фарфор профиль фрагмент,тарелка,0.607992,профиль,0.69051,фрагмент,0.999787,фарфор,0.977428
БП12-Г01-5845_orig.jpg,тарелка фаянс донце фрагмент,тарелка,0.983313,донце,0.661146,фрагмент,0.999966,фаянс,0.97176
БП12-Г01-5990_orig.jpg,миска керамика профиль фрагмент,миска,0.656071,профиль,0.98386,фрагмент,0.999955,керамика,0.96429
БП12-Г01-6186_orig.jpg,тарелка фаянс донце фрагмент,тарелка,0.924857,донце,0.884812,фрагмент,0.999992,фаянс,0.724758
БП12-Г01-6214_orig.jpg,крышка керамика ручка фрагмент,крышка,0.967938,ручка,0.87207,фрагмент,0.975162,керамика,0.936477
БП12-Г01-6335_orig.jpg,изразец керамика фрагмент,изразец,0.523058,донце,0.443915,фрагмент,0.999953,керамика,0.996734
БП12-Г01-6336_orig.jpg,тарелка керамика фрагмент,тарелка,0.993706,донце,0.43327,фрагмент,0.999994,керамика,0.614647
БП12-Г01-6521_orig.jpg,блюдце фарфор профиль фрагмент,блюдце,0.960868,профиль,0.956916,фрагмент,0.99997,фарфор,0.928966
БП12-Г01-6522_orig.jpg,блюдце фарфор профиль фрагмент,блюдце,0.849262,профиль,0.920349,фрагмент,0.84815,фарфор,0.829278
БП12-Г01-6523_orig.jpg,блюдце фарфор профиль,блюдце,0.985842,профиль,0.8807,целый,0.789506,фарфор,0.53442
БП12-Г01-6524_orig.jpg,блюдце фарфор профиль фрагмент,блюдце,0.983008,профиль,0.988701,фрагмент,0.997087,фарфор,0.797196
БП12-Г01-6525_orig.jpg,блюдце фаянс профиль фрагмент,блюдце,0.590673,профиль,0.956812,фрагмент,0.997513,фаянс,0.799436
БП12-Г01-6538_orig.jpg,крышка фаянс ручка,крышка,0.944973,ручка,0.881753,целый,0.946004,фаянс,0.594662
БП12-Г01-6540_orig.jpg,блюдце фарфор профиль фрагмент,блюдце,0.502205,профиль,0.672852,фрагмент,0.856775,фарфор,0.865079
БП12-Г01-6560_orig.jpg,крышка фаянс профиль фрагмент,крышка,0.966952,профиль,0.95191,фрагмент,0.99979,фаянс,0.687315
БП12-Г01-6940_orig.jpg,крышка керамика профиль фрагмент,крышка,0.824269,профиль,0.688453,фрагмент,0.998724,керамика,0.751755
БП12-Г01-7005_orig.jpg,блюдце фарфор профиль фрагмент,блюдце,0.913433,профиль,0.984751,фрагмент,0.996727,фарфор,0.980588
БП12-Г01-7058_orig.jpg,изразец керамика профиль фрагмент,изразец,0.994702,профиль,0.649069,фрагмент,0.998531,керамика,0.999853
БП12-Г01-7079_orig.jpg,изразец керамика профиль фрагмент,изразец,0.636536,профиль,0.929103,фрагмент,0.99935,керамика,0.985359
БП12-Г01-7209_orig.jpg,изразец керамика профиль фрагмент,изразец,0.999228,профиль,0.978974,фрагмент,0.999204,керамика,0.997718
БП12-Г01-7210_orig.jpg,изразец керамика профиль фрагмент,изразец,0.998409,профиль,0.775927,фрагмент,0.902698,керамика,0.999648
БП12-Г01-7211_orig.jpg,изразец керамика профиль фрагмент,изразец,0.947942,профиль,0.813914,фрагмент,0.994302,керамика,0.99978
БП12-Г01-7212_orig.jpg,изразец керамика профиль фрагмент,изразец,0.940752,профиль,0.840857,фрагмент,0.999945,керамика,0.988978
БП12-Г01-7213_orig.jpg,изразец керамика профиль фрагмент,изразец,0.942198,профиль,0.757613,фрагмент,0.999882,керамика,0.99832
БП12-Г01-7262_orig.jpg,крышка фаянс профиль фрагмент,крышка,0.98509,профиль,0.527894,фрагмент,0.730203,фаянс,0.808715
БП12-Г01-7263_orig.jpg,крышка фаянс профиль фрагмент,крышка,0.985003,профиль,0.982708,фрагмент,0.974208,фаянс,0.944275
БП12-Г01-7271_orig.jpg,миска керамика профиль фрагмент,миска,0.971027,профиль,0.91889,фрагмент,0.999091,керамика,0.990429
БП12-Г01-7274_orig.jpg,крышка керамика профиль фрагмент,крышка,0.945199,профиль,0.97601,фрагмент,0.997019,керамика,0.922287
БП12-Г01-7738_orig.jpg,тарелка керамика профиль фрагмент,тарелка,0.881744,профиль,0.9936,фрагмент,0.999826,керамика,0.984859
БП12-Г01-7742_orig.jpg,крышка керамика ручка фрагмент,крышка,0.995802,ручка,0.977369,фрагмент,0.988087,керамика,0.986962
БП12-Г01-7754_orig.jpg,тарелка фарфор донце фрагмент,тарелка,0.852959,донце,0.882816,фрагмент,0.998143,фарфор,0.932879
БП12-Г01-7762_orig.jpg,тарелка фаянс профиль фрагмент,тарелка,0.990382,профиль,0.924587,фрагмент,0.999833,фаянс,0.970008
БП12-Г01-7977_orig.jpg,тарелка фаянс донце фрагмент,тарелка,0.93731,донце,0.514928,фрагмент,0.999972,фаянс,0.9798
БП12-Г01-8799_orig.jpg,изразец керамика профиль фрагмент,изразец,0.999547,профиль,0.665407,фрагмент,0.994941,керамика,0.999965
БП12-Г01-8837_orig.jpg,изразец керамика профиль фрагмент,изразец,0.995663,профиль,0.88668,фрагмент,0.992586,керамика,0.999672
БП12-Г01-8844_orig.jpg,изразец керамика профиль фрагмент,изразец,0.997953,профиль,0.568393,фрагмент,0.985218,керамика,0.999916
БП12-Г02-1422_orig.jpg,миска керамика профиль,миска,0.669465,профиль,0.536445,целый,0.542554,керамика,0.832653
БП12-Г02-1735_orig.jpg,тарелка керамика профиль фрагмент,тарелка,0.898119,профиль,0.961762,фрагмент,0.99585,керамика,0.561703
БП12-Г02-2581_orig.jpg,миска керамика венчик фрагмент,миска,0.587022,венчик,0.99322,фрагмент,0.997659,керамика,0.998748
БП12-Г02-2655_orig.jpg,тарелка фаянс донце фрагмент,тарелка,0.987984,донце,0.992203,фрагмент,0.998821,фаянс,0.729375
БП12-Г02-2723_orig.jpg,изразец керамика профиль фрагмент,изразец,0.79768,профиль,0.652028,фрагмент,0.99988,керамика,0.999481
БП12-Г02-2791_orig.jpg,изразец керамика профиль фрагмент,изразец,0.999112,профиль,0.862764,фрагмент,0.999088,керамика,0.999928
БП12-Г02-3656_orig.jpg,миска керамика профиль фрагмент,миска,0.745947,профиль,0.526336,фрагмент,0.999515,керамика,0.992569
БП12-Г02-3659_orig.jpg,блюдце фаянс донце фрагмент,блюдце,0.988751,донце,0.778895,фрагмент,0.999844,фаянс,0.546144
БП12-Г02-3807_orig.jpg,тарелка керамика венчик фрагмент,тарелка,0.975554,венчик,0.530787,фрагмент,0.999808,керамика,0.9933
БП12-Г02-3865_orig.jpg,изразец керамика профиль фрагмент,изразец,0.995583,профиль,0.954073,фрагмент,0.998195,керамика,0.999722
БП12-Г02-3866_orig.jpg,изразец керамика фрагмент,изразец,0.991155,донце,0.444883,фрагмент,0.999097,керамика,0.999887
БП12-Г02-3927_orig.jpg,изразец керамика профиль фрагмент,изразец,0.898155,профиль,0.788928,фрагмент,0.999779,керамика,0.999623
БП12-Г02-3983_orig.jpg,тарелка керамика венчик фрагмент,тарелка,0.932203,венчик,0.736096,фрагмент,0.999943,керамика,0.638285
БП12-Г02-3984_orig.jpg,керамика профиль фрагмент,миска,0.412109,профиль,0.840783,фрагмент,0.99319,керамика,0.701621
БП12-Г02-4011_orig.jpg,тарелка фаянс профиль фрагмент,тарелка,0.906735,профиль,0.987293,фрагмент,0.99813,фаянс,0.885806
БП12-Г02-4183_orig.jpg,тарелка керамика профиль фрагмент,тарелка,0.872854,профиль,0.505279,фрагмент,0.999884,керамика,0.599566
БП12-Г02-4189_orig.jpg,блюдце фарфор профиль фрагмент,блюдце,0.992263,профиль,0.985749,фрагмент,0.999977,фарфор,0.713841
БП12-Г02-4190_orig.jpg,тарелка фаянс профиль фрагмент,тарелка,0.970458,профиль,0.768755,фрагмент,0.999655,фаянс,0.570324
БП12-Г02-4243_orig.jpg,изразец керамика профиль фрагмент,изразец,0.999352,профиль,0.762204,фрагмент,0.99619,керамика,0.998912
БП12-Г02-4257_orig.jpg,тарелка фаянс профиль фрагмент,тарелка,0.906896,профиль,0.937199,фрагмент,0.999981,фаянс,0.786872
БП12-Г02-4270_orig.jpg,тарелка керамика профиль фрагмент,тарелка,0.610687,профиль,0.683813,фрагмент,0.99991,керамика,0.999571
БП12-Г02-4540_orig.jpg,блюдце фарфор профиль фрагмент,блюдце,0.992269,профиль,0.994138,фрагмент,0.99584,фарфор,0.991442
БП12-Г02-4708_orig.jpg,крышка фаянс ручка фрагмент,крышка,0.996825,ручка,0.804911,фрагмент,0.845637,фаянс,0.663578
БП12-Г02-4758_orig.jpg,тарелка фаянс профиль фрагмент,тарелка,0.988953,профиль,0.533443,фрагмент,0.999929,фаянс,0.953594
БП12-Г02-5150_orig.jpg,крышка керамика ручка фрагмент,крышка,0.954776,ручка,0.996514,фрагмент,0.990962,керамика,0.984267
БП12-Г02-5226_orig.jpg,тарелка фарфор профиль фрагмент,тарелка,0.956132,профиль,0.945603,фрагмент,0.999479,фарфор,0.61278
БП12-Г02-5243_orig.jpg,фаянс профиль фрагмент,крышка,0.43839,профиль,0.935679,фрагмент,0.999732,фаянс,0.942695
БП12-Г02-5276_orig.jpg,тарелка фаянс донце фрагмент,тарелка,0.986271,донце,0.979096,фрагмент,0.999905,фаянс,0.879281
БП12-Г02-5372_orig.jpg,тарелка донце фрагмент,тарелка,0.935232,донце,0.918798,фрагмент,0.999987,фаянс,0.400161
БП12-Г02-6877_orig.jpg,изразец керамика профиль фрагмент,изразец,0.999865,профиль,0.943526,фрагмент,0.97416,керамика,0.999725
БП12-Г02-8020_orig.jpg,изразец керамика профиль фрагмент,изразец,0.99219,профиль,0.957537,фрагмент,0.98985,керамика,0.999904
БП12-Г02-8137_orig.jpg,крышка керамика профиль фрагмент,крышка,0.504642,профиль,0.854635,фрагмент,0.99961,керамика,0.570727
БП12-Т01-8069_orig.jpg,тарелка фаянс донце фрагмент,тарелка,0.997845,донце,0.929415,фрагмент,0.999216,фаянс,0.896276
БП12-Т01-8071_orig.jpg,блюдце фарфор профиль фрагмент,блюдце,0.987464,профиль,0.931294,фрагмент,0.993747,фарфор,0.997803
БП12-Т01-8073_orig.jpg,тарелка фаянс донце фрагмент,тарелка,0.801967,донце,0.750946,фрагмент,0.999821,фаянс,0.712494
БП12-Т01-8074_orig.jpg,блюдце фаянс донце фрагмент,блюдце,0.96928,донце,0.870799,фрагмент,0.999981,фаянс,0.75006
БП12-Т02-7986_orig.jpg,крышка фарфор профиль,крышка,0.96057,профиль,0.802823,целый,0.617468,фарфор,0.671396
ВО-1л58-2017-0011_orig.jpg,изразец керамика профиль фрагмент,изразец,0.999607,профиль,0.841095,фрагмент,0.887548,керамика,0.999841
ВО-1л58-2017-0012_orig.jpg,изразец керамика профиль фрагмент,изразец,0.999276,профиль,0.902404,фрагмент,0.996517,керамика,0.999677
ВО-1л58-2017-0013_orig.jpg,изразец керамика профиль фрагмент,изразец,0.990431,профиль,0.991861,фрагмент,0.963093,керамика,0.999873
ВО-1л58-2017-0014_orig.jpg,изразец керамика профиль,изразец,0.991542,профиль,0.962657,целый,0.520674,керамика,0.983219
ВО-1л58-2017-0015_orig.jpg,изразец керамика профиль фрагмент,изразец,0.998564,профиль,0.992714,фрагмент,0.991717,керамика,0.994538
ВО-1л58-2017-0016_orig.jpg,изразец керамика профиль фрагмент,изразец,0.994133,профиль,0.85328,фрагмент,0.999815,керамика,0.999964
ВО-1л58-2017-0017_orig.jpg,изразец керамика профиль фрагмент,изразец,0.997032,профиль,0.974243,фрагмент,0.98039,керамика,0.998608
ВО-1л58-2017-0018_orig.jpg,изразец керамика профиль фрагмент,изразец,0.999074,профиль,0.688584,фрагмент,0.989367,керамика,0.999588
ВО-1л58-2017-0019_orig.jpg,изразец керамика профиль фрагмент,изразец,0.999153,профиль,0.87815,фрагмент,0.985037,керамика,0.999162
ВО-1л58-2017-0020_orig.jpg,изразец керамика венчик фрагмент,изразец,0.841434,венчик,0.524245,фрагмент,0.999952,керамика,0.986635
ВО-1л58-2017-0022_orig.jpg,керамика профиль фрагмент,тарелка,0.441952,профиль,0.724731,фрагмент,0.992567,керамика,0.969399
ВО-1л58-2017-0036_orig.jpg,миска керамика профиль фрагмент,миска,0.828511,профиль,0.895617,фрагмент,0.997336,керамика,0.99984
ВО-1л58-2017-0038_orig.jpg,керамика венчик фрагмент,тарелка,0.446561,венчик,0.703191,фрагмент,0.995844,керамика,0.99835
ВО-1л58-2017-0047_orig.jpg,миска керамика венчик фрагмент,миска,0.940303,венчик,0.532745,фрагмент,0.998798,керамика,0.992501
ВО-1л58-2017-0053_orig.jpg,крышка фаянс профиль фрагмент,крышка,0.522568,профиль,0.768314,фрагмент,0.998863,фаянс,0.710617
ВО-1л58-2017-0055_orig.jpg,тарелка фаянс венчик фрагмент,тарелка,0.954042,венчик,0.937553,фрагмент,0.996108,фаянс,0.578577
ВО-1л58-2017-0056_orig.jpg,тарелка фаянс венчик фрагмент,тарелка,0.992606,венчик,0.936192,фрагмент,0.999882,фаянс,0.883904
ВО-1л58-2017-0058_orig.jpg,крышка фаянс ручка фрагмент,крышка,0.991205,ручка,0.99355,фрагмент,0.99555,фаянс,0.875215
ВО-1л58-2017-0059_orig.jpg,тарелка фаянс донце фрагмент,тарелка,0.973473,донце,0.848579,фрагмент,0.965392,фаянс,0.669724
ВО-1л58-2017-0072_orig.jpg,блюдце фарфор фрагмент,блюдце,0.981488,профиль,0.485116,фрагмент,0.988388,фарфор,0.992961
ВО-1л58-2017-0074_orig.jpg,блюдце фарфор донце фрагмент,блюдце,0.991259,донце,0.5942,фрагмент,0.941994,фарфор,0.999537
ВО-1л58-2017-0075_orig.jpg,блюдце фарфор профиль фрагмент,блюдце,0.84241,профиль,0.934751,фрагмент,0.993738,фарфор,0.993423
ВО-1л58-2017-0076_orig.jpg,крышка фарфор профиль фрагмент,крышка,0.980969,профиль,0.737585,фрагмент,0.950864,фарфор,0.980271
ВО-1л58-2017-0077_orig.jpg,крышка фарфор ручка фрагмент,крышка,0.932197,ручка,0.572347,фрагмент,0.997373,фарфор,0.997504
ВО-1л58-2017-0078_orig.jpg,тарелка фарфор профиль фрагмент,тарелка,0.742759,профиль,0.88388,фрагмент,0.995606,фарфор,0.880622
ВО-1л58-2017-0088_orig.jpg,тарелка фарфор профиль фрагмент,тарелка,0.828133,профиль,0.992806,фрагмент,0.999713,фарфор,0.995915
ВО-1л58-2017-0089_orig.jpg,тарелка фарфор профиль фрагмент,тарелка,0.833334,профиль,0.728751,фрагмент,0.989064,фарфор,0.957067
ВО-1л58-2017-0090_orig.jpg,тарелка фарфор профиль фрагмент,тарелка,0.566374,профиль,0.974915,фрагмент,0.998533,фарфор,0.996845
ВО-1л58-2017-0091_orig.jpg,тарелка фарфор профиль фрагмент,тарелка,0.973626,профиль,0.818727,фрагмент,0.999895,фарфор,0.972574
ВО-1л58-2017-0092_orig.jpg,тарелка фарфор профиль фрагмент,тарелка,0.954526,профиль,0.969649,фрагмент,0.982579,фарфор,0.99765
ВО-1л58-2017-0093_orig.jpg,тарелка фарфор профиль фрагмент,тарелка,0.746803,профиль,0.529505,фрагмент,0.999473,фарфор,0.989209
ВО-1л58-2017-0103_orig.jpg,изразец керамика профиль фрагмент,изразец,0.910614,профиль,0.914447,фрагмент,0.967547,керамика,0.99951
ВО-1л58-2017-0104_orig.jpg,изразец керамика фрагмент,изразец,0.985975,ручка,0.481591,фрагмент,0.990703,керамика,0.998571
ВО-1л58-2017-0105_orig.jpg,изразец керамика фрагмент,изразец,0.998003,венчик,0.499482,фрагмент,0.992818,керамика,0.999719
ВО-1л58-2017-0124_orig.jpg,миска керамика профиль фрагмент,миска,0.532819,профиль,0.828588,фрагмент,0.999474,керамика,0.999217
ВО-1л58-2017-0141_orig.jpg,тарелка фаянс донце фрагмент,тарелка,0.997074,донце,0.946341,фрагмент,0.999881,фаянс,0.908653
ВО-1л58-2017-0161_orig.jpg,фаянс профиль фрагмент,крышка,0.342936,профиль,0.857248,фрагмент,0.983031,фаянс,0.786983
ВО-1л58-2017-0235_orig.jpg,тарелка фаянс профиль фрагмент,тарелка,0.7851,профиль,0.896421,фрагмент,0.999938,фаянс,0.657345
ВО-1л58-2017-0242_orig.jpg,миска керамика венчик фрагмент,миска,0.828437,венчик,0.970906,фрагмент,0.999165,керамика,0.994682
ВО-1л58-2017-0275_orig.jpg,тарелка керамика профиль фрагмент,тарелка,0.906273,профиль,0.707844,фрагмент,0.999317,керамика,0.801174
ВО-1л58-2017-0281_orig.jpg,тарелка керамика профиль фрагмент,тарелка,0.959185,профиль,0.962987,фрагмент,0.999772,керамика,0.614249
ВО-1л58-2017-0284_orig.jpg,тарелка фаянс донце фрагмент,тарелка,0.989891,донце,0.961055,фрагмент,0.999726,фаянс,0.882152
ВО-1л58-2017-0286_orig.jpg,тарелка фаянс венчик фрагмент,тарелка,0.993434,венчик,0.891521,фрагмент,0.998,фаянс,0.936812
ВО-1л58-2017-0294_orig.jpg,блюдце фарфор профиль фрагмент,блюдце,0.928547,профиль,0.918515,фрагмент,0.999586,фарфор,0.977488
ВО-1л58-2017-0297_orig.jpg,тарелка керамика донце фрагмент,тарелка,0.994902,донце,0.980464,фрагмент,0.999982,керамика,0.925484
ВО-1л58-2017-0305_orig.jpg,изразец керамика профиль фрагмент,изразец,0.99847,профиль,0.814576,фрагмент,0.942403,керамика,0.999972
ВО-1л58-2017-0306_orig.jpg,изразец керамика профиль фрагмент,изразец,0.996258,профиль,0.774357,фрагмент,0.998625,керамика,0.999968
ВО-1л58-2017-0307_orig.jpg,изразец керамика фрагмент,изразец,0.999094,ручка,0.475241,фрагмент,0.980697,керамика,0.998962
ВО-1л58-2017-0322_orig.jpg,миска керамика профиль фрагмент,миска,0.583002,профиль,0.674902,фрагмент,0.99522,керамика,0.995165
ВО-1л58-2017-0376_orig.jpg,миска керамика венчик фрагмент,миска,0.998516,венчик,0.986933,фрагмент,0.999901,керамика,0.997611
ВО-1л58-2017-0393_orig.jpg,изразец керамика профиль фрагмент,изразец,0.985763,профиль,0.789282,фрагмент,0.980641,керамика,0.999897
ВО-1л58-2017-0397_orig.jpg,изразец керамика венчик фрагмент,изразец,0.863088,венчик,0.832483,фрагмент,0.997868,керамика,0.997908
ВО-1л58-2017-0418_orig.jpg,тарелка керамика венчик фрагмент,тарелка,0.966871,венчик,0.970156,фрагмент,0.995007,керамика,0.980478
ВО-1л58-2017-0421_orig.jpg,тарелка фаянс профиль фрагмент,тарелка,0.98335,профиль,0.907246,фрагмент,0.999853,фаянс,0.898358
ВО-1л58-2017-0424_orig.jpg,крышка фаянс профиль фрагмент,крышка,0.53923,профиль,0.734365,фрагмент,0.999964,фаянс,0.537155
ВО-1л58-2017-0425_orig.jpg,крышка фаянс профиль фрагмент,крышка,0.986849,профиль,0.848623,фрагмент,0.999721,фаянс,0.780617
ВО-1л58-2017-0426_orig.jpg,тарелка фаянс профиль фрагмент,тарелка,0.986059,профиль,0.554853,фрагмент,0.999978,фаянс,0.903295
ВО-1л58-2017-0441_orig.jpg,миска керамика венчик фрагмент,миска,0.935829,венчик,0.74371,фрагмент,0.999392,керамика,0.999676
ВО-1л58-2017-0447_orig.jpg,изразец керамика фрагмент,изразец,0.999347,венчик,0.495696,фрагмент,0.945177,керамика,0.999896
ВО-1л58-2017-0448_orig.jpg,изразец керамика венчик,изразец,0.999813,венчик,0.562428,целый,0.713613,керамика,0.999492
ВО-1л58-2017-0475_orig.jpg,изразец керамика венчик фрагмент,изразец,0.99935,венчик,0.69575,фрагмент,0.98799,керамика,0.999183
ВО-1л58-2017-0480_orig.jpg,крышка фарфор ручка,крышка,0.990187,ручка,0.522416,целый,0.733999,фарфор,0.970202
ВО-1л58-2017-0487_orig.jpg,тарелка фаянс профиль фрагмент,тарелка,0.994401,профиль,0.715886,фрагмент,0.999996,фаянс,0.790442
ВО-1л58-2017-0488_orig.jpg,тарелка фаянс профиль фрагмент,тарелка,0.990488,профиль,0.710424,фрагмент,0.999966,фаянс,0.855481
ВО-1л58-2017-0503_orig.jpg,крышка фарфор ручка фрагмент,крышка,0.952685,ручка,0.855445,фрагмент,0.740646,фарфор,0.945367
ВО-1л58-2017-0509_orig.jpg,изразец керамика венчик фрагмент,изразец,0.97859,венчик,0.928242,фрагмент,0.998548,керамика,0.999691
ВО-1л58-2017-0522_orig.jpg,тарелка фаянс фрагмент,тарелка,0.929716,венчик,0.316409,фрагмент,0.999858,фаянс,0.923413
ВО-1л58-2017-0523_orig.jpg,изразец керамика венчик фрагмент,изразец,0.984762,венчик,0.585679,фрагмент,0.990374,керамика,0.999879
ВО-1л58-2017-0524_orig.jpg,изразец керамика профиль фрагмент,изразец,0.565413,профиль,0.638255,фрагмент,0.992734,керамика,0.986473
ВО-1л58-2017-0525_orig.jpg,изразец керамика профиль фрагмент,изразец,0.989686,профиль,0.714012,фрагмент,0.994236,керамика,0.996653
ВО-1л58-2017-0527_orig.jpg,изразец керамика фрагмент,изразец,0.999534,венчик,0.465707,фрагмент,0.993852,керамика,0.99995
ВО-1л58-2017-0528_orig.jpg,изразец керамика профиль фрагмент,изразец,0.964184,профиль,0.954455,фрагмент,0.99378,керамика,0.996796
ВО-1л58-2017-0544_orig.jpg,тарелка керамика венчик фрагмент,тарелка,0.906181,венчик,0.897786,фрагмент,0.999974,керамика,0.996935
ВО-1л58-2017-0547_orig.jpg,тарелка фаянс венчик фрагмент,тарелка,0.989546,венчик,0.984416,фрагмент,0.999608,фаянс,0.981018
ВО-1л58-2017-0551_orig.jpg,изразец керамика профиль фрагмент,изразец,0.990499,профиль,0.550988,фрагмент,0.995454,керамика,0.999903
ВО-1л58-2017-0553_orig.jpg,изразец керамика профиль фрагмент,изразец,0.997199,профиль,0.80143,фрагмент,0.994132,керамика,0.999517
ВО-1л58-2017-0554_orig.jpg,изразец керамика венчик фрагмент,изразец,0.78789,венчик,0.76682,фрагмент,0.996465,керамика,0.992183
ВО-1л58-2017-0572_orig.jpg,крышка керамика ручка,крышка,0.879729,ручка,0.914534,целый,0.580285,керамика,0.999041
ВО-1л58-2017-0573_orig.jpg,тарелка керамика венчик фрагмент,тарелка,0.987028,венчик,0.995633,фрагмент,0.997475,керамика,0.926735
ВО-1л58-2017-0574_orig.jpg,тарелка фаянс фрагмент,тарелка,0.994896,донце,0.488128,фрагмент,0.999657,фаянс,0.889906
ВО-1л58-2017-0575_orig.jpg,тарелка фарфор венчик фрагмент,тарелка,0.586978,венчик,0.55286,фрагмент,0.998388,фарфор,0.791681
ВО-1л58-2017-0595_orig.jpg,миска керамика профиль фрагмент,миска,0.825783,профиль,0.548472,фрагмент,0.998798,керамика,0.995083
ВО-1л58-2017-0596_orig.jpg,крышка керамика ручка фрагмент,крышка,0.972542,ручка,0.983411,фрагмент,0.839674,керамика,0.996842
ВО-1л58-2017-0603_orig.jpg,изразец керамика профиль фрагмент,изразец,0.996528,профиль,0.613168,фрагмент,0.996726,керамика,0.999937
ВО-1л58-2017-0604_orig.jpg,изразец керамика фрагмент,изразец,0.952505,профиль,0.437234,фрагмент,0.983412,керамика,0.98181
ВО-1л58-2017-0605_orig.jpg,изразец керамика венчик фрагмент,изразец,0.987383,венчик,0.545469,фрагмент,0.993716,керамика,0.996006
ВО-1л58-2017-0606_orig.jpg,изразец керамика профиль фрагмент,изразец,0.998301,профиль,0.572553,фрагмент,0.969981,керамика,0.999465
ВО-1л58-2017-0625_orig.jpg,тарелка керамика венчик фрагмент,тарелка,0.951088,венчик,0.951188,фрагмент,0.986569,керамика,0.847044
ВО-1л58-2017-0627_orig.jpg,изразец керамика донце фрагмент,изразец,0.69052,донце,0.906499,фрагмент,0.997135,керамика,0.983597
ВО-1л58-2017-0631_orig.jpg,изразец керамика профиль фрагмент,изразец,0.967223,профиль,0.957963,фрагмент,0.99539,керамика,0.999519
ВО-1л58-2017-0632_orig.jpg,изразец керамика профиль фрагмент,изразец,0.999351,профиль,0.776008,фрагмент,0.96322,керамика,0.999884
ВО-1л58-2017-0633_orig.jpg,изразец керамика профиль фрагмент,изразец,0.999522,профиль,0.796982,фрагмент,0.816591,керамика,0.998674
ВО-1л58-2017-0634_orig.jpg,изразец керамика профиль фрагмент,изразец,0.998896,профиль,0.667874,фрагмент,0.854582,керамика,0.998594
ВО-1л58-2017-0635_orig.jpg,изразец керамика профиль фрагмент,изразец,0.996911,профиль,0.823803,фрагмент,0.990099,керамика,0.994991
ВО-1л58-2017-0645_orig.jpg,изразец керамика венчик фрагмент,изразец,0.745881,венчик,0.793625,фрагмент,0.989904,керамика,0.999572
ВО-1л58-2017-0673_orig.jpg,миска керамика венчик фрагмент,миска,0.968093,венчик,0.799767,фрагмент,0.991304,керамика,0.999109
ВО-1л58-2017-0688_orig.jpg,тарелка фаянс венчик фрагмент,тарелка,0.933899,венчик,0.658433,фрагмент,0.999823,фаянс,0.544093
ВО-1л58-2017-0689_orig.jpg,тарелка фаянс донце фрагмент,тарелка,0.998604,донце,0.938494,фрагмент,0.999935,фаянс,0.862549
ВО-1л58-2017-0713_orig.jpg,изразец керамика фрагмент,изразец,0.998945,профиль,0.368903,фрагмент,0.99783,керамика,0.999654
ВО-1л58-2017-0714_orig.jpg,изразец керамика венчик фрагмент,изразец,0.977223,венчик,0.68625,фрагмент,0.999089,керамика,0.99939
ВО-1л58-2017-0715_orig.jpg,изразец керамика профиль фрагмент,изразец,0.992201,профиль,0.818816,фрагмент,0.992949,керамика,0.999353
ВО-1л58-2017-0716_orig.jpg,изразец керамика профиль фрагмент,изразец,0.999845,профиль,0.942777,фрагмент,0.953557,керамика,0.99976
ВО-1л58-2017-0717_orig.jpg,изразец керамика фрагмент,изразец,0.963767,венчик,0.496832,фрагмент,0.996118,керамика,0.999429
ВО-1л58-2017-0718_orig.jpg,изразец керамика профиль фрагмент,изразец,0.995581,профиль,0.79438,фрагмент,0.974567,керамика,0.99739
ВО-1л58-2017-0721_orig.jpg,изразец керамика профиль,изразец,0.984233,профиль,0.887838,целый,0.972685,керамика,0.999093
ВО-1л58-2017-0722_orig.jpg,тарелка керамика донце фрагмент,тарелка,0.869593,донце,0.552841,фрагмент,0.997027,керамика,0.977383
ВО-1л58-2017-0723_orig.jpg,изразец керамика профиль фрагмент,изразец,0.991548,профиль,0.85017,фрагмент,0.998411,керамика,0.999874
ВО-1л58-2017-0724_orig.jpg,изразец керамика профиль фрагмент,изразец,0.999416,профиль,0.819957,фрагмент,0.956409,керамика,0.999855
ВО-1л58-2017-0734_orig.jpg,крышка керамика ручка фрагмент,крышка,0.981277,ручка,0.970017,фрагмент,0.97931,керамика,0.986348
ВО-1л58-2017-0735_orig.jpg,тарелка керамика венчик фрагмент,тарелка,0.720124,венчик,0.940905,фрагмент,0.99872,керамика,0.80543
ВО-1л58-2017-0736_orig.jpg,блюдце фарфор донце фрагмент,блюдце,0.626943,донце,0.716455,фрагмент,0.999915,фарфор,0.996895
ВО-1л58-2017-0743_orig.jpg,тарелка керамика профиль фрагмент,тарелка,0.895287,профиль,0.997952,фрагмент,0.999917,керамика,0.953638
ВО-1л58-2017-0745_orig.jpg,миска керамика венчик фрагмент,миска,0.998965,венчик,0.990393,фрагмент,0.994026,керамика,0.993272
ВО-1л58-2017-0746_orig.jpg,крышка керамика ручка фрагмент,крышка,0.990918,ручка,0.985722,фрагмент,0.976728,керамика,0.901538
ВО-1л58-2017-0753_orig.jpg,миска фаянс венчик фрагмент,миска,0.988896,венчик,0.968153,фрагмент,0.999148,фаянс,0.851721
ВО-1л58-2017-0754_orig.jpg,изразец керамика профиль фрагмент,изразец,0.963643,профиль,0.850856,фрагмент,0.999129,керамика,0.988956
ВО-1л58-2017-0767_orig.jpg,изразец керамика профиль фрагмент,изразец,0.999301,профиль,0.81543,фрагмент,0.990848,керамика,0.997668
ВО-1л58-2017-0768_orig.jpg,изразец керамика профиль фрагмент,изразец,0.99531,профиль,0.661201,фрагмент,0.999285,керамика,0.99652
ВО-1л58-2017-0769_orig.jpg,изразец керамика фрагмент,изразец,0.996759,профиль,0.494558,фрагмент,0.886984,керамика,0.999855
ВО-1л58-2017-0770_orig.jpg,изразец керамика венчик фрагмент,изразец,0.99374,венчик,0.566477,фрагмент,0.99058,керамика,0.999381
ВО-1л58-2017-0779_orig.jpg,изразец керамика фрагмент,изразец,0.999327,профиль,0.484604,фрагмент,0.986522,керамика,0.999767
ВО-1л58-2017-0780_orig.jpg,изразец керамика профиль фрагмент,изразец,0.996357,профиль,0.679424,фрагмент,0.881561,керамика,0.999813
ВО-1л58-2017-0781_orig.jpg,изразец керамика профиль фрагмент,изразец,0.994911,профиль,0.968725,фрагмент,0.996165,керамика,0.99954
ВО-1л58-2017-0799_orig.jpg,тарелка фарфор венчик фрагмент,тарелка,0.485404,венчик,0.687694,фрагмент,0.99563,фарфор,0.9062
ВО-1л58-2017-0841_orig.jpg,изразец керамика профиль фрагмент,изразец,0.999408,профиль,0.765332,фрагмент,0.978742,керамика,0.999423
ВО-1л58-2017-0868_orig.jpg,изразец керамика фрагмент,изразец,0.999309,венчик,0.479763,фрагмент,0.997254,керамика,0.999698
ВО-1л58-2017-0873_orig.jpg,миска керамика профиль фрагмент,миска,0.989821,профиль,0.512159,фрагмент,0.999707,керамика,0.993012
ВО-1л58-2017-0874_orig.jpg,миска керамика венчик фрагмент,миска,0.90361,венчик,0.889409,фрагмент,0.999879,керамика,0.998916
ВО-1л58-2017-0881_orig.jpg,тарелка фаянс донце фрагмент,тарелка,0.99226,донце,0.908888,фрагмент,0.999543,фаянс,0.948003
ВО-1л58-2017-0911_orig.jpg,тарелка фаянс фрагмент,тарелка,0.9986,венчик,0.461032,фрагмент,0.999966,фаянс,0.967316
ВО-1л58-2017-0962_orig.jpg,блюдце фарфор фрагмент,блюдце,0.873742,профиль,0.454467,фрагмент,0.998525,фарфор,0.97041
ВО-1л58-2017-0963_orig.jpg,миска керамика венчик фрагмент,миска,0.921222,венчик,0.951245,фрагмент,0.995891,керамика,0.998825
ВО-1л58-2017-0973_orig.jpg,тарелка фаянс венчик фрагмент,тарелка,0.672825,венчик,0.57077,фрагмент,0.973344,фаянс,0.574642
ВО-1л58-2017-0977_orig.jpg,миска керамика венчик фрагмент,миска,0.995928,венчик,0.682575,фрагмент,0.999486,керамика,0.994493
ВО-1л58-2017-0981_orig.jpg,изразец керамика профиль фрагмент,изразец,0.999605,профиль,0.944675,фрагмент,0.811255,керамика,0.999836
ВО-1л58-2017-0986_orig.jpg,изразец керамика профиль фрагмент,изразец,0.973447,профиль,0.765366,фрагмент,0.944796,керамика,0.863004
ВО-1л58-2017-0996_orig.jpg,крышка керамика ручка фрагмент,крышка,0.985949,ручка,0.964982,фрагмент,0.729873,керамика,0.960073
ВО-1л58-2017-1001_orig.jpg,изразец керамика профиль,изразец,0.99899,профиль,0.956711,целый,0.929634,керамика,0.99973
ВО-1л58-2017-1002_orig.jpg,изразец керамика профиль фрагмент,изразец,0.998652,профиль,0.93956,фрагмент,0.734051,керамика,0.999281
ВО-1л58-2017-1003_orig.jpg,изразец керамика профиль,изразец,0.997869,профиль,0.953994,фрагмент,0.524451,керамика,0.999824
ВО-1л58-2017-1005_orig.jpg,изразец керамика профиль фрагмент,изразец,0.999773,профиль,0.844971,фрагмент,0.980343,керамика,0.99978
ВО-1л58-2017-1006_orig.jpg,изразец керамика профиль фрагмент,изразец,0.996656,профиль,0.948955,фрагмент,0.998991,керамика,0.999776
ВО-1л58-2017-1007_orig.jpg,изразец керамика профиль фрагмент,изразец,0.999473,профиль,0.794743,фрагмент,0.983482,керамика,0.999731
ВО-1л58-2017-1008_orig.jpg,изразец керамика венчик фрагмент,изразец,0.999109,венчик,0.642527,фрагмент,0.996956,керамика,0.999867
ВО-1л58-2017-1009_orig.jpg,изразец керамика профиль фрагмент,изразец,0.997634,профиль,0.597407,фрагмент,0.973339,керамика,0.999401
ВО-1л58-2017-1010_orig.jpg,изразец керамика профиль фрагмент,изразец,0.998836,профиль,0.880749,фрагмент,0.998331,керамика,0.999121
ВО-1л58-2017-1030_orig.jpg,изразец керамика венчик фрагмент,изразец,0.860716,венчик,0.759596,фрагмент,0.998569,керамика,0.998816
ВО-1л58-2017-1035_orig.jpg,изразец керамика профиль фрагмент,изразец,0.966981,профиль,0.983805,фрагмент,0.90816,керамика,0.998373
ВО-1л58-2017-1036_orig.jpg,изразец керамика профиль,изразец,0.992937,профиль,0.954976,целый,0.974191,керамика,0.999265
ВО-1л58-2017-1038_orig.jpg,изразец керамика профиль фрагмент,изразец,0.999704,профиль,0.545128,фрагмент,0.886065,керамика,0.99974
ВО-1л58-2017-1042_orig.jpg,изразец керамика фрагмент,изразец,0.999465,профиль,0.499913,фрагмент,0.964315,керамика,0.999674
ВО-1л58-2017-1101_orig.jpg,тарелка фаянс профиль фрагмент,тарелка,0.809131,профиль,0.537094,фрагмент,0.999742,фаянс,0.794394
ВО-1л58-2017-1102_orig.jpg,тарелка фаянс венчик фрагмент,тарелка,0.985037,венчик,0.678219,фрагмент,0.99998,фаянс,0.953061
ВО-1л58-2017-1111_orig.jpg,блюдце фарфор венчик фрагмент,блюдце,0.650291,венчик,0.772858,фрагмент,0.999873,фарфор,0.9307
ВО-1л58-2017-1152_orig.jpg,миска керамика венчик фрагмент,миска,0.996413,венчик,0.993692,фрагмент,0.995092,керамика,0.999218
ВО-1л58-2017-1155_orig.jpg,миска керамика профиль фрагмент,миска,0.976767,профиль,0.724909,фрагмент,0.969858,керамика,0.969158
ВО-1л58-2017-1156_orig.jpg,миска керамика профиль фрагмент,миска,0.978211,профиль,0.730176,фрагмент,0.999389,керамика,0.995387
ВО-1л58-2017-1157_orig.jpg,миска керамика венчик фрагмент,миска,0.991925,венчик,0.875542,фрагмент,0.98614,керамика,0.999115
ВО-1л58-2017-1238_orig.jpg,миска керамика венчик фрагмент,миска,0.623325,венчик,0.824802,фрагмент,0.97456,керамика,0.999584
ВО-1л58-2017-1251_orig.jpg,изразец керамика фрагмент,изразец,0.999624,профиль,0.496134,фрагмент,0.990315,керамика,0.999568
ВО-1л58-2017-1273_orig.jpg,изразец керамика профиль,изразец,0.99489,профиль,0.932248,целый,0.84944,керамика,0.993449
Заг11-ш01-Г01-055_orig.jpg,изразец керамика профиль фрагмент,изразец,0.98868,профиль,0.865102,фрагмент,0.999486,керамика,0.999471
Заг11-ш01-Г02-067_orig.jpg,изразец керамика профиль фрагмент,изразец,0.999636,профиль,0.971851,фрагмент,0.994903,керамика,0.999966
Заг11-ш01-Г02-068_orig.jpg,изразец керамика профиль фрагмент,изразец,0.999664,профиль,0.754448,фрагмент,0.993049,керамика,0.999868
Заг11-ш01-Г03-145_orig.jpg,изразец керамика профиль фрагмент,изразец,0.998715,профиль,0.873396,фрагмент,0.994899,керамика,0.999902
Заг11-ш02-Г02-242_orig.jpg,изразец керамика профиль фрагмент,изразец,0.971128,профиль,0.837793,фрагмент,0.999255,керамика,0.999951
Заг11-ш02-Г02-246_orig.jpg,тарелка керамика донце фрагмент,тарелка,0.979765,донце,0.809747,фрагмент,0.999875,керамика,0.841743
Заг11-ш02-Г04-279_orig.jpg,изразец керамика профиль фрагмент,изразец,0.999592,профиль,0.767638,фрагмент,0.980186,керамика,0.99979
КБ-2014-Р1-0094_orig.jpg,изразец керамика профиль фрагмент,изразец,0.998941,профиль,0.829091,фрагмент,0.683965,керамика,0.999749
КБ-2014-Р1-0131_orig.jpg,тарелка фаянс донце фрагмент,тарелка,0.985486,донце,0.908884,фрагмент,0.995542,фаянс,0.555813
КБ-2014-Р1-0222_orig.jpg,тарелка фаянс венчик фрагмент,тарелка,0.995961,венчик,0.684593,фрагмент,0.999868,фаянс,0.940784
КБ-2014-Р1-0247_orig.jpg,тарелка фарфор донце фрагмент,тарелка,0.942789,донце,0.964434,фрагмент,0.966279,фарфор,0.844577
КБ-2014-Р1-0281_orig.jpg,тарелка фарфор донце фрагмент,тарелка,0.895071,донце,0.603911,фрагмент,0.999852,фарфор,0.969426
КБ-2014-Р1-0320_orig.jpg,тарелка фаянс профиль фрагмент,тарелка,0.997327,профиль,0.758929,фрагмент,0.999429,фаянс,0.908155
КБ-2014-Р1-0378_orig.jpg,тарелка фарфор профиль фрагмент,тарелка,0.777324,профиль,0.775322,фрагмент,0.997732,фарфор,0.99795
КБ-2014-Р1-0400_orig.jpg,блюдце фаянс венчик фрагмент,блюдце,0.585996,венчик,0.923719,фрагмент,0.99668,фаянс,0.697327
КБ-2014-Р1-0426_orig.jpg,блюдце фарфор донце фрагмент,блюдце,0.941222,донце,0.74512,фрагмент,0.996865,фарфор,0.995178
КБ-2014-Р1-0427_orig.jpg,блюдце фарфор профиль фрагмент,блюдце,0.976716,профиль,0.993225,фрагмент,0.998246,фарфор,0.995795
КБ-2014-Р1-0446_orig.jpg,блюдце фарфор профиль фрагмент,блюдце,0.867844,профиль,0.859824,фрагмент,0.998275,фарфор,0.998214
КБ-2014-Р1-0547_orig.jpg,крышка фаянс венчик фрагмент,крышка,0.495947,венчик,0.70967,фрагмент,0.996958,фаянс,0.881723
КБ-2014-Р1-0679_orig.jpg,блюдце фарфор профиль фрагмент,блюдце,0.995916,профиль,0.94303,фрагмент,0.999278,фарфор,0.99343
КБ-2014-Р1-0716_orig.jpg,тарелка фарфор донце фрагмент,тарелка,0.924053,донце,0.63034,фрагмент,0.99948,фарфор,0.979128
КБ-2014-Р1-0718_orig.jpg,тарелка фаянс донце фрагмент,тарелка,0.99856,донце,0.913513,фрагмент,0.999821,фаянс,0.644427
КБ-2014-Р1-0719_orig.jpg,блюдце фарфор донце фрагмент,блюдце,0.91886,донце,0.912191,фрагмент,0.997149,фарфор,0.997176
КБ-2014-Р1-0780_orig.jpg,блюдце фарфор профиль фрагмент,блюдце,0.674423,профиль,0.58492,фрагмент,0.990241,фарфор,0.993385
КБ-2014-Р1-0782_orig.jpg,блюдце фарфор профиль фрагмент,блюдце,0.63694,профиль,0.679142,фрагмент,0.999921,фарфор,0.891573
КБ-2014-Р1-1032_orig.jpg,блюдце фарфор профиль фрагмент,блюдце,0.981162,профиль,0.891826,фрагмент,0.988047,фарфор,0.999088
КБ-2014-Р1-1033_orig.jpg,тарелка фарфор донце фрагмент,тарелка,0.962578,донце,0.986706,фрагмент,0.995859,фарфор,0.962453
КБ-2014-Р1-1101_orig.jpg,тарелка фаянс профиль фрагмент,тарелка,0.970999,профиль,0.58079,фрагмент,0.998355,фаянс,0.807807
КБ-2014-Р1-1299_orig.jpg,тарелка фарфор профиль фрагмент,тарелка,0.928697,профиль,0.5756,фрагмент,0.932132,фарфор,0.964028
КБ-2014-Р1-1304_orig.jpg,блюдце фарфор профиль фрагмент,блюдце,0.992988,профиль,0.870043,фрагмент,0.971444,фарфор,0.998649
КБ-2014-Р1-1388_orig.jpg,тарелка фарфор донце фрагмент,тарелка,0.607618,донце,0.631859,фрагмент,0.997295,фарфор,0.904094
КБ-2014-Р1-1464_orig.jpg,изразец керамика профиль фрагмент,изразец,0.999244,профиль,0.674439,фрагмент,0.997177,керамика,0.999795
КБ-2014-Р1-1489_orig.jpg,изразец керамика ручка фрагмент,изразец,0.903667,ручка,0.548638,фрагмент,0.838913,керамика,0.968012
КБ-2014-Р1-1508_orig.jpg,тарелка фарфор донце фрагмент,тарелка,0.99224,донце,0.77867,фрагмент,0.999764,фарфор,0.940121
КБ-2014-Р1-1518_orig.jpg,тарелка фарфор донце фрагмент,тарелка,0.992446,донце,0.980365,фрагмент,0.997987,фарфор,0.507103
КБ-2014-Р1-1539_orig.jpg,блюдце фарфор профиль фрагмент,блюдце,0.920893,профиль,0.670921,фрагмент,0.994936,фарфор,0.985217
КБ-2014-Р1-1540_orig.jpg,тарелка фарфор профиль фрагмент,тарелка,0.673991,профиль,0.797189,фрагмент,0.997994,фарфор,0.625181
КБ-2014-Р1-1541_orig.jpg,тарелка фарфор профиль фрагмент,тарелка,0.910262,профиль,0.864523,фрагмент,0.999134,фарфор,0.663228
КБ-2014-Р1-1568_orig.jpg,блюдце фарфор профиль фрагмент,блюдце,0.727701,профиль,0.796937,фрагмент,0.99955,фарфор,0.982338
КБ-2014-Р2-0056_orig.jpg,тарелка фарфор профиль фрагмент,тарелка,0.77655,профиль,0.693454,фрагмент,0.999868,фарфор,0.924758
КБ-2014-Р2-0088_orig.jpg,тарелка фарфор донце фрагмент,тарелка,0.993172,донце,0.944784,фрагмент,0.999855,фарфор,0.589875
КБ-2014-Р2-0091_orig.jpg,крышка фарфор ручка,крышка,0.986133,ручка,0.827391,целый,0.921549,фарфор,0.998498
КБ-2014-Р2-0092_orig.jpg,блюдце фарфор профиль фрагмент,блюдце,0.671615,профиль,0.692514,фрагмент,0.998892,фарфор,0.985607
КБ-2014-Р2-0094_orig.jpg,блюдце фарфор профиль фрагмент,блюдце,0.506893,профиль,0.567573,фрагмент,0.99506,фарфор,0.99729
КБ-2014-Р2-0127_orig.jpg,тарелка фарфор донце фрагмент,тарелка,0.971073,донце,0.925712,фрагмент,0.998074,фарфор,0.92197
КБ-2014-Р2-0128_orig.jpg,крышка фаянс профиль фрагмент,крышка,0.63217,профиль,0.629346,фрагмент,0.999518,фаянс,0.86136
КБ-2014-Р2-0130_orig.jpg,блюдце фарфор профиль фрагмент,блюдце,0.50486,профиль,0.695628,фрагмент,0.999928,фарфор,0.941121
КБ-2014-Р2-0132_orig.jpg,блюдце фарфор профиль фрагмент,блюдце,0.675973,профиль,0.622777,фрагмент,0.999903,фарфор,0.991602
КБ-2014-Р2-0133_orig.jpg,крышка фарфор ручка,крышка,0.995962,ручка,0.901092,целый,0.954292,фарфор,0.998352
КБ-2014-Р2-0185_orig.jpg,крышка фаянс профиль фрагмент,крышка,0.995887,профиль,0.993235,фрагмент,0.978577,фаянс,0.880224
КБ-2014-Р2-0189_orig.jpg,блюдце фарфор профиль фрагмент,блюдце,0.943665,профиль,0.9347,фрагмент,0.997864,фарфор,0.995288
КБ-2014-Р2-0197_orig.jpg,блюдце фарфор профиль фрагмент,блюдце,0.966813,профиль,0.752273,фрагмент,0.992692,фарфор,0.983911
КБ-2014-Р2-0211_orig.jpg,тарелка фарфор донце фрагмент,тарелка,0.877579,донце,0.864496,фрагмент,0.999502,фарфор,0.989938
КБ-2014-Р2-0218_orig.jpg,тарелка фарфор профиль фрагмент,тарелка,0.517946,профиль,0.756247,фрагмент,0.999479,фарфор,0.917861
КБ-2014-Р2-0221_orig.jpg,крышка фарфор ручка фрагмент,крышка,0.993245,ручка,0.84492,фрагмент,0.911572,фарфор,0.869347
КБ-2014-Р2-0320_orig.jpg,изразец керамика профиль фрагмент,изразец,0.999027,профиль,0.974762,фрагмент,0.947092,керамика,0.999902
КБ-2014-Р2-0323_orig.jpg,миска керамика венчик фрагмент,миска,0.996408,венчик,0.580866,фрагмент,0.9769,керамика,0.999756
КБ-2014-Р2-0331_orig.jpg,блюдце фарфор профиль фрагмент,блюдце,0.811063,профиль,0.643413,фрагмент,0.986372,фарфор,0.990774
КБ-2014-Р2-0332_orig.jpg,крышка ручка,крышка,0.997274,ручка,0.699321,целый,0.829551,фарфор,0.473335
КБ-2014-Р2-0337_orig.jpg,изразец керамика профиль,изразец,0.994642,профиль,0.933097,целый,0.992574,керамика,0.994665
КБ-2014-Р2-0338_orig.jpg,изразец керамика профиль,изразец,0.99956,профиль,0.694258,целый,0.917199,керамика,0.997438
КБ-2014-Р2-0340_orig.jpg,крышка керамика профиль фрагмент,крышка,0.463462,профиль,0.780625,фрагмент,0.841633,керамика,0.956551
КБ-2014-Р2-0361_orig.jpg,тарелка фарфор донце,тарелка,0.950664,донце,0.820214,целый,0.676165,фарфор,0.92292
КБ-2014-Р2-0370_orig.jpg,тарелка фаянс профиль фрагмент,тарелка,0.904602,профиль,0.991591,фрагмент,0.998333,фаянс,0.97111
КБ-2014-Р2-0394_orig.jpg,тарелка фарфор профиль фрагмент,тарелка,0.71036,профиль,0.74609,фрагмент,0.885244,фарфор,0.969573
КБ-2014-Р2-0395_orig.jpg,блюдце фарфор профиль фрагмент,блюдце,0.887015,профиль,0.88727,фрагмент,0.995342,фарфор,0.998685
КБ-2014-Р2-0430_orig.jpg,блюдце фарфор профиль фрагмент,блюдце,0.821818,профиль,0.596155,фрагмент,0.987105,фарфор,0.997186
КБ-2014-Р2-0431_orig.jpg,блюдце фарфор профиль фрагмент,блюдце,0.967129,профиль,0.687467,фрагмент,0.927705,фарфор,0.996153
КБ-2014-Р2-0432_orig.jpg,блюдце фарфор донце фрагмент,блюдце,0.89351,донце,0.61109,фрагмент,0.998402,фарфор,0.991608
КБ-2014-Р2-0435_orig.jpg,крышка керамика профиль,крышка,0.992067,профиль,0.900421,целый,0.984017,керамика,0.922388
КБ-2014-Р2-0459_orig.jpg,блюдце фарфор профиль фрагмент,блюдце,0.972211,профиль,0.856447,фрагмент,0.947755,фарфор,0.998432
КБ-2014-Р2-0478_orig.jpg,тарелка фаянс профиль фрагмент,тарелка,0.878459,профиль,0.706532,фрагмент,0.974172,фаянс,0.935845
КБ-2014-Р2-0484_orig.jpg,миска керамика профиль фрагмент,миска,0.882395,профиль,0.979789,фрагмент,0.999467,керамика,0.98706
КБ-2014-Р2-0485_orig.jpg,миска керамика профиль фрагмент,миска,0.584309,профиль,0.73966,фрагмент,0.997154,керамика,0.873337
КБ-2014-Р2-0492_orig.jpg,крышка фарфор,крышка,0.895984,ручка,0.476452,целый,0.951374,фарфор,0.979955
КБ-2014-Р2-0532_orig.jpg,тарелка фаянс профиль фрагмент,тарелка,0.660593,профиль,0.699583,фрагмент,0.999886,фаянс,0.646559
КБ-2014-Р2-0555_orig.jpg,тарелка фаянс донце фрагмент,тарелка,0.996417,донце,0.935926,фрагмент,0.99999,фаянс,0.885686
КБ-2014-Р2-0558_orig.jpg,блюдце фаянс донце фрагмент,блюдце,0.904131,донце,0.791433,фрагмент,0.983573,фаянс,0.529614
КБ-2014-Р2-0559_orig.jpg,тарелка фарфор профиль фрагмент,тарелка,0.794177,профиль,0.803655,фрагмент,0.948658,фарфор,0.999411
КБ-2014-Р2-0566_orig.jpg,тарелка фаянс донце фрагмент,тарелка,0.997155,донце,0.726971,фрагмент,0.9999,фаянс,0.984479
КБ-2014-Р2-0568_orig.jpg,изразец керамика,изразец,0.940542,прочее,0.315753,целый,0.754143,керамика,0.892466
КБ-2014-Р2-0571_orig.jpg,миска фаянс профиль фрагмент,миска,0.983814,профиль,0.88657,фрагмент,0.999,фаянс,0.846831
КБ-2014-Р2-0574_orig.jpg,крышка фаянс венчик фрагмент,крышка,0.898062,венчик,0.966644,фрагмент,0.99931,фаянс,0.923992
КБ-2014-Р2-0576_orig.jpg,миска керамика профиль фрагмент,миска,0.97942,профиль,0.989208,фрагмент,0.992146,керамика,0.979536
КБ-2014-Р2-0596_orig.jpg,тарелка фарфор донце фрагмент,тарелка,0.739408,донце,0.921661,фрагмент,0.979717,фарфор,0.849381
КБ-2014-Р2-0597_orig.jpg,блюдце фарфор донце фрагмент,блюдце,0.832278,донце,0.669116,фрагмент,0.897898,фарфор,0.99541
КБ-2014-Р2-0603_orig.jpg,изразец керамика профиль фрагмент,изразец,0.998389,профиль,0.568871,фрагмент,0.919753,керамика,0.99948
КБ-2014-Р2-0605_orig.jpg,крышка фаянс профиль фрагмент,крышка,0.866324,профиль,0.893006,фрагмент,0.997675,фаянс,0.690567
КБ-2014-Р2-0607_orig.jpg,тарелка фарфор профиль,тарелка,0.959791,профиль,0.518402,целый,0.921047,фарфор,0.99322
КБ-2014-Р2-0612_orig.jpg,крышка фарфор ручка,крышка,0.997765,ручка,0.825497,целый,0.977881,фарфор,0.99468
КБ-2014-Р2-0616_orig.jpg,блюдце фарфор донце фрагмент,блюдце,0.717304,донце,0.813805,фрагмент,0.999696,фарфор,0.580412
КБ-2014-Р2-0632_orig.jpg,изразец керамика профиль,изразец,0.991152,профиль,0.826477,целый,0.689638,керамика,0.980116
КБ-2014-Р2-0638_orig.jpg,блюдце фарфор профиль фрагмент,блюдце,0.812922,профиль,0.948402,фрагмент,0.996339,фарфор,0.994157
КБ-2014-Р2-0643_orig.jpg,крышка стекло фрагмент,крышка,0.977863,профиль,0.301365,фрагмент,0.944254,стекло,0.984576
КБ-2014-Р2-0646_orig.jpg,блюдце фарфор профиль фрагмент,блюдце,0.890371,профиль,0.739799,фрагмент,0.941347,фарфор,0.997238
КБ-2014-Р2-0651_orig.jpg,тарелка фаянс профиль фрагмент,тарелка,0.55101,профиль,0.982107,фрагмент,0.99986,фаянс,0.667795
КБ-2014-Р2-0656_orig.jpg,миска керамика профиль фрагмент,миска,0.991718,профиль,0.85231,фрагмент,0.991631,керамика,0.980123
КБ-2014-Р2-0668_orig.jpg,тарелка фарфор донце фрагмент,тарелка,0.992411,донце,0.986684,фрагмент,0.999107,фарфор,0.533185
КБ-2014-Р2-0701_orig.jpg,крышка керамика,крышка,0.95729,ручка,0.490035,фрагмент,0.538967,керамика,0.995296
КБ-2014-Р2-0708_orig.jpg,тарелка фарфор профиль фрагмент,тарелка,0.828854,профиль,0.986455,фрагмент,0.999967,фарфор,0.994232
КБ-2014-Р2-0712_orig.jpg,тарелка фаянс донце фрагмент,тарелка,0.997227,донце,0.937117,фрагмент,0.999847,фаянс,0.61108
КБ-2014-Р2-0717_orig.jpg,крышка фарфор ручка,крышка,0.994464,ручка,0.760051,целый,0.767542,фарфор,0.981925
КБ-2014-Р2-0755_orig.jpg,изразец керамика фрагмент,изразец,0.994096,профиль,0.497886,фрагмент,0.991022,керамика,0.999738
КБ-2014-Р2-0773_orig.jpg,миска керамика профиль,миска,0.983926,профиль,0.814341,целый,0.912665,керамика,0.922326
КБ-2014-Р2-0780_orig.jpg,крышка фаянс ручка фрагмент,крышка,0.995721,ручка,0.929794,фрагмент,0.98773,фаянс,0.674988
КБ-2014-Р2-0782_orig.jpg,тарелка фаянс профиль фрагмент,тарелка,0.966259,профиль,0.95342,фрагмент,0.999942,фаянс,0.921566
КБ-2014-Р2-0791_orig.jpg,блюдце фарфор профиль,блюдце,0.871666,профиль,0.551918,целый,0.541742,фарфор,0.984609
КБ-2014-Р3-0022_orig.jpg,тарелка фарфор донце фрагмент,тарелка,0.967365,донце,0.775681,фрагмент,0.995402,фарфор,0.993019
КБ-2014-Р3-0049_orig.jpg,тарелка фарфор профиль фрагмент,тарелка,0.630559,профиль,0.961689,фрагмент,0.999944,фарфор,0.966232
КБ-2014-Р3-0060_orig.jpg,изразец керамика профиль фрагмент,изразец,0.99904,профиль,0.977604,фрагмент,0.939877,керамика,0.999131
КБ-2014-Р3-0064_orig.jpg,блюдце фарфор донце фрагмент,блюдце,0.937668,донце,0.614123,фрагмент,0.999146,фарфор,0.968476
КБ-2014-Р3-0070_orig.jpg,тарелка фарфор профиль фрагмент,тарелка,0.5786,профиль,0.935103,фрагмент,0.997246,фарфор,0.981459
КБ-2014-Р3-0073_orig.jpg,блюдце фарфор профиль фрагмент,блюдце,0.87238,профиль,0.950501,фрагмент,0.988365,фарфор,0.993246
КБ-2014-Р3-0086_orig.jpg,тарелка фаянс донце фрагмент,тарелка,0.995978,донце,0.824478,фрагмент,0.999978,фаянс,0.814712
КБ-2014-Р3-0105_orig.jpg,блюдце фарфор профиль фрагмент,блюдце,0.541126,профиль,0.6392,фрагмент,0.995774,фарфор,0.90036
КБ-2014-Р3-0114_orig.jpg,тарелка фарфор донце фрагмент,тарелка,0.989176,донце,0.913561,фрагмент,0.974625,фарфор,0.561069
КБ-2014-Р3-0115_orig.jpg,блюдце фарфор профиль фрагмент,блюдце,0.70319,профиль,0.967351,фрагмент,0.99586,фарфор,0.980736
КБ-2014-Р3-0116_orig.jpg,блюдце фарфор профиль фрагмент,блюдце,0.977844,профиль,0.852121,фрагмент,0.964746,фарфор,0.998893
КБ-2014-Р3-0138_orig.jpg,тарелка фарфор донце фрагмент,тарелка,0.991054,донце,0.683822,фрагмент,0.999862,фарфор,0.735119
КБ-2014-Р3-0141_orig.jpg,блюдце фарфор профиль фрагмент,блюдце,0.610536,профиль,0.716769,фрагмент,0.999512,фарфор,0.956064
КБ-2014-Р3-0147_orig.jpg,изразец керамика профиль фрагмент,изразец,0.999368,профиль,0.785476,фрагмент,0.970481,керамика,0.999014
КБ-2014-Р3-0151_orig.jpg,крышка керамика ручка фрагмент,крышка,0.984649,ручка,0.915167,фрагмент,0.840677,керамика,0.819894
КБ-2014-Р3-0157_orig.jpg,блюдце фарфор донце фрагмент,блюдце,0.96975,донце,0.630372,фрагмент,0.935708,фарфор,0.997807
КБ-2014-Р3-0158_orig.jpg,тарелка фарфор донце фрагмент,тарелка,0.967469,донце,0.94398,фрагмент,0.996676,фарфор,0.590511
КБ-2014-Р3-0171_orig.jpg,тарелка фарфор донце фрагмент,тарелка,0.992334,донце,0.956166,фрагмент,0.999865,фарфор,0.989703
КБ-2014-Р3-0252_orig.jpg,тарелка фарфор фрагмент,тарелка,0.693639,прочее,0.390944,фрагмент,0.882152,фарфор,0.890419
КБ-2014-Р3-0253_orig.jpg,изразец керамика фрагмент,изразец,0.998991,профиль,0.493297,фрагмент,0.791692,керамика,0.999076
КБ-2014-Р3-0268_orig.jpg,крышка фаянс профиль фрагмент,крышка,0.986606,профиль,0.982894,фрагмент,0.98335,фаянс,0.814925
КБ-2014-Р3-0299_orig.jpg,блюдце фарфор донце фрагмент,блюдце,0.988459,донце,0.975277,фрагмент,0.969335,фарфор,0.999474
КБ-2014-Р3-0302_orig.jpg,блюдце фарфор профиль фрагмент,блюдце,0.677206,профиль,0.637257,фрагмент,0.98099,фарфор,0.690415
КБ-2014-Р3-0342_orig.jpg,изразец керамика профиль фрагмент,изразец,0.694573,профиль,0.920114,фрагмент,0.999956,керамика,0.99613
КБ-2014-Р3-0391_orig.jpg,крышка фарфор профиль,крышка,0.993395,профиль,0.809479,целый,0.778207,фарфор,0.888155
КБ-2014-Р3-0394_orig.jpg,тарелка керамика профиль фрагмент,тарелка,0.93096,профиль,0.99672,фрагмент,0.999495,керамика,0.993457
КБ-2014-Р3-0397_orig.jpg,изразец керамика профиль фрагмент,изразец,0.487344,профиль,0.968411,фрагмент,0.999464,керамика,0.941338
КБ-2014-Р3-0399_orig.jpg,миска керамика профиль фрагмент,миска,0.851876,профиль,0.955897,фрагмент,0.999743,керамика,0.998384
КБ-2014-Р3-0419_orig.jpg,изразец керамика фрагмент,изразец,0.528151,донце,0.416885,фрагмент,0.839952,керамика,0.744919
КБ-2014-Р3-0436_orig.jpg,блюдце фарфор донце фрагмент,блюдце,0.600295,донце,0.899841,фрагмент,0.962527,фарфор,0.928636
КБ-2014-Р3-0442_orig.jpg,крышка фаянс профиль фрагмент,крышка,0.896284,профиль,0.969211,фрагмент,0.987782,фаянс,0.804905
КБ-2014-Р3-0535_orig.jpg,керамика профиль фрагмент,миска,0.431208,профиль,0.876824,фрагмент,0.984492,керамика,0.967009
КБ-2014-Р3-0543_orig.jpg,крышка керамика ручка,крышка,0.997363,ручка,0.990193,целый,0.568907,керамика,0.619043
КБ-2014-Р4-081_orig.jpg,тарелка фарфор профиль фрагмент,тарелка,0.826385,профиль,0.944546,фрагмент,0.998125,фарфор,0.852278
КБ-2014-Р4-248_orig.jpg,блюдце фарфор профиль фрагмент,блюдце,0.985631,профиль,0.919319,фрагмент,0.878209,фарфор,0.998241
КБ-2014-Р4-250_orig.jpg,блюдце фарфор профиль фрагмент,блюдце,0.885113,профиль,0.660915,фрагмент,0.877693,фарфор,0.995134
КБ-2014-Р4-307_orig.jpg,блюдце фарфор профиль фрагмент,блюдце,0.978462,профиль,0.839421,фрагмент,0.959219,фарфор,0.996467
КБ-2014-Р4-368_orig.jpg,блюдце фарфор донце фрагмент,блюдце,0.92289,донце,0.501205,фрагмент,0.996081,фарфор,0.997586
КБ-2014-Р4-375_orig.jpg,тарелка фарфор донце фрагмент,тарелка,0.623131,донце,0.711426,фрагмент,0.993712,фарфор,0.956479
КБ-2014-Р4-389_orig.jpg,блюдце фарфор профиль фрагмент,блюдце,0.991762,профиль,0.522399,фрагмент,0.99594,фарфор,0.997577
КБ-2014-Р4-424_orig.jpg,тарелка фаянс донце фрагмент,тарелка,0.923221,донце,0.57899,фрагмент,0.973955,фаянс,0.606277
КБ-2014-Р4-438_orig.jpg,тарелка фарфор донце фрагмент,тарелка,0.838563,донце,0.810033,фрагмент,0.99174,фарфор,0.997876
КБ-2014-Р4-462_orig.jpg,изразец керамика профиль фрагмент,изразец,0.999325,профиль,0.774336,фрагмент,0.861111,керамика,0.999915
КБ-2014-Р4-494_orig.jpg,тарелка фарфор донце фрагмент,тарелка,0.985082,донце,0.971468,фрагмент,0.997402,фарфор,0.922965
КБ-2014-Р4-495_orig.jpg,изразец керамика профиль фрагмент,изразец,0.996451,профиль,0.952745,фрагмент,0.983431,керамика,0.999964
КБ-2014-Р4-508_orig.jpg,блюдце фарфор профиль фрагмент,блюдце,0.97194,профиль,0.901627,фрагмент,0.992781,фарфор,0.994742
КБ-2014-Р4-517_orig.jpg,тарелка фаянс донце фрагмент,тарелка,0.988297,донце,0.982874,фрагмент,0.994729,фаянс,0.908292
КБ-2014-Р4-551_orig.jpg,тарелка керамика профиль фрагмент,тарелка,0.470808,профиль,0.961078,фрагмент,0.999492,керамика,0.594895
КБ-2014-Р4-571_orig.jpg,тарелка фарфор профиль фрагмент,тарелка,0.743441,профиль,0.930279,фрагмент,0.999811,фарфор,0.997149
КБ-2014-Р4-581_orig.jpg,блюдце фарфор профиль,блюдце,0.993203,профиль,0.766934,целый,0.959996,фарфор,0.997836
КБ-2014-Р4-583_orig.jpg,блюдце фарфор профиль фрагмент,блюдце,0.970324,профиль,0.883728,фрагмент,0.993501,фарфор,0.999101
КБ-2014-Р5-0032_orig.jpg,крышка фарфор ручка,крышка,0.929122,ручка,0.981651,фрагмент,0.508484,фарфор,0.82965
КБ-2014-Р5-0035_orig.jpg,тарелка фаянс донце фрагмент,тарелка,0.9989,донце,0.987526,фрагмент,0.99979,фаянс,0.772713
КБ-2014-Р5-0059_orig.jpg,крышка стекло,крышка,0.976029,прочее,0.340997,целый,0.973085,стекло,0.982501
КБ-2014-Р5-0065_orig.jpg,блюдце фарфор профиль фрагмент,блюдце,0.99207,профиль,0.770926,фрагмент,0.943589,фарфор,0.997464
КБ-2014-Р5-0066_orig.jpg,блюдце фарфор,блюдце,0.913733,донце,0.358111,целый,0.674536,фарфор,0.995926
КБ-2014-Р5-0067_orig.jpg,блюдце фарфор донце фрагмент,блюдце,0.976947,донце,0.928091,фрагмент,0.989169,фарфор,0.998604
КБ-2014-Р5-0068_orig.jpg,блюдце фарфор профиль фрагмент,блюдце,0.953237,профиль,0.879405,фрагмент,0.99338,фарфор,0.995513
КБ-2014-Р5-0069_orig.jpg,блюдце фарфор донце фрагмент,блюдце,0.979844,донце,0.855687,фрагмент,0.999667,фарфор,0.997159
КБ-2014-Р5-0070_orig.jpg,блюдце фарфор донце фрагмент,блюдце,0.945693,донце,0.892642,фрагмент,0.971731,фарфор,0.996623
КБ-2014-Р5-0071_orig.jpg,тарелка фарфор донце фрагмент,тарелка,0.903575,донце,0.76135,фрагмент,0.970385,фарфор,0.954967
КБ-2014-Р5-0072_orig.jpg,блюдце фарфор донце фрагмент,блюдце,0.984758,донце,0.785639,фрагмент,0.983132,фарфор,0.995479
КБ-2014-Р5-0073_orig.jpg,блюдце фарфор профиль фрагмент,блюдце,0.973686,профиль,0.876402,фрагмент,0.998962,фарфор,0.982126
КБ-2014-Р5-0074_orig.jpg,крышка фарфор ручка,крышка,0.993405,ручка,0.9858,целый,0.685741,фарфор,0.973059
КБ-2014-Р5-0078_orig.jpg,блюдце фарфор профиль фрагмент,блюдце,0.971224,профиль,0.885602,фрагмент,0.959728,фарфор,0.997802
КБ-2014-Р5-0079_orig.jpg,блюдце фарфор донце фрагмент,блюдце,0.942369,донце,0.590515,фрагмент,0.913048,фарфор,0.996142
КБ-2014-Р5-0081_orig.jpg,блюдце фарфор профиль фрагмент,блюдце,0.872534,профиль,0.640697,фрагмент,0.692897,фарфор,0.990401
КБ-2014-Р5-0082_orig.jpg,тарелка фарфор донце фрагмент,тарелка,0.990057,донце,0.911017,фрагмент,0.99638,фарфор,0.981817
КБ-2014-Р5-0092_orig.jpg,блюдце фарфор донце фрагмент,блюдце,0.976461,донце,0.822566,фрагмент,0.949504,фарфор,0.901611
КБ-2014-Р5-0093_orig.jpg,тарелка фарфор донце фрагмент,тарелка,0.970897,донце,0.972023,фрагмент,0.918888,фарфор,0.739233
КБ-2014-Р5-0094_orig.jpg,тарелка фаянс донце фрагмент,тарелка,0.99124,донце,0.850247,фрагмент,0.99679,фаянс,0.926174
КБ-2014-Р5-0097_orig.jpg,тарелка фарфор профиль фрагмент,тарелка,0.514748,профиль,0.516159,фрагмент,0.969211,фарфор,0.993671
КБ-2014-Р5-0102_orig.jpg,тарелка фаянс донце фрагмент,тарелка,0.984656,донце,0.618878,фрагмент,0.988829,фаянс,0.927204
КБ-2014-Р5-0103_orig.jpg,тарелка фарфор профиль,тарелка,0.811421,профиль,0.665525,целый,0.546126,фарфор,0.580678
КБ-2014-Р5-0105_orig.jpg,миска керамика профиль фрагмент,миска,0.998494,профиль,0.93746,фрагмент,0.976118,керамика,0.995388
КБ-2014-Р5-0106_orig.jpg,миска керамика профиль,миска,0.960247,профиль,0.993017,целый,0.635267,керамика,0.890871
КБ-2014-Р5-0107_orig.jpg,миска керамика профиль фрагмент,миска,0.979395,профиль,0.961403,фрагмент,0.975281,керамика,0.99702
КБ-2014-Р5-0108_orig.jpg,миска керамика профиль фрагмент,миска,0.990175,профиль,0.934652,фрагмент,0.979643,керамика,0.922476
КБ-2014-Р5-0111_orig.jpg,миска керамика профиль фрагмент,миска,0.995455,профиль,0.946051,фрагмент,0.994041,керамика,0.9553
КБ-2014-Р5-0118_orig.jpg,тарелка керамика профиль фрагмент,тарелка,0.990806,профиль,0.732971,фрагмент,0.997816,керамика,0.948237
КБ-2014-Р5-0120_orig.jpg,крышка керамика профиль фрагмент,крышка,0.988314,профиль,0.721168,фрагмент,0.952751,керамика,0.866052
КБ-2014-Р5-0134_orig.jpg,блюдце фарфор профиль,блюдце,0.523129,профиль,0.748775,целый,0.990438,фарфор,0.968174
КБ-2014-Р5-0229_orig.jpg,блюдце фарфор профиль фрагмент,блюдце,0.871835,профиль,0.922851,фрагмент,0.721662,фарфор,0.990606
КБ-2014-Р5-0297_orig.jpg,тарелка фарфор донце фрагмент,тарелка,0.972716,донце,0.963123,фрагмент,0.999159,фарфор,0.516809
КБ-2014-Р5-0303_orig.jpg,крышка фаянс ручка,крышка,0.996975,ручка,0.990266,целый,0.923714,фаянс,0.59096
КБ-2014-Р5-0415_orig.jpg,миска керамика профиль фрагмент,миска,0.970347,профиль,0.960157,фрагмент,0.946349,керамика,0.984909
КБ-2014-Р5-0421_orig.jpg,тарелка фарфор донце фрагмент,тарелка,0.990794,донце,0.767245,фрагмент,0.999796,фарфор,0.654052
КБ-2014-Р5-0422_orig.jpg,блюдце фарфор профиль фрагмент,блюдце,0.720914,профиль,0.935602,фрагмент,0.794448,фарфор,0.899112
КБ-2014-Р5-0430_orig.jpg,изразец керамика венчик фрагмент,изразец,0.749876,венчик,0.935142,фрагмент,0.998517,керамика,0.998886
КБ-2014-Р5-0477_orig.jpg,изразец керамика донце фрагмент,изразец,0.780695,донце,0.743767,фрагмент,0.995952,керамика,0.932898
КБ-2014-Р5-0486_orig.jpg,тарелка фарфор донце фрагмент,тарелка,0.603314,донце,0.688973,фрагмент,0.762535,фарфор,0.997659
КБ-2014-Р5-0491_orig.jpg,блюдце фарфор профиль,блюдце,0.803447,профиль,0.619492,целый,0.865945,фарфор,0.97156
КБ-2014-Р6-018_orig.jpg,крышка фарфор ручка,крышка,0.999393,ручка,0.929078,целый,0.955992,фарфор,0.989119
КБ-2014-Р6-036_orig.jpg,миска керамика венчик фрагмент,миска,0.943853,венчик,0.511503,фрагмент,0.990196,керамика,0.948106
КБ-2014-Р6-048_orig.jpg,крышка фарфор ручка,крышка,0.998719,ручка,0.886921,целый,0.947776,фарфор,0.752528
КБ-2014-Р6-068_orig.jpg,крышка фарфор ручка,крышка,0.999329,ручка,0.981512,целый,0.898796,фарфор,0.988892
КБ-2014-Р6-072_orig.jpg,блюдце фарфор профиль фрагмент,блюдце,0.990001,профиль,0.976069,фрагмент,0.971149,фарфор,0.999641
КБ-2014-Р6-088_orig.jpg,крышка фарфор ручка,крышка,0.999773,ручка,0.966171,целый,0.954951,фарфор,0.987607
КБ-2014-Р6-091_orig.jpg,крышка керамика ручка фрагмент,крышка,0.998368,ручка,0.892003,фрагмент,0.960012,керамика,0.988364
КБ-2014-Р6-095_orig.jpg,тарелка фарфор донце фрагмент,тарелка,0.853161,донце,0.680877,фрагмент,0.998869,фарфор,0.95629
КБ-2014-Р6-096_orig.jpg,тарелка фарфор профиль фрагмент,тарелка,0.953432,профиль,0.939571,фрагмент,0.996619,фарфор,0.996587
КБ-2014-Р6-097_orig.jpg,крышка фарфор профиль,крышка,0.998073,профиль,0.705093,целый,0.770896,фарфор,0.995889
КБ-2014-Р6-111_orig.jpg,тарелка фарфор донце фрагмент,тарелка,0.649495,донце,0.956597,фрагмент,0.995798,фарфор,0.994003
КБ-2014-Р6-122_orig.jpg,миска керамика венчик фрагмент,миска,0.644964,венчик,0.666152,фрагмент,0.998337,керамика,0.995826
КБ-2014-Р6-123_orig.jpg,крышка керамика профиль фрагмент,крышка,0.981946,профиль,0.735323,фрагмент,0.99803,керамика,0.996986
КБ-2014-Р6-137_orig.jpg,крышка фарфор ручка,крышка,0.999663,ручка,0.984614,целый,0.949662,фарфор,0.978006
КБ-2014-Р6-183_orig.jpg,миска керамика профиль фрагмент,миска,0.54473,профиль,0.688558,фрагмент,0.986168,керамика,0.617645
КБ-2014-Р6-187_orig.jpg,миска керамика венчик фрагмент,миска,0.844118,венчик,0.85436,фрагмент,0.999858,керамика,0.996727
КБ-2014-Р6-193_orig.jpg,тарелка фарфор профиль фрагмент,тарелка,0.926686,профиль,0.985698,фрагмент,0.997999,фарфор,0.706121
КБ-2014-Р6-194_orig.jpg,тарелка фарфор донце фрагмент,тарелка,0.983079,донце,0.85518,фрагмент,0.998379,фарфор,0.994358
КБ-2014-Р6-199_orig.jpg,блюдце фарфор профиль фрагмент,блюдце,0.993088,профиль,0.911127,фрагмент,0.717655,фарфор,0.99936
КБ-2014-Р6-202_orig.jpg,миска керамика профиль фрагмент,миска,0.995487,профиль,0.864002,фрагмент,0.992942,керамика,0.998989
Кроп-2013-151_orig.jpg,блюдце фарфор профиль фрагмент,блюдце,0.985983,профиль,0.981513,фрагмент,0.997654,фарфор,0.998678
Кроп-2013-152_orig.jpg,тарелка фарфор донце фрагмент,тарелка,0.978929,донце,0.780858,фрагмент,0.999908,фарфор,0.861828
Кроп-2013-155_orig.jpg,блюдце фарфор венчик фрагмент,блюдце,0.989129,венчик,0.53532,фрагмент,0.988766,фарфор,0.98374
Кроп-2013-158_orig.jpg,блюдце фарфор донце фрагмент,блюдце,0.744698,донце,0.984338,фрагмент,0.969223,фарфор,0.934823
Кроп-2013-159_orig.jpg,блюдце фарфор профиль фрагмент,блюдце,0.967609,профиль,0.518494,фрагмент,0.966541,фарфор,0.998528
Кроп-2013-163_orig.jpg,крышка стекло профиль,крышка,0.958465,профиль,0.537435,целый,0.97369,стекло,0.916638
Кроп-2013-186_orig.jpg,крышка фаянс ручка фрагмент,крышка,0.995377,ручка,0.996426,фрагмент,0.891481,фаянс,0.563515
Кроп-2013-203_orig.jpg,миска керамика профиль фрагмент,миска,0.988035,профиль,0.964802,фрагмент,0.977188,керамика,0.97121
Кроп-2013-204_orig.jpg,миска керамика профиль фрагмент,миска,0.972486,профиль,0.64204,фрагмент,0.999683,керамика,0.874261
Кроп-2013-218_orig.jpg,миска керамика венчик фрагмент,миска,0.783711,венчик,0.645019,фрагмент,0.99633,керамика,0.968804
Кроп-2013-240_orig.jpg,миска керамика профиль фрагмент,миска,0.984178,профиль,0.977779,фрагмент,0.994113,керамика,0.963098
Кроп-2013-243_orig.jpg,тарелка фарфор профиль фрагмент,тарелка,0.981976,профиль,0.875751,фрагмент,0.999983,фарфор,0.769791
Кроп-2013-248_orig.jpg,блюдце фарфор донце фрагмент,блюдце,0.982195,донце,0.951889,фрагмент,0.998265,фарфор,0.502632
Кроп-2013-252_orig.jpg,блюдце фарфор профиль фрагмент,блюдце,0.98028,профиль,0.778141,фрагмент,0.993479,фарфор,0.996572
Кроп-2013-262_orig.jpg,тарелка фарфор профиль фрагмент,тарелка,0.979629,профиль,0.528829,фрагмент,0.99946,фарфор,0.865137
Кроп-2013-263_orig.jpg,блюдце фарфор профиль фрагмент,блюдце,0.947794,профиль,0.878934,фрагмент,0.959733,фарфор,0.993921
Кроп-2013-266_orig.jpg,блюдце фаянс профиль фрагмент,блюдце,0.762342,профиль,0.698415,фрагмент,0.999466,фаянс,0.598095
Кроп-2013-267_orig.jpg,тарелка фарфор профиль фрагмент,тарелка,0.873779,профиль,0.906858,фрагмент,0.999694,фарфор,0.913264
Кроп-2013-268_orig.jpg,тарелка фарфор донце фрагмент,тарелка,0.717847,донце,0.650993,фрагмент,0.997996,фарфор,0.998402
Кроп-2013-285_orig.jpg,тарелка фарфор донце фрагмент,тарелка,0.985944,донце,0.955236,фрагмент,0.991164,фарфор,0.675631
Кроп-2013-317_orig.jpg,блюдце фарфор профиль фрагмент,блюдце,0.719721,профиль,0.925425,фрагмент,0.994597,фарфор,0.795025
Кроп-2013-373_orig.jpg,крышка керамика профиль фрагмент,крышка,0.97547,профиль,0.983366,фрагмент,0.992412,керамика,0.969917
Кроп-2013-391_orig.jpg,тарелка фарфор профиль фрагмент,тарелка,0.52381,профиль,0.991838,фрагмент,0.983245,фарфор,0.991004
Кроп-2013-392_orig.jpg,крышка фарфор профиль фрагмент,крышка,0.985525,профиль,0.762554,фрагмент,0.992979,фарфор,0.989912
Кроп-2013-398_orig.jpg,тарелка фаянс донце фрагмент,тарелка,0.985083,донце,0.534824,фрагмент,0.999655,фаянс,0.88301
Кроп-2013-399_orig.jpg,блюдце фарфор профиль фрагмент,блюдце,0.581584,профиль,0.937223,фрагмент,0.999778,фарфор,0.996869
Кроп-2013-400_orig.jpg,блюдце фарфор профиль фрагмент,блюдце,0.619436,профиль,0.799167,фрагмент,0.995071,фарфор,0.99948
Кроп-2013-401_orig.jpg,тарелка фарфор донце фрагмент,тарелка,0.936278,донце,0.989271,фрагмент,0.999762,фарфор,0.98116
Кроп-2013-403_orig.jpg,блюдце фарфор профиль фрагмент,блюдце,0.882083,профиль,0.979999,фрагмент,0.996559,фарфор,0.984195
Кроп-2013-414_orig.jpg,крышка керамика венчик фрагмент,крышка,0.614568,венчик,0.552072,фрагмент,0.993412,керамика,0.969659
Кроп-2013-415_orig.jpg,тарелка фаянс профиль фрагмент,тарелка,0.947758,профиль,0.53877,фрагмент,0.99895,фаянс,0.90125
Кроп-2013-421_orig.jpg,тарелка фаянс донце фрагмент,тарелка,0.986465,донце,0.976323,фрагмент,0.999779,фаянс,0.505048
Кроп-2013-422_orig.jpg,тарелка фаянс донце фрагмент,тарелка,0.990313,донце,0.994514,фрагмент,0.999925,фаянс,0.900772
Кроп-2013-430_orig.jpg,тарелка фаянс профиль фрагмент,тарелка,0.68474,профиль,0.961797,фрагмент,0.999978,фаянс,0.716766
Кроп-2013-478_orig.jpg,блюдце фарфор донце фрагмент,блюдце,0.973915,донце,0.835024,фрагмент,0.997521,фарфор,0.997194
Кроп-2013-481_orig.jpg,блюдце фарфор профиль фрагмент,блюдце,0.922041,профиль,0.866925,фрагмент,0.992844,фарфор,0.999027
Кроп-2013-482_orig.jpg,тарелка фарфор профиль фрагмент,тарелка,0.649266,профиль,0.635983,фрагмент,0.999237,фарфор,0.965531
Кроп-2013-484_orig.jpg,блюдце фарфор профиль фрагмент,блюдце,0.853297,профиль,0.98689,фрагмент,0.993537,фарфор,0.998369
Кроп-2013-Тр1-023_orig.jpg,изразец керамика профиль,изразец,0.983148,профиль,0.539757,целый,0.947233,керамика,0.992233
Кроп-2013-Тр2-032_orig.jpg,изразец керамика профиль фрагмент,изразец,0.999545,профиль,0.915543,фрагмент,0.968946,керамика,0.999573
Кроп-2013-Тр2-045_orig.jpg,тарелка фаянс венчик фрагмент,тарелка,0.978628,венчик,0.981149,фрагмент,0.999676,фаянс,0.743884
Кроп-2013-Тр2-049_orig.jpg,блюдце фарфор профиль фрагмент,блюдце,0.758672,профиль,0.992146,фрагмент,0.999893,фарфор,0.99395
Кроп-2013-Тр2-050_orig.jpg,блюдце фарфор профиль фрагмент,блюдце,0.572787,профиль,0.964779,фрагмент,0.998575,фарфор,0.978945
Кроп-2013-Тр2-053_orig.jpg,тарелка фаянс донце фрагмент,тарелка,0.99622,донце,0.946127,фрагмент,0.999975,фаянс,0.824615
ЛАО-2012-М102-Ш1-004_orig.jpg,миска керамика профиль фрагмент,миска,0.629732,профиль,0.938918,фрагмент,0.999855,керамика,0.994916
ЛАО-2012-М102-Ш1-005_orig.jpg,миска керамика профиль фрагмент,миска,0.991897,профиль,0.987898,фрагмент,0.998317,керамика,0.999705
ЛАО-2012-М102-Ш1-006_orig.jpg,миска керамика профиль фрагмент,миска,0.811389,профиль,0.762988,фрагмент,0.998007,керамика,0.999627
ЛАО-2012-М102-Ш1-021_orig.jpg,тарелка фарфор профиль фрагмент,тарелка,0.965934,профиль,0.916972,фрагмент,0.999733,фарфор,0.818121
ЛАО-2012-М102-Ш1-057_orig.jpg,изразец керамика венчик фрагмент,изразец,0.996112,венчик,0.761808,фрагмент,0.999791,керамика,0.999898
ЛАО-2012-М102-Ш3-118_orig.jpg,изразец керамика профиль фрагмент,изразец,0.999539,профиль,0.943416,фрагмент,0.913124,керамика,0.999884
ЛАО-2012-М102-Ш3-131_orig.jpg,тарелка керамика профиль фрагмент,тарелка,0.820965,профиль,0.983613,фрагмент,0.999976,керамика,0.876339
ЛАО-2012-М102-Ш3-132_orig.jpg,миска керамика венчик фрагмент,миска,0.965375,венчик,0.673829,фрагмент,0.999044,керамика,0.999354
ЛАО-2012-М102-Ш4-175_orig.jpg,тарелка фаянс профиль фрагмент,тарелка,0.997503,профиль,0.918211,фрагмент,0.999978,фаянс,0.744931
ЛАО-2012-М102-Ш4-179_orig.jpg,миска керамика профиль фрагмент,миска,0.997653,профиль,0.949898,фрагмент,0.999757,керамика,0.999765
ЛАО-2012-М102-Ш4-181_orig.jpg,изразец керамика профиль фрагмент,изразец,0.999911,профиль,0.899882,фрагмент,0.998173,керамика,0.999727
ЛАО-2012-М102-Ш4-182_orig.jpg,изразец керамика профиль фрагмент,изразец,0.99958,профиль,0.74642,фрагмент,0.992209,керамика,0.99731
ЛАО-2012-М102-Ш5-186_orig.jpg,тарелка фаянс профиль фрагмент,тарелка,0.982493,профиль,0.983206,фрагмент,0.999759,фаянс,0.983179
ЛАО-2012-М102-Ш5-188_orig.jpg,тарелка фаянс профиль фрагмент,тарелка,0.995166,профиль,0.747875,фрагмент,0.996054,фаянс,0.972065
ЛАО-2012-М102-Ш5-189_orig.jpg,тарелка фаянс донце фрагмент,тарелка,0.972204,донце,0.558141,фрагмент,0.99945,фаянс,0.942268
ЛАО-2012-М102-Ш5-190_orig.jpg,тарелка фаянс профиль фрагмент,тарелка,0.936734,профиль,0.863658,фрагмент,0.99987,фаянс,0.749282
ЛАО-2012-М102-Ш5-191_orig.jpg,тарелка фаянс профиль фрагмент,тарелка,0.987694,профиль,0.847423,фрагмент,0.998045,фаянс,0.800025
ЛАО-2012-М102-Ш5-192_orig.jpg,тарелка профиль фрагмент,тарелка,0.993855,профиль,0.975832,фрагмент,0.999941,фаянс,0.499418
ЛАО-2012-М102-Ш5-193_orig.jpg,тарелка фаянс профиль фрагмент,тарелка,0.982805,профиль,0.996332,фрагмент,0.999207,фаянс,0.862388
ЛАО-2012-М102-Ш5-194_orig.jpg,тарелка фаянс профиль фрагмент,тарелка,0.991703,профиль,0.940726,фрагмент,0.999972,фаянс,0.567052
ЛАО-2012-М102-Ш5-195_orig.jpg,тарелка фарфор профиль фрагмент,тарелка,0.880768,профиль,0.98883,фрагмент,0.999186,фарфор,0.738074
ЛАО-2012-М102-Ш5-196_orig.jpg,тарелка фарфор профиль фрагмент,тарелка,0.969423,профиль,0.987682,фрагмент,0.999587,фарфор,0.97037
ЛАО-2012-М102-Ш5-197_orig.jpg,тарелка фаянс профиль фрагмент,тарелка,0.997216,профиль,0.986823,фрагмент,0.999817,фаянс,0.612178
ЛАО-2012-М102-Ш5-203_orig.jpg,блюдце фаянс профиль фрагмент,блюдце,0.801041,профиль,0.989065,фрагмент,0.999605,фаянс,0.691903
М102-2012-1-0494_orig.jpg,изразец керамика профиль фрагмент,изразец,0.81006,профиль,0.654098,фрагмент,0.993657,керамика,0.981743
М102-2012-1-0496_orig.jpg,изразец керамика профиль фрагмент,изразец,0.998226,профиль,0.544079,фрагмент,0.988376,керамика,0.999646
М102-2012-1-0529_orig.jpg,изразец керамика фрагмент,изразец,0.95717,прочее,0.41927,фрагмент,0.982003,керамика,0.999416
М102-2012-1-0585_orig.jpg,тарелка фаянс донце фрагмент,тарелка,0.998933,донце,0.95087,фрагмент,0.999465,фаянс,0.940787
М102-2012-1-0603_orig.jpg,изразец керамика профиль фрагмент,изразец,0.999785,профиль,0.507673,фрагмент,0.982336,керамика,0.999717
М102-2012-1-0611_orig.jpg,изразец керамика профиль фрагмент,изразец,0.999529,профиль,0.659092,фрагмент,0.983594,керамика,0.999939
М102-2012-1-0691_orig.jpg,миска керамика венчик фрагмент,миска,0.993037,венчик,0.945947,фрагмент,0.9999,керамика,0.981517
М102-2012-1-0752_orig.jpg,тарелка керамика донце фрагмент,тарелка,0.959284,донце,0.952845,фрагмент,0.999965,керамика,0.735603
М102-2012-1-0827_orig.jpg,тарелка фрагмент,тарелка,0.642332,венчик,0.417181,фрагмент,0.999331,фаянс,0.464002
М102-2012-1-0833_orig.jpg,тарелка фаянс донце фрагмент,тарелка,0.99455,донце,0.885077,фрагмент,0.999824,фаянс,0.870985
М102-2012-1-0837_orig.jpg,тарелка фаянс донце фрагмент,тарелка,0.595348,донце,0.6704,фрагмент,0.999951,фаянс,0.520761
М102-2012-1-0843_orig.jpg,тарелка фаянс донце фрагмент,тарелка,0.984453,донце,0.61026,фрагмент,0.998863,фаянс,0.947435
М102-2012-1-0847_orig.jpg,тарелка фаянс донце фрагмент,тарелка,0.997449,донце,0.623205,фрагмент,0.999987,фаянс,0.871924
М102-2012-1-0851_orig.jpg,тарелка фаянс профиль фрагмент,тарелка,0.997949,профиль,0.864155,фрагмент,0.999978,фаянс,0.982935
М102-2012-1-0942_orig.jpg,миска керамика профиль фрагмент,миска,0.96679,профиль,0.931416,фрагмент,0.999825,керамика,0.982121
М102-2012-1-0949_orig.jpg,изразец керамика профиль фрагмент,изразец,0.998235,профиль,0.934212,фрагмент,0.999079,керамика,0.999415
М102-2012-1-1008_orig.jpg,изразец керамика профиль фрагмент,изразец,0.996295,профиль,0.870909,фрагмент,0.999776,керамика,0.999886
М102-2012-2-0538_orig.jpg,блюдце фарфор профиль фрагмент,блюдце,0.884115,профиль,0.707726,фрагмент,0.997753,фарфор,0.951701
М102-2012-2-0543_orig.jpg,блюдце фарфор профиль фрагмент,блюдце,0.983862,профиль,0.997055,фрагмент,0.996204,фарфор,0.997324
М102-2012-2-1028_orig.jpg,тарелка фаянс профиль фрагмент,тарелка,0.985247,профиль,0.971722,фрагмент,0.999611,фаянс,0.605316
М102-2012-2-1068_orig.jpg,тарелка донце фрагмент,тарелка,0.973176,донце,0.740073,фрагмент,0.99917,фаянс,0.485048
М102-2012-2-1086_orig.jpg,тарелка фаянс донце фрагмент,тарелка,0.99922,донце,0.990477,фрагмент,0.999943,фаянс,0.915663
М102-2012-2-1095_orig.jpg,изразец керамика профиль фрагмент,изразец,0.996522,профиль,0.527784,фрагмент,0.933603,керамика,0.970338
М102-2012-2-1121_orig.jpg,блюдце фарфор профиль фрагмент,блюдце,0.921016,профиль,0.868628,фрагмент,0.980303,фарфор,0.996821
М102-2012-2-1123_orig.jpg,блюдце фарфор профиль фрагмент,блюдце,0.588152,профиль,0.836084,фрагмент,0.99962,фарфор,0.967271
М102-2012-2-1125_orig.jpg,крышка фарфор профиль фрагмент,крышка,0.939068,профиль,0.646608,фрагмент,0.996967,фарфор,0.996716
М102-2012-2-1166_orig.jpg,тарелка фарфор профиль фрагмент,тарелка,0.627501,профиль,0.868447,фрагмент,0.997578,фарфор,0.990544
М102-2012-2-1181_orig.jpg,изразец керамика профиль фрагмент,изразец,0.994901,профиль,0.521327,фрагмент,0.943488,керамика,0.985738
М102-2012-2-1248_orig.jpg,блюдце фарфор профиль фрагмент,блюдце,0.745455,профиль,0.756213,фрагмент,0.997192,фарфор,0.992335
М102-2012-2-1264_orig.jpg,тарелка фаянс венчик фрагмент,тарелка,0.836841,венчик,0.804385,фрагмент,0.999732,фаянс,0.782062
М102-2012-2-1265_orig.jpg,тарелка фаянс венчик фрагмент,тарелка,0.970942,венчик,0.524296,фрагмент,0.999739,фаянс,0.942949
М102-2012-2-1267_orig.jpg,тарелка фаянс профиль фрагмент,тарелка,0.956697,профиль,0.624284,фрагмент,0.996364,фаянс,0.901228
М102-2012-2-1271_orig.jpg,блюдце фарфор профиль фрагмент,блюдце,0.773025,профиль,0.975205,фрагмент,0.999892,фарфор,0.874238
М102-2012-2-1279_orig.jpg,крышка фарфор ручка фрагмент,крышка,0.940412,ручка,0.692205,фрагмент,0.980363,фарфор,0.518529
М102-2012-2-1313_orig.jpg,тарелка фарфор донце фрагмент,тарелка,0.878063,донце,0.690452,фрагмент,0.997809,фарфор,0.874305
М102-2012-2-1314_orig.jpg,крышка фарфор профиль фрагмент,крышка,0.980164,профиль,0.786088,фрагмент,0.999371,фарфор,0.988382
М102-2012-2-1319_orig.jpg,тарелка фаянс венчик фрагмент,тарелка,0.982587,венчик,0.686457,фрагмент,0.999957,фаянс,0.708864
М102-2012-2-1327_orig.jpg,изразец керамика донце фрагмент,изразец,0.56599,донце,0.51955,фрагмент,0.99926,керамика,0.956982
М102-2012-2-1359_orig.jpg,тарелка фаянс венчик фрагмент,тарелка,0.729855,венчик,0.932364,фрагмент,0.997639,фаянс,0.76425
М102-2012-2-1360_orig.jpg,тарелка фаянс профиль фрагмент,тарелка,0.969214,профиль,0.94223,фрагмент,0.999977,фаянс,0.825583
М102-2012-2-1361_orig.jpg,блюдце фарфор профиль фрагмент,блюдце,0.707763,профиль,0.97235,фрагмент,0.998573,фарфор,0.971716
М102-2012-2-1394_orig.jpg,крышка фаянс профиль,крышка,0.996934,профиль,0.676014,целый,0.894827,фаянс,0.749276
М102-2012-2-1406_orig.jpg,блюдце фаянс профиль фрагмент,блюдце,0.981129,профиль,0.957092,фрагмент,0.999852,фаянс,0.546627
М102-2012-2-1423_orig.jpg,миска керамика профиль фрагмент,миска,0.970916,профиль,0.507962,фрагмент,0.999737,керамика,0.982706
Маяк-11-Ш1-06_orig.jpg,крышка фарфор ручка,крышка,0.999495,ручка,0.940053,целый,0.888554,фарфор,0.996626
Маяк-11-Ш1-07_orig.jpg,крышка фарфор ручка,крышка,0.997967,ручка,0.769276,целый,0.940676,фарфор,0.992215
Маяк-11-Ш2-21_orig.jpg,тарелка фаянс профиль фрагмент,тарелка,0.979229,профиль,0.957661,фрагмент,0.999846,фаянс,0.575512
Маяк-11-Ш2-37_orig.jpg,изразец керамика профиль фрагмент,изразец,0.999619,профиль,0.899621,фрагмент,0.99693,керамика,0.999914
Маяк-11-Ш3-68_orig.jpg,тарелка фарфор профиль фрагмент,тарелка,0.721232,профиль,0.931281,фрагмент,0.997246,фарфор,0.994836
Маяк-11-Ш3-72_orig.jpg,тарелка фаянс донце фрагмент,тарелка,0.978467,донце,0.703053,фрагмент,0.99901,фаянс,0.980761
Мич11-ш01-005_orig.jpg,изразец керамика фрагмент,изразец,0.981988,донце,0.396765,фрагмент,0.991036,керамика,0.9868
Мич11-ш01-029_orig.jpg,изразец керамика профиль фрагмент,изразец,0.999585,профиль,0.802937,фрагмент,0.999057,керамика,0.999917
Мич11-ш02-053_orig.jpg,изразец керамика профиль фрагмент,изразец,0.999633,профиль,0.83228,фрагмент,0.997945,керамика,0.999793
Мич11-ш02-057_orig.jpg,изразец керамика профиль фрагмент,изразец,0.998879,профиль,0.629384,фрагмент,0.995171,керамика,0.999493
Мич11-ш04-155_orig.jpg,изразец керамика профиль фрагмент,изразец,0.88913,профиль,0.672185,фрагмент,0.99968,керамика,0.999967
Нев11-Г0-005_orig.jpg,изразец керамика профиль фрагмент,изразец,0.974827,профиль,0.807083,фрагмент,0.834508,керамика,0.971849
Нев11-Г0-006_orig.jpg,изразец керамика,изразец,0.969371,профиль,0.450443,фрагмент,0.513135,керамика,0.99457
Нев11-Г02-009_orig.jpg,тарелка керамика венчик фрагмент,тарелка,0.89448,венчик,0.980027,фрагмент,0.999954,керамика,0.993911
Нев11-Г02-010_orig.jpg,тарелка керамика донце фрагмент,тарелка,0.966859,донце,0.768032,фрагмент,0.999671,керамика,0.912018
Нев11-Г02-012_orig.jpg,изразец керамика профиль фрагмент,изразец,0.900422,профиль,0.553218,фрагмент,0.999408,керамика,0.99589
Нев11-Г02-021_orig.jpg,изразец керамика профиль фрагмент,изразец,0.999296,профиль,0.955012,фрагмент,0.995596,керамика,0.999553
Нев11-Г02-022_orig.jpg,изразец керамика профиль фрагмент,изразец,0.933942,профиль,0.607296,фрагмент,0.99431,керамика,0.999702
Нев11-Г02-023_orig.jpg,изразец керамика фрагмент,изразец,0.999592,профиль,0.494,фрагмент,0.977637,керамика,0.999778
Нев11-Г02-033_orig.jpg,тарелка фаянс профиль фрагмент,тарелка,0.858721,профиль,0.589847,фрагмент,0.999816,фаянс,0.783413
Нев11-Г03-037_orig.jpg,изразец керамика фрагмент,изразец,0.999256,профиль,0.392307,фрагмент,0.999287,керамика,0.999979
Нев11-Г03-038_orig.jpg,изразец керамика фрагмент,изразец,0.906314,венчик,0.418471,фрагмент,0.999943,керамика,0.998616
Нев11-Г03-043_orig.jpg,изразец керамика профиль фрагмент,изразец,0.997073,профиль,0.708139,фрагмент,0.999972,керамика,0.999937
Нев11-Г03-044_orig.jpg,миска керамика венчик фрагмент,миска,0.861835,венчик,0.753672,фрагмент,0.999575,керамика,0.999666
Нев11-Г03-058_orig.jpg,изразец керамика профиль фрагмент,изразец,0.999655,профиль,0.851216,фрагмент,0.981217,керамика,0.99988
Нев11-Г03-096_orig.jpg,изразец керамика профиль фрагмент,изразец,0.999569,профиль,0.626225,фрагмент,0.997016,керамика,0.999964
Нев11-Г03-097_orig.jpg,изразец керамика профиль фрагмент,изразец,0.996441,профиль,0.930248,фрагмент,0.999823,керамика,0.999948
Нев11-Г03-178_orig.jpg,изразец керамика профиль фрагмент,изразец,0.968623,профиль,0.829893,фрагмент,0.999469,керамика,0.999279
Нев11-Г03-181_orig.jpg,изразец керамика профиль фрагмент,изразец,0.998181,профиль,0.54921,фрагмент,0.997519,керамика,0.999953
Нев11-Г04-182_orig.jpg,изразец керамика венчик фрагмент,изразец,0.938416,венчик,0.751564,фрагмент,0.992321,керамика,0.999907
Нев11-Г04-185_orig.jpg,тарелка керамика профиль фрагмент,тарелка,0.98327,профиль,0.810773,фрагмент,0.999978,керамика,0.994761
Нев11-Г04-187_orig.jpg,тарелка керамика профиль фрагмент,тарелка,0.93941,профиль,0.924942,фрагмент,0.99407,керамика,0.973349
Нев11-Г04-197_orig.jpg,миска керамика венчик фрагмент,миска,0.81989,венчик,0.535234,фрагмент,0.999596,керамика,0.997525
Нев11-Г04А-210_orig.jpg,тарелка керамика профиль фрагмент,тарелка,0.924069,профиль,0.856008,фрагмент,0.999866,керамика,0.99904
Нев11-Г05-055_orig.jpg,тарелка керамика профиль фрагмент,тарелка,0.544875,профиль,0.989672,фрагмент,0.999985,керамика,0.988536
Нев11-Г05-056_orig.jpg,тарелка керамика венчик фрагмент,тарелка,0.622105,венчик,0.812077,фрагмент,0.99995,керамика,0.99899
Нев11-Г05-228_orig.jpg,тарелка профиль фрагмент,тарелка,0.997655,профиль,0.858953,фрагмент,0.999959,фарфор,0.499462
Нев11-Г05-235_orig.jpg,изразец керамика профиль фрагмент,изразец,0.996498,профиль,0.931314,фрагмент,0.993691,керамика,0.998741
Нев11-под-001_orig.jpg,изразец керамика фрагмент,изразец,0.617362,донце,0.438952,фрагмент,0.662659,керамика,0.706706
Нейш3А-2018-0018_orig.jpg,крышка фарфор ручка,крышка,0.999911,ручка,0.993349,целый,0.865596,фарфор,0.980289
Нейш3А-2018-0097_orig.jpg,крышка стекло ручка,крышка,0.977685,ручка,0.618802,целый,0.984395,стекло,0.997184
Нейш3А-2018-0102_orig.jpg,крышка фарфор профиль,крышка,0.523359,профиль,0.877509,целый,0.805355,фарфор,0.92885
Нейш3А-2018-0105_orig.jpg,тарелка фарфор донце фрагмент,тарелка,0.628954,донце,0.689534,фрагмент,0.999704,фарфор,0.981594
Нейш3А-2018-0108_orig.jpg,крышка фаянс фрагмент,крышка,0.985869,профиль,0.31451,фрагмент,0.995509,фаянс,0.670202
Нейш3А-2018-0111_orig.jpg,тарелка фаянс профиль фрагмент,тарелка,0.990035,профиль,0.741296,фрагмент,0.999494,фаянс,0.810345
Нейш3А-2018-0117_orig.jpg,тарелка фарфор профиль фрагмент,тарелка,0.92052,профиль,0.946784,фрагмент,0.998609,фарфор,0.98925
Нейш3А-2018-0118_orig.jpg,тарелка фарфор профиль фрагмент,тарелка,0.92881,профиль,0.512757,фрагмент,0.999036,фарфор,0.682258
Нейш3А-2018-0138_orig.jpg,блюдце фарфор профиль фрагмент,блюдце,0.654606,профиль,0.943877,фрагмент,0.998871,фарфор,0.986379
Нейш3А-2018-0189_orig.jpg,крышка стекло профиль фрагмент,крышка,0.979764,профиль,0.529459,фрагмент,0.863197,стекло,0.544049
Нейш3А-2018-0203_orig.jpg,крышка стекло венчик фрагмент,крышка,0.97615,венчик,0.792386,фрагмент,0.949367,стекло,0.514034
Нейш3А-2018-0206_orig.jpg,блюдце фрагмент,блюдце,0.50878,венчик,0.463335,фрагмент,0.999044,фарфор,0.333933
Нейш3А-2018-0210_orig.jpg,блюдце стекло профиль фрагмент,блюдце,0.986303,профиль,0.952394,фрагмент,0.950911,стекло,0.967776
Нейш3А-2018-0244_orig.jpg,блюдце фарфор профиль фрагмент,блюдце,0.987475,профиль,0.810471,фрагмент,0.924173,фарфор,0.960673
Нейш3А-2018-0247_orig.jpg,блюдце фарфор донце фрагмент,блюдце,0.945434,донце,0.905722,фрагмент,0.996625,фарфор,0.992535
Нейш3А-2018-0248_orig.jpg,тарелка фаянс донце фрагмент,тарелка,0.995044,донце,0.995464,фрагмент,0.999678,фаянс,0.914436
Нейш3А-2018-0252_orig.jpg,тарелка фаянс донце фрагмент,тарелка,0.934906,донце,0.593333,фрагмент,0.994592,фаянс,0.759254
Нейш3А-2018-0254_orig.jpg,тарелка фарфор венчик фрагмент,тарелка,0.874953,венчик,0.85038,фрагмент,0.999655,фарфор,0.667882
Нейш3А-2018-0255_orig.jpg,тарелка фаянс донце фрагмент,тарелка,0.95314,донце,0.854089,фрагмент,0.992735,фаянс,0.522117
Нейш3А-2018-0259_orig.jpg,тарелка фаянс венчик фрагмент,тарелка,0.995492,венчик,0.962822,фрагмент,0.998974,фаянс,0.939386
Нейш3А-2018-0276_orig.jpg,крышка фарфор ручка фрагмент,крышка,0.999217,ручка,0.941173,фрагмент,0.557348,фарфор,0.996731
Нейш3А-2018-0288_orig.jpg,крышка фаянс ручка фрагмент,крышка,0.995445,ручка,0.997973,фрагмент,0.949058,фаянс,0.839378
Нейш3А-2018-0349_orig.jpg,тарелка фарфор профиль фрагмент,тарелка,0.953024,профиль,0.771745,фрагмент,0.997755,фарфор,0.506391
Нейш3А-2018-0350_orig.jpg,тарелка фарфор профиль фрагмент,тарелка,0.986897,профиль,0.650561,фрагмент,0.999476,фарфор,0.854854
Нейш3А-2018-0373_orig.jpg,тарелка керамика профиль фрагмент,тарелка,0.644334,профиль,0.886755,фрагмент,0.998538,керамика,0.561964
Нейш3А-2018-0374_orig.jpg,тарелка фаянс венчик фрагмент,тарелка,0.985027,венчик,0.587355,фрагмент,0.999469,фаянс,0.97723
Нейш3А-2018-0377_orig.jpg,тарелка фаянс донце фрагмент,тарелка,0.998124,донце,0.971491,фрагмент,0.999919,фаянс,0.926536
Нейш3А-2018-0378_orig.jpg,тарелка фаянс донце фрагмент,тарелка,0.994882,донце,0.976423,фрагмент,0.999964,фаянс,0.870856
Нейш3А-2018-0384_orig.jpg,тарелка фарфор донце фрагмент,тарелка,0.884657,донце,0.800622,фрагмент,0.999827,фарфор,0.996265
Нейш3А-2018-0394_orig.jpg,тарелка фарфор венчик фрагмент,тарелка,0.985108,венчик,0.925703,фрагмент,0.999592,фарфор,0.757026
Нейш3А-2018-0397_orig.jpg,тарелка фаянс профиль фрагмент,тарелка,0.994155,профиль,0.542533,фрагмент,0.999885,фаянс,0.887111
Нейш3А-2018-0426_orig.jpg,тарелка фаянс венчик фрагмент,тарелка,0.943043,венчик,0.886087,фрагмент,0.997008,фаянс,0.93489
Нейш3А-2018-0454_orig.jpg,блюдце стекло фрагмент,блюдце,0.977162,донце,0.484916,фрагмент,0.972102,стекло,0.979227
Нейш3А-2018-0499_orig.jpg,тарелка фаянс профиль фрагмент,тарелка,0.990672,профиль,0.983374,фрагмент,0.999888,фаянс,0.653604
Нейш3А-2018-0500_orig.jpg,крышка фарфор ручка,крышка,0.994972,ручка,0.692531,целый,0.974784,фарфор,0.94663
Нейш3А-2018-0572_orig.jpg,крышка стекло ручка,крышка,0.981737,ручка,0.745689,целый,0.99667,стекло,0.997129
Нейш3А-2018-0625_orig.jpg,тарелка фарфор профиль фрагмент,тарелка,0.499202,профиль,0.95851,фрагмент,0.999659,фарфор,0.907364
Нейш3А-2018-0628_orig.jpg,блюдце фарфор профиль фрагмент,блюдце,0.807283,профиль,0.725852,фрагмент,0.999822,фарфор,0.99463
Нейш3А-2018-0629_orig.jpg,блюдце фарфор профиль фрагмент,блюдце,0.714708,профиль,0.864256,фрагмент,0.999921,фарфор,0.993868
Нейш3А-2018-0645_orig.jpg,изразец керамика профиль фрагмент,изразец,0.996549,профиль,0.983268,фрагмент,0.992497,керамика,0.997733
Нейш3А-2018-0685_orig.jpg,тарелка фарфор венчик фрагмент,тарелка,0.824642,венчик,0.873398,фрагмент,0.999019,фарфор,0.914209
Нейш3А-2018-0726_orig.jpg,блюдце фарфор профиль фрагмент,блюдце,0.909643,профиль,0.96477,фрагмент,0.999942,фарфор,0.894616
Нейш3А-2018-0733_orig.jpg,тарелка фарфор профиль фрагмент,тарелка,0.640461,профиль,0.991325,фрагмент,0.99993,фарфор,0.938527
Нейш3А-2018-0735_orig.jpg,блюдце фарфор профиль фрагмент,блюдце,0.956996,профиль,0.96981,фрагмент,0.999419,фарфор,0.98725
Нейш3А-2018-0737_orig.jpg,блюдце фарфор профиль фрагмент,блюдце,0.988373,профиль,0.974725,фрагмент,0.991527,фарфор,0.991966
Нейш3А-2018-0738_orig.jpg,блюдце фарфор профиль фрагмент,блюдце,0.955297,профиль,0.898815,фрагмент,0.9886,фарфор,0.857831
Нейш3А-2018-0740_orig.jpg,тарелка фаянс венчик фрагмент,тарелка,0.990808,венчик,0.826099,фрагмент,0.999664,фаянс,0.811535
Нейш3А-2018-0741_orig.jpg,тарелка профиль фрагмент,тарелка,0.898572,профиль,0.894736,фрагмент,0.979386,фарфор,0.413783
Нейш3А-2018-0742_orig.jpg,тарелка фаянс донце фрагмент,тарелка,0.99635,донце,0.909189,фрагмент,0.999976,фаянс,0.75268
Нейш3А-2018-0806_orig.jpg,крышка фарфор профиль фрагмент,крышка,0.711332,профиль,0.965556,фрагмент,0.968297,фарфор,0.894043
Нейш3А-2018-0810_orig.jpg,блюдце фарфор профиль фрагмент,блюдце,0.866481,профиль,0.916687,фрагмент,0.974947,фарфор,0.999093
Нейш3А-2018-0811_orig.jpg,тарелка фарфор профиль фрагмент,тарелка,0.895187,профиль,0.789977,фрагмент,0.999895,фарфор,0.981945
Нейш3А-2018-0812_orig.jpg,блюдце фарфор профиль фрагмент,блюдце,0.715327,профиль,0.86616,фрагмент,0.972256,фарфор,0.990849
Нейш3А-2018-0817_orig.jpg,тарелка фарфор донце фрагмент,тарелка,0.950033,донце,0.919939,фрагмент,0.999595,фарфор,0.995032
Нейш3А-2018-0821_orig.jpg,тарелка фаянс профиль фрагмент,тарелка,0.989285,профиль,0.814638,фрагмент,0.999801,фаянс,0.64886
Нейш3А-2018-0831_orig.jpg,блюдце фарфор венчик фрагмент,блюдце,0.86434,венчик,0.755599,фрагмент,0.993248,фарфор,0.888416
Нейш3А-2018-0833_orig.jpg,блюдце фарфор профиль фрагмент,блюдце,0.976226,профиль,0.98946,фрагмент,0.999088,фарфор,0.990651
Нейш3А-2018-0834_orig.jpg,блюдце фарфор профиль фрагмент,блюдце,0.945004,профиль,0.888939,фрагмент,0.999837,фарфор,0.927132
Нейш3А-2018-0837_orig.jpg,блюдце фарфор профиль фрагмент,блюдце,0.972344,профиль,0.934023,фрагмент,0.978586,фарфор,0.99408
Нейш3А-2018-0838_orig.jpg,крышка фарфор ручка фрагмент,крышка,0.99622,ручка,0.992059,фрагмент,0.926359,фарфор,0.947867
Нейш3А-2018-0839_orig.jpg,блюдце фарфор профиль фрагмент,блюдце,0.97588,профиль,0.893134,фрагмент,0.952768,фарфор,0.999763
Нейш3А-2018-0844_orig.jpg,блюдце фаянс профиль фрагмент,блюдце,0.988437,профиль,0.988803,фрагмент,0.998789,фаянс,0.783191
Нейш3А-2018-0847_orig.jpg,тарелка фарфор профиль фрагмент,тарелка,0.957547,профиль,0.8846,фрагмент,0.999452,фарфор,0.919432
Нейш3А-2018-0848_orig.jpg,тарелка фаянс профиль фрагмент,тарелка,0.991513,профиль,0.9962,фрагмент,0.999952,фаянс,0.629896
Нейш3А-2018-0850_orig.jpg,тарелка фаянс профиль фрагмент,тарелка,0.923951,профиль,0.944161,фрагмент,0.999752,фаянс,0.919152
Нейш3А-2018-0851_orig.jpg,тарелка фаянс профиль фрагмент,тарелка,0.965762,профиль,0.84046,фрагмент,0.999533,фаянс,0.895388
Нейш3А-2018-0855_orig.jpg,тарелка фаянс профиль фрагмент,тарелка,0.998056,профиль,0.595152,фрагмент,0.999925,фаянс,0.986368
Нейш3А-2018-0856_orig.jpg,тарелка фаянс венчик фрагмент,тарелка,0.992473,венчик,0.681052,фрагмент,0.999612,фаянс,0.78036
Нейш3А-2018-0861_orig.jpg,крышка керамика ручка фрагмент,крышка,0.991634,ручка,0.563326,фрагмент,0.97573,керамика,0.8757
Нейш3А-2018-0868_orig.jpg,изразец керамика профиль фрагмент,изразец,0.991814,профиль,0.69937,фрагмент,0.997776,керамика,0.996673
Нейш3А-2018-0871_orig.jpg,блюдце фарфор профиль фрагмент,блюдце,0.914687,профиль,0.525112,фрагмент,0.999329,фарфор,0.973627
Нейш3А-2018-0881_orig.jpg,крышка фаянс венчик фрагмент,крышка,0.899941,венчик,0.908258,фрагмент,0.999941,фаянс,0.785477
Нейш3А-2018-0947_orig.jpg,тарелка фаянс донце фрагмент,тарелка,0.998798,донце,0.868037,фрагмент,0.999687,фаянс,0.508441
Нейш3А-2018-0949_orig.jpg,тарелка фарфор донце фрагмент,тарелка,0.938822,донце,0.969344,фрагмент,0.999709,фарфор,0.929572
Нейш3А-2018-0954_orig.jpg,изразец керамика венчик фрагмент,изразец,0.545423,венчик,0.915806,фрагмент,0.998304,керамика,0.999098
Нейш3А-2018-0955_orig.jpg,изразец керамика фрагмент,изразец,0.997994,ручка,0.418759,фрагмент,0.990387,керамика,0.999553
Нейш3А-2018-0956_orig.jpg,изразец керамика профиль фрагмент,изразец,0.999023,профиль,0.924834,фрагмент,0.999898,керамика,0.998454
Нейш3А-2018-0986_orig.jpg,крышка керамика венчик фрагмент,крышка,0.962008,венчик,0.910229,фрагмент,0.916732,керамика,0.999648
Нейш3А-2018-1034_orig.jpg,крышка фаянс венчик фрагмент,крышка,0.960804,венчик,0.654127,фрагмент,0.987734,фаянс,0.560159
Нейш3А-2018-1035_orig.jpg,крышка фарфор венчик фрагмент,крышка,0.994585,венчик,0.963832,фрагмент,0.993697,фарфор,0.982454
Нейш3А-2018-1042_orig.jpg,блюдце фарфор профиль фрагмент,блюдце,0.603573,профиль,0.945282,фрагмент,0.988264,фарфор,0.993229
Нейш3А-2018-1101_orig.jpg,блюдце фарфор венчик фрагмент,блюдце,0.970614,венчик,0.859245,фрагмент,0.999891,фарфор,0.982013
Нейш3А-2018-1137_orig.jpg,блюдце фарфор профиль фрагмент,блюдце,0.778884,профиль,0.963222,фрагмент,0.99996,фарфор,0.987985
Нейш3А-2018-1138_orig.jpg,тарелка фарфор профиль фрагмент,тарелка,0.769722,профиль,0.96281,фрагмент,0.999941,фарфор,0.995436
Нейш3А-2018-1154_orig.jpg,тарелка керамика венчик фрагмент,тарелка,0.910113,венчик,0.975335,фрагмент,0.996254,керамика,0.996043
Нейш3А-2018-1174_orig.jpg,крышка фаянс профиль фрагмент,крышка,0.902247,профиль,0.899773,фрагмент,0.999345,фаянс,0.907911
Нейш3А-2018-1178_orig.jpg,тарелка керамика профиль фрагмент,тарелка,0.927739,профиль,0.951193,фрагмент,0.995965,керамика,0.907152
Нейш3А-2018-1180_orig.jpg,блюдце фарфор профиль фрагмент,блюдце,0.974811,профиль,0.984901,фрагмент,0.999319,фарфор,0.997429
Нейш3А-2018-1182_orig.jpg,крышка фарфор ручка фрагмент,крышка,0.994452,ручка,0.986482,фрагмент,0.885504,фарфор,0.981114
Нейш3А-2018-1186_orig.jpg,тарелка керамика венчик фрагмент,тарелка,0.917324,венчик,0.527863,фрагмент,0.998813,керамика,0.722723
Нейш3А-2018-1190_orig.jpg,тарелка керамика венчик фрагмент,тарелка,0.816967,венчик,0.879078,фрагмент,0.999377,керамика,0.986921
Нейш3А-2018-1232_orig.jpg,тарелка керамика венчик фрагмент,тарелка,0.890196,венчик,0.970434,фрагмент,0.998504,керамика,0.975783
Нейш3А-2018-1282_orig.jpg,тарелка фаянс донце фрагмент,тарелка,0.998707,донце,0.965584,фрагмент,0.999961,фаянс,0.903796
Нейш3А-2018-1284_orig.jpg,тарелка фаянс профиль фрагмент,тарелка,0.971624,профиль,0.970484,фрагмент,0.999888,фаянс,0.884329
Нейш3А-2018-1311_orig.jpg,крышка фарфор профиль фрагмент,крышка,0.982683,профиль,0.893805,фрагмент,0.999626,фарфор,0.990329
Нейш3А-2018-1318_orig.jpg,блюдце фарфор профиль фрагмент,блюдце,0.623434,профиль,0.745925,фрагмент,0.999816,фарфор,0.984595
Нейш3А-2018-1357_orig.jpg,блюдце фарфор профиль фрагмент,блюдце,0.79492,профиль,0.746548,фрагмент,0.950965,фарфор,0.956925
Нейш3А-2018-1372_orig.jpg,изразец керамика венчик фрагмент,изразец,0.959627,венчик,0.687268,фрагмент,0.961574,керамика,0.999356
Нейш3А-2018-1379_orig.jpg,крышка фарфор фрагмент,крышка,0.981195,ручка,0.471376,фрагмент,0.983681,фарфор,0.995128
Нейш3А-2018-1390_orig.jpg,миска керамика профиль фрагмент,миска,0.978867,профиль,0.704871,фрагмент,0.997618,керамика,0.998851
Нейш3А-2018-1469_orig.jpg,крышка фарфор ручка,крышка,0.95044,ручка,0.557995,целый,0.905521,фарфор,0.949789
Нейш3А-2018-1473_orig.jpg,крышка фаянс ручка фрагмент,крышка,0.990762,ручка,0.997092,фрагмент,0.907408,фаянс,0.884248
Нейш3А-2018-1476_orig.jpg,крышка фарфор фрагмент,крышка,0.833435,профиль,0.428599,фрагмент,0.993085,фарфор,0.690104
Нейш3А-2018-1509_orig.jpg,тарелка фарфор профиль фрагмент,тарелка,0.966147,профиль,0.976018,фрагмент,0.999364,фарфор,0.957319
Нейш3А-2018-1527_orig.jpg,блюдце фарфор профиль фрагмент,блюдце,0.703313,профиль,0.53621,фрагмент,0.994858,фарфор,0.94711
Нейш3А-2018-1533_orig.jpg,изразец керамика фрагмент,изразец,0.956431,профиль,0.408466,фрагмент,0.992854,керамика,0.999836
Нейш3А-2018-1642_orig.jpg,тарелка керамика профиль фрагмент,тарелка,0.726581,профиль,0.802418,фрагмент,0.99997,керамика,0.98921
Нейш3А-2018-1660_orig.jpg,блюдце фарфор профиль фрагмент,блюдце,0.95009,профиль,0.973497,фрагмент,0.786034,фарфор,0.912926
Нейш3А-2018-1671_orig.jpg,крышка стекло профиль,крышка,0.980497,профиль,0.620612,целый,0.935857,стекло,0.921317
Нейш3А-2018-1685_orig.jpg,тарелка фаянс донце фрагмент,тарелка,0.998566,донце,0.934044,фрагмент,0.986354,фаянс,0.734698
Нейш3А-2018-1719_orig.jpg,блюдце фарфор профиль фрагмент,блюдце,0.968923,профиль,0.983727,фрагмент,0.995171,фарфор,0.993908
Нейш3А-2018-1755_orig.jpg,миска керамика профиль фрагмент,миска,0.988251,профиль,0.98021,фрагмент,0.993876,керамика,0.999355
Нейш3А-2018-1764_orig.jpg,тарелка фарфор профиль фрагмент,тарелка,0.886938,профиль,0.983805,фрагмент,0.999099,фарфор,0.990305
Нейш3А-2018-1766_orig.jpg,блюдце фарфор профиль фрагмент,блюдце,0.90972,профиль,0.913152,фрагмент,0.996034,фарфор,0.977081
Нейш3А-2018-1839_orig.jpg,крышка стекло ручка,крышка,0.9975,ручка,0.983845,целый,0.936506,стекло,0.942642
Нейш3А-2018-1911_orig.jpg,тарелка фаянс профиль фрагмент,тарелка,0.986439,профиль,0.709187,фрагмент,0.999972,фаянс,0.922652
Нейш3А-2018-1912_orig.jpg,тарелка фаянс профиль фрагмент,тарелка,0.910312,профиль,0.724883,фрагмент,0.999123,фаянс,0.691716
Нейш3А-2018-1913_orig.jpg,тарелка фарфор профиль фрагмент,тарелка,0.981577,профиль,0.514432,фрагмент,0.999931,фарфор,0.98526
Нейш3А-2018-1919_orig.jpg,тарелка фарфор профиль фрагмент,тарелка,0.546052,профиль,0.515038,фрагмент,0.999303,фарфор,0.986503
Нейш3А-2018-1980_orig.jpg,тарелка фаянс профиль фрагмент,тарелка,0.995608,профиль,0.988947,фрагмент,0.999686,фаянс,0.878399
Нейш3А-2018-2040_orig.jpg,тарелка керамика венчик фрагмент,тарелка,0.952156,венчик,0.97439,фрагмент,0.999642,керамика,0.866369
Нейш3А-2018-2047_orig.jpg,крышка керамика профиль фрагмент,крышка,0.951471,профиль,0.588881,фрагмент,0.999327,керамика,0.839015
Нейш3А-2018-2068_orig.jpg,изразец керамика профиль фрагмент,изразец,0.991933,профиль,0.763323,фрагмент,0.970763,керамика,0.994704
Нейш3А-2018-2087_orig.jpg,тарелка керамика профиль фрагмент,тарелка,0.60839,профиль,0.675845,фрагмент,0.999716,керамика,0.999238
Нейш3А-2018-2098_orig.jpg,тарелка керамика венчик фрагмент,тарелка,0.499042,венчик,0.627942,фрагмент,0.996252,керамика,0.982136
Нейш3А-2018-2142_orig.jpg,блюдце фарфор венчик фрагмент,блюдце,0.970855,венчик,0.752168,фрагмент,0.999972,фарфор,0.97468
Нейш3А-2018-2145_orig.jpg,тарелка фаянс венчик фрагмент,тарелка,0.981415,венчик,0.988005,фрагмент,0.999989,фаянс,0.704621
Нейш3А-2018-2170_orig.jpg,тарелка фаянс донце фрагмент,тарелка,0.996055,донце,0.891233,фрагмент,0.998192,фаянс,0.85004
Нейш3А-2018-2216_orig.jpg,тарелка фаянс профиль фрагмент,тарелка,0.909934,профиль,0.778463,фрагмент,0.999777,фаянс,0.761886
Нейш3А-2018-2327_orig.jpg,крышка фарфор ручка,крышка,0.999849,ручка,0.995879,целый,0.561425,фарфор,0.940109
Нейш3А-2018-2329_orig.jpg,крышка фарфор ручка,крышка,0.999413,ручка,0.99401,целый,0.699801,фарфор,0.97871
Нейш3А-2018-2330_orig.jpg,крышка керамика ручка фрагмент,крышка,0.981931,ручка,0.970815,фрагмент,0.905399,керамика,0.831059
Нейш3А-2018-2331_orig.jpg,крышка керамика ручка фрагмент,крышка,0.987993,ручка,0.674504,фрагмент,0.998716,керамика,0.937049
Нейш3А-2018-2400_orig.jpg,крышка керамика ручка фрагмент,крышка,0.990743,ручка,0.992241,фрагмент,0.998742,керамика,0.997509
Нейш3А-2018-2416_orig.jpg,изразец керамика фрагмент,изразец,0.999251,венчик,0.448447,фрагмент,0.977968,керамика,0.999887
Нейш3А-2018-2435_orig.jpg,миска керамика профиль фрагмент,миска,0.750762,профиль,0.546429,фрагмент,0.995766,керамика,0.998053
Нейш3А-2018-2476_orig.jpg,миска керамика венчик фрагмент,миска,0.924464,венчик,0.975865,фрагмент,0.995916,керамика,0.984565
Нейш3А-2018-2510_orig.jpg,крышка фаянс венчик фрагмент,крышка,0.991565,венчик,0.957059,фрагмент,0.998647,фаянс,0.683152
Нейш3А-2018-2548_orig.jpg,крышка фарфор ручка,крышка,0.987084,ручка,0.737624,целый,0.860902,фарфор,0.995075
Нейш3А-2018-2549_orig.jpg,крышка фарфор ручка,крышка,0.99963,ручка,0.982534,целый,0.613621,фарфор,0.994025
Нейш3А-2018-2550_orig.jpg,крышка фарфор ручка,крышка,0.999286,ручка,0.976515,целый,0.94565,фарфор,0.989817
Нейш3А-2018-2551_orig.jpg,крышка фарфор ручка,крышка,0.998951,ручка,0.972366,целый,0.975444,фарфор,0.967606
Нейш3А-2018-2552_orig.jpg,крышка фарфор ручка,крышка,0.998168,ручка,0.996699,целый,0.593473,фарфор,0.996194
Нейш3А-2018-2553_orig.jpg,крышка фарфор ручка,крышка,0.998986,ручка,0.99166,целый,0.564226,фарфор,0.993601
Нейш3А-2018-2554_orig.jpg,крышка фарфор ручка,крышка,0.998899,ручка,0.9906,целый,0.986435,фарфор,0.989357
Нейш3А-2018-2555_orig.jpg,крышка фарфор ручка,крышка,0.999066,ручка,0.981274,целый,0.97804,фарфор,0.984489
Нейш3А-2018-2556_orig.jpg,крышка фарфор ручка,крышка,0.999237,ручка,0.990253,целый,0.81168,фарфор,0.996506
Нейш3А-2018-2581_orig.jpg,блюдце фарфор профиль фрагмент,блюдце,0.995482,профиль,0.989014,фрагмент,0.954939,фарфор,0.983294
Нейш3А-2018-2588_orig.jpg,крышка фарфор ручка фрагмент,крышка,0.991296,ручка,0.990366,фрагмент,0.910087,фарфор,0.996824
Нейш3А-2018-2665_orig.jpg,тарелка керамика донце фрагмент,тарелка,0.985564,донце,0.891255,фрагмент,0.997915,керамика,0.965285
Нейш3А-2018-2759_orig.jpg,крышка фарфор ручка фрагмент,крышка,0.986253,ручка,0.873593,фрагмент,0.855824,фарфор,0.995008
Нейш3А-2018-2773_orig.jpg,миска керамика венчик фрагмент,миска,0.535612,венчик,0.925208,фрагмент,0.993278,керамика,0.997075
Нейш3А-2018-2807_orig.jpg,крышка керамика венчик фрагмент,крышка,0.739247,венчик,0.98248,фрагмент,0.999533,керамика,0.986452
Нейш3А-2018-2841_orig.jpg,блюдце фарфор профиль фрагмент,блюдце,0.929709,профиль,0.986621,фрагмент,0.999953,фарфор,0.982754
Нейш3А-2018-2921_orig.jpg,блюдце фарфор профиль фрагмент,блюдце,0.760378,профиль,0.980821,фрагмент,0.99994,фарфор,0.995525
Нейш3А-2018-2925_orig.jpg,фарфор профиль фрагмент,тарелка,0.431674,профиль,0.728176,фрагмент,0.999974,фарфор,0.931565
Нейш3А-2018-2926_orig.jpg,блюдце фарфор профиль фрагмент,блюдце,0.994974,профиль,0.993367,фрагмент,0.9999,фарфор,0.986515
Нейш3А-2018-2953_orig.jpg,блюдце фаянс венчик фрагмент,блюдце,0.916708,венчик,0.916902,фрагмент,0.998539,фаянс,0.707875
Нейш3А-2018-3010_orig.jpg,тарелка фаянс профиль фрагмент,тарелка,0.506746,профиль,0.540831,фрагмент,0.999531,фаянс,0.534125
Нейш3А-2018-3011_orig.jpg,тарелка фаянс профиль фрагмент,тарелка,0.991055,профиль,0.746374,фрагмент,0.999785,фаянс,0.808874
Нейш3А-2018-3012_orig.jpg,тарелка фарфор профиль фрагмент,тарелка,0.988506,профиль,0.962271,фрагмент,0.999951,фарфор,0.923776
Нейш3А-2018-3039_orig.jpg,тарелка фаянс профиль фрагмент,тарелка,0.923286,профиль,0.570457,фрагмент,0.999897,фаянс,0.855472
Нейш3А-2018-3050_orig.jpg,изразец керамика профиль,изразец,0.996309,профиль,0.815305,целый,0.870056,керамика,0.995952
Нейш3А-2018-3060_orig.jpg,блюдце фарфор профиль фрагмент,блюдце,0.996713,профиль,0.959402,фрагмент,0.998926,фарфор,0.995092
Нейш3А-2018-3690_orig.jpg,блюдце стекло профиль фрагмент,блюдце,0.976075,профиль,0.987081,фрагмент,0.974394,стекло,0.98552
Нейш3А-2018-3692_orig.jpg,крышка керамика ручка фрагмент,крышка,0.820992,ручка,0.977501,фрагмент,0.907067,керамика,0.617631
Нейш3А-2018-3712_orig.jpg,изразец керамика прочее фрагмент,изразец,0.579336,прочее,0.511602,фрагмент,0.998596,керамика,0.995912
Нейш3А-2018-3748_orig.jpg,блюдце фарфор донце фрагмент,блюдце,0.856183,донце,0.761467,фрагмент,0.988762,фарфор,0.995713
Нейш3А-2018-3996_orig.jpg,крышка стекло профиль,крышка,0.524682,профиль,0.793488,целый,0.810909,стекло,0.952576
Нейш3А-2018-4068_orig.jpg,крышка фарфор ручка фрагмент,крышка,0.9998,ручка,0.989142,фрагмент,0.71803,фарфор,0.965777
Нейш3А-2018-4071_orig.jpg,изразец керамика профиль,изразец,0.992544,профиль,0.547962,целый,0.946834,керамика,0.994872
Нейш3А-2018-4085_orig.jpg,изразец керамика профиль фрагмент,изразец,0.998375,профиль,0.896356,фрагмент,0.694133,керамика,0.999256
Нейш3А-2018-4094_orig.jpg,крышка стекло профиль фрагмент,крышка,0.982053,профиль,0.972825,фрагмент,0.99708,стекло,0.995329
Нейш3А-2018-4342_orig.jpg,крышка керамика венчик фрагмент,крышка,0.596103,венчик,0.863704,фрагмент,0.994087,керамика,0.984948
Нейш3А-2018-4499_orig.jpg,крышка стекло прочее,крышка,0.669132,прочее,0.720155,целый,0.940278,стекло,0.987018
Нейш3А-2018-4581_orig.jpg,тарелка фарфор донце фрагмент,тарелка,0.976223,донце,0.900654,фрагмент,0.987932,фарфор,0.997041
Нейш3А-2018-4582_orig.jpg,тарелка фарфор фрагмент,тарелка,0.711043,донце,0.49763,фрагмент,0.917297,фарфор,0.995264
Нейш3А-2018-4583_orig.jpg,блюдце фарфор профиль фрагмент,блюдце,0.969639,профиль,0.98164,фрагмент,0.907384,фарфор,0.997471
Нейш3А-2018-4603_orig.jpg,блюдце фарфор профиль фрагмент,блюдце,0.776273,профиль,0.902766,фрагмент,0.918155,фарфор,0.982647
Нейш3А-2018-4604_orig.jpg,тарелка фарфор профиль фрагмент,тарелка,0.888983,профиль,0.746481,фрагмент,0.967723,фарфор,0.932783
Нейш3А-2018-4678_orig.jpg,тарелка фаянс профиль фрагмент,тарелка,0.992585,профиль,0.896301,фрагмент,0.999878,фаянс,0.970426
Нейш3А-2018-4680_orig.jpg,миска керамика профиль фрагмент,миска,0.848955,профиль,0.613703,фрагмент,0.999069,керамика,0.9931
Нейш3А-2018-4742_orig.jpg,блюдце фарфор профиль фрагмент,блюдце,0.996027,профиль,0.991126,фрагмент,0.964215,фарфор,0.996002
Нейш3А-2018-4743_orig.jpg,блюдце фарфор профиль фрагмент,блюдце,0.99011,профиль,0.982668,фрагмент,0.979808,фарфор,0.998997
Нейш3А-2018-4749_orig.jpg,блюдце фарфор профиль фрагмент,блюдце,0.831241,профиль,0.919016,фрагмент,0.99885,фарфор,0.997061
Нейш3А-2018-4751_orig.jpg,блюдце фарфор профиль фрагмент,блюдце,0.993231,профиль,0.988611,фрагмент,0.994721,фарфор,0.997994
Нейш3А-2018-4837_orig.jpg,миска керамика профиль фрагмент,миска,0.99779,профиль,0.97345,фрагмент,0.982424,керамика,0.999793
Нейш3А-2018-4912_orig.jpg,тарелка фаянс венчик фрагмент,тарелка,0.919864,венчик,0.764975,фрагмент,0.999061,фаянс,0.774645
Нейш3А-2018-4914_orig.jpg,тарелка фаянс донце фрагмент,тарелка,0.959885,донце,0.751977,фрагмент,0.989832,фаянс,0.939537
Нейш3А-2018-4942_orig.jpg,блюдце фарфор профиль фрагмент,блюдце,0.879404,профиль,0.590608,фрагмент,0.976964,фарфор,0.997913
Нейш3А-2018-4945_orig.jpg,тарелка фарфор профиль фрагмент,тарелка,0.751228,профиль,0.942818,фрагмент,0.999547,фарфор,0.720448
Нейш3А-2018-4950_orig.jpg,тарелка фарфор профиль фрагмент,тарелка,0.971059,профиль,0.924953,фрагмент,0.999909,фарфор,0.586077
Нейш3А-2018-4972_orig.jpg,тарелка фарфор донце фрагмент,тарелка,0.985177,донце,0.921917,фрагмент,0.998962,фарфор,0.952195
Нейш3А-2018-4973_orig.jpg,блюдце фарфор донце фрагмент,блюдце,0.650188,донце,0.567491,фрагмент,0.998871,фарфор,0.927252
Нейш3А-2018-4976_orig.jpg,тарелка фаянс профиль фрагмент,тарелка,0.96642,профиль,0.795765,фрагмент,0.991619,фаянс,0.911429
Нейш3А-2018-4977_orig.jpg,тарелка керамика фрагмент,тарелка,0.91039,донце,0.483766,фрагмент,0.999757,керамика,0.580688
Нейш3А-2018-4978_orig.jpg,тарелка фаянс донце фрагмент,тарелка,0.992471,донце,0.962777,фрагмент,0.999988,фаянс,0.90824
Нейш3А-2018-5002_orig.jpg,тарелка фарфор венчик фрагмент,тарелка,0.986809,венчик,0.712311,фрагмент,0.998724,фарфор,0.988998
Нейш3А-2018-5003_orig.jpg,тарелка фарфор профиль фрагмент,тарелка,0.507864,профиль,0.91972,фрагмент,0.99241,фарфор,0.97197
Нейш3А-2018-5004_orig.jpg,блюдце фарфор профиль фрагмент,блюдце,0.94758,профиль,0.949071,фрагмент,0.997993,фарфор,0.99003
Нейш3А-2018-5005_orig.jpg,блюдце фарфор донце фрагмент,блюдце,0.809474,донце,0.897869,фрагмент,0.999894,фарфор,0.994501
Нейш3А-2018-5125_orig.jpg,тарелка керамика венчик фрагмент,тарелка,0.917152,венчик,0.971151,фрагмент,0.962349,керамика,0.998132
Нейш3А-2018-5132_orig.jpg,тарелка керамика венчик фрагмент,тарелка,0.619757,венчик,0.892386,фрагмент,0.998242,керамика,0.992926
Нейш3А-2018-5182_orig.jpg,блюдце фарфор профиль фрагмент,блюдце,0.930568,профиль,0.951862,фрагмент,0.999623,фарфор,0.993057
Нейш3А-2018-5221_orig.jpg,блюдце фарфор донце фрагмент,блюдце,0.980614,донце,0.906851,фрагмент,0.999397,фарфор,0.99429
Нейш3А-2018-5225_orig.jpg,тарелка фарфор профиль фрагмент,тарелка,0.741587,профиль,0.911107,фрагмент,0.969402,фарфор,0.999474
Нейш3А-2018-5229_orig.jpg,тарелка фарфор профиль фрагмент,тарелка,0.619189,профиль,0.630267,фрагмент,0.998108,фарфор,0.983759
Нейш3А-2018-5232_orig.jpg,блюдце фарфор профиль фрагмент,блюдце,0.860015,профиль,0.799169,фрагмент,0.999854,фарфор,0.990798
Нейш3А-2018-5233_orig.jpg,блюдце фарфор профиль фрагмент,блюдце,0.743252,профиль,0.870524,фрагмент,0.986661,фарфор,0.989258
Нейш3А-2018-5236_orig.jpg,тарелка фарфор профиль фрагмент,тарелка,0.63849,профиль,0.964907,фрагмент,0.985033,фарфор,0.996446
Нейш3А-2018-5303_orig.jpg,миска керамика фрагмент,миска,0.967633,профиль,0.478081,фрагмент,0.969453,керамика,0.999759
Нейш3А-2018-5597_orig.jpg,блюдце фаянс профиль фрагмент,блюдце,0.989942,профиль,0.992315,фрагмент,0.99909,фаянс,0.677682
Нейш3А-2018-5599_orig.jpg,тарелка фаянс донце фрагмент,тарелка,0.998301,донце,0.991133,фрагмент,0.999041,фаянс,0.833111
Нейш3А-2018-5618_orig.jpg,миска керамика профиль фрагмент,миска,0.546397,профиль,0.920603,фрагмент,0.999987,керамика,0.993218
Нейш3А-2018-5619_orig.jpg,миска керамика венчик фрагмент,миска,0.879354,венчик,0.770025,фрагмент,0.981292,керамика,0.998035
Нейш3А-2018-5661_orig.jpg,тарелка фарфор профиль фрагмент,тарелка,0.771037,профиль,0.995937,фрагмент,0.999201,фарфор,0.907323
Нейш3А-2018-5706_orig.jpg,блюдце фарфор профиль фрагмент,блюдце,0.884871,профиль,0.824021,фрагмент,0.997911,фарфор,0.998355
Нейш3А-2018-5708_orig.jpg,тарелка фаянс профиль фрагмент,тарелка,0.886785,профиль,0.595075,фрагмент,0.99667,фаянс,0.596624
Нейш3А-2018-5721_orig.jpg,блюдце фарфор профиль фрагмент,блюдце,0.78401,профиль,0.768581,фрагмент,0.999866,фарфор,0.998874
Нейш3А-2018-5730_orig.jpg,миска керамика профиль фрагмент,миска,0.957829,профиль,0.971757,фрагмент,0.933514,керамика,0.846831
Нейш3А-2018-5763_orig.jpg,тарелка керамика донце фрагмент,тарелка,0.998556,донце,0.976408,фрагмент,0.999915,керамика,0.541323
Нейш3А-2018-5863_orig.jpg,миска керамика профиль фрагмент,миска,0.995858,профиль,0.83423,фрагмент,0.997157,керамика,0.993903
Нейш3А-2018-5886_orig.jpg,миска керамика профиль фрагмент,миска,0.933919,профиль,0.69894,фрагмент,0.999764,керамика,0.99988
Нейш3А-2018-5893_orig.jpg,керамика профиль фрагмент,крышка,0.435428,профиль,0.760159,фрагмент,0.999893,керамика,0.979216
Нейш3А-2018-5912_orig.jpg,миска керамика профиль фрагмент,миска,0.995615,профиль,0.90918,фрагмент,0.998504,керамика,0.992627
Нейш3А-2018-5925_orig.jpg,миска керамика профиль фрагмент,миска,0.957641,профиль,0.976051,фрагмент,0.994269,керамика,0.98965
Нейш3А-2018-5959_orig.jpg,крышка керамика ручка фрагмент,крышка,0.995408,ручка,0.958595,фрагмент,0.622666,керамика,0.777952
Нейш3А-2018-5970_orig.jpg,крышка фарфор ручка фрагмент,крышка,0.994942,ручка,0.996401,фрагмент,0.93771,фарфор,0.944886
Нейш3А-2018-5986_orig.jpg,крышка керамика ручка фрагмент,крышка,0.967443,ручка,0.579961,фрагмент,0.75981,керамика,0.969094
Нейш3А-2018-6024_orig.jpg,миска керамика венчик фрагмент,миска,0.993609,венчик,0.992679,фрагмент,0.99961,керамика,0.990375
Нейш3А-2018-6025_orig.jpg,миска керамика профиль фрагмент,миска,0.865935,профиль,0.786839,фрагмент,0.999935,керамика,0.986975
Нейш3А-2018-6028_orig.jpg,миска керамика венчик фрагмент,миска,0.993321,венчик,0.778807,фрагмент,0.999876,керамика,0.991453
Нейш3А-2018-6055_orig.jpg,крышка керамика профиль фрагмент,крышка,0.966922,профиль,0.908145,фрагмент,0.697656,керамика,0.787967
Нейш3А-2018-6220_orig.jpg,миска керамика профиль фрагмент,миска,0.999698,профиль,0.990654,фрагмент,0.999635,керамика,0.981589
Нейш3А-2018-6297_orig.jpg,миска керамика профиль фрагмент,миска,0.979153,профиль,0.964558,фрагмент,0.999296,керамика,0.998536
Нейш3А-2018-6973_orig.jpg,тарелка фаянс донце фрагмент,тарелка,0.998696,донце,0.974065,фрагмент,0.997406,фаянс,0.792301
Нейш3А-2018-7127_orig.jpg,тарелка керамика венчик фрагмент,тарелка,0.934741,венчик,0.98933,фрагмент,0.99984,керамика,0.987473
Нейш3А-2018-7177_orig.jpg,миска керамика фрагмент,миска,0.576312,профиль,0.474544,фрагмент,0.998334,керамика,0.997099
Нейш3А-2018-7185_orig.jpg,блюдце фарфор профиль фрагмент,блюдце,0.733931,профиль,0.978655,фрагмент,0.998681,фарфор,0.990782
Нейш3А-2018-7193_orig.jpg,тарелка фаянс донце фрагмент,тарелка,0.997974,донце,0.641519,фрагмент,0.999959,фаянс,0.987668
Нейш3А-2018-7194_orig.jpg,тарелка фаянс профиль фрагмент,тарелка,0.981725,профиль,0.908786,фрагмент,0.999958,фаянс,0.692025
Нейш3А-2018-7207_orig.jpg,тарелка фаянс венчик фрагмент,тарелка,0.986254,венчик,0.551808,фрагмент,0.999989,фаянс,0.981491
Нейш3А-2018-7213_orig.jpg,тарелка фаянс профиль фрагмент,тарелка,0.917496,профиль,0.977678,фрагмент,0.999958,фаянс,0.930961
Нейш3А-2018-7215_orig.jpg,блюдце фаянс профиль фрагмент,блюдце,0.531146,профиль,0.62007,фрагмент,0.999852,фаянс,0.568635
Нейш3А-2018-7216_orig.jpg,тарелка фаянс профиль фрагмент,тарелка,0.94564,профиль,0.72945,фрагмент,0.999968,фаянс,0.906345
Нейш3А-2018-7338_orig.jpg,тарелка фарфор профиль фрагмент,тарелка,0.678931,профиль,0.850763,фрагмент,0.999798,фарфор,0.895363
Нейш3А-2019-097_orig.jpg,крышка фарфор ручка,крышка,0.995868,ручка,0.961241,целый,0.956727,фарфор,0.987247
Нейш3А-2019-113_orig.jpg,миска керамика венчик фрагмент,миска,0.919791,венчик,0.907052,фрагмент,0.999789,керамика,0.999946
Нц-102-1519_orig.jpg,крышка,крышка,0.63429,венчик,0.341915,целый,0.914242,керамика,0.432791
Нц-102-1523_orig.jpg,изразец керамика венчик фрагмент,изразец,0.71431,венчик,0.802215,фрагмент,0.867634,керамика,0.986994
Нц-102-1945_orig.jpg,изразец керамика профиль фрагмент,изразец,0.762717,профиль,0.556316,фрагмент,0.99328,керамика,0.93844
Нц-102-1976_orig.jpg,тарелка керамика профиль фрагмент,тарелка,0.674697,профиль,0.818132,фрагмент,0.991928,керамика,0.997488
Нц-102-1977_orig.jpg,тарелка фаянс донце фрагмент,тарелка,0.945395,донце,0.645081,фрагмент,0.994516,фаянс,0.597893
Нц-106-03_orig.jpg,тарелка керамика профиль фрагмент,тарелка,0.903479,профиль,0.758414,фрагмент,0.99997,керамика,0.758393
Нц-106-11_orig.jpg,тарелка керамика венчик фрагмент,тарелка,0.897989,венчик,0.702801,фрагмент,0.994996,керамика,0.985022
Нц-106-19_orig.jpg,изразец керамика фрагмент,изразец,0.994607,венчик,0.492616,фрагмент,0.974439,керамика,0.999968
Нц-23-0180_orig.jpg,изразец керамика фрагмент,изразец,0.989916,венчик,0.40126,фрагмент,0.99446,керамика,0.99979
Нц-23-0261_orig.jpg,изразец керамика профиль фрагмент,изразец,0.981848,профиль,0.775472,фрагмент,0.997678,керамика,0.999398
Нц-23-0561_orig.jpg,изразец керамика профиль фрагмент,изразец,0.999854,профиль,0.623397,фрагмент,0.974959,керамика,0.999866
Нц-23-1058_orig.jpg,керамика венчик фрагмент,тарелка,0.37592,венчик,0.551638,фрагмент,0.999643,керамика,0.998635
Нц-23-1080_orig.jpg,изразец керамика профиль фрагмент,изразец,0.990946,профиль,0.630249,фрагмент,0.996691,керамика,0.996905
Нц-23-1215_orig.jpg,изразец керамика донце фрагмент,изразец,0.87434,донце,0.555406,фрагмент,0.993925,керамика,0.77111
Нц-23-1503_orig.jpg,тарелка керамика фрагмент,тарелка,0.605264,венчик,0.337988,фрагмент,0.994972,керамика,0.998525
Нц-23-1785_orig.jpg,изразец керамика фрагмент,изразец,0.83571,ручка,0.384682,фрагмент,0.996261,керамика,0.998189
Нц-23-1970_orig.jpg,изразец керамика венчик фрагмент,изразец,0.993307,венчик,0.820801,фрагмент,0.964626,керамика,0.999737
Нц-23-2064_orig.jpg,изразец керамика фрагмент,изразец,0.990876,ручка,0.442485,фрагмент,0.877119,керамика,0.999882
Нц-23-2163_orig.jpg,тарелка керамика фрагмент,тарелка,0.591619,прочее,0.312553,фрагмент,0.999,керамика,0.973443
Нц-23-2188_orig.jpg,изразец керамика прочее фрагмент,изразец,0.99489,прочее,0.506408,фрагмент,0.982151,керамика,0.995853
Нц-23-2266_orig.jpg,миска керамика венчик фрагмент,миска,0.637596,венчик,0.733927,фрагмент,0.996334,керамика,0.995563
Нц-23-2271_orig.jpg,изразец керамика фрагмент,изразец,0.502264,ручка,0.360636,фрагмент,0.99474,керамика,0.998544
Нц-24-026_orig.jpg,тарелка стекло фрагмент,тарелка,0.924416,профиль,0.453693,фрагмент,0.99939,стекло,0.976683
Нц-24-129_orig.jpg,изразец керамика венчик,изразец,0.99839,венчик,0.900695,фрагмент,0.523139,керамика,0.999824
Нц-24-130_orig.jpg,тарелка керамика венчик фрагмент,тарелка,0.547629,венчик,0.92213,фрагмент,0.944101,керамика,0.995286
Нц-24-190_orig.jpg,изразец фрагмент,изразец,0.503453,венчик,0.435353,фрагмент,0.974514,фаянс,0.420638
Нц-25-0068_orig.jpg,изразец керамика профиль фрагмент,изразец,0.99735,профиль,0.802621,фрагмент,0.96086,керамика,0.999656
Нц-25-0093_orig.jpg,изразец керамика профиль фрагмент,изразец,0.991564,профиль,0.967412,фрагмент,0.989378,керамика,0.995828
Нц-25-0417_orig.jpg,изразец керамика профиль фрагмент,изразец,0.68178,профиль,0.798565,фрагмент,0.999709,керамика,0.999233
Нц-25-0652_orig.jpg,изразец керамика фрагмент,изразец,0.915394,ручка,0.429681,фрагмент,0.997119,керамика,0.999867
Нц-25-0730_orig.jpg,изразец керамика фрагмент,изразец,0.987323,профиль,0.378995,фрагмент,0.999178,керамика,0.998988
Нц-25-0759_orig.jpg,изразец керамика фрагмент,изразец,0.920522,прочее,0.495244,фрагмент,0.989287,керамика,0.939113
Нц-25-1004_orig.jpg,изразец керамика венчик фрагмент,изразец,0.457007,венчик,0.792129,фрагмент,0.999951,керамика,0.987362
Нц-26-027_orig.jpg,изразец керамика фрагмент,изразец,0.931896,профиль,0.385909,фрагмент,0.936706,керамика,0.996408
Нц-27-261_orig.jpg,изразец керамика фрагмент,изразец,0.991632,профиль,0.384755,фрагмент,0.993695,керамика,0.999184
Нц-27-470_orig.jpg,изразец керамика профиль фрагмент,изразец,0.998076,профиль,0.779524,фрагмент,0.981857,керамика,0.999612
Нц-27-481_orig.jpg,изразец керамика профиль фрагмент,изразец,0.998238,профиль,0.586607,фрагмент,0.968026,керамика,0.999843
Нц-27-493_orig.jpg,изразец керамика,изразец,0.961416,венчик,0.443053,целый,0.861129,керамика,0.998167
Нц-27-537_orig.jpg,изразец керамика фрагмент,изразец,0.923954,прочее,0.454504,фрагмент,0.972781,керамика,0.998436
Нц-27-591_orig.jpg,изразец керамика венчик фрагмент,изразец,0.993144,венчик,0.686896,фрагмент,0.987677,керамика,0.999899
Нц-27-617_orig.jpg,изразец керамика профиль фрагмент,изразец,0.995192,профиль,0.824399,фрагмент,0.981543,керамика,0.999685
Нц-29-17_orig.jpg,изразец керамика профиль фрагмент,изразец,0.99692,профиль,0.82511,фрагмент,0.992005,керамика,0.999636
Нц-30-025_orig.jpg,тарелка керамика фрагмент,тарелка,0.907417,венчик,0.454247,фрагмент,0.999395,керамика,0.999616
Нц-30-065_orig.jpg,тарелка керамика венчик фрагмент,тарелка,0.929769,венчик,0.623634,фрагмент,0.990117,керамика,0.990322
Нц-30-131_orig.jpg,изразец керамика венчик фрагмент,изразец,0.813121,венчик,0.819955,фрагмент,0.990451,керамика,0.999756
Нц-30-662_orig.jpg,крышка фаянс донце фрагмент,крышка,0.618384,донце,0.617037,фрагмент,0.966685,фаянс,0.649572
Нц-30-689_orig.jpg,тарелка фаянс донце фрагмент,тарелка,0.990349,донце,0.970763,фрагмент,0.998922,фаянс,0.846592
Нц-30-705_orig.jpg,миска керамика венчик фрагмент,миска,0.902388,венчик,0.947809,фрагмент,0.981435,керамика,0.99625
Нц-30-716_orig.jpg,тарелка фаянс донце фрагмент,тарелка,0.986245,донце,0.910753,фрагмент,0.998452,фаянс,0.780205
Нц-30-733_orig.jpg,тарелка фаянс профиль фрагмент,тарелка,0.775433,профиль,0.599482,фрагмент,0.951486,фаянс,0.569168
Нц-30-736_orig.jpg,тарелка фаянс профиль фрагмент,тарелка,0.985291,профиль,0.714549,фрагмент,0.992138,фаянс,0.762543
Нц-30-899_orig.jpg,миска керамика профиль фрагмент,миска,0.984275,профиль,0.893961,фрагмент,0.998571,керамика,0.68755
Нц-30-935_orig.jpg,изразец керамика профиль фрагмент,изразец,0.955661,профиль,0.675216,фрагмент,0.994137,керамика,0.99985
Нц-30-968_orig.jpg,блюдце профиль фрагмент,блюдце,0.982544,профиль,0.797068,фрагмент,0.990613,фарфор,0.486251
Нц-30-982_orig.jpg,миска керамика профиль фрагмент,миска,0.708455,профиль,0.805599,фрагмент,0.860173,керамика,0.878878
Нц-31-0148_orig.jpg,изразец керамика профиль фрагмент,изразец,0.525903,профиль,0.698618,фрагмент,0.982973,керамика,0.825105
Нц-31-0204_orig.jpg,изразец керамика прочее фрагмент,изразец,0.869115,прочее,0.520411,фрагмент,0.996292,керамика,0.949778
Нц-31-0251_orig.jpg,изразец керамика профиль фрагмент,изразец,0.999899,профиль,0.718863,фрагмент,0.984141,керамика,0.999938
Нц-31-0391_orig.jpg,изразец керамика венчик фрагмент,изразец,0.925919,венчик,0.694713,фрагмент,0.984202,керамика,0.994535
Нц-31-0593_orig.jpg,изразец керамика профиль фрагмент,изразец,0.973562,профиль,0.89025,фрагмент,0.982103,керамика,0.999085
Нц-31-0639_orig.jpg,изразец керамика венчик фрагмент,изразец,0.944346,венчик,0.759454,фрагмент,0.995877,керамика,0.999183
Нц-31-0850_orig.jpg,миска керамика профиль фрагмент,миска,0.455866,профиль,0.82808,фрагмент,0.999591,керамика,0.847319
Нц-32-0018_orig.jpg,изразец керамика венчик фрагмент,изразец,0.998347,венчик,0.536626,фрагмент,0.999641,керамика,0.999964
Нц-32-0019_orig.jpg,изразец керамика профиль фрагмент,изразец,0.9939,профиль,0.874466,фрагмент,0.999455,керамика,0.998085
Нц-32-0024_orig.jpg,миска керамика венчик фрагмент,миска,0.704718,венчик,0.563769,фрагмент,0.983247,керамика,0.997797
Нц-32-0062_orig.jpg,изразец керамика профиль фрагмент,изразец,0.991645,профиль,0.698597,фрагмент,0.99659,керамика,0.999667
Нц-32-0063_orig.jpg,тарелка фарфор донце фрагмент,тарелка,0.988259,донце,0.583047,фрагмент,0.999616,фарфор,0.509473
Нц-32-0087_orig.jpg,миска керамика венчик фрагмент,миска,0.522633,венчик,0.789149,фрагмент,0.999232,керамика,0.999831
Нц-32-0096_orig.jpg,изразец керамика донце фрагмент,изразец,0.991385,донце,0.518391,фрагмент,0.997552,керамика,0.991174
Нц-32-0099_orig.jpg,изразец керамика венчик фрагмент,изразец,0.655897,венчик,0.922182,фрагмент,0.996591,керамика,0.999956
Нц-32-0101_orig.jpg,тарелка керамика венчик фрагмент,тарелка,0.981144,венчик,0.983095,фрагмент,0.999807,керамика,0.99243
Нц-32-0130_orig.jpg,изразец керамика фрагмент,изразец,0.974064,венчик,0.42311,фрагмент,0.920066,керамика,0.999546
Нц-32-0136_orig.jpg,тарелка керамика донце фрагмент,тарелка,0.78046,донце,0.510542,фрагмент,0.999862,керамика,0.999508
Нц-32-0217_orig.jpg,миска керамика профиль фрагмент,миска,0.927689,профиль,0.821195,фрагмент,0.994895,керамика,0.998541
Нц-32-0339_orig.jpg,тарелка керамика профиль фрагмент,тарелка,0.849401,профиль,0.613223,фрагмент,0.999686,керамика,0.986043
Нц-32-0344_orig.jpg,тарелка фаянс профиль фрагмент,тарелка,0.980681,профиль,0.958214,фрагмент,0.999802,фаянс,0.739617
Нц-32-0466_orig.jpg,изразец керамика профиль фрагмент,изразец,0.958963,профиль,0.858048,фрагмент,0.999374,керамика,0.993659
Нц-32-0509_orig.jpg,тарелка фарфор профиль фрагмент,тарелка,0.919622,профиль,0.847341,фрагмент,0.998252,фарфор,0.942453
Нц-32-0785_orig.jpg,миска керамика профиль фрагмент,миска,0.996163,профиль,0.964788,фрагмент,0.998223,керамика,0.999584
Нц-32-0837_orig.jpg,изразец керамика профиль фрагмент,изразец,0.960162,профиль,0.670436,фрагмент,0.983886,керамика,0.960829
Нц-32-0918_orig.jpg,миска керамика профиль фрагмент,миска,0.504262,профиль,0.901988,фрагмент,0.996652,керамика,0.999368
Нц-32-0937_orig.jpg,тарелка керамика венчик фрагмент,тарелка,0.993096,венчик,0.856708,фрагмент,0.999924,керамика,0.96397
Нц-32-0978_orig.jpg,изразец керамика фрагмент,изразец,0.992574,венчик,0.436575,фрагмент,0.987986,керамика,0.999006
Нц-32-1000_orig.jpg,тарелка керамика венчик фрагмент,тарелка,0.759931,венчик,0.984698,фрагмент,0.998515,керамика,0.976814
Нц-32-1037_orig.jpg,тарелка керамика венчик фрагмент,тарелка,0.60208,венчик,0.778871,фрагмент,0.999286,керамика,0.99501
Нц-33-0068_orig.jpg,тарелка фаянс донце фрагмент,тарелка,0.980522,донце,0.744639,фрагмент,0.999528,фаянс,0.8348
Нц-33-0072_orig.jpg,изразец керамика фрагмент,изразец,0.880764,венчик,0.423045,фрагмент,0.979332,керамика,0.999872
Нц-33-0075_orig.jpg,тарелка фаянс прочее фрагмент,тарелка,0.969105,прочее,0.9846,фрагмент,0.999373,фаянс,0.610844
Нц-33-0113_orig.jpg,блюдце фарфор профиль фрагмент,блюдце,0.894402,профиль,0.980165,фрагмент,0.991873,фарфор,0.993524
Нц-33-0129_orig.jpg,крышка стекло фрагмент,крышка,0.91824,профиль,0.397529,фрагмент,0.996147,стекло,0.88561
Нц-33-0135_orig.jpg,изразец керамика профиль фрагмент,изразец,0.994575,профиль,0.678113,фрагмент,0.995699,керамика,0.999944
Нц-33-0179_orig.jpg,блюдце фарфор профиль фрагмент,блюдце,0.987827,профиль,0.99486,фрагмент,0.992959,фарфор,0.992921
Нц-33-0286_orig.jpg,тарелка фаянс донце фрагмент,тарелка,0.99953,донце,0.953866,фрагмент,0.995252,фаянс,0.884718
Нц-33-0307_orig.jpg,изразец керамика профиль фрагмент,изразец,0.99249,профиль,0.749065,фрагмент,0.976623,керамика,0.999646
Нц-33-0621_orig.jpg,тарелка фаянс венчик фрагмент,тарелка,0.987854,венчик,0.506929,фрагмент,0.999904,фаянс,0.812321
Нц-33-0703_orig.jpg,тарелка фаянс донце фрагмент,тарелка,0.994095,донце,0.969516,фрагмент,0.994491,фаянс,0.824916
Нц-33-1349_orig.jpg,тарелка керамика профиль фрагмент,тарелка,0.977827,профиль,0.509129,фрагмент,0.999896,керамика,0.860712
Нц-33-1499_orig.jpg,тарелка фаянс донце,тарелка,0.98946,донце,0.83926,целый,0.993007,фаянс,0.67179
Нц-33-1686_orig.jpg,тарелка керамика фрагмент,тарелка,0.722358,профиль,0.335821,фрагмент,0.99896,керамика,0.847302
Нц-33-1713_orig.jpg,миска керамика профиль фрагмент,миска,0.800692,профиль,0.908532,фрагмент,0.997383,керамика,0.998887
Нц-33-1733_orig.jpg,тарелка фаянс профиль фрагмент,тарелка,0.961623,профиль,0.561481,фрагмент,0.972344,фаянс,0.623641
Нц-33-1878_orig.jpg,тарелка керамика фрагмент,тарелка,0.915482,донце,0.43088,фрагмент,0.998699,керамика,0.740493
Нц-33-2470_orig.jpg,изразец керамика венчик фрагмент,изразец,0.477284,венчик,0.609119,фрагмент,0.993837,керамика,0.978589
Нц-33-2608_orig.jpg,тарелка фаянс прочее фрагмент,тарелка,0.849812,прочее,0.994133,фрагмент,0.968803,фаянс,0.726536
Нц-33-2748_orig.jpg,изразец керамика фрагмент,изразец,0.679399,донце,0.269168,фрагмент,0.977374,керамика,0.998226
Нц-33-2751_orig.jpg,миска керамика профиль фрагмент,миска,0.996215,профиль,0.522126,фрагмент,0.99624,керамика,0.998485
Нц-33-2813_orig.jpg,миска керамика венчик фрагмент,миска,0.541652,венчик,0.920193,фрагмент,0.999022,керамика,0.96507
Нц-33-2934_orig.jpg,тарелка керамика венчик фрагмент,тарелка,0.606505,венчик,0.892812,фрагмент,0.983927,керамика,0.996235
Нц-33-2938_orig.jpg,тарелка керамика фрагмент,тарелка,0.973369,венчик,0.437273,фрагмент,0.998512,керамика,0.996685
Нц-33-2946_orig.jpg,тарелка фарфор профиль фрагмент,тарелка,0.994043,профиль,0.637365,фрагмент,0.999906,фарфор,0.771297
Нц-33-2959_orig.jpg,тарелка керамика венчик фрагмент,тарелка,0.951069,венчик,0.994669,фрагмент,0.99993,керамика,0.954082
Нц-33-2987_orig.jpg,тарелка фаянс фрагмент,тарелка,0.937066,донце,0.472943,фрагмент,0.99395,фаянс,0.792676
Нц-33-2988_orig.jpg,тарелка фаянс профиль фрагмент,тарелка,0.979202,профиль,0.62327,фрагмент,0.999905,фаянс,0.801548
Нц-33-2989_orig.jpg,тарелка фаянс прочее фрагмент,тарелка,0.990619,прочее,0.989717,фрагмент,0.999287,фаянс,0.952436
Нц-33-2990_orig.jpg,тарелка фрагмент,тарелка,0.543262,прочее,0.358717,фрагмент,0.997537,фарфор,0.492842
Нц-33-2991_orig.jpg,тарелка керамика венчик фрагмент,тарелка,0.773863,венчик,0.904997,фрагмент,0.999592,керамика,0.982403
Нц-33-3019_orig.jpg,тарелка керамика венчик фрагмент,тарелка,0.993881,венчик,0.817124,фрагмент,0.999916,керамика,0.579929
Нц-33-3732_orig.jpg,тарелка керамика донце фрагмент,тарелка,0.995662,донце,0.621113,фрагмент,0.999731,керамика,0.776751
Нц-33-4316_orig.jpg,тарелка фаянс венчик фрагмент,тарелка,0.974774,венчик,0.997594,фрагмент,0.99996,фаянс,0.721219
Нц-33-4872_orig.jpg,тарелка фаянс донце фрагмент,тарелка,0.992243,донце,0.77477,фрагмент,0.995158,фаянс,0.924789
Нц-33-5144_orig.jpg,тарелка керамика профиль фрагмент,тарелка,0.485158,профиль,0.94168,фрагмент,0.965517,керамика,0.955085
Нц-33-5186_orig.jpg,миска керамика профиль фрагмент,миска,0.690897,профиль,0.765968,фрагмент,0.998948,керамика,0.990661
Нц-33-5212_orig.jpg,тарелка керамика венчик фрагмент,тарелка,0.766111,венчик,0.980286,фрагмент,0.9994,керамика,0.999435
Нц-33-5293_orig.jpg,тарелка керамика профиль фрагмент,тарелка,0.749181,профиль,0.634137,фрагмент,0.947699,керамика,0.938937
Нц-33-5509_orig.jpg,тарелка фаянс донце фрагмент,тарелка,0.78697,донце,0.686411,фрагмент,0.883679,фаянс,0.84572
Нц-33-5519_orig.jpg,миска керамика профиль фрагмент,миска,0.618056,профиль,0.690864,фрагмент,0.997938,керамика,0.999119
Нц-33-5520_orig.jpg,тарелка фаянс фрагмент,тарелка,0.916393,венчик,0.495528,фрагмент,0.999139,фаянс,0.657911
Нц-33-5563_orig.jpg,изразец керамика венчик фрагмент,изразец,0.992246,венчик,0.651263,фрагмент,0.997434,керамика,0.999108
Нц-33-5574_orig.jpg,тарелка керамика венчик фрагмент,тарелка,0.971761,венчик,0.968172,фрагмент,0.99262,керамика,0.969367
Нц-33-5599_orig.jpg,тарелка керамика венчик фрагмент,тарелка,0.463849,венчик,0.521302,фрагмент,0.999834,керамика,0.991681
Нц-33-5640_orig.jpg,тарелка фаянс венчик фрагмент,тарелка,0.935822,венчик,0.868993,фрагмент,0.994561,фаянс,0.554426
Нц-33-5724_orig.jpg,миска керамика венчик фрагмент,миска,0.994543,венчик,0.64343,фрагмент,0.99607,керамика,0.996435
Нц-33-5728_orig.jpg,изразец керамика венчик фрагмент,изразец,0.730682,венчик,0.821824,фрагмент,0.989237,керамика,0.999681
Нц-33-5736_orig.jpg,изразец керамика профиль фрагмент,изразец,0.992211,профиль,0.687088,фрагмент,0.982846,керамика,0.999691
Нц-33-5749_orig.jpg,блюдце фарфор профиль фрагмент,блюдце,0.964408,профиль,0.838749,фрагмент,0.994403,фарфор,0.984794
Нц-33-5758_orig.jpg,тарелка фаянс донце фрагмент,тарелка,0.997895,донце,0.848086,фрагмент,0.999004,фаянс,0.689699
Нц-33-5772_orig.jpg,тарелка керамика фрагмент,тарелка,0.952236,донце,0.442987,фрагмент,0.999444,керамика,0.815513
Нц-33-5782_orig.jpg,миска керамика венчик фрагмент,миска,0.896312,венчик,0.981393,фрагмент,0.993587,керамика,0.999107
Нц-33-5829_orig.jpg,миска керамика венчик фрагмент,миска,0.837572,венчик,0.937669,фрагмент,0.997604,керамика,0.998873
Нц-33-5841_orig.jpg,тарелка керамика венчик фрагмент,тарелка,0.734201,венчик,0.947855,фрагмент,0.999444,керамика,0.996991
Нц-33-5842_orig.jpg,тарелка керамика профиль фрагмент,тарелка,0.750407,профиль,0.845349,фрагмент,0.999658,керамика,0.990064
Нц-34-079_orig.jpg,изразец керамика профиль фрагмент,изразец,0.994634,профиль,0.792704,фрагмент,0.999069,керамика,0.999146
Нц-34-081_orig.jpg,изразец керамика фрагмент,изразец,0.928249,венчик,0.459265,фрагмент,0.994932,керамика,0.991032
Нц-34-099_orig.jpg,изразец керамика венчик фрагмент,изразец,0.996146,венчик,0.588176,фрагмент,0.944333,керамика,0.997619
Нц-34-137_orig.jpg,тарелка керамика профиль фрагмент,тарелка,0.60265,профиль,0.630367,фрагмент,0.997372,керамика,0.994116
Нц-35-033_orig.jpg,тарелка фаянс донце фрагмент,тарелка,0.9921,донце,0.986639,фрагмент,0.997254,фаянс,0.829404
Нц-35-123_orig.jpg,изразец керамика профиль фрагмент,изразец,0.993698,профиль,0.901646,фрагмент,0.986385,керамика,0.999158
Нц-35-151_orig.jpg,тарелка фарфор профиль фрагмент,тарелка,0.944853,профиль,0.969646,фрагмент,0.994319,фарфор,0.993567
Нц-35-180_orig.jpg,изразец керамика профиль фрагмент,изразец,0.998401,профиль,0.758964,фрагмент,0.996609,керамика,0.999953
Нц-35-190_orig.jpg,блюдце фарфор профиль,блюдце,0.948917,профиль,0.62206,целый,0.509444,фарфор,0.978131
Нц-35-225_orig.jpg,блюдце фарфор донце фрагмент,блюдце,0.608916,донце,0.504379,фрагмент,0.999876,фарфор,0.857944
Нц-35-314_orig.jpg,тарелка фаянс венчик фрагмент,тарелка,0.958009,венчик,0.582727,фрагмент,0.997113,фаянс,0.561086
Нц-36-274_orig.jpg,тарелка фаянс профиль фрагмент,тарелка,0.995114,профиль,0.519109,фрагмент,0.999967,фаянс,0.964288
Нц-36-397_orig.jpg,тарелка керамика профиль фрагмент,тарелка,0.734698,профиль,0.930355,фрагмент,0.991848,керамика,0.995727
Нц-36-401_orig.jpg,тарелка фаянс донце фрагмент,тарелка,0.994453,донце,0.856387,фрагмент,0.999499,фаянс,0.962355
Нц-36-469_orig.jpg,тарелка фарфор профиль фрагмент,тарелка,0.566252,профиль,0.991269,фрагмент,0.997639,фарфор,0.76047
Нц-36-503_orig.jpg,тарелка керамика венчик фрагмент,тарелка,0.840781,венчик,0.866833,фрагмент,0.991741,керамика,0.7908
Нц-36-532_orig.jpg,тарелка керамика донце фрагмент,тарелка,0.816868,донце,0.658223,фрагмент,0.997906,керамика,0.848408
Нц-36-704_orig.jpg,тарелка керамика профиль фрагмент,тарелка,0.963359,профиль,0.658638,фрагмент,0.9999,керамика,0.918821
Нц-37-0054_orig.jpg,изразец керамика профиль фрагмент,изразец,0.752053,профиль,0.876134,фрагмент,0.999948,керамика,0.979868
Нц-37-0071_orig.jpg,миска керамика фрагмент,миска,0.857249,венчик,0.457099,фрагмент,0.990448,керамика,0.996513
Нц-37-0125_orig.jpg,изразец керамика фрагмент,изразец,0.995089,профиль,0.494597,фрагмент,0.957287,керамика,0.998926
Нц-37-0195_orig.jpg,изразец керамика профиль фрагмент,изразец,0.997852,профиль,0.937856,фрагмент,0.920042,керамика,0.99617
Нц-37-0203_orig.jpg,миска керамика профиль фрагмент,миска,0.917323,профиль,0.53028,фрагмент,0.977029,керамика,0.997166
Нц-37-0344_orig.jpg,изразец керамика профиль фрагмент,изразец,0.998924,профиль,0.624554,фрагмент,0.988076,керамика,0.999883
Нц-37-0466_orig.jpg,изразец керамика профиль фрагмент,изразец,0.99863,профиль,0.912355,фрагмент,0.988416,керамика,0.994219
Нц-37-0585_orig.jpg,изразец керамика профиль фрагмент,изразец,0.999832,профиль,0.743482,фрагмент,0.958104,керамика,0.999794
Нц-37-0586_orig.jpg,изразец керамика профиль фрагмент,изразец,0.999964,профиль,0.570036,фрагмент,0.760491,керамика,0.999799
Нц-37-0587_orig.jpg,изразец керамика фрагмент,изразец,0.986289,профиль,0.466423,фрагмент,0.975655,керамика,0.998131
Нц-37-0588_orig.jpg,изразец керамика профиль фрагмент,изразец,0.997807,профиль,0.560476,фрагмент,0.989248,керамика,0.998151
Нц-37-0589_orig.jpg,изразец керамика профиль фрагмент,изразец,0.99271,профиль,0.75586,фрагмент,0.729378,керамика,0.993426
Нц-37-0590_orig.jpg,изразец керамика профиль фрагмент,изразец,0.99921,профиль,0.522278,фрагмент,0.711401,керамика,0.997512
Нц-37-0653_orig.jpg,изразец керамика профиль фрагмент,изразец,0.997052,профиль,0.71946,фрагмент,0.996542,керамика,0.999848
Нц-37-0654_orig.jpg,изразец керамика профиль,изразец,0.999667,профиль,0.579114,целый,0.548892,керамика,0.998435
Нц-37-0655_orig.jpg,изразец керамика профиль фрагмент,изразец,0.995729,профиль,0.520405,фрагмент,0.988596,керамика,0.999679
Нц-37-0656_orig.jpg,изразец керамика профиль,изразец,0.96557,профиль,0.769629,целый,0.669317,керамика,0.998
Нц-37-1369_orig.jpg,изразец керамика фрагмент,изразец,0.805129,профиль,0.403748,фрагмент,0.993023,керамика,0.999291
Нц-37-1482_orig.jpg,изразец керамика профиль фрагмент,изразец,0.986909,профиль,0.939695,фрагмент,0.93117,керамика,0.999616
Нц-37-1527_orig.jpg,изразец керамика фрагмент,изразец,0.900482,венчик,0.376305,фрагмент,0.999606,керамика,0.999413
Нц-37-1843_orig.jpg,изразец керамика профиль фрагмент,изразец,0.99984,профиль,0.65132,фрагмент,0.987179,керамика,0.999776
Нц-38-09_orig.jpg,изразец керамика профиль фрагмент,изразец,0.968754,профиль,0.511074,фрагмент,0.985429,керамика,0.997408
Нц-40-067_orig.jpg,миска керамика фрагмент,миска,0.548726,донце,0.404857,фрагмент,0.999054,керамика,0.997324
Нц-40-358_orig.jpg,тарелка керамика профиль фрагмент,тарелка,0.502327,профиль,0.615561,фрагмент,0.999499,керамика,0.99743
Нц-41-0031_orig.jpg,крышка керамика профиль,крышка,0.995459,профиль,0.795909,целый,0.989397,керамика,0.602435
Нц-41-0069_orig.jpg,изразец керамика фрагмент,изразец,0.987381,профиль,0.476691,фрагмент,0.997564,керамика,0.999947
Нц-41-0162_orig.jpg,изразец керамика,изразец,0.996665,венчик,0.279809,целый,0.606318,керамика,0.999633
Нц-41-0178_orig.jpg,изразец керамика профиль фрагмент,изразец,0.998528,профиль,0.888658,фрагмент,0.950519,керамика,0.999794
Нц-41-0331_orig.jpg,изразец керамика прочее фрагмент,изразец,0.968209,прочее,0.957218,фрагмент,0.970604,керамика,0.986336
Нц-41-0527_orig.jpg,изразец керамика профиль фрагмент,изразец,0.960824,профиль,0.976364,фрагмент,0.998541,керамика,0.998486
Нц-41-0620_orig.jpg,изразец керамика венчик фрагмент,изразец,0.939448,венчик,0.655242,фрагмент,0.999809,керамика,0.999973
Нц-41-0782_orig.jpg,изразец керамика профиль фрагмент,изразец,0.918822,профиль,0.843803,фрагмент,0.997177,керамика,0.999255
Нц-41-0964_orig.jpg,изразец керамика профиль фрагмент,изразец,0.921165,профиль,0.689563,фрагмент,0.997609,керамика,0.999963
Нц-41-1212_orig.jpg,тарелка керамика венчик фрагмент,тарелка,0.98388,венчик,0.985657,фрагмент,0.999463,керамика,0.989917
Нц-41-1213_orig.jpg,тарелка керамика венчик фрагмент,тарелка,0.876208,венчик,0.852918,фрагмент,0.973975,керамика,0.82627
Нц-43-06_orig.jpg,тарелка фаянс профиль фрагмент,тарелка,0.985879,профиль,0.706784,фрагмент,0.999745,фаянс,0.666982
Нц-44-0086_orig.jpg,изразец керамика профиль фрагмент,изразец,0.994379,профиль,0.560784,фрагмент,0.9928,керамика,0.995466
Нц-44-0131_orig.jpg,изразец керамика фрагмент,изразец,0.991139,венчик,0.342096,фрагмент,0.987648,керамика,0.99871
Нц-44-0353_orig.jpg,изразец керамика профиль фрагмент,изразец,0.99849,профиль,0.784046,фрагмент,0.998183,керамика,0.998698
Нц-44-0458_orig.jpg,блюдце фарфор профиль фрагмент,блюдце,0.639327,профиль,0.77121,фрагмент,0.997956,фарфор,0.999071
Нц-44-0498_orig.jpg,изразец керамика профиль фрагмент,изразец,0.998686,профиль,0.81442,фрагмент,0.998899,керамика,0.999894
Нц-44-0500_orig.jpg,изразец керамика венчик фрагмент,изразец,0.998865,венчик,0.603589,фрагмент,0.986641,керамика,0.997233
Нц-44-0870_orig.jpg,изразец керамика профиль,изразец,0.999813,профиль,0.673309,целый,0.94207,керамика,0.999141
Нц-44-1035_orig.jpg,тарелка фаянс донце фрагмент,тарелка,0.996535,донце,0.704604,фрагмент,0.999937,фаянс,0.736765
Нц-44-1075_orig.jpg,изразец керамика венчик фрагмент,изразец,0.770896,венчик,0.829198,фрагмент,0.680978,керамика,0.893426
Нц-44-1077_orig.jpg,тарелка фарфор профиль фрагмент,тарелка,0.668536,профиль,0.931676,фрагмент,0.999805,фарфор,0.962218
Нц-44-1159_orig.jpg,изразец керамика профиль фрагмент,изразец,0.99973,профиль,0.554963,фрагмент,0.72808,керамика,0.999862
Нц-44-1181_orig.jpg,изразец керамика ручка фрагмент,изразец,0.972791,ручка,0.822373,фрагмент,0.975595,керамика,0.999838
Нц-44-1182_orig.jpg,изразец керамика ручка фрагмент,изразец,0.901523,ручка,0.582806,фрагмент,0.991309,керамика,0.999816
Нц-44-1771_orig.jpg,тарелка фарфор профиль фрагмент,тарелка,0.757722,профиль,0.973352,фрагмент,0.999964,фарфор,0.952657
Нц-44-1814_orig.jpg,тарелка керамика профиль фрагмент,тарелка,0.960644,профиль,0.746066,фрагмент,0.999697,керамика,0.993143
Нц-45-0009_orig.jpg,тарелка фарфор донце фрагмент,тарелка,0.709345,донце,0.780453,фрагмент,0.996865,фарфор,0.979145
Нц-45-0012_orig.jpg,тарелка фаянс фрагмент,тарелка,0.998288,донце,0.484257,фрагмент,0.999945,фаянс,0.779306
Нц-45-0018_orig.jpg,тарелка фаянс профиль фрагмент,тарелка,0.989162,профиль,0.547555,фрагмент,0.999963,фаянс,0.882702
Нц-45-0019_orig.jpg,тарелка керамика венчик фрагмент,тарелка,0.944865,венчик,0.96564,фрагмент,0.999904,керамика,0.922548
Нц-45-0020_orig.jpg,тарелка фаянс профиль фрагмент,тарелка,0.955767,профиль,0.562064,фрагмент,0.999759,фаянс,0.709626
Нц-45-0021_orig.jpg,блюдце фарфор фрагмент,блюдце,0.545288,венчик,0.4173,фрагмент,0.998317,фарфор,0.969945
Нц-45-0035_orig.jpg,изразец керамика профиль фрагмент,изразец,0.99978,профиль,0.651204,фрагмент,0.995399,керамика,0.999713
Нц-45-0036_orig.jpg,изразец керамика профиль фрагмент,изразец,0.998423,профиль,0.913212,фрагмент,0.998351,керамика,0.99999
Нц-45-0046_orig.jpg,изразец керамика фрагмент,изразец,0.99229,профиль,0.45467,фрагмент,0.996377,керамика,0.999926
Нц-45-0070_orig.jpg,изразец керамика профиль фрагмент,изразец,0.992762,профиль,0.914891,фрагмент,0.999461,керамика,0.999822
Нц-45-0092_orig.jpg,изразец керамика профиль фрагмент,изразец,0.994425,профиль,0.967958,фрагмент,0.996615,керамика,0.999093
Нц-45-0102_orig.jpg,миска керамика венчик фрагмент,миска,0.992903,венчик,0.916515,фрагмент,0.999913,керамика,0.984421
Нц-45-0121_orig.jpg,тарелка фарфор венчик фрагмент,тарелка,0.81738,венчик,0.629668,фрагмент,0.998046,фарфор,0.9756
Нц-45-0160_orig.jpg,изразец керамика венчик фрагмент,изразец,0.998498,венчик,0.763534,фрагмент,0.92604,керамика,0.99967
Нц-45-0198_orig.jpg,изразец керамика профиль фрагмент,изразец,0.999867,профиль,0.78033,фрагмент,0.98568,керамика,0.999974
Нц-45-0199_orig.jpg,изразец керамика профиль фрагмент,изразец,0.987299,профиль,0.861978,фрагмент,0.999454,керамика,0.998334
Нц-45-0203_orig.jpg,изразец керамика венчик фрагмент,изразец,0.997803,венчик,0.530019,фрагмент,0.999045,керамика,0.999988
Нц-45-0230_orig.jpg,тарелка фарфор венчик фрагмент,тарелка,0.989964,венчик,0.950937,фрагмент,0.998323,фарфор,0.527673
Нц-45-0233_orig.jpg,изразец керамика профиль фрагмент,изразец,0.980363,профиль,0.939331,фрагмент,0.997693,керамика,0.999691
Нц-45-0235_orig.jpg,изразец керамика профиль фрагмент,изразец,0.707357,профиль,0.932334,фрагмент,0.996312,керамика,0.988346
Нц-45-0253_orig.jpg,изразец керамика профиль фрагмент,изразец,0.998595,профиль,0.709837,фрагмент,0.980429,керамика,0.999294
Нц-45-0273_orig.jpg,тарелка фаянс венчик фрагмент,тарелка,0.972116,венчик,0.882968,фрагмент,0.999729,фаянс,0.932163
Нц-45-0278_orig.jpg,изразец керамика профиль фрагмент,изразец,0.934876,профиль,0.880657,фрагмент,0.995338,керамика,0.999659
Нц-45-0287_orig.jpg,тарелка фаянс профиль фрагмент,тарелка,0.973811,профиль,0.858473,фрагмент,0.999446,фаянс,0.73388
Нц-45-0357_orig.jpg,тарелка фаянс донце фрагмент,тарелка,0.99892,донце,0.96395,фрагмент,0.997515,фаянс,0.917822
Нц-45-0370_orig.jpg,тарелка фарфор профиль фрагмент,тарелка,0.993181,профиль,0.626093,фрагмент,0.999993,фарфор,0.810199
Нц-45-0371_orig.jpg,тарелка фарфор донце фрагмент,тарелка,0.994963,донце,0.50363,фрагмент,0.998165,фарфор,0.622962
Нц-45-0375_orig.jpg,изразец керамика профиль фрагмент,изразец,0.995934,профиль,0.865887,фрагмент,0.912465,керамика,0.994696
Нц-45-0391_orig.jpg,тарелка фарфор фрагмент,тарелка,0.907033,профиль,0.363171,фрагмент,0.998499,фарфор,0.766428
Нц-45-0392_orig.jpg,тарелка фарфор профиль фрагмент,тарелка,0.68596,профиль,0.652398,фрагмент,0.993724,фарфор,0.991311
Нц-45-0407_orig.jpg,блюдце фарфор профиль фрагмент,блюдце,0.972245,профиль,0.887382,фрагмент,0.865248,фарфор,0.99615
Нц-45-0408_orig.jpg,изразец керамика фрагмент,изразец,0.969967,профиль,0.371605,фрагмент,0.997065,керамика,0.999681
Нц-45-0409_orig.jpg,изразец керамика профиль фрагмент,изразец,0.99961,профиль,0.62406,фрагмент,0.776215,керамика,0.999729
Нц-45-0416_orig.jpg,миска керамика венчик фрагмент,миска,0.63368,венчик,0.876055,фрагмент,0.999695,керамика,0.999442
Нц-45-0437_orig.jpg,изразец керамика фрагмент,изразец,0.835197,профиль,0.41128,фрагмент,0.998819,керамика,0.998911
Нц-45-0438_orig.jpg,изразец керамика профиль фрагмент,изразец,0.987246,профиль,0.558472,фрагмент,0.998722,керамика,0.996913
Нц-45-0472_orig.jpg,изразец керамика фрагмент,изразец,0.986518,профиль,0.417892,фрагмент,0.991,керамика,0.965288
Нц-45-0513_orig.jpg,изразец керамика прочее фрагмент,изразец,0.979823,прочее,0.67905,фрагмент,0.996951,керамика,0.996355
Нц-45-0514_orig.jpg,изразец керамика прочее фрагмент,изразец,0.994976,прочее,0.538061,фрагмент,0.979427,керамика,0.996363
Нц-45-0515_orig.jpg,изразец керамика фрагмент,изразец,0.986345,профиль,0.364385,фрагмент,0.997802,керамика,0.998899
Нц-45-0516_orig.jpg,изразец керамика прочее фрагмент,изразец,0.548603,прочее,0.527144,фрагмент,0.974104,керамика,0.972802
Нц-45-0522_orig.jpg,изразец керамика фрагмент,изразец,0.997579,профиль,0.367552,фрагмент,0.998289,керамика,0.999889
Нц-45-0530_orig.jpg,крышка фаянс фрагмент,крышка,0.491692,донце,0.423695,фрагмент,0.999861,фаянс,0.69467
Нц-45-0532_orig.jpg,изразец керамика профиль фрагмент,изразец,0.993625,профиль,0.796135,фрагмент,0.994914,керамика,0.992506
Нц-45-0540_orig.jpg,изразец керамика венчик фрагмент,изразец,0.99201,венчик,0.589607,фрагмент,0.999789,керамика,0.99969
Нц-45-0550_orig.jpg,блюдце фарфор профиль фрагмент,блюдце,0.979501,профиль,0.963208,фрагмент,0.996969,фарфор,0.998581
Нц-45-0558_orig.jpg,тарелка фарфор профиль фрагмент,тарелка,0.507897,профиль,0.943838,фрагмент,0.999959,фарфор,0.571259
Нц-45-0567_orig.jpg,блюдце фарфор донце фрагмент,блюдце,0.853499,донце,0.758766,фрагмент,0.999699,фарфор,0.976951
Нц-45-0573_orig.jpg,изразец керамика профиль,изразец,0.998078,профиль,0.809656,целый,0.570825,керамика,0.999315
Нц-45-0599_orig.jpg,изразец керамика венчик фрагмент,изразец,0.8301,венчик,0.73266,фрагмент,0.935341,керамика,0.998575
Нц-45-0600_orig.jpg,тарелка керамика венчик фрагмент,тарелка,0.906359,венчик,0.860151,фрагмент,0.999902,керамика,0.996345
Нц-45-0612_orig.jpg,тарелка фаянс венчик фрагмент,тарелка,0.970598,венчик,0.690986,фрагмент,0.999877,фаянс,0.590869
Нц-45-0850_orig.jpg,тарелка керамика профиль фрагмент,тарелка,0.829491,профиль,0.658354,фрагмент,0.995102,керамика,0.951639
Нц-45-0863_orig.jpg,тарелка фарфор профиль фрагмент,тарелка,0.941897,профиль,0.979285,фрагмент,0.99984,фарфор,0.556356
Нц-45-0885_orig.jpg,тарелка фаянс донце фрагмент,тарелка,0.982758,донце,0.970429,фрагмент,0.999912,фаянс,0.929362
Нц-45-0905_orig.jpg,тарелка фаянс донце фрагмент,тарелка,0.999201,донце,0.994331,фрагмент,0.991694,фаянс,0.926098
Нц-45-0907_orig.jpg,тарелка керамика фрагмент,тарелка,0.723532,профиль,0.480445,фрагмент,0.99991,керамика,0.996876
Нц-45-0998_orig.jpg,миска керамика венчик фрагмент,миска,0.99436,венчик,0.979326,фрагмент,0.998038,керамика,0.999443
Нц-45-1013_orig.jpg,изразец керамика профиль фрагмент,изразец,0.998757,профиль,0.655575,фрагмент,0.969082,керамика,0.993876
Нц-45-1035_orig.jpg,изразец керамика ручка фрагмент,изразец,0.995388,ручка,0.571115,фрагмент,0.896199,керамика,0.998936
Нц-45-1079_orig.jpg,тарелка фарфор донце фрагмент,тарелка,0.923421,донце,0.72792,фрагмент,0.999402,фарфор,0.976699
Нц-45-1085_orig.jpg,тарелка фаянс донце фрагмент,тарелка,0.556438,донце,0.812378,фрагмент,0.989224,фаянс,0.942739
Нц-45-1232_orig.jpg,изразец керамика профиль,изразец,0.99812,профиль,0.86376,целый,0.961713,керамика,0.995969
Нц-45-1233_orig.jpg,изразец керамика профиль,изразец,0.999907,профиль,0.669638,целый,0.905185,керамика,0.99973
Нц-45-1236_orig.jpg,изразец керамика профиль фрагмент,изразец,0.99791,профиль,0.949771,фрагмент,0.983912,керамика,0.999376
Нц-45-1239_orig.jpg,миска керамика венчик фрагмент,миска,0.651911,венчик,0.718016,фрагмент,0.9679,керамика,0.996819
Нц-45-1242_orig.jpg,изразец керамика фрагмент,изразец,0.981589,профиль,0.33172,фрагмент,0.983504,керамика,0.966376
Нц-45-1243_orig.jpg,изразец керамика,изразец,0.998299,ручка,0.374176,целый,0.745824,керамика,0.991691
Нц-45-1257_orig.jpg,миска керамика профиль фрагмент,миска,0.594155,профиль,0.661972,фрагмент,0.998585,керамика,0.992437
Нц-45-1259_orig.jpg,изразец керамика профиль,изразец,0.999576,профиль,0.668054,фрагмент,0.518903,керамика,0.999391
Нц-45-1265_orig.jpg,тарелка фаянс донце фрагмент,тарелка,0.967457,донце,0.747061,фрагмент,0.998894,фаянс,0.603423
Нц-45-1267_orig.jpg,изразец керамика профиль,изразец,0.998283,профиль,0.594796,фрагмент,0.507943,керамика,0.998895
Нц-45-1287_orig.jpg,изразец керамика профиль,изразец,0.999148,профиль,0.832481,целый,0.949055,керамика,0.999012
Нц-45-1288_orig.jpg,изразец керамика профиль фрагмент,изразец,0.999326,профиль,0.921718,фрагмент,0.657704,керамика,0.999755
Нц-45-1296_orig.jpg,крышка фарфор ручка,крышка,0.995229,ручка,0.86688,целый,0.822038,фарфор,0.896261
Нц-45-1299_orig.jpg,изразец керамика профиль фрагмент,изразец,0.990862,профиль,0.948729,фрагмент,0.975639,керамика,0.999892
Нц-45-1306_orig.jpg,изразец керамика,изразец,0.99955,ручка,0.342833,целый,0.997311,керамика,0.99728
Нц-45-1308_orig.jpg,изразец керамика профиль фрагмент,изразец,0.605319,профиль,0.828772,фрагмент,0.998357,керамика,0.940183
Нц-45-1434_orig.jpg,изразец керамика фрагмент,изразец,0.755709,донце,0.383359,фрагмент,0.9897,керамика,0.985927
Нц-45-1436_orig.jpg,изразец керамика фрагмент,изразец,0.996579,венчик,0.341611,фрагмент,0.993026,керамика,0.99933
Нц-45-1441_orig.jpg,изразец керамика венчик фрагмент,изразец,0.991244,венчик,0.555391,фрагмент,0.999088,керамика,0.993809
Нц-45-1444_orig.jpg,тарелка фарфор донце фрагмент,тарелка,0.900532,донце,0.611834,фрагмент,0.998013,фарфор,0.954565
Нц-45-1445_orig.jpg,крышка фаянс ручка фрагмент,крышка,0.977902,ручка,0.565943,фрагмент,0.99606,фаянс,0.794566
Нц-45-1460_orig.jpg,изразец керамика фрагмент,изразец,0.996003,ручка,0.389552,фрагмент,0.985169,керамика,0.999788
Нц-45-1463_orig.jpg,изразец керамика профиль фрагмент,изразец,0.98961,профиль,0.841643,фрагмент,0.99132,керамика,0.979625
Нц-45-1466_orig.jpg,изразец керамика венчик фрагмент,изразец,0.999288,венчик,0.699581,фрагмент,0.957778,керамика,0.999508
Нц-45-1467_orig.jpg,изразец керамика профиль фрагмент,изразец,0.99699,профиль,0.582895,фрагмент,0.982322,керамика,0.999033
Нц-45-1476_orig.jpg,изразец керамика фрагмент,изразец,0.921659,донце,0.40483,фрагмент,0.991074,керамика,0.998509
Нц-45-1529_orig.jpg,миска керамика венчик фрагмент,миска,0.994432,венчик,0.932728,фрагмент,0.999854,керамика,0.983073
Нц-45-1531_orig.jpg,крышка керамика профиль фрагмент,крышка,0.561119,профиль,0.518013,фрагмент,0.983202,керамика,0.803209
Нц-45-1537_orig.jpg,изразец керамика венчик фрагмент,изразец,0.841931,венчик,0.819981,фрагмент,0.995681,керамика,0.999349
Нц-45-1562_orig.jpg,изразец керамика фрагмент,изразец,0.96889,ручка,0.338975,фрагмент,0.983539,керамика,0.999458
Нц-45-1564_orig.jpg,миска керамика венчик фрагмент,миска,0.996369,венчик,0.907003,фрагмент,0.998893,керамика,0.991007
Нц-45-1579_orig.jpg,тарелка фаянс профиль фрагмент,тарелка,0.989883,профиль,0.522236,фрагмент,0.999553,фаянс,0.949351
Нц-46-067_orig.jpg,тарелка фаянс венчик фрагмент,тарелка,0.973672,венчик,0.802439,фрагмент,0.999469,фаянс,0.748946
Нц-46-137_orig.jpg,тарелка фаянс фрагмент,тарелка,0.975259,венчик,0.400574,фрагмент,0.999908,фаянс,0.592068
Нц-46-144_orig.jpg,тарелка фаянс донце фрагмент,тарелка,0.999472,донце,0.903407,фрагмент,0.999619,фаянс,0.596142
Нц-46-148_orig.jpg,изразец керамика профиль фрагмент,изразец,0.930955,профиль,0.728378,фрагмент,0.997875,керамика,0.997492
Нц-46-150_orig.jpg,крышка фарфор профиль,крышка,0.574047,профиль,0.89094,целый,0.984054,фарфор,0.990087
Нц-46-152_orig.jpg,миска фаянс профиль фрагмент,миска,0.992416,профиль,0.976811,фрагмент,0.999974,фаянс,0.881346
Нц-46-162_orig.jpg,тарелка фаянс донце фрагмент,тарелка,0.99508,донце,0.821385,фрагмент,0.999172,фаянс,0.69716
Нц-46-170_orig.jpg,блюдце фарфор профиль фрагмент,блюдце,0.461364,профиль,0.551189,фрагмент,0.998114,фарфор,0.995962
Нц-46-193_orig.jpg,тарелка фаянс профиль фрагмент,тарелка,0.989043,профиль,0.960207,фрагмент,0.999871,фаянс,0.738572
Нц-46-204_orig.jpg,изразец керамика профиль фрагмент,изразец,0.995411,профиль,0.97076,фрагмент,0.997273,керамика,0.996994
Нц-46-210_orig.jpg,тарелка фарфор профиль фрагмент,тарелка,0.573693,профиль,0.715104,фрагмент,0.992294,фарфор,0.916105
Нц-46-211_orig.jpg,тарелка фаянс донце фрагмент,тарелка,0.998299,донце,0.748952,фрагмент,0.999742,фаянс,0.962578
Нц-46-221_orig.jpg,тарелка фарфор донце фрагмент,тарелка,0.992175,донце,0.573603,фрагмент,0.999988,фарфор,0.50066
Нц-46-225_orig.jpg,тарелка фаянс фрагмент,тарелка,0.998561,донце,0.470418,фрагмент,0.999617,фаянс,0.806542
Нц-46-228_orig.jpg,тарелка фаянс донце фрагмент,тарелка,0.993776,донце,0.592368,фрагмент,0.999917,фаянс,0.778362
Нц-46-230_orig.jpg,тарелка фарфор донце фрагмент,тарелка,0.920637,донце,0.80957,фрагмент,0.999384,фарфор,0.886931
Нц-46-235_orig.jpg,тарелка фарфор венчик фрагмент,тарелка,0.623556,венчик,0.713065,фрагмент,0.999527,фарфор,0.791304
Нц-46-240_orig.jpg,тарелка фаянс венчик фрагмент,тарелка,0.974714,венчик,0.649954,фрагмент,0.999763,фаянс,0.69183
Нц-46-253_orig.jpg,блюдце фарфор профиль фрагмент,блюдце,0.978108,профиль,0.97183,фрагмент,0.967573,фарфор,0.996606
Нц-46-260_orig.jpg,тарелка фаянс профиль фрагмент,тарелка,0.545506,профиль,0.995226,фрагмент,0.998434,фаянс,0.694653
Нц-46-264_orig.jpg,тарелка фарфор профиль фрагмент,тарелка,0.941865,профиль,0.981475,фрагмент,0.999875,фарфор,0.503755
Нц-46-320_orig.jpg,тарелка фаянс донце фрагмент,тарелка,0.956095,донце,0.696971,фрагмент,0.999848,фаянс,0.933319
Нц-46-335_orig.jpg,тарелка фаянс донце фрагмент,тарелка,0.992421,донце,0.846088,фрагмент,0.999768,фаянс,0.906196
Нц-46-336_orig.jpg,тарелка фарфор донце фрагмент,тарелка,0.985919,донце,0.990542,фрагмент,0.998481,фарфор,0.8308
Нц-46-369_orig.jpg,изразец керамика профиль фрагмент,изразец,0.990144,профиль,0.806602,фрагмент,0.99962,керамика,0.999192
Нц-46-370_orig.jpg,миска керамика профиль фрагмент,миска,0.488204,профиль,0.829405,фрагмент,0.999262,керамика,0.999496
Нц-46-374_orig.jpg,тарелка фаянс профиль фрагмент,тарелка,0.992296,профиль,0.988621,фрагмент,0.999431,фаянс,0.959904
Нц-46-375_orig.jpg,тарелка фаянс профиль фрагмент,тарелка,0.996659,профиль,0.667134,фрагмент,0.999961,фаянс,0.575584
Нц-46-385_orig.jpg,тарелка фарфор донце фрагмент,тарелка,0.996101,донце,0.774396,фрагмент,0.995483,фарфор,0.513896
Нц-46-422_orig.jpg,блюдце фарфор профиль фрагмент,блюдце,0.984529,профиль,0.886482,фрагмент,0.942086,фарфор,0.996246
Нц-46-437_orig.jpg,крышка керамика профиль фрагмент,крышка,0.994554,профиль,0.946301,фрагмент,0.998561,керамика,0.998511
Нц-46-455_orig.jpg,керамика профиль фрагмент,изразец,0.4242,профиль,0.988339,фрагмент,0.998597,керамика,0.962253
Нц-46-499_orig.jpg,изразец керамика профиль фрагмент,изразец,0.655382,профиль,0.926348,фрагмент,0.988021,керамика,0.997087
Нц-46-560_orig.jpg,изразец керамика профиль фрагмент,изразец,0.997456,профиль,0.763063,фрагмент,0.97574,керамика,0.999948
Нц-46-593_orig.jpg,тарелка фаянс профиль фрагмент,тарелка,0.997016,профиль,0.887208,фрагмент,0.999427,фаянс,0.88918
Нц-46-727_orig.jpg,тарелка фарфор донце фрагмент,тарелка,0.984678,донце,0.644059,фрагмент,0.999982,фарфор,0.834987
Нц-46-736_orig.jpg,блюдце фарфор профиль фрагмент,блюдце,0.754209,профиль,0.918055,фрагмент,0.981267,фарфор,0.992389
Нц-47-324_orig.jpg,изразец керамика профиль фрагмент,изразец,0.998459,профиль,0.821466,фрагмент,0.996323,керамика,0.999717
Нц-48-016_orig.jpg,изразец керамика профиль фрагмент,изразец,0.985083,профиль,0.606187,фрагмент,0.82191,керамика,0.994583
Нц-48-027_orig.jpg,тарелка керамика профиль фрагмент,тарелка,0.906365,профиль,0.809417,фрагмент,0.999571,керамика,0.998691
Нц-48-041_orig.jpg,изразец керамика профиль фрагмент,изразец,0.988151,профиль,0.513857,фрагмент,0.982012,керамика,0.995297
Нц-48-054_orig.jpg,изразец керамика ручка фрагмент,изразец,0.695563,ручка,0.532808,фрагмент,0.99055,керамика,0.999663
Нц-48-073_orig.jpg,изразец керамика профиль фрагмент,изразец,0.566279,профиль,0.935977,фрагмент,0.99946,керамика,0.994451
Нц-48-074_orig.jpg,изразец керамика венчик фрагмент,изразец,0.9682,венчик,0.642992,фрагмент,0.944331,керамика,0.999046
Нц-48-217_orig.jpg,миска керамика профиль фрагмент,миска,0.832216,профиль,0.967377,фрагмент,0.998142,керамика,0.994309
Нц-48-304_orig.jpg,изразец керамика профиль фрагмент,изразец,0.99162,профиль,0.558443,фрагмент,0.998807,керамика,0.999626
Нц-48-326_orig.jpg,тарелка фаянс профиль фрагмент,тарелка,0.997248,профиль,0.578777,фрагмент,0.998186,фаянс,0.944339
Нц-48-334_orig.jpg,тарелка фаянс донце фрагмент,тарелка,0.970276,донце,0.776291,фрагмент,0.998217,фаянс,0.776464
Нц-48-341_orig.jpg,миска фаянс фрагмент,миска,0.67406,профиль,0.463914,фрагмент,0.918728,фаянс,0.708776
Нц-48-342_orig.jpg,миска фаянс венчик фрагмент,миска,0.990905,венчик,0.854219,фрагмент,0.998029,фаянс,0.925027
Нц-48-360_orig.jpg,изразец керамика фрагмент,изразец,0.689932,венчик,0.427631,фрагмент,0.944256,керамика,0.998465
Нц-48-375_orig.jpg,тарелка керамика фрагмент,тарелка,0.453855,донце,0.381634,фрагмент,0.97793,керамика,0.976435
Нц-48-376_orig.jpg,изразец керамика донце фрагмент,изразец,0.99202,донце,0.821408,фрагмент,0.993162,керамика,0.999669
Нц-48-378_orig.jpg,миска керамика венчик фрагмент,миска,0.944132,венчик,0.791471,фрагмент,0.999087,керамика,0.998134
Нц-49-010_orig.jpg,изразец керамика профиль фрагмент,изразец,0.981183,профиль,0.528717,фрагмент,0.990356,керамика,0.999933
Нц-49-011_orig.jpg,изразец керамика профиль фрагмент,изразец,0.999908,профиль,0.837278,фрагмент,0.91387,керамика,0.99994
Нц-49-074_orig.jpg,тарелка керамика профиль фрагмент,тарелка,0.841292,профиль,0.824543,фрагмент,0.994996,керамика,0.947509
Нц-49-111_orig.jpg,миска керамика венчик фрагмент,миска,0.585431,венчик,0.929549,фрагмент,0.997672,керамика,0.999757
Нц-49-166_orig.jpg,тарелка керамика венчик фрагмент,тарелка,0.659914,венчик,0.68708,фрагмент,0.999531,керамика,0.990406
Нц-52-002_orig.jpg,изразец керамика венчик фрагмент,изразец,0.986344,венчик,0.713898,фрагмент,0.906744,керамика,0.999948
Нц-52-016_orig.jpg,изразец керамика прочее фрагмент,изразец,0.994785,прочее,0.517677,фрагмент,0.872758,керамика,0.999478
Нц-52-161_orig.jpg,изразец керамика фрагмент,изразец,0.892687,венчик,0.379008,фрагмент,0.999038,керамика,0.995019
Нц-52-164_orig.jpg,изразец керамика профиль фрагмент,изразец,0.994448,профиль,0.701803,фрагмент,0.856123,керамика,0.998045
Нц-52-170_orig.jpg,изразец керамика ручка фрагмент,изразец,0.854911,ручка,0.689841,фрагмент,0.952993,керамика,0.987835
Нц-52-171_orig.jpg,изразец керамика профиль фрагмент,изразец,0.999693,профиль,0.913228,фрагмент,0.849677,керамика,0.997614
Нц-52-181_orig.jpg,изразец керамика профиль фрагмент,изразец,0.573112,профиль,0.678957,фрагмент,0.986732,керамика,0.994478
Нц-52-220_orig.jpg,изразец керамика фрагмент,изразец,0.995618,венчик,0.384859,фрагмент,0.835362,керамика,0.993769
Нц-52-221_orig.jpg,изразец керамика профиль фрагмент,изразец,0.996354,профиль,0.79651,фрагмент,0.844395,керамика,0.996975
Нц-52-255_orig.jpg,тарелка керамика венчик фрагмент,тарелка,0.99346,венчик,0.729555,фрагмент,0.999238,керамика,0.959515
Нц-52-389_orig.jpg,тарелка керамика венчик фрагмент,тарелка,0.968924,венчик,0.846173,фрагмент,0.998537,керамика,0.943881
Нц-52-397_orig.jpg,изразец керамика фрагмент,изразец,0.883487,донце,0.451371,фрагмент,0.993636,керамика,0.999594
Нц-52-505_orig.jpg,тарелка керамика венчик фрагмент,тарелка,0.796435,венчик,0.748271,фрагмент,0.999779,керамика,0.996756
Нц-52-506_orig.jpg,керамика профиль фрагмент,крышка,0.393358,профиль,0.808433,фрагмент,0.999634,керамика,0.999695
Нц-52-514_orig.jpg,изразец керамика профиль фрагмент,изразец,0.998674,профиль,0.90544,фрагмент,0.996378,керамика,0.999337
Нц-53-021_orig.jpg,изразец керамика профиль фрагмент,изразец,0.994865,профиль,0.718667,фрагмент,0.985796,керамика,0.999902
Нц-53-066_orig.jpg,изразец керамика профиль фрагмент,изразец,0.985029,профиль,0.837564,фрагмент,0.98788,керамика,0.999847
Нц-53-067_orig.jpg,изразец керамика профиль фрагмент,изразец,0.987072,профиль,0.830653,фрагмент,0.998307,керамика,0.999395
Нц-53-349_orig.jpg,тарелка фаянс профиль фрагмент,тарелка,0.959022,профиль,0.829251,фрагмент,0.999208,фаянс,0.910355
Т-12-Р2-1418_orig.jpg,керамика фрагмент,тарелка,0.449083,донце,0.472435,фрагмент,0.979585,керамика,0.824774
Т-12-Р2-1438_orig.jpg,тарелка керамика профиль фрагмент,тарелка,0.5869,профиль,0.93058,фрагмент,0.999103,керамика,0.995044
Т-12-Р2-1636_orig.jpg,крышка стекло ручка фрагмент,крышка,0.988213,ручка,0.878313,фрагмент,0.889662,стекло,0.93844
Т-12-Р2-1716_orig.jpg,тарелка фаянс профиль фрагмент,тарелка,0.791125,профиль,0.921559,фрагмент,0.989623,фаянс,0.638392
Т-12-Р2-1779_orig.jpg,тарелка керамика профиль фрагмент,тарелка,0.792009,профиль,0.860996,фрагмент,0.996713,керамика,0.837117
Т-12-Р2-1783_orig.jpg,изразец керамика профиль фрагмент,изразец,0.996767,профиль,0.800379,фрагмент,0.979908,керамика,0.994707
Т-12-Р2-1972_orig.jpg,миска керамика профиль фрагмент,миска,0.913938,профиль,0.894459,фрагмент,0.998996,керамика,0.98845
Т-12-Р2-1974_orig.jpg,миска керамика профиль фрагмент,миска,0.955169,профиль,0.965075,фрагмент,0.971027,керамика,0.996768
Т-12-Р2-2049_orig.jpg,крышка керамика ручка,крышка,0.954724,ручка,0.987789,целый,0.588189,керамика,0.996339
Т-12-Р2-2347_orig.jpg,блюдце фарфор профиль фрагмент,блюдце,0.992634,профиль,0.971191,фрагмент,0.995767,фарфор,0.994445
Т-12-Р2-2696_orig.jpg,тарелка фаянс донце фрагмент,тарелка,0.979227,донце,0.694436,фрагмент,0.999525,фаянс,0.944885
Т-12-Р2-2697_orig.jpg,тарелка фаянс профиль фрагмент,тарелка,0.993354,профиль,0.963169,фрагмент,0.999661,фаянс,0.981471
Т-12-Р2-2698_orig.jpg,тарелка фаянс донце фрагмент,тарелка,0.799462,донце,0.946046,фрагмент,0.997037,фаянс,0.501524
Т-12-Р2-2699_orig.jpg,тарелка донце фрагмент,тарелка,0.989937,донце,0.845361,фрагмент,0.999315,фарфор,0.49567
Т-12-Р2-2712_orig.jpg,блюдце фарфор профиль фрагмент,блюдце,0.971175,профиль,0.988969,фрагмент,0.999432,фарфор,0.998026
Т-12-Р2-2714_orig.jpg,тарелка фарфор фрагмент,тарелка,0.758331,венчик,0.479744,фрагмент,0.999297,фарфор,0.687494
Т-12-Р2-2779_orig.jpg,тарелка фарфор донце фрагмент,тарелка,0.932187,донце,0.783827,фрагмент,0.992891,фарфор,0.664923
Т-12-Р2-2780_orig.jpg,блюдце фарфор профиль фрагмент,блюдце,0.955963,профиль,0.943492,фрагмент,0.941433,фарфор,0.993309
Т-12-Р2-2897_orig.jpg,миска керамика профиль фрагмент,миска,0.986703,профиль,0.592333,фрагмент,0.992246,керамика,0.999663
Т-12-Р2-2921_orig.jpg,миска керамика профиль фрагмент,миска,0.995607,профиль,0.744093,фрагмент,0.997204,керамика,0.997208
Т-12-Р2-2924_orig.jpg,миска керамика профиль фрагмент,миска,0.953233,профиль,0.982535,фрагмент,0.997262,керамика,0.999187
Т-12-Р2-2946_orig.jpg,крышка фарфор ручка фрагмент,крышка,0.984003,ручка,0.806473,фрагмент,0.742255,фарфор,0.985908
Т-12-Р2-3013_orig.jpg,крышка керамика профиль фрагмент,крышка,0.509327,профиль,0.969994,фрагмент,0.938987,керамика,0.969839
Т-12-Р2-3015_orig.jpg,крышка керамика профиль фрагмент,крышка,0.764198,профиль,0.960244,фрагмент,0.964755,керамика,0.96821
Т-12-Р2-3017_orig.jpg,изразец керамика профиль фрагмент,изразец,0.538724,профиль,0.944661,фрагмент,0.958558,керамика,0.982827
Т-12-Р2-3018_orig.jpg,крышка керамика профиль фрагмент,крышка,0.936766,профиль,0.942158,фрагмент,0.929836,керамика,0.934221
Т-12-Р2-3023_orig.jpg,изразец керамика профиль фрагмент,изразец,0.840696,профиль,0.861231,фрагмент,0.970872,керамика,0.990389
Т-12-Р3-1007_orig.jpg,блюдце фарфор профиль фрагмент,блюдце,0.994276,профиль,0.842626,фрагмент,0.814151,фарфор,0.996296
Т-12-Р3-1008_orig.jpg,блюдце фарфор профиль,блюдце,0.994754,профиль,0.876869,целый,0.91942,фарфор,0.997763
Т-12-Р3-1009_orig.jpg,миска керамика профиль фрагмент,миска,0.995125,профиль,0.995131,фрагмент,0.999528,керамика,0.99915
Т-12-Р3-1031_orig.jpg,тарелка фаянс профиль фрагмент,тарелка,0.981287,профиль,0.644773,фрагмент,0.999469,фаянс,0.751486
Т-12-Р3-1065_orig.jpg,блюдце фарфор профиль фрагмент,блюдце,0.971959,профиль,0.957419,фрагмент,0.998523,фарфор,0.729203
Т-12-Р3-1093_orig.jpg,блюдце фарфор донце фрагмент,блюдце,0.487341,донце,0.876769,фрагмент,0.933095,фарфор,0.537495
Т-12-Р3-1124_orig.jpg,блюдце фарфор профиль фрагмент,блюдце,0.998189,профиль,0.962346,фрагмент,0.838238,фарфор,0.999478
Т-12-Р3-1540_orig.jpg,тарелка керамика профиль фрагмент,тарелка,0.983946,профиль,0.992975,фрагмент,0.999533,керамика,0.990708
Т-12-Р3-1541_orig.jpg,миска керамика профиль фрагмент,миска,0.964802,профиль,0.839671,фрагмент,0.959953,керамика,0.878018
Т-12-Р3-1550_orig.jpg,миска керамика фрагмент,миска,0.546225,профиль,0.322724,фрагмент,0.94824,керамика,0.998825
Т-12-Р3-1567_orig.jpg,изразец керамика профиль фрагмент,изразец,0.995914,профиль,0.836634,фрагмент,0.976839,керамика,0.999825
Т-12-Р3-1568_orig.jpg,изразец керамика профиль фрагмент,изразец,0.99744,профиль,0.796426,фрагмент,0.967886,керамика,0.997797
Т-12-Р3-1569_orig.jpg,изразец керамика профиль фрагмент,изразец,0.997721,профиль,0.842565,фрагмент,0.89491,керамика,0.997028
Т-12-Р3-1570_orig.jpg,изразец керамика профиль фрагмент,изразец,0.998838,профиль,0.973101,фрагмент,0.995766,керамика,0.999379
Т-12-Р3-1574_orig.jpg,изразец керамика профиль фрагмент,изразец,0.98988,профиль,0.74454,фрагмент,0.979054,керамика,0.997677
Т-12-Р3-1575_orig.jpg,изразец керамика профиль фрагмент,изразец,0.999781,профиль,0.797123,фрагмент,0.971462,керамика,0.999898
Т-12-Р3-1578_orig.jpg,изразец керамика профиль фрагмент,изразец,0.986664,профиль,0.906614,фрагмент,0.997987,керамика,0.999057
Т-12-Р3-1581_orig.jpg,изразец керамика профиль фрагмент,изразец,0.995217,профиль,0.970098,фрагмент,0.936905,керамика,0.989605
Т-12-Р3-1690_orig.jpg,тарелка фарфор профиль фрагмент,тарелка,0.514847,профиль,0.901801,фрагмент,0.999689,фарфор,0.985896
Т-12-Р3-1783_orig.jpg,миска керамика профиль фрагмент,миска,0.991201,профиль,0.917089,фрагмент,0.99912,керамика,0.999243
Т-12-Р3-1985_orig.jpg,изразец керамика венчик фрагмент,изразец,0.731598,венчик,0.544959,фрагмент,0.99839,керамика,0.998185
Т-12-Р3-2035_orig.jpg,миска керамика профиль фрагмент,миска,0.94849,профиль,0.974264,фрагмент,0.93128,керамика,0.916792
Т-12-Р3-2036_orig.jpg,тарелка фаянс профиль фрагмент,тарелка,0.974592,профиль,0.524073,фрагмент,0.999395,фаянс,0.915319
Т-12-Р3-2194_orig.jpg,тарелка фаянс профиль фрагмент,тарелка,0.997373,профиль,0.997581,фрагмент,0.996573,фаянс,0.981531
Т-12-Р3-2245_orig.jpg,миска керамика,миска,0.99458,профиль,0.484175,целый,0.859816,керамика,0.999191
Т-12-Р3-2250_orig.jpg,изразец керамика профиль фрагмент,изразец,0.982886,профиль,0.556576,фрагмент,0.986215,керамика,0.994093
Т-12-Р3-2256_orig.jpg,блюдце фарфор профиль фрагмент,блюдце,0.967076,профиль,0.698327,фрагмент,0.659161,фарфор,0.9975
Т-12-Р3-2365_orig.jpg,миска керамика профиль,миска,0.946811,профиль,0.916015,целый,0.638792,керамика,0.976711
Т-12-Р3-2642_orig.jpg,изразец керамика профиль фрагмент,изразец,0.997682,профиль,0.905008,фрагмент,0.877049,керамика,0.998589
Т-12-Р3-2647_orig.jpg,изразец керамика профиль фрагмент,изразец,0.999393,профиль,0.944516,фрагмент,0.636222,керамика,0.998257
Т-12-Р3-2658_orig.jpg,изразец керамика профиль фрагмент,изразец,0.969805,профиль,0.669458,фрагмент,0.975556,керамика,0.980435
Т-12-Р3-2659_orig.jpg,изразец керамика профиль фрагмент,изразец,0.993796,профиль,0.678013,фрагмент,0.994933,керамика,0.999385
Т-12-Р3-2660_orig.jpg,изразец керамика профиль фрагмент,изразец,0.999239,профиль,0.712178,фрагмент,0.553427,керамика,0.99972
Т-12-Р3-2937_orig.jpg,миска керамика профиль,миска,0.995327,профиль,0.612833,целый,0.991474,керамика,0.99601
Т-12-Р4-1075_orig.jpg,крышка керамика ручка,крышка,0.996697,ручка,0.974592,целый,0.934938,керамика,0.923381
Т-12-Р4-1084_orig.jpg,миска керамика венчик фрагмент,миска,0.917282,венчик,0.601717,фрагмент,0.999416,керамика,0.999779
Т-12-Р4-1086_orig.jpg,тарелка фаянс донце фрагмент,тарелка,0.995526,донце,0.982054,фрагмент,0.998066,фаянс,0.872663
Т-12-Р4-1097_orig.jpg,миска керамика профиль фрагмент,миска,0.994151,профиль,0.982275,фрагмент,0.999418,керамика,0.99791
Т-12-Р4-1102_orig.jpg,миска керамика профиль,миска,0.987314,профиль,0.621933,целый,0.756669,керамика,0.996499
Т-12-Р4-1107_orig.jpg,изразец керамика профиль фрагмент,изразец,0.876623,профиль,0.883582,фрагмент,0.998539,керамика,0.903114
Т-12-Р4-1118_orig.jpg,изразец керамика профиль фрагмент,изразец,0.955184,профиль,0.905687,фрагмент,0.99319,керамика,0.999731
Т-12-Р4-1122_orig.jpg,тарелка фаянс профиль фрагмент,тарелка,0.992084,профиль,0.992207,фрагмент,0.998154,фаянс,0.857194
Т-12-Р4-1123_orig.jpg,тарелка фаянс профиль фрагмент,тарелка,0.850156,профиль,0.912593,фрагмент,0.987151,фаянс,0.7219
Т-12-Р4-1124_orig.jpg,блюдце фарфор профиль фрагмент,блюдце,0.598196,профиль,0.862736,фрагмент,0.997251,фарфор,0.818434
Т-12-Р4-1137_orig.jpg,миска керамика профиль фрагмент,миска,0.688942,профиль,0.919606,фрагмент,0.982939,керамика,0.845177
Т-12-Р4-1141_orig.jpg,крышка фаянс профиль фрагмент,крышка,0.787328,профиль,0.984621,фрагмент,0.999782,фаянс,0.862502
Т-12-Р4-1150_orig.jpg,миска керамика профиль фрагмент,миска,0.987766,профиль,0.887033,фрагмент,0.950337,керамика,0.997862
Т-12-Р4-1152_orig.jpg,миска керамика профиль фрагмент,миска,0.941491,профиль,0.625975,фрагмент,0.997463,керамика,0.999285
Т-12-Р4-1161_orig.jpg,миска керамика профиль фрагмент,миска,0.992508,профиль,0.969327,фрагмент,0.997227,керамика,0.981179
Т-12-Р4-1162_orig.jpg,миска керамика профиль фрагмент,миска,0.641884,профиль,0.971987,фрагмент,0.999767,керамика,0.998886
Т-12-Р4-1177_orig.jpg,миска керамика профиль фрагмент,миска,0.949977,профиль,0.945937,фрагмент,0.999971,керамика,0.999318
Т-12-Р4-1203_orig.jpg,крышка фарфор ручка фрагмент,крышка,0.998016,ручка,0.649198,фрагмент,0.586294,фарфор,0.959759
Т-12-Р4-1204_orig.jpg,блюдце фарфор донце фрагмент,блюдце,0.945002,донце,0.697175,фрагмент,0.967277,фарфор,0.985388
Т-12-Р4-1205_orig.jpg,блюдце фарфор профиль фрагмент,блюдце,0.989342,профиль,0.994795,фрагмент,0.994795,фарфор,0.987672
Т-12-Р4-1207_orig.jpg,тарелка фарфор донце фрагмент,тарелка,0.885313,донце,0.576383,фрагмент,0.980666,фарфор,0.691719
Т-12-Р4-1210_orig.jpg,блюдце фарфор донце фрагмент,блюдце,0.983128,донце,0.661994,фрагмент,0.983163,фарфор,0.999028
Т-12-Р4-1211_orig.jpg,миска керамика профиль фрагмент,миска,0.719032,профиль,0.898309,фрагмент,0.98933,керамика,0.996981
Т-12-Р4-1218_orig.jpg,блюдце фарфор донце фрагмент,блюдце,0.923652,донце,0.930197,фрагмент,0.986604,фарфор,0.974971
Т-12-Р4-1224_orig.jpg,миска керамика профиль фрагмент,миска,0.553197,профиль,0.914539,фрагмент,0.979614,керамика,0.990655
Т-12-Р4-1245_orig.jpg,тарелка фаянс донце фрагмент,тарелка,0.970493,донце,0.689337,фрагмент,0.998947,фаянс,0.856146
Т-12-Р4-1246_orig.jpg,крышка фаянс профиль фрагмент,крышка,0.595837,профиль,0.808086,фрагмент,0.97747,фаянс,0.745585
