image_file,image_width,image_height,aspect_ratio,analysis_width,analysis_height,foreground_ratio,bg_type,layout_mode,component_count,largest_component_ratio,second_component_ratio,has_scale_bar,has_overlay_text,border_brightness_mean,border_brightness_std,problem_score,bg_color_r,bg_color_g,bg_color_b,foreground_ratio_bin
data/raw/images/М102-2012-1-0494_orig.jpg,3738,3587,1.0420964594368554,160,154,0.39021915584415584,white_uniform,multi_view,8,0.18563311688311687,0.17954545454545454,0,0,253.12082006369425,12.90163408512073,0.6412345104832256,255.0,255.0,255.0,ge_0.30
data/raw/images/М102-2012-1-0496_orig.jpg,5909,3328,1.7755408653846154,160,90,0.37027777777777776,white_uniform,single_object,5,0.1554861111111111,0.15527777777777776,0,0,253.09175,10.656239629841808,0.5741050894045754,255.0,255.0,255.0,ge_0.30
data/raw/images/М102-2012-1-0529_orig.jpg,5069,5238,0.9677357770141275,155,160,0.22532258064516128,white_uniform,single_object,8,0.08008064516129032,0.06729838709677419,0,0,253.41190476190476,11.9792055752104,0.03279618659530788,255.0,255.0,255.0,0.15_0.30
data/raw/images/М102-2012-1-0585_orig.jpg,3984,5176,0.7697063369397218,123,160,0.2992378048780488,white_uniform,single_object,7,0.11554878048780488,0.11514227642276423,0,0,251.08583627797404,17.66909842858557,0.26174621747624766,255.0,255.0,255.0,0.15_0.30
data/raw/images/М102-2012-1-0603_orig.jpg,4168,5632,0.7400568181818182,118,160,0.23252118644067796,white_uniform,single_object,6,0.07372881355932204,0.05201271186440678,0,0,253.2266936450839,11.220560284619967,0.3010283144046754,255.0,255.0,255.0,0.15_0.30
data/raw/images/М102-2012-1-0611_orig.jpg,7992,4248,1.88135593220339,160,85,0.3382352941176471,light_photo,single_object,5,0.12029411764705883,0.11595588235294117,0,1,247.90595238095236,26.341779381552694,0.9319927574066147,255.0,255.0,255.0,ge_0.30
data/raw/images/М102-2012-1-0691_orig.jpg,8736,3144,2.7786259541984735,160,58,0.35323275862068965,white_uniform,single_object,4,0.15140086206896552,0.15053879310344828,0,0,251.14850917431193,16.521527490255913,1.0219565444355891,255.0,255.0,255.0,ge_0.30
data/raw/images/М102-2012-1-0752_orig.jpg,3624,6741,0.5376056964842012,86,160,0.34665697674418605,white_uniform,single_object,5,0.1525436046511628,0.1494186046511628,0,0,252.66658197831978,12.381426091224245,0.6206298936905689,255.0,255.0,255.0,ge_0.30
data/raw/images/М102-2012-1-0827_orig.jpg,2154,4524,0.4761273209549072,76,160,0.21307565789473684,light_photo,single_object,9,0.07524671052631579,0.07425986842105263,0,0,247.643979519774,25.440122725447548,0.7420699795196771,255.0,255.0,255.0,0.15_0.30
data/raw/images/М102-2012-1-0833_orig.jpg,2512,5712,0.43977591036414565,70,160,0.30125,light_photo,single_object,7,0.1261607142857143,0.11991071428571429,0,0,250.07228260869564,21.00766405713695,0.821489976431331,255.0,255.0,255.0,ge_0.30
data/raw/images/М102-2012-1-0837_orig.jpg,4320,5736,0.7531380753138075,121,160,0.17040289256198346,white_uniform,close_up,5,0.0690599173553719,0.06410123966942148,0,0,253.9682680901542,8.057372087976965,0.2835067010413003,255.0,255.0,255.0,0.15_0.30
data/raw/images/М102-2012-1-0843_orig.jpg,3976,6040,0.6582781456953642,105,160,0.22172619047619047,white_uniform,single_object,7,0.08827380952380952,0.08738095238095238,0,0,252.18545597484274,14.303219543512107,0.41812772315239594,255.0,255.0,255.0,0.15_0.30
data/raw/images/М102-2012-1-0847_orig.jpg,2792,6784,0.4115566037735849,66,160,0.28674242424242424,white_uniform,single_object,6,0.12121212121212122,0.11893939393939394,0,0,252.6815081120944,11.39884036594219,0.887808713589476,255.0,255.0,255.0,0.15_0.30
data/raw/images/М102-2012-1-0851_orig.jpg,3624,5208,0.695852534562212,111,160,0.2079391891891892,white_uniform,single_object,4,0.15596846846846846,0.0294481981981982,0,0,253.6368388683887,9.352523323054157,0.36261751672553527,255.0,255.0,255.0,0.15_0.30
data/raw/images/М102-2012-1-0942_orig.jpg,8160,4720,1.728813559322034,160,93,0.2803763440860215,white_uniform,single_object,5,0.0883736559139785,0.08595430107526882,0,0,251.6231884057971,17.88606183641012,0.5474353693785516,255.0,255.0,255.0,0.15_0.30
data/raw/images/М102-2012-1-0949_orig.jpg,6084,7533,0.8076463560334528,129,160,0.24176356589147288,white_uniform,single_object,5,0.07398255813953489,0.07374031007751938,0,0,253.82331314878894,8.053087359060779,0.21363099444651124,255.0,255.0,255.0,0.15_0.30
data/raw/images/М102-2012-1-1008_orig.jpg,8496,6321,1.3440911248220218,160,119,0.2611344537815126,light_photo,single_object,7,0.06202731092436975,0.06139705882352941,0,0,249.2029569892473,25.25294828471779,0.2957180410094213,255.0,255.0,255.0,0.15_0.30
data/raw/images/М102-2012-2-0538_orig.jpg,3724,2140,1.7401869158878505,160,92,0.2717391304347826,light_photo,single_object,7,0.18355978260869565,0.04775815217391304,0,0,250.84747023809524,18.246990906230284,0.5539925303810606,255.0,255.0,255.0,0.15_0.30
data/raw/images/М102-2012-2-0543_orig.jpg,7676,2679,2.8652482269503547,160,56,0.31629464285714287,white_uniform,single_object,5,0.13638392857142856,0.13314732142857144,0,0,250.88069058641977,15.32530092167729,1.0526549875829818,255.0,255.0,255.0,ge_0.30
data/raw/images/М102-2012-2-1028_orig.jpg,3276,7545,0.4341948310139165,69,160,0.35987318840579713,light_photo,single_object,4,0.16304347826086957,0.15489130434782608,0,0,250.06732168850073,19.562581176771587,0.8342619262289893,255.0,255.0,255.0,ge_0.30
data/raw/images/М102-2012-2-1068_orig.jpg,6791,2654,2.558779201205727,160,63,0.4307539682539683,white_uniform,multi_view,6,0.1947420634920635,0.1941468253968254,0,0,252.30979073243648,11.694828014896618,1.5395302702216385,255.0,255.0,255.0,ge_0.30
data/raw/images/М102-2012-2-1086_orig.jpg,6587,3184,2.0687814070351758,160,77,0.3163961038961039,white_uniform,single_object,4,0.14180194805194804,0.12215909090909091,0,0,252.37271448663853,11.693443091647989,0.7269597416764193,255.0,255.0,255.0,ge_0.30
data/raw/images/М102-2012-2-1095_orig.jpg,5195,2457,2.1143671143671146,160,76,0.38577302631578947,white_uniform,single_object,5,0.14884868421052633,0.13700657894736842,0,0,252.25697387005647,12.563853911817445,0.7487555310121488,255.0,255.0,255.0,ge_0.30
data/raw/images/М102-2012-2-1121_orig.jpg,4417,1817,2.430930104567969,160,66,0.28854166666666664,white_uniform,single_object,8,0.1963068181818182,0.052556818181818184,0,0,250.97529498525077,16.84701842404882,0.8882739432003552,255.0,255.0,255.0,0.15_0.30
data/raw/images/М102-2012-2-1123_orig.jpg,4498,2020,2.226732673267327,160,72,0.2743923611111111,white_uniform,single_object,7,0.21692708333333333,0.01796875,0,0,251.80459770114945,14.963579681612421,0.8005353421240107,255.0,255.0,255.0,0.15_0.30
data/raw/images/М102-2012-2-1125_orig.jpg,3809,1912,1.9921548117154813,160,80,0.176484375,white_uniform,close_up,9,0.100078125,0.0265625,0,0,251.18932291666667,17.762065751198293,0.6892168728672575,255.0,255.0,255.0,0.15_0.30
data/raw/images/М102-2012-2-1166_orig.jpg,3954,2876,1.3748261474269818,160,116,0.26804956896551724,white_uniform,single_object,8,0.1325969827586207,0.0962823275862069,0,0,251.55004528985506,16.412060754901763,0.31832728488962486,255.0,255.0,255.0,0.15_0.30
data/raw/images/М102-2012-2-1181_orig.jpg,5471,3777,1.4485041037860735,160,110,0.5324431818181818,white_uniform,multi_view,6,0.23698863636363637,0.23579545454545456,0,0,251.35578703703703,13.478907655760048,0.970531371351369,255.0,255.0,255.0,ge_0.30
data/raw/images/М102-2012-2-1248_orig.jpg,3456,1894,1.8247096092925026,160,88,0.24857954545454544,light_photo,single_object,11,0.17166193181818182,0.03153409090909091,0,0,249.89717741935485,20.73819164824865,0.6014208561779226,255.0,255.0,255.0,0.15_0.30
data/raw/images/М102-2012-2-1264_orig.jpg,4296,2700,1.5911111111111111,160,101,0.29077970297029704,white_uniform,single_object,11,0.20074257425742575,0.04275990099009901,0,1,252.18023627075348,15.219352827817717,0.7644325841962802,255.0,255.0,255.0,0.15_0.30
data/raw/images/М102-2012-2-1265_orig.jpg,8824,3256,2.71007371007371,160,59,0.3166313559322034,light_photo,single_object,6,0.13898305084745763,0.12404661016949152,0,0,251.01883561643837,18.36320108527637,0.9969758338109075,255.0,255.0,255.0,ge_0.30
data/raw/images/М102-2012-2-1267_orig.jpg,6304,2590,2.433976833976834,160,66,0.3340909090909091,white_uniform,single_object,4,0.14422348484848485,0.14119318181818183,0,0,251.39233038348084,15.531578362411205,0.8895264768441317,255.0,255.0,255.0,ge_0.30
data/raw/images/М102-2012-2-1271_orig.jpg,3360,7917,0.4244031830238727,68,160,0.24724264705882354,white_uniform,single_object,6,0.10119485294117647,0.08639705882352941,0,0,254.2014802631579,6.539457499500119,0.8570713722141838,255.0,255.0,255.0,0.15_0.30
data/raw/images/М102-2012-2-1279_orig.jpg,3890,4744,0.8199831365935919,131,160,0.29346374045801527,white_uniform,single_object,4,0.2047232824427481,0.06679389312977099,0,0,252.87800687285224,12.040156071528179,0.19847150406506942,255.0,255.0,255.0,0.15_0.30
data/raw/images/М102-2012-2-1313_orig.jpg,5428,2951,1.8393764825482888,160,87,0.25732758620689655,white_uniform,single_object,5,0.11989942528735632,0.09892241379310344,0,0,252.21271929824564,12.061525257022636,0.6094266460118204,255.0,255.0,255.0,0.15_0.30
data/raw/images/М102-2012-2-1314_orig.jpg,4321,1894,2.281414994720169,160,70,0.21,white_uniform,single_object,8,0.13482142857142856,0.030357142857142857,0,0,251.63804347826087,15.67292973910128,0.8247958621859097,255.0,255.0,255.0,0.15_0.30
data/raw/images/М102-2012-2-1319_orig.jpg,7476,2542,2.940991345397325,160,54,0.3087962962962963,white_uniform,single_object,5,0.1295138888888889,0.12789351851851852,0,0,253.06006619937696,8.893070464139209,1.078746716826054,255.0,255.0,255.0,ge_0.30
data/raw/images/М102-2012-2-1327_orig.jpg,4768,2895,1.6469775474956823,160,97,0.4827319587628866,light_photo,multi_view,6,0.20393041237113402,0.2017396907216495,0,0,250.2650778210117,18.303220454736817,1.0989418187380902,255.0,255.0,255.0,ge_0.30
data/raw/images/М102-2012-2-1359_orig.jpg,6660,2100,3.1714285714285713,160,50,0.304125,light_photo,single_object,5,0.124375,0.11525,0,0,247.3345238095238,22.685019674454452,1.1541821398229204,255.0,255.0,255.0,ge_0.30
data/raw/images/М102-2012-2-1360_orig.jpg,3396,7221,0.47029497299543,75,160,0.19108333333333333,white_uniform,single_object,5,0.08216666666666667,0.08175,0,0,253.8241134751773,7.138144470629416,0.7543951790199437,255.0,255.0,255.0,0.15_0.30
data/raw/images/М102-2012-2-1361_orig.jpg,3944,4440,0.8882882882882883,142,160,0.3915933098591549,white_uniform,single_object,4,0.2326144366197183,0.13996478873239437,0,0,254.1498344370861,6.6272803127263185,0.11845893970374437,255.0,255.0,255.0,ge_0.30
data/raw/images/М102-2012-2-1394_orig.jpg,2117,5044,0.4197065820777161,67,160,0.4230410447761194,light_photo,multi_view,5,0.17947761194029851,0.16865671641791044,0,0,249.94208883994128,18.960174931268828,1.468199425949945,255.0,255.0,255.0,ge_0.30
data/raw/images/М102-2012-2-1406_orig.jpg,6312,2658,2.374717832957111,160,67,0.23628731343283582,white_uniform,single_object,6,0.09253731343283582,0.08936567164179104,0,0,251.06286710719527,16.946844540952533,0.8648786232525196,255.0,255.0,255.0,0.15_0.30
data/raw/images/М102-2012-2-1423_orig.jpg,5415,3666,1.4770867430441899,160,108,0.2539351851851852,white_uniform,single_object,3,0.18310185185185185,0.05416666666666667,0,0,253.11403917910448,10.87378011301618,0.3900717310354407,255.0,255.0,255.0,0.15_0.30
data/raw/images/Мич11-ш01-005_orig.jpg,6464,4000,1.616,160,99,0.2582070707070707,light_photo,single_object,5,0.10025252525252525,0.0994949494949495,0,0,250.64261583011583,20.12444753872087,0.4799539600989037,255.0,255.0,255.0,0.15_0.30
data/raw/images/Мич11-ш01-029_orig.jpg,12880,7792,1.6529774127310062,160,97,0.24271907216494845,white_uniform,single_object,6,0.0595360824742268,0.05740979381443299,0,0,253.96643968871595,9.08412060941303,0.5025781543359736,255.0,255.0,255.0,0.15_0.30
data/raw/images/Мич11-ш02-053_orig.jpg,9144,6094,1.5004922874958977,160,107,0.27429906542056076,white_uniform,single_object,6,0.10385514018691588,0.10204439252336449,0,0,254.8381710362047,3.495988948395136,0.4057932459289923,255.0,255.0,255.0,0.15_0.30
data/raw/images/Мич11-ш02-057_orig.jpg,10596,7581,1.3977047882865057,160,114,0.2317982456140351,white_uniform,single_object,7,0.0643640350877193,0.059539473684210524,0,0,254.51543491484182,4.570465790928512,0.33483145433565636,255.0,255.0,255.0,0.15_0.30
data/raw/images/Мич11-ш04-155_orig.jpg,5544,4952,1.1195476575121164,160,143,0.20917832167832168,white_uniform,single_object,5,0.08059440559440559,0.07687937062937063,0,0,254.99236798679868,0.3572439929884197,0.11292472650530719,255.0,255.0,255.0,0.15_0.30
data/raw/images/БП11-Р01-Г01-1247_orig.jpg,1080,678,1.592920353982301,160,100,0.103,white_uniform,close_up,6,0.0434375,0.0206875,0,0,255.0,0.0,0.6015690321778698,255.0,255.0,255.0,0.08_0.15
data/raw/images/БП11-Р01-Г03-6493_orig.jpg,1080,690,1.565217391304348,160,102,0.2724877450980392,white_uniform,single_object,6,0.07947303921568627,0.078125,0,0,254.52894402035628,3.5504527044498833,0.44802472252696035,255.0,255.0,255.0,0.15_0.30
data/raw/images/БП11-Р01-Г01-1290_orig.jpg,1080,871,1.2399540757749712,160,129,0.13309108527131783,white_uniform,close_up,6,0.0437015503875969,0.04345930232558139,0,0,254.91565743944636,1.4116962607017338,0.2150743432657625,255.0,255.0,255.0,0.08_0.15
data/raw/images/БП11-Р01-Г01-1395_orig.jpg,1080,570,1.894736842105263,160,84,0.30892857142857144,white_uniform,single_object,4,0.1507440476190476,0.14992559523809523,0,0,254.99769467213116,0.10733743432595819,0.6390799592896695,255.0,255.0,255.0,ge_0.30
data/raw/images/БП11-Р01-тех-0069_orig.jpg,865,1920,0.4505208333333333,72,160,0.3120659722222222,white_uniform,single_object,5,0.13402777777777777,0.13255208333333332,0,0,254.92268318965517,1.2457697899125635,0.7973509580899479,255.0,255.0,255.0,ge_0.30
data/raw/images/БП11-Р01-тех-0468_orig.jpg,1080,1179,0.916030534351145,147,160,0.21556122448979592,white_uniform,single_object,4,0.08839285714285715,0.07886904761904762,0,0,254.91368078175896,1.1645378229565828,0.08770558041910557,255.0,255.0,255.0,0.15_0.30
data/raw/images/БП11-Р01-Г01-1137_orig.jpg,1080,636,1.6981132075471699,160,94,0.1636968085106383,white_uniform,close_up,6,0.050199468085106384,0.04833776595744681,0,0,255.0,0.0,0.5295177567781433,255.0,255.0,255.0,0.15_0.30
data/raw/images/БП11-Р01-тех-0061_orig.jpg,1080,867,1.245674740484429,160,128,0.232080078125,white_uniform,single_object,6,0.0642578125,0.0642578125,0,0,255.0,0.0,0.2196773433377235,255.0,255.0,255.0,0.15_0.30
data/raw/images/БП11-Р01-Г01-1065_orig.jpg,1080,813,1.3284132841328413,160,120,0.3204166666666667,white_uniform,single_object,4,0.15088541666666666,0.14817708333333332,0,0,255.0,0.0,0.2839852105704548,255.0,255.0,255.0,ge_0.30
data/raw/images/БП11-Р01-Г01-1251_orig.jpg,1080,1291,0.836560805577072,134,160,0.1517257462686567,white_uniform,close_up,6,0.05592350746268657,0.05578358208955224,0,0,255.0,0.0,0.17845607072837713,255.0,255.0,255.0,0.15_0.30
data/raw/images/БП11-Р01-Г03-3339_orig.jpg,1080,610,1.7704918032786885,160,90,0.27729166666666666,white_uniform,single_object,6,0.10458333333333333,0.1,0,0,254.37408333333332,6.24432457816696,0.5712573629509085,255.0,255.0,255.0,0.15_0.30
data/raw/images/БП11-Р01-Г01-0944_orig.jpg,1080,933,1.157556270096463,160,138,0.1796195652173913,white_uniform,close_up,5,0.10960144927536232,0.05303442028985507,0,0,255.0,0.0,0.14631111927092152,255.0,255.0,255.0,0.15_0.30
data/raw/images/БП11-Р01-Г03-3244_orig.jpg,1080,959,1.1261730969760166,160,142,0.24722711267605635,white_uniform,single_object,5,0.13111795774647889,0.0868838028169014,0,0,254.80084161147906,4.527068070857803,0.11882524523482711,255.0,255.0,255.0,0.15_0.30
data/raw/images/БП11-Р01-тех-0443_orig.jpg,1080,1042,1.036468330134357,160,154,0.2005275974025974,white_uniform,single_object,4,0.08409090909090909,0.05438311688311688,0,0,255.0,0.0,0.03581909780495306,255.0,255.0,255.0,0.15_0.30
data/raw/images/БП11-Р01-Г01-1315_orig.jpg,1080,866,1.2471131639722863,160,128,0.15126953125,white_uniform,close_up,6,0.05234375,0.05205078125,0,0,254.97395833333334,0.6050415719762109,0.2208314115558302,255.0,255.0,255.0,0.15_0.30
data/raw/images/БП11-Р01-Г01-1055_orig.jpg,1080,840,1.2857142857142858,160,124,0.25514112903225805,white_uniform,single_object,6,0.07137096774193548,0.07096774193548387,0,0,254.69102112676057,3.029425585789384,0.25131442828090617,255.0,255.0,255.0,0.15_0.30
data/raw/images/БП11-Р01-Г01-1397_orig.jpg,1080,633,1.7061611374407584,160,94,0.17486702127659576,white_uniform,close_up,5,0.061502659574468085,0.04893617021276596,0,0,255.0,0.0,0.5342458979740893,255.0,255.0,255.0,0.15_0.30
data/raw/images/БП11-Р01-тех-0381_orig.jpg,1080,427,2.529274004683841,160,63,0.26706349206349206,white_uniform,single_object,5,0.11031746031746031,0.10972222222222222,0,0,254.17713004484304,6.381553911734964,0.9279323068896409,255.0,255.0,255.0,0.15_0.30
data/raw/images/БП11-Р01-тех-0421_orig.jpg,1080,770,1.4025974025974026,160,114,0.25164473684210525,white_uniform,single_object,4,0.18887061403508773,0.045394736842105265,0,0,255.0,0.0,0.33832580527053585,255.0,255.0,255.0,0.15_0.30
data/raw/images/БП11-Р01-Г01-1405_orig.jpg,1080,1171,0.9222886421861657,148,160,0.17128378378378378,white_uniform,close_up,6,0.06469594594594595,0.06309121621621622,0,0,255.0,0.0,0.08089704347945195,255.0,255.0,255.0,0.15_0.30
data/raw/images/БП11-Р01-Г01-1192_orig.jpg,1080,651,1.6589861751152073,160,96,0.346875,light_photo,single_object,5,0.11263020833333333,0.11243489583333334,0,0,249.6572265625,23.648468737845377,0.5062066779096961,255.0,255.0,255.0,ge_0.30
data/raw/images/БП11-Р01-Г01-1197_orig.jpg,1080,848,1.2735849056603774,160,126,0.23055555555555557,white_uniform,single_object,6,0.09965277777777778,0.09905753968253968,0,1,255.0,0.0,0.5418356843263623,255.0,255.0,255.0,0.15_0.30
data/raw/images/БП11-Р01-Г01-1396_orig.jpg,1080,1256,0.8598726114649682,138,160,0.14832427536231885,white_uniform,close_up,5,0.0541213768115942,0.05375905797101449,0,0,254.77768456375838,2.9066266584087574,0.15097102690987857,255.0,255.0,255.0,0.08_0.15
data/raw/images/БП11-Р01-Г01-1248_orig.jpg,1080,1282,0.8424336973478939,135,160,0.18453703703703703,white_uniform,single_object,5,0.07444444444444444,0.07412037037037036,0,1,254.89618644067798,1.9732926194181244,0.47146031736235006,255.0,255.0,255.0,0.15_0.30
data/raw/images/БП11-Р01-тех-0060_orig.jpg,1080,797,1.355081555834379,160,118,0.3207627118644068,white_uniform,single_object,7,0.06705508474576272,0.0666843220338983,0,0,250.8702787769784,16.9754264117498,0.3038616413280504,255.0,255.0,255.0,ge_0.30
data/raw/images/БП11-Р01-Г01-1289_orig.jpg,1080,1101,0.9809264305177112,157,160,0.18069267515923568,white_uniform,single_object,6,0.06484872611464969,0.06349522292993631,0,0,255.0,0.0,0.019257816604414533,255.0,255.0,255.0,0.15_0.30
data/raw/images/БП11-Р01-Г03-6484_orig.jpg,1080,1491,0.7243460764587525,116,160,0.20625,white_uniform,single_object,5,0.08022629310344828,0.07952586206896552,0,0,251.82140700483095,13.45390863958029,0.3224859946464731,255.0,255.0,255.0,0.15_0.30
data/raw/images/БП11-Р01-тех-0394_orig.jpg,1080,440,2.4545454545454546,160,65,0.2,white_uniform,single_object,5,0.08673076923076924,0.07884615384615384,0,0,254.73194444444445,3.6127984839736733,0.8979415932059586,255.0,255.0,255.0,0.15_0.30
data/raw/images/БП11-Р01-Г03-6483_orig.jpg,1080,683,1.581259150805271,160,101,0.28378712871287126,light_photo,single_object,6,0.07308168316831683,0.06844059405940595,0,0,247.86143039591317,23.477231623005174,0.45822146054747537,255.0,255.0,255.0,0.15_0.30
data/raw/images/Кроп-2013-151_orig.jpg,4421,4894,0.903351042092358,145,160,0.17435344827586208,white_uniform,close_up,3,0.12400862068965517,0.026551724137931033,0,0,252.6983606557377,13.107461724838487,0.10164405017637382,255.0,255.0,255.0,0.15_0.30
data/raw/images/Кроп-2013-152_orig.jpg,3880,5592,0.6938483547925608,111,160,0.2304617117117117,white_uniform,single_object,3,0.17736486486486486,0.029054054054054056,0,1,252.95241389913895,11.19837779534615,0.6655018512963271,255.0,255.0,255.0,0.15_0.30
data/raw/images/Кроп-2013-155_orig.jpg,4843,2210,2.191402714932127,160,73,0.29049657534246576,white_uniform,single_object,6,0.19991438356164384,0.03904109589041096,0,0,253.19894492131615,11.169566278790288,0.7845418478914308,255.0,255.0,255.0,0.15_0.30
data/raw/images/Кроп-2013-158_orig.jpg,1747,2357,0.7411964361476453,119,160,0.9427521008403361,light_photo,multi_view,2,0.6085609243697478,0.33361344537815124,0,1,225.32631421744327,34.64881272903436,1.1994895928020746,226.0,227.0,229.0,ge_0.30
data/raw/images/Кроп-2013-159_orig.jpg,4727,9687,0.4879735728295654,78,160,0.3876602564102564,white_uniform,multi_view,4,0.16650641025641025,0.16290064102564103,0,0,251.6344537815126,12.847418101412973,1.3174940286331487,255.0,255.0,255.0,ge_0.30
data/raw/images/Кроп-2013-163_orig.jpg,3238,8549,0.37875774944437945,61,160,0.39006147540983604,white_uniform,multi_view,4,0.16670081967213116,0.16577868852459016,0,0,252.33691553544494,10.858813276790242,1.5708584617886534,255.0,255.0,255.0,ge_0.30
data/raw/images/Кроп-2013-186_orig.jpg,4357,7254,0.6006341328921974,96,160,0.26764322916666666,white_uniform,single_object,5,0.08984375,0.08854166666666667,0,0,251.058837890625,15.441048586867467,0.5097692937254057,255.0,255.0,255.0,0.15_0.30
data/raw/images/Кроп-2013-203_orig.jpg,15292,3547,4.311248942768537,160,37,0.37280405405405403,light_photo,single_object,4,0.1525337837837838,0.1508445945945946,0,0,235.91063874788495,47.127462911528625,1.4612276400426816,255.0,255.0,255.0,ge_0.30
data/raw/images/Кроп-2013-204_orig.jpg,10253,2825,3.6293805309734513,160,44,0.4082386363636364,light_photo,multi_view,4,0.16860795454545455,0.16846590909090908,0,0,235.92136437908493,44.11757983789283,1.88906198108955,255.0,255.0,255.0,ge_0.30
data/raw/images/Кроп-2013-218_orig.jpg,12499,3147,3.9717190975532253,160,40,0.42328125,light_photo,multi_view,4,0.1696875,0.16546875,0,0,234.58322916666665,48.54613373569098,1.979199023025815,255.0,255.0,255.0,ge_0.30
data/raw/images/Кроп-2013-240_orig.jpg,11461,11166,1.0264194877306108,160,156,0.27904647435897434,white_uniform,single_object,5,0.07059294871794872,0.06959134615384616,0,1,252.59421149789029,14.41047045214605,0.3260765206263934,255.0,255.0,255.0,0.15_0.30
data/raw/images/Кроп-2013-243_orig.jpg,4421,9200,0.48054347826086957,77,160,0.42150974025974025,white_uniform,multi_view,4,0.18181818181818182,0.17987012987012987,0,0,250.0295358649789,17.918549951594713,1.3328375692108885,255.0,255.0,255.0,ge_0.30
data/raw/images/Кроп-2013-248_orig.jpg,5822,6044,0.9632693580410324,154,160,0.22678571428571428,white_uniform,single_object,6,0.09249188311688311,0.09111201298701299,0,1,252.09633757961782,14.531821637009644,0.33742219908706167,255.0,255.0,255.0,0.15_0.30
data/raw/images/Кроп-2013-252_orig.jpg,4352,10732,0.4055162131941856,65,160,0.2976923076923077,white_uniform,single_object,4,0.12971153846153846,0.12913461538461538,0,0,253.04407407407408,9.066770598230264,0.9025944230097361,255.0,255.0,255.0,0.15_0.30
data/raw/images/Кроп-2013-262_orig.jpg,4762,11893,0.4004035987555705,64,160,0.3736328125,white_uniform,multi_view,4,0.176171875,0.16826171875,0,0,253.9627046130952,6.324643880475004,1.5152822436804372,255.0,255.0,255.0,ge_0.30
data/raw/images/Кроп-2013-263_orig.jpg,4521,10677,0.4234335487496488,68,160,0.5181066176470588,light_photo,multi_view,4,0.2301470588235294,0.22647058823529412,0,0,247.8217288011696,19.21969651797903,1.4593586868836972,255.0,255.0,255.0,ge_0.30
data/raw/images/Кроп-2013-266_orig.jpg,5494,10530,0.5217473884140551,83,160,0.41528614457831325,light_photo,multi_view,4,0.17221385542168674,0.16837349397590362,0,0,250.66298010973938,20.388435118767624,1.250571738472802,255.0,255.0,255.0,ge_0.30
data/raw/images/Кроп-2013-267_orig.jpg,3669,14212,0.25816211652124965,41,160,0.3277439024390244,white_uniform,single_object,4,0.14908536585365853,0.14771341463414633,0,0,253.63671227197347,6.96085216607596,1.3541675327856357,255.0,255.0,255.0,ge_0.30
data/raw/images/Кроп-2013-268_orig.jpg,4598,9607,0.47860934735089,77,160,0.31079545454545454,white_uniform,single_object,4,0.13887987012987013,0.13238636363636364,0,0,253.1135724331927,9.006225696839865,0.7368705730866116,255.0,255.0,255.0,ge_0.30
data/raw/images/Кроп-2013-285_orig.jpg,3911,8529,0.4585531715324188,73,160,0.5237157534246575,light_photo,multi_view,4,0.23946917808219179,0.23621575342465753,0,0,246.98551502145924,21.924876180411143,1.3796790255635953,255.0,255.0,255.0,ge_0.30
data/raw/images/Кроп-2013-317_orig.jpg,4028,8566,0.4702311463927154,75,160,0.51575,light_photo,multi_view,4,0.22608333333333333,0.22433333333333333,0,0,246.3866134751773,29.927191463384258,1.3545309043368632,255.0,255.0,255.0,ge_0.30
data/raw/images/Кроп-2013-373_orig.jpg,3846,9353,0.4112049609750882,66,160,0.30426136363636364,white_uniform,single_object,4,0.1318181818181818,0.12774621212121212,0,0,250.9854351032448,17.794048665301382,0.888663500285826,255.0,255.0,255.0,ge_0.30
data/raw/images/Кроп-2013-391_orig.jpg,8002,6671,1.1995203117973317,160,133,0.31860902255639095,light_photo,single_object,4,0.1431390977443609,0.13458646616541353,0,0,247.36234357224114,26.989246518778423,0.18192173670766484,255.0,255.0,255.0,ge_0.30
data/raw/images/Кроп-2013-392_orig.jpg,7517,5615,1.3387355298308103,160,120,0.27265625,white_uniform,single_object,5,0.14598958333333334,0.0778125,0,0,252.7065476190476,11.943260236015655,0.29172553400492535,255.0,255.0,255.0,0.15_0.30
data/raw/images/Кроп-2013-398_orig.jpg,7710,7430,1.0376850605652759,160,154,0.2519480519480519,white_uniform,single_object,4,0.1146103896103896,0.10032467532467533,0,0,253.71337579617835,7.962657436105392,0.03699232884557029,255.0,255.0,255.0,0.15_0.30
data/raw/images/Кроп-2013-399_orig.jpg,4381,9390,0.4665601703940362,75,160,0.24875,white_uniform,single_object,5,0.1075,0.10416666666666667,0,0,254.03670212765957,6.881924657853968,0.7623682843884102,255.0,255.0,255.0,0.15_0.30
data/raw/images/Кроп-2013-400_orig.jpg,4620,8786,0.5258365581607102,84,160,0.42418154761904764,white_uniform,multi_view,5,0.19188988095238096,0.18095238095238095,0,0,251.45730874316942,13.760632959352497,1.2427648404599405,255.0,255.0,255.0,ge_0.30
data/raw/images/Кроп-2013-401_orig.jpg,4995,6506,0.7677528435290502,123,160,0.23927845528455285,white_uniform,single_object,5,0.09806910569105691,0.09314024390243902,0,0,252.23262661955246,13.414890345109256,0.2642874159506428,255.0,255.0,255.0,0.15_0.30
data/raw/images/Кроп-2013-403_orig.jpg,3714,9719,0.3821380800493878,61,160,0.27899590163934423,white_uniform,single_object,5,0.1194672131147541,0.11342213114754099,0,0,253.2927036199095,10.639173280861302,0.9619732695908194,255.0,255.0,255.0,0.15_0.30
data/raw/images/Кроп-2013-414_orig.jpg,5941,9834,0.604128533658735,97,160,0.3483247422680412,white_uniform,single_object,4,0.12461340206185567,0.12042525773195877,0,0,253.7648346303502,7.522560023766795,0.5039682996161433,255.0,255.0,255.0,ge_0.30
data/raw/images/Кроп-2013-415_orig.jpg,7892,2760,2.8594202898550725,160,56,0.3417410714285714,light_photo,single_object,6,0.14285714285714285,0.14151785714285714,0,0,245.54349922839506,34.14706846527036,1.0506189084313102,255.0,255.0,255.0,ge_0.30
data/raw/images/Кроп-2013-421_orig.jpg,6611,3382,1.9547604967474868,160,82,0.32423780487804876,white_uniform,single_object,7,0.14352134146341464,0.14115853658536584,0,0,253.12026515151518,12.413720795123492,0.6702676778750526,255.0,255.0,255.0,ge_0.30
data/raw/images/Кроп-2013-422_orig.jpg,7351,4454,1.6504265828468792,160,97,0.36114690721649484,white_uniform,multi_view,4,0.1686855670103093,0.1657860824742268,0,1,253.7885862516213,8.332820831894047,1.4010337895567748,255.0,255.0,255.0,ge_0.30
data/raw/images/Кроп-2013-430_orig.jpg,5397,8027,0.672355799177775,108,160,0.1842013888888889,white_uniform,single_object,5,0.07309027777777778,0.07100694444444444,0,0,253.56506529850745,9.218378872895363,0.3969676155129341,255.0,255.0,255.0,0.15_0.30
data/raw/images/Кроп-2013-478_orig.jpg,4573,10103,0.45263783034742155,72,160,0.4693576388888889,light_photo,multi_view,4,0.21536458333333333,0.20390625,0,0,245.70671695402297,29.664157445824266,1.392662964769677,255.0,255.0,255.0,ge_0.30
data/raw/images/Кроп-2013-481_orig.jpg,3894,11903,0.3271444173737713,52,160,0.37487980769230766,light_photo,single_object,4,0.15877403846153845,0.15600961538461539,0,0,250.47749606918237,18.086347801632293,1.117353562235735,255.0,255.0,255.0,ge_0.30
data/raw/images/Кроп-2013-482_orig.jpg,3778,10963,0.3446137006293898,55,160,0.3189772727272727,white_uniform,single_object,4,0.13352272727272727,0.1305681818181818,0,0,251.79844961240312,12.983825564080442,1.065331197613085,255.0,255.0,255.0,ge_0.30
data/raw/images/Кроп-2013-484_orig.jpg,3744,10298,0.3635657409205671,58,160,0.46056034482758623,light_photo,multi_view,4,0.19903017241379312,0.19795258620689654,0,0,250.39019495412845,18.27756975097478,1.611795143008604,255.0,255.0,255.0,ge_0.30
data/raw/images/Кроп-2013-Тр1-023_orig.jpg,5297,7063,0.7499646042758035,120,160,0.5865104166666667,white_uniform,multi_view,4,0.26536458333333335,0.2652083333333333,0,1,252.4294642857143,12.235411418099233,1.1877292678643956,255.0,255.0,255.0,ge_0.30
data/raw/images/Кроп-2013-Тр2-032_orig.jpg,4223,9150,0.46153005464480873,74,160,0.5930743243243243,light_photo,multi_view,4,0.21866554054054055,0.20988175675675674,0,0,249.02083333333334,18.17047695133204,1.3732081033356236,255.0,255.0,255.0,ge_0.30
data/raw/images/Кроп-2013-Тр2-045_orig.jpg,6521,2793,2.334765485141425,160,69,0.3203804347826087,light_photo,single_object,3,0.24057971014492754,0.05144927536231884,0,1,248.36098981077146,21.53412374542221,1.1479114514480253,255.0,255.0,255.0,ge_0.30
data/raw/images/Кроп-2013-Тр2-049_orig.jpg,5843,3612,1.6176633444075303,160,99,0.25757575757575757,white_uniform,single_object,6,0.19116161616161617,0.04842171717171717,0,0,252.88046975546973,10.404917613669056,0.4809827280175609,255.0,255.0,255.0,0.15_0.30
data/raw/images/Кроп-2013-Тр2-050_orig.jpg,7181,3078,2.3330084470435346,160,69,0.3685688405797101,white_uniform,single_object,4,0.2644021739130435,0.07989130434782608,0,0,250.3835516739447,17.704643924623102,0.8471586137114929,255.0,255.0,255.0,ge_0.30
data/raw/images/Кроп-2013-Тр2-053_orig.jpg,3960,9454,0.41887031944150627,67,160,0.4534514925373134,white_uniform,multi_view,6,0.20223880597014926,0.20205223880597015,0,0,250.00770925110132,17.938448543900364,1.4701939071046555,255.0,255.0,255.0,ge_0.30
data/raw/images/Нев11-Г0-005_orig.jpg,7798,4280,1.8219626168224299,160,88,0.4746448863636364,white_uniform,multi_view,4,0.22421875,0.21882102272727272,0,0,255.0,0.0,1.1999142809667003,255.0,255.0,255.0,ge_0.30
data/raw/images/Нев11-Г0-006_orig.jpg,8036,5439,1.4774774774774775,160,108,0.4120949074074074,white_uniform,multi_view,5,0.1841435185185185,0.1832175925925926,0,0,254.98903917910448,0.23649047756185776,0.9903362265118643,255.0,255.0,255.0,ge_0.30
data/raw/images/Нев11-Г02-009_orig.jpg,7428,6378,1.1646284101599247,160,137,0.18791058394160584,white_uniform,single_object,5,0.09114963503649635,0.06272810218978102,0,0,255.0,0.0,0.15240207490259344,255.0,255.0,255.0,0.15_0.30
data/raw/images/Нев11-Г02-010_orig.jpg,5973,5796,1.0305383022774328,160,155,0.19866935483870968,white_uniform,single_object,8,0.07560483870967742,0.0742741935483871,0,0,255.0,0.0,0.030081289291733086,255.0,255.0,255.0,0.15_0.30
data/raw/images/Нев11-Г02-012_orig.jpg,6244,4062,1.5371738060068931,160,104,0.3284254807692308,white_uniform,single_object,5,0.16033653846153847,0.14747596153846154,0,0,254.99692234848484,0.13142573960548315,0.42994553949499265,255.0,255.0,255.0,ge_0.30
data/raw/images/Нев11-Г02-021_orig.jpg,8016,12215,0.6562423250102333,105,160,0.2386904761904762,white_uniform,single_object,6,0.05517857142857143,0.05482142857142857,0,0,255.0,0.0,0.4212251603671949,255.0,255.0,255.0,0.15_0.30
data/raw/images/Нев11-Г02-022_orig.jpg,6496,5600,1.16,160,138,0.29008152173913043,white_uniform,single_object,5,0.11376811594202899,0.10294384057971015,0,0,254.4486157718121,8.611943123307311,0.14842000511827322,255.0,255.0,255.0,0.15_0.30
data/raw/images/Нев11-Г02-023_orig.jpg,6220,8957,0.6944289382605783,111,160,0.29363738738738737,white_uniform,single_object,4,0.10855855855855856,0.1045045045045045,0,0,255.0,0.0,0.3646654427419702,255.0,255.0,255.0,0.15_0.30
data/raw/images/Нев11-Г02-033_orig.jpg,8732,5921,1.4747508866745482,160,108,0.19664351851851852,white_uniform,single_object,7,0.07534722222222222,0.0708912037037037,0,0,254.97520211442787,1.139807975388127,0.3884890851380584,255.0,255.0,255.0,0.15_0.30
data/raw/images/Нев11-Г03-037_orig.jpg,8240,11661,0.7066289340536832,113,160,0.2316371681415929,white_uniform,single_object,6,0.06775442477876106,0.06377212389380531,0,0,255.0,0.0,0.3472495966168155,255.0,255.0,255.0,0.15_0.30
data/raw/images/Нев11-Г03-038_orig.jpg,7864,4282,1.8365249883232135,160,87,0.32435344827586204,white_uniform,single_object,4,0.15474137931034482,0.15,0,0,254.66641363022944,4.787584800509797,0.6078751926773744,255.0,255.0,255.0,ge_0.30
data/raw/images/Нев11-Г03-043_orig.jpg,6189,8722,0.709584957578537,114,160,0.23519736842105263,white_uniform,single_object,5,0.08393640350877193,0.08152412280701754,0,0,255.0,0.0,0.34307504666335026,255.0,255.0,255.0,0.15_0.30
data/raw/images/Нев11-Г03-044_orig.jpg,7785,4199,1.8540128602048107,160,86,0.21090116279069768,white_uniform,single_object,4,0.0815406976744186,0.07340116279069768,0,0,255.0,0.0,0.6173524035839054,255.0,255.0,255.0,0.15_0.30
data/raw/images/Нев11-Г03-058_orig.jpg,6022,5528,1.0893632416787264,160,147,0.2673044217687075,white_uniform,single_object,6,0.14528061224489797,0.04443027210884354,0,0,255.0,0.0,0.08559334359417328,255.0,255.0,255.0,0.15_0.30
data/raw/images/Нев11-Г03-096_orig.jpg,6799,8289,0.8202436964651948,131,160,0.2411736641221374,white_uniform,single_object,5,0.11135496183206108,0.046803435114503814,0,1,255.0,0.0,0.4981537920650666,255.0,255.0,255.0,0.15_0.30
data/raw/images/Нев11-Г03-097_orig.jpg,10151,9139,1.1107342159973739,160,144,0.15329861111111112,white_uniform,close_up,6,0.03493923611111111,0.03298611111111111,0,0,254.34786184210526,5.636782574900496,0.10502125251222942,255.0,255.0,255.0,0.15_0.30
data/raw/images/Нев11-Г03-178_orig.jpg,10251,6066,1.6899109792284865,160,95,0.2872368421052632,white_uniform,single_object,6,0.10888157894736843,0.10756578947368421,0,0,252.6232843137255,15.146497660909356,0.524675852534875,255.0,255.0,255.0,0.15_0.30
data/raw/images/Нев11-Г03-181_orig.jpg,11072,6463,1.713136314405075,160,93,0.23978494623655913,white_uniform,single_object,6,0.07661290322580645,0.07311827956989247,0,0,255.0,0.0,0.5383257925945554,255.0,255.0,255.0,0.15_0.30
data/raw/images/Нев11-Г04-182_orig.jpg,9704,2581,3.759783029833398,160,43,0.24883720930232558,white_uniform,single_object,5,0.09927325581395349,0.09869186046511629,0,0,252.99127668308702,13.292706443512442,1.3243612509052722,255.0,255.0,255.0,0.15_0.30
data/raw/images/Нев11-Г04-185_orig.jpg,11988,3802,3.1530773277222512,160,51,0.12169117647058823,white_uniform,close_up,4,0.05159313725490196,0.04987745098039216,0,0,254.90797788309638,3.00970819345111,1.1483789053881792,255.0,255.0,255.0,0.08_0.15
data/raw/images/Нев11-Г04-187_orig.jpg,10033,11184,0.897085121602289,144,160,0.21536458333333333,white_uniform,single_object,5,0.08611111111111111,0.08415798611111111,0,0,254.99897203947367,0.03204534012102424,0.10860452554797867,255.0,255.0,255.0,0.15_0.30
data/raw/images/Нев11-Г04-197_orig.jpg,4720,4384,1.0766423357664234,160,149,0.1508808724832215,white_uniform,close_up,5,0.06816275167785235,0.044085570469798656,0,0,255.0,0.0,0.07384724995174967,255.0,255.0,255.0,0.15_0.30
data/raw/images/Нев11-Г04А-210_orig.jpg,11234,3444,3.261904761904762,160,49,0.18979591836734694,white_uniform,single_object,5,0.08609693877551021,0.0774234693877551,0,0,255.0,0.0,1.1823113075447567,255.0,255.0,255.0,0.15_0.30
data/raw/images/Нев11-Г05-055_orig.jpg,11040,6821,1.6185310071836974,160,99,0.23308080808080808,white_uniform,single_object,6,0.08042929292929293,0.07664141414141414,0,0,254.88867438867442,2.322563027122275,0.4815189521763669,255.0,255.0,255.0,0.15_0.30
data/raw/images/Нев11-Г05-056_orig.jpg,12550,3304,3.7984261501210654,160,42,0.22276785714285716,white_uniform,single_object,4,0.09583333333333334,0.09017857142857143,0,0,254.59632838283827,3.4777210533549106,1.3345868099190612,255.0,255.0,255.0,0.15_0.30
data/raw/images/Нев11-Г05-228_orig.jpg,10308,5916,1.7423935091277891,160,92,0.1689538043478261,white_uniform,close_up,4,0.07989130434782608,0.043478260869565216,0,0,254.5745701058201,5.487229174028791,0.5552597479415653,255.0,255.0,255.0,0.15_0.30
data/raw/images/Нев11-Г05-235_orig.jpg,9257,6669,1.3880641775378617,160,115,0.21717391304347827,white_uniform,single_object,6,0.06347826086956522,0.06271739130434782,0,0,255.0,0.0,0.327910098434905,255.0,255.0,255.0,0.15_0.30
data/raw/images/Нев11-под-001_orig.jpg,8122,5806,1.3988976920427145,160,114,0.32094298245614034,white_uniform,single_object,5,0.13656798245614035,0.13349780701754385,0,0,255.0,0.0,0.335684563661668,255.0,255.0,255.0,ge_0.30
data/raw/images/БП12-Г01-0726_orig.jpg,1031,1920,0.5369791666666667,86,160,0.48459302325581394,light_photo,multi_view,4,0.2221656976744186,0.21744186046511627,0,1,246.55149051490517,30.989541538561607,1.5217959810048673,255.0,255.0,255.0,ge_0.30
data/raw/images/БП12-Г01-0732_orig.jpg,1080,726,1.487603305785124,160,108,0.38547453703703705,light_photo,single_object,5,0.1771412037037037,0.1396990740740741,0,0,249.61878109452735,20.79302163818295,0.39716630529346925,255.0,255.0,255.0,ge_0.30
data/raw/images/БП12-Г01-0767_orig.jpg,923,1920,0.48072916666666665,77,160,0.3945616883116883,white_uniform,multi_view,4,0.16542207792207791,0.16469155844155844,0,0,251.71694796061882,13.346571440371893,1.332451230518975,255.0,255.0,255.0,ge_0.30
data/raw/images/БП12-Г01-0774_orig.jpg,1080,532,2.030075187969925,160,79,0.2634493670886076,light_photo,single_object,5,0.09185126582278481,0.06534810126582279,0,0,248.44796025104603,27.604604735509614,0.7080728307766211,255.0,255.0,255.0,0.15_0.30
data/raw/images/БП12-Г01-0783_orig.jpg,1080,1655,0.6525679758308157,104,160,0.22758413461538463,white_uniform,single_object,5,0.08858173076923077,0.0876201923076923,0,0,253.22293244949492,10.106997608587786,0.4268399676928979,255.0,255.0,255.0,0.15_0.30
data/raw/images/БП12-Г01-0784_orig.jpg,989,1920,0.5151041666666667,82,160,0.26128048780487806,white_uniform,single_object,5,0.11471036585365854,0.1069359756097561,0,0,252.67346763085402,13.371262971157803,0.663386133399115,255.0,255.0,255.0,0.15_0.30
data/raw/images/БП12-Г01-0794_orig.jpg,830,1920,0.4322916666666667,69,160,0.45842391304347824,white_uniform,multi_view,4,0.20144927536231885,0.1973731884057971,0,0,254.52629184861715,3.9688073138715128,1.4386547642311835,255.0,255.0,255.0,ge_0.30
data/raw/images/БП12-Г01-0956_orig.jpg,568,1920,0.29583333333333334,47,160,0.3626329787234043,light_photo,single_object,5,0.1488031914893617,0.1478723404255319,0,0,249.92773752012886,20.033969027878857,1.217959046300676,255.0,255.0,255.0,ge_0.30
data/raw/images/БП12-Г01-1007_orig.jpg,1080,448,2.4107142857142856,160,66,0.3399621212121212,white_uniform,single_object,5,0.11695075757575757,0.11477272727272728,0,0,252.72142330383483,13.047211686121514,0.8799230877032802,255.0,255.0,255.0,ge_0.30
data/raw/images/БП12-Г01-1008_orig.jpg,1080,731,1.4774281805745555,160,108,0.4156828703703704,white_uniform,multi_view,5,0.17297453703703702,0.16805555555555557,0,0,253.2088774875622,11.137773145232355,0.9903028603684869,255.0,255.0,255.0,ge_0.30
data/raw/images/БП12-Г01-1016_orig.jpg,1080,449,2.4053452115812917,160,67,0.3933768656716418,white_uniform,multi_view,4,0.18488805970149252,0.18059701492537314,0,0,253.59480543318648,8.416545262283128,1.477693432376011,255.0,255.0,255.0,ge_0.30
data/raw/images/БП12-Г01-1017_orig.jpg,794,1920,0.41354166666666664,66,160,0.3631628787878788,light_photo,single_object,6,0.1474431818181818,0.14431818181818182,0,0,248.7578355457227,21.75130712254614,0.8829970037746916,255.0,255.0,255.0,ge_0.30
data/raw/images/БП12-Г01-1036_orig.jpg,799,1920,0.4161458333333333,67,160,0.50625,light_photo,multi_view,4,0.22182835820895522,0.22042910447761194,0,1,246.87656020558,29.572991470865787,1.7767195192555525,255.0,255.0,255.0,ge_0.30
data/raw/images/БП12-Г01-1697_orig.jpg,1080,1347,0.8017817371937639,128,160,0.33681640625,white_uniform,single_object,5,0.139697265625,0.138916015625,0,1,252.505859375,14.809363253471776,0.5209188562920987,255.0,255.0,255.0,ge_0.30
data/raw/images/БП12-Г01-1713_orig.jpg,1080,728,1.4835164835164836,160,108,0.3578125,white_uniform,single_object,5,0.1494212962962963,0.14699074074074073,0,0,251.85160136815918,14.990405237939475,0.39441527192157944,255.0,255.0,255.0,ge_0.30
data/raw/images/БП12-Г01-1956_orig.jpg,1080,645,1.6744186046511629,160,96,0.2887369791666667,white_uniform,single_object,5,0.11015625,0.10950520833333334,0,0,253.46492513020834,14.71359849564372,0.5154660033224929,255.0,255.0,255.0,0.15_0.30
data/raw/images/БП12-Г01-1974_orig.jpg,1080,1444,0.7479224376731302,120,160,0.485625,white_uniform,multi_view,5,0.22291666666666668,0.21104166666666666,0,0,252.02581845238092,16.296198160274844,0.8904559993345063,255.0,255.0,255.0,ge_0.30
data/raw/images/БП12-Г01-1985_orig.jpg,974,1920,0.5072916666666667,81,160,0.43580246913580245,white_uniform,multi_view,4,0.1989969135802469,0.19853395061728396,0,0,251.56690871369295,15.638873405661478,1.278669161379292,255.0,255.0,255.0,ge_0.30
data/raw/images/БП12-Г01-2474_orig.jpg,834,1920,0.434375,70,160,0.38875,white_uniform,single_object,6,0.14982142857142858,0.14830357142857142,0,0,253.1742753623188,10.448874963433637,0.8338470626630804,255.0,255.0,255.0,ge_0.30
data/raw/images/БП12-Г01-2475_orig.jpg,1080,319,3.385579937304075,160,47,0.32420212765957446,white_uniform,single_object,4,0.1309840425531915,0.13031914893617022,0,0,250.21910225442832,16.766176407749022,1.2195252173334208,255.0,255.0,255.0,ge_0.30
data/raw/images/БП12-Г01-2476_orig.jpg,1080,738,1.4634146341463414,160,109,0.3805619266055046,light_photo,multi_view,4,0.16863532110091742,0.1680045871559633,0,1,244.76920693928125,33.98533450370797,1.2807724955177928,255.0,255.0,255.0,ge_0.30
data/raw/images/БП12-Г01-3217_orig.jpg,1080,1004,1.0756972111553784,160,149,0.3270973154362416,white_uniform,single_object,4,0.1359479865771812,0.1278523489932886,0,0,254.6664644012945,3.4978386189240607,0.07296901986659081,255.0,255.0,255.0,ge_0.30
data/raw/images/БП12-Г01-3218_orig.jpg,960,1920,0.5,80,160,0.378359375,light_photo,single_object,4,0.145625,0.1371875,0,0,250.7949652777778,18.69557620291441,0.6931471805599453,255.0,255.0,255.0,ge_0.30
data/raw/images/БП12-Г01-3220_orig.jpg,1080,1407,0.767590618336887,123,160,0.3102642276422764,white_uniform,single_object,5,0.11539634146341464,0.10076219512195123,0,0,253.70502061248527,12.620669083025135,0.26449873699612364,255.0,255.0,255.0,ge_0.30
data/raw/images/БП12-Г01-3239_orig.jpg,1080,1509,0.7157057654075547,115,160,0.42532608695652174,white_uniform,single_object,4,0.14717391304347827,0.13896739130434782,0,0,253.18742424242427,14.813501329810627,0.3344861386495835,255.0,255.0,255.0,ge_0.30
data/raw/images/БП12-Г01-3414_orig.jpg,1080,1656,0.6521739130434783,104,160,0.2524639423076923,white_uniform,single_object,5,0.10396634615384616,0.10384615384615385,0,0,251.76073232323236,14.9260484340054,0.4274440148269396,255.0,255.0,255.0,0.15_0.30
data/raw/images/БП12-Г01-3416_orig.jpg,1003,1920,0.5223958333333333,84,160,0.4234375,white_uniform,multi_view,5,0.17857142857142858,0.17410714285714285,0,1,252.79038592896174,13.435549104756491,1.5493296770598917,255.0,255.0,255.0,ge_0.30
data/raw/images/БП12-Г01-3461_orig.jpg,885,1920,0.4609375,74,160,0.23885135135135135,white_uniform,single_object,5,0.09552364864864865,0.09214527027027027,0,0,252.58297720797722,12.69769123290546,0.7744928200138977,255.0,255.0,255.0,0.15_0.30
data/raw/images/БП12-Г01-3462_orig.jpg,844,1920,0.4395833333333333,70,160,0.36857142857142855,light_photo,single_object,5,0.15785714285714286,0.148125,0,1,250.40181159420288,19.047860115482685,1.1219279704258702,255.0,255.0,255.0,ge_0.30
data/raw/images/БП12-Г01-3511_orig.jpg,1080,1566,0.6896551724137931,110,160,0.21795454545454546,white_uniform,single_object,4,0.07659090909090908,0.07198863636363637,0,0,253.22685185185185,10.37547059603386,0.37156355643248296,255.0,255.0,255.0,0.15_0.30
data/raw/images/БП12-Г01-3577_orig.jpg,1080,1882,0.5738575982996812,92,160,0.34476902173913043,light_photo,single_object,5,0.15434782608695652,0.1529891304347826,0,0,248.2456183862434,22.21008088667889,0.5553740000270596,255.0,255.0,255.0,ge_0.30
data/raw/images/БП12-Г01-4902_orig.jpg,694,1920,0.3614583333333333,58,160,0.4224137931034483,white_uniform,multi_view,5,0.18459051724137931,0.17866379310344827,0,0,252.38283639143728,12.376542563183317,1.6176085045150228,255.0,255.0,255.0,ge_0.30
data/raw/images/БП12-Г01-4903_orig.jpg,1080,1698,0.6360424028268551,102,160,0.2803308823529412,white_uniform,single_object,4,0.12224264705882353,0.11740196078431372,0,0,252.8959128498728,12.349810457043056,0.4524900467530273,255.0,255.0,255.0,0.15_0.30
data/raw/images/БП12-Г01-5688_orig.jpg,1080,935,1.1550802139037433,160,139,0.27670863309352517,white_uniform,single_object,5,0.10206834532374101,0.09536870503597122,0,0,253.26205406911924,10.225729715518568,0.14416979082957834,255.0,255.0,255.0,0.15_0.30
data/raw/images/БП12-Г01-5772_orig.jpg,1080,393,2.7480916030534353,160,58,0.3912715517241379,light_photo,single_object,5,0.16454741379310345,0.15754310344827585,0,0,249.40338302752295,24.01074141685194,1.0109067082490042,255.0,255.0,255.0,ge_0.30
data/raw/images/БП12-Г01-5843_orig.jpg,1080,1903,0.5675249605885444,91,160,0.3324175824175824,white_uniform,single_object,5,0.1217032967032967,0.11298076923076923,0,1,253.29905378486055,9.867092835127654,0.8664705471778842,255.0,255.0,255.0,ge_0.30
data/raw/images/БП12-Г01-5844_orig.jpg,1067,1920,0.5557291666666667,89,160,0.4235252808988764,light_photo,multi_view,5,0.18672752808988763,0.18469101123595505,0,0,249.38211178045515,19.384081832062883,1.1874742137200738,255.0,255.0,255.0,ge_0.30
data/raw/images/БП12-Г01-5845_orig.jpg,789,1920,0.4109375,66,160,0.32585227272727274,white_uniform,single_object,4,0.14763257575757577,0.13977272727272727,0,0,251.8837573746313,13.98044934211366,0.889314144175953,255.0,255.0,255.0,ge_0.30
data/raw/images/БП12-Г01-5990_orig.jpg,828,1920,0.43125,69,160,0.4298913043478261,white_uniform,multi_view,5,0.18804347826086956,0.18242753623188407,0,0,254.35443959243088,5.433637924581772,1.4410673106365675,255.0,255.0,255.0,ge_0.30
data/raw/images/БП12-Г01-6186_orig.jpg,1080,1764,0.6122448979591837,98,160,0.1826530612244898,white_uniform,single_object,4,0.0791454081632653,0.07525510204081633,0,0,253.36474483204134,9.632983314542203,0.4906229164484712,255.0,255.0,255.0,0.15_0.30
data/raw/images/БП12-Г01-6214_orig.jpg,869,1920,0.45260416666666664,72,160,0.29583333333333334,white_uniform,single_object,6,0.10737847222222222,0.1032986111111111,0,0,253.40562140804596,10.240537439470492,0.7927373397564352,255.0,255.0,255.0,0.15_0.30
data/raw/images/БП12-Г01-6335_orig.jpg,1080,598,1.806020066889632,160,89,0.3450140449438202,white_uniform,single_object,3,0.17492977528089887,0.15210674157303372,0,0,253.78522423025433,8.740206177929641,0.5911255661676336,255.0,255.0,255.0,ge_0.30
data/raw/images/БП12-Г01-6336_orig.jpg,704,1920,0.36666666666666664,59,160,0.279978813559322,white_uniform,single_object,5,0.1159957627118644,0.11207627118644067,0,0,251.28529299847796,15.919661933072408,1.0033021088637848,255.0,255.0,255.0,0.15_0.30
data/raw/images/БП12-Г01-6521_orig.jpg,1080,1799,0.6003335186214563,96,160,0.17578125,white_uniform,close_up,5,0.07044270833333334,0.06705729166666667,0,0,253.64884440104166,8.530517512134542,0.5102699138322677,255.0,255.0,255.0,0.15_0.30
data/raw/images/БП12-Г01-6522_orig.jpg,1080,1867,0.578468130690948,93,160,0.4456317204301075,white_uniform,multi_view,4,0.19724462365591397,0.19684139784946236,0,1,251.22167325428197,17.906642082347705,1.4473718234234572,255.0,255.0,255.0,ge_0.30
data/raw/images/БП12-Г01-6523_orig.jpg,847,1920,0.44114583333333335,71,160,0.5235915492957747,light_photo,multi_view,4,0.23169014084507042,0.2307218309859155,0,0,250.99792568542568,18.358408714834027,1.4183797703697727,255.0,255.0,255.0,ge_0.30
data/raw/images/БП12-Г01-6524_orig.jpg,1080,1795,0.6016713091922006,96,160,0.44505208333333335,white_uniform,multi_view,4,0.18450520833333334,0.1771484375,0,0,253.42049153645834,8.496646730397215,1.1080439808041138,255.0,255.0,255.0,ge_0.30
data/raw/images/БП12-Г01-6525_orig.jpg,896,1920,0.4666666666666667,75,160,0.5043333333333333,white_uniform,multi_view,4,0.22775,0.22125,0,0,252.8331560283688,11.104476445635948,1.3621400520468967,255.0,255.0,255.0,ge_0.30
data/raw/images/БП12-Г01-6538_orig.jpg,769,1920,0.4005208333333333,64,160,0.5015625,light_photo,multi_view,6,0.19072265625,0.18935546875,0,0,250.80859375,19.013523684301465,1.5149894955161831,255.0,255.0,255.0,ge_0.30
data/raw/images/БП12-Г01-6540_orig.jpg,836,1920,0.4354166666666667,70,160,0.47232142857142856,white_uniform,multi_view,4,0.2174107142857143,0.21044642857142856,0,0,253.4366847826087,9.91366905733774,1.4314518519371255,255.0,255.0,255.0,ge_0.30
data/raw/images/БП12-Г01-6560_orig.jpg,1080,1519,0.7109940750493746,114,160,0.36584429824561404,white_uniform,single_object,5,0.14539473684210527,0.14336622807017543,0,0,254.19662408759123,6.608544902788297,0.3410911824775074,255.0,255.0,255.0,ge_0.30
data/raw/images/БП12-Г01-6940_orig.jpg,1080,1380,0.782608695652174,125,160,0.3876,light_photo,single_object,4,0.1532,0.1526,0,0,250.04364035087718,23.19149393293612,0.24512245803298496,255.0,255.0,255.0,ge_0.30
data/raw/images/БП12-Г01-7005_orig.jpg,1080,886,1.2189616252821671,160,131,0.24885496183206107,white_uniform,single_object,5,0.10338740458015268,0.09522900763358778,0,0,253.81450458190147,8.819088700578169,0.1979993695131845,255.0,255.0,255.0,0.15_0.30
data/raw/images/БП12-Г01-7058_orig.jpg,1080,1651,0.6541490006056935,105,160,0.5613095238095238,white_uniform,multi_view,4,0.2405357142857143,0.2361904761904762,0,0,252.08490566037736,15.472436865575965,1.0244201238018626,255.0,255.0,255.0,ge_0.30
data/raw/images/БП12-Г01-7079_orig.jpg,1080,678,1.592920353982301,160,100,0.190375,light_photo,single_object,7,0.0431875,0.0416875,0,0,251.30168269230768,18.71270756782604,0.4655690321778698,255.0,255.0,255.0,0.15_0.30
data/raw/images/БП12-Г01-7209_orig.jpg,1080,918,1.1764705882352942,160,136,0.28791360294117646,light_photo,single_object,6,0.06723345588235294,0.06401654411764705,0,0,249.69432713963963,26.98636329991486,0.16251892949777494,255.0,255.0,255.0,0.15_0.30
data/raw/images/БП12-Г01-7210_orig.jpg,1080,669,1.6143497757847534,160,99,0.5351641414141414,light_photo,single_object,4,0.33907828282828284,0.1475378787878788,0,1,244.7236164736165,32.848854133667274,0.7789322599900369,255.0,255.0,255.0,ge_0.30
data/raw/images/БП12-Г01-7211_orig.jpg,1080,449,2.4053452115812917,160,67,0.5259328358208956,light_photo,multi_view,4,0.24281716417910448,0.23908582089552238,0,0,247.45714023494858,26.96388147332646,1.477693432376011,255.0,255.0,255.0,ge_0.30
data/raw/images/БП12-Г01-7212_orig.jpg,1080,662,1.6314199395770392,160,98,0.2996173469387755,white_uniform,single_object,5,0.10573979591836735,0.10318877551020408,0,0,253.49612403100778,13.00038866967316,0.48945076418125716,255.0,255.0,255.0,0.15_0.30
data/raw/images/БП12-Г01-7213_orig.jpg,1080,687,1.5720524017467248,160,102,0.3200367647058823,white_uniform,single_object,5,0.10631127450980392,0.1048406862745098,0,0,252.94672391857503,13.268739563916492,0.452382027895916,255.0,255.0,255.0,ge_0.30
data/raw/images/БП12-Г01-7262_orig.jpg,1080,1801,0.5996668517490283,96,160,0.3515625,white_uniform,single_object,5,0.14720052083333332,0.1458984375,0,0,252.75944010416669,12.415686476931556,0.5113810250576907,255.0,255.0,255.0,ge_0.30
data/raw/images/БП12-Г01-7263_orig.jpg,837,1920,0.4359375,70,160,0.4669642857142857,light_photo,multi_view,4,0.20285714285714285,0.1994642857142857,0,0,248.19266304347826,27.684714307971404,1.430256394532352,255.0,255.0,255.0,ge_0.30
data/raw/images/БП12-Г01-7271_orig.jpg,1080,662,1.6314199395770392,160,98,0.3392857142857143,light_photo,single_object,4,0.12232142857142857,0.11632653061224489,0,0,247.37508074935403,33.465307319296514,0.48945076418125716,255.0,255.0,255.0,ge_0.30
data/raw/images/БП12-Г01-7274_orig.jpg,1080,1538,0.7022106631989596,112,160,0.5214285714285715,light_photo,multi_view,5,0.23699776785714285,0.23270089285714285,0,0,243.89430147058823,39.127730962475454,0.9535218299473239,255.0,255.0,255.0,ge_0.30
data/raw/images/БП12-Г01-7738_orig.jpg,841,1920,0.43802083333333336,70,160,0.39723214285714287,white_uniform,multi_view,5,0.17910714285714285,0.16794642857142858,0,0,253.19239130434784,10.286382470527366,1.4254888050488792,255.0,255.0,255.0,ge_0.30
data/raw/images/БП12-Г01-7742_orig.jpg,1080,1888,0.5720338983050848,92,160,0.30421195652173916,light_photo,single_object,5,0.11290760869565217,0.10584239130434783,0,0,250.87409060846562,20.533649926905696,0.5585570265871805,255.0,255.0,255.0,ge_0.30
data/raw/images/БП12-Г01-7754_orig.jpg,1080,751,1.4380825565912116,160,111,0.42899774774774774,white_uniform,multi_view,5,0.20304054054054055,0.20135135135135135,0,0,251.42681426814264,15.393373565002284,0.9633106683541306,255.0,255.0,255.0,ge_0.30
data/raw/images/БП12-Г01-7762_orig.jpg,1033,1920,0.5380208333333333,86,160,0.40109011627906976,white_uniform,multi_view,4,0.18372093023255814,0.1803779069767442,0,1,254.15557249322495,7.951175749483286,1.519857995902189,255.0,255.0,255.0,ge_0.30
data/raw/images/БП12-Г01-7977_orig.jpg,1061,1920,0.5526041666666667,88,160,0.37073863636363635,white_uniform,multi_view,5,0.16441761363636365,0.16058238636363636,0,1,252.07778897849465,15.00988128668632,1.4931133264078442,255.0,255.0,255.0,ge_0.30
data/raw/images/БП12-Г01-8799_orig.jpg,1080,1416,0.7627118644067796,122,160,0.4537909836065574,white_uniform,multi_view,4,0.17074795081967212,0.16649590163934427,0,1,253.83798758865248,8.130621229928149,1.1708749541353998,255.0,255.0,255.0,ge_0.30
data/raw/images/БП12-Г01-8837_orig.jpg,1080,464,2.3275862068965516,160,69,0.44356884057971013,light_photo,single_object,5,0.1559782608695652,0.15371376811594203,0,0,243.91566593886463,37.777947963678926,0.8448317678920101,255.0,255.0,255.0,ge_0.30
data/raw/images/БП12-Г01-8844_orig.jpg,1080,880,1.2272727272727273,160,130,0.42110576923076926,light_photo,multi_view,4,0.1701923076923077,0.16014423076923076,0,1,242.78678160919537,38.499079299164286,1.1047944126460132,255.0,255.0,255.0,ge_0.30
data/raw/images/БП12-Г02-1422_orig.jpg,757,1920,0.39427083333333335,63,160,0.5027777777777778,light_photo,multi_view,4,0.204265873015873,0.20188492063492064,0,0,248.08155829596413,26.157328291160667,1.5307172115843783,255.0,255.0,255.0,ge_0.30
data/raw/images/БП12-Г02-1735_orig.jpg,1080,1020,1.0588235294117647,160,151,0.3242135761589404,white_uniform,single_object,5,0.1443294701986755,0.13961092715231788,0,0,253.1065112540193,9.874159012084295,0.05715841383994862,255.0,255.0,255.0,ge_0.30
data/raw/images/БП12-Г02-2581_orig.jpg,1080,407,2.6535626535626538,160,60,0.3365625,light_photo,single_object,4,0.14072916666666666,0.13645833333333332,0,0,248.5154356060606,20.354162558534245,0.9759031346756705,255.0,255.0,255.0,ge_0.30
data/raw/images/БП12-Г02-2655_orig.jpg,1080,591,1.8274111675126903,160,88,0.33984375,white_uniform,single_object,4,0.15639204545454546,0.15227272727272728,0,0,253.0499831989247,10.72471627084929,0.6029003027121671,255.0,255.0,255.0,ge_0.30
data/raw/images/БП12-Г02-2723_orig.jpg,1080,440,2.4545454545454546,160,65,0.35875,light_photo,multi_view,3,0.17096153846153847,0.16625,0,0,250.3873148148148,20.287135273482928,1.4979415932059585,255.0,255.0,255.0,ge_0.30
data/raw/images/БП12-Г02-2791_orig.jpg,1080,523,2.0650095602294454,160,77,0.3788149350649351,light_photo,single_object,5,0.13287337662337662,0.12970779220779222,0,0,242.3669127988748,40.719401576285385,0.7251348560533424,255.0,255.0,255.0,ge_0.30
data/raw/images/БП12-Г02-3656_orig.jpg,1080,1076,1.003717472118959,160,159,0.24052672955974844,white_uniform,single_object,6,0.10208333333333333,0.08632075471698113,0,0,254.36128526645768,6.727304087943684,0.0037105793965355534,255.0,255.0,255.0,0.15_0.30
data/raw/images/БП12-Г02-3659_orig.jpg,1080,1100,0.9818181818181818,157,160,0.24920382165605096,white_uniform,single_object,5,0.09645700636942675,0.09255573248407643,0,1,253.19124605678235,11.657721918370957,0.31834913866819653,255.0,255.0,255.0,0.15_0.30
data/raw/images/БП12-Г02-3807_orig.jpg,992,1920,0.5166666666666667,83,160,0.2813253012048193,white_uniform,single_object,4,0.20384036144578313,0.05579819277108434,0,0,252.06584362139918,17.267680528020993,0.6603573577369544,255.0,255.0,255.0,0.15_0.30
data/raw/images/БП12-Г02-3865_orig.jpg,1080,1120,0.9642857142857143,154,160,0.24330357142857142,light_photo,single_object,7,0.05430194805194805,0.049391233766233764,0,0,249.17343418259026,26.270256367780185,0.03636764417087483,255.0,255.0,255.0,0.15_0.30
data/raw/images/БП12-Г02-3866_orig.jpg,1080,669,1.6143497757847534,160,99,0.3491161616161616,white_uniform,single_object,4,0.14292929292929293,0.14059343434343435,0,0,252.51383526383526,17.177533125519226,0.4789322599900369,255.0,255.0,255.0,ge_0.30
data/raw/images/БП12-Г02-3927_orig.jpg,1080,748,1.4438502673796791,160,111,0.33153153153153153,white_uniform,single_object,4,0.14842342342342343,0.14301801801801803,0,0,253.46133148831487,14.28171004934549,0.36731334214378814,255.0,255.0,255.0,ge_0.30
data/raw/images/БП12-Г02-3983_orig.jpg,1080,498,2.1686746987951806,160,74,0.3143581081081081,white_uniform,single_object,5,0.13184121621621622,0.13099662162162162,0,0,252.56152065527064,13.141701226454828,0.7741162430936124,255.0,255.0,255.0,ge_0.30
data/raw/images/БП12-Г02-3984_orig.jpg,1080,1718,0.6286379511059371,101,160,0.40290841584158416,white_uniform,single_object,4,0.16150990099009901,0.15538366336633663,0,0,253.87579821200515,11.624666950343483,0.46419978242593535,255.0,255.0,255.0,ge_0.30
data/raw/images/БП12-Г02-4011_orig.jpg,982,1920,0.5114583333333333,82,160,0.42591463414634145,white_uniform,multi_view,4,0.1846798780487805,0.18376524390243903,0,1,252.35597451790633,15.9563252051533,1.5704891566673613,255.0,255.0,255.0,ge_0.30
data/raw/images/БП12-Г02-4183_orig.jpg,929,1920,0.48385416666666664,77,160,0.1898538961038961,white_uniform,single_object,4,0.10909090909090909,0.05113636363636364,0,0,254.34194796061882,6.05583652193603,0.7259717262079888,255.0,255.0,255.0,0.15_0.30
data/raw/images/БП12-Г02-4189_orig.jpg,1077,1920,0.5609375,90,160,0.2076388888888889,white_uniform,single_object,5,0.08861111111111111,0.07854166666666666,0,0,253.0031666666667,13.514132149346477,0.5781457878654387,255.0,255.0,255.0,0.15_0.30
data/raw/images/БП12-Г02-4190_orig.jpg,654,1920,0.340625,54,160,0.3375,white_uniform,single_object,4,0.15081018518518519,0.13842592592592592,0,0,252.73666277258567,9.982344256674356,1.0769731135646285,255.0,255.0,255.0,ge_0.30
data/raw/images/БП12-Г02-4243_orig.jpg,1080,987,1.094224924012158,160,146,0.3738441780821918,light_photo,single_object,5,0.12773972602739725,0.12255993150684931,0,0,249.92381535947712,22.838905129466013,0.09004628068478374,255.0,255.0,255.0,ge_0.30
data/raw/images/БП12-Г02-4257_orig.jpg,1080,1748,0.6178489702517163,99,160,0.24191919191919192,white_uniform,single_object,5,0.16698232323232323,0.047095959595959594,0,0,251.74879343629343,17.949715445662086,0.48151123609721536,255.0,255.0,255.0,0.15_0.30
data/raw/images/БП12-Г02-4270_orig.jpg,938,1920,0.48854166666666665,78,160,0.2169070512820513,white_uniform,single_object,5,0.08926282051282051,0.0890224358974359,0,0,253.56074929971987,9.314064367939912,0.7163305160156026,255.0,255.0,255.0,0.15_0.30
data/raw/images/БП12-Г02-4540_orig.jpg,634,1920,0.3302083333333333,53,160,0.3866745283018868,white_uniform,multi_view,4,0.1714622641509434,0.1661556603773585,0,0,253.02455007824724,11.547884185701545,1.7080315105846013,255.0,255.0,255.0,ge_0.30
data/raw/images/БП12-Г02-4708_orig.jpg,1080,1657,0.651780325890163,104,160,0.29609375,white_uniform,single_object,5,0.11754807692307692,0.11664663461538462,0,0,251.6146622474748,17.047579136665004,0.42804769730829745,255.0,255.0,255.0,0.15_0.30
data/raw/images/БП12-Г02-4758_orig.jpg,1080,1454,0.7427785419532325,119,160,0.2215861344537815,white_uniform,single_object,5,0.09275210084033614,0.08734243697478991,0,0,253.53524492234172,9.128005924857112,0.2973573379751993,255.0,255.0,255.0,0.15_0.30
data/raw/images/БП12-Г02-5150_orig.jpg,793,1920,0.41302083333333334,66,160,0.38314393939393937,white_uniform,single_object,4,0.14763257575757577,0.12547348484848486,0,0,252.96183628318585,10.8071481256789,0.8842572433869792,255.0,255.0,255.0,ge_0.30
data/raw/images/БП12-Г02-5226_orig.jpg,1080,218,4.954128440366972,160,32,0.321875,dark_or_complex,single_object,4,0.1296875,0.1162109375,1,0,35.189778645833336,81.13796032968428,2.3002212573291763,0.0,0.0,0.0,ge_0.30
data/raw/images/БП12-Г02-5243_orig.jpg,543,1920,0.2828125,45,160,0.39069444444444446,light_photo,multi_view,5,0.1622222222222222,0.16069444444444445,0,0,249.04156504065043,21.017132319566855,1.8629711450878919,255.0,255.0,255.0,ge_0.30
data/raw/images/БП12-Г02-5276_orig.jpg,895,1920,0.4661458333333333,75,160,0.30666666666666664,white_uniform,single_object,6,0.12175,0.11925,0,0,252.9475177304965,11.805677391028148,0.7632567467469719,255.0,255.0,255.0,ge_0.30
data/raw/images/БП12-Г02-5372_orig.jpg,1080,438,2.4657534246575343,160,65,0.39115384615384613,white_uniform,multi_view,3,0.1701923076923077,0.1698076923076923,0,0,252.02518518518517,13.939318943909255,1.5024974097418191,255.0,255.0,255.0,ge_0.30
data/raw/images/БП12-Г02-6877_orig.jpg,1080,714,1.5126050420168067,160,106,0.35247641509433963,light_photo,single_object,7,0.11025943396226415,0.10412735849056604,0,1,247.90578007518798,29.096075944119203,0.713833357778681,255.0,255.0,255.0,ge_0.30
data/raw/images/БП12-Г02-8020_orig.jpg,1011,1920,0.5265625,84,160,0.3361607142857143,light_photo,single_object,6,0.07485119047619047,0.0724702380952381,0,0,244.8352117486339,38.37019190346004,0.6413852460013557,255.0,255.0,255.0,ge_0.30
data/raw/images/БП12-Г02-8137_orig.jpg,1029,1920,0.5359375,86,160,0.3699127906976744,white_uniform,single_object,5,0.14665697674418604,0.14534883720930233,0,1,252.6146680216802,12.389158770426743,0.9237377291877777,255.0,255.0,255.0,ge_0.30
data/raw/images/БП12-Т01-8069_orig.jpg,1080,1858,0.581270182992465,93,160,0.48803763440860215,light_photo,multi_view,4,0.22600806451612904,0.22076612903225806,0,0,250.47826086956522,20.649834021341054,1.1425395992555183,255.0,255.0,255.0,ge_0.30
data/raw/images/БП12-Т01-8071_orig.jpg,1080,1240,0.8709677419354839,139,160,0.30157374100719425,white_uniform,single_object,5,0.11636690647482015,0.10732913669064748,0,0,252.75627090301003,12.602978185816964,0.13815033848081718,255.0,255.0,255.0,ge_0.30
data/raw/images/БП12-Т01-8073_orig.jpg,1080,1246,0.8667736757624398,139,160,0.3642985611510791,white_uniform,single_object,5,0.14842625899280576,0.14577338129496403,0,1,252.55197881828315,13.145773249049256,0.44297737922913305,255.0,255.0,255.0,ge_0.30
data/raw/images/БП12-Т01-8074_orig.jpg,920,1920,0.4791666666666667,77,160,0.2382305194805195,white_uniform,single_object,6,0.09082792207792208,0.09042207792207792,0,0,251.80995077355834,15.434944064133525,0.7357067949787413,255.0,255.0,255.0,0.15_0.30
data/raw/images/БП12-Т02-7986_orig.jpg,1080,499,2.164328657314629,160,74,0.3712837837837838,white_uniform,single_object,4,0.15912162162162163,0.15684121621621622,0,0,254.14449786324786,6.398760118278969,0.7721102243667467,255.0,255.0,255.0,ge_0.30
data/raw/images/Заг11-ш01-Г01-055_orig.jpg,9684,6166,1.5705481673694452,160,102,0.19926470588235295,white_uniform,single_object,6,0.07199754901960784,0.06887254901960785,0,0,254.987356870229,0.2271682602063201,0.4514247096118534,255.0,255.0,255.0,0.15_0.30
data/raw/images/Заг11-ш01-Г02-067_orig.jpg,8632,5536,1.5592485549132948,160,103,0.26359223300970874,white_uniform,single_object,5,0.09010922330097088,0.08883495145631068,0,0,255.0,0.0,0.44420400964046514,255.0,255.0,255.0,0.15_0.30
data/raw/images/Заг11-ш01-Г02-068_orig.jpg,6942,12475,0.5564729458917835,89,160,0.2273174157303371,white_uniform,single_object,6,0.05182584269662922,0.05105337078651685,0,0,254.93741633199463,2.4236878241024518,0.5861367241979879,255.0,255.0,255.0,0.15_0.30
data/raw/images/Заг11-ш01-Г03-145_orig.jpg,7508,12510,0.6001598721023181,96,160,0.2138671875,white_uniform,single_object,6,0.05416666666666667,0.0533203125,0,0,254.96573893229169,1.465345199092478,0.5105592057545574,255.0,255.0,255.0,0.15_0.30
data/raw/images/Заг11-ш02-Г02-242_orig.jpg,10140,6898,1.4699913018266164,160,109,0.242947247706422,white_uniform,single_object,5,0.07477064220183487,0.07282110091743119,0,0,254.9824194547708,0.7077459049855571,0.38525648364838794,255.0,255.0,255.0,0.15_0.30
data/raw/images/Заг11-ш02-Г02-246_orig.jpg,8072,5472,1.4751461988304093,160,108,0.22604166666666667,white_uniform,single_object,5,0.09861111111111111,0.09849537037037037,0,0,255.0,0.0,0.38875710273105846,255.0,255.0,255.0,0.15_0.30
data/raw/images/Заг11-ш02-Г04-279_orig.jpg,9168,6478,1.4152516208706392,160,113,0.3422013274336283,white_uniform,single_object,5,0.13932522123893806,0.13744469026548672,0,0,255.0,0.0,0.34730733922324625,255.0,255.0,255.0,ge_0.30
data/raw/images/КБ-2014-Р1-0094_orig.jpg,7610,6174,1.2325882734045999,160,130,0.48009615384615384,light_photo,multi_view,4,0.21072115384615384,0.2,0,1,242.90208333333334,40.12589163579756,1.1091162457936268,255.0,255.0,255.0,ge_0.30
data/raw/images/КБ-2014-Р1-0131_orig.jpg,9665,4790,2.0177453027139873,160,79,0.3780854430379747,dark_or_complex,single_object,6,0.15150316455696203,0.1509493670886076,0,0,19.70842050209205,49.15195540250789,1.1019807012374703,0.0,0.0,0.0,ge_0.30
data/raw/images/КБ-2014-Р1-0222_orig.jpg,5205,2059,2.5279261777561923,160,63,0.2802579365079365,light_photo,single_object,8,0.0869047619047619,0.05992063492063492,0,1,243.48505231689091,33.82309797220271,1.2273992740212798,255.0,255.0,255.0,0.15_0.30
data/raw/images/КБ-2014-Р1-0247_orig.jpg,7457,3921,1.9018107625605714,160,84,0.31748511904761906,dark_or_complex,single_object,6,0.12805059523809523,0.12544642857142857,0,0,12.092213114754099,38.05141986994069,1.0428064652514633,0.0,0.0,0.0,ge_0.30
data/raw/images/КБ-2014-Р1-0281_orig.jpg,6265,10328,0.6066034082106894,97,160,0.4699742268041237,dark_or_complex,multi_view,6,0.1999355670103093,0.18801546391752577,0,0,14.554961089494164,42.633252931757774,1.4998800651963098,0.0,0.0,0.0,ge_0.30
data/raw/images/КБ-2014-Р1-0320_orig.jpg,3917,11063,0.35406309319352797,57,160,0.3089912280701754,white_uniform,single_object,4,0.14298245614035088,0.12894736842105264,0,0,252.92857142857142,10.346191042143744,1.0382801523690797,255.0,255.0,255.0,ge_0.30
data/raw/images/КБ-2014-Р1-0378_orig.jpg,9487,3580,2.65,160,60,0.3722916666666667,white_uniform,multi_view,4,0.175625,0.17322916666666666,0,0,251.89375,12.876578017569361,1.5745596399981308,255.0,255.0,255.0,ge_0.30
data/raw/images/КБ-2014-Р1-0400_orig.jpg,6846,3486,1.963855421686747,160,81,0.2534722222222222,white_uniform,single_object,6,0.1111111111111111,0.0941358024691358,0,0,252.76875864453663,12.259645490984447,0.6749095930101644,255.0,255.0,255.0,0.15_0.30
data/raw/images/КБ-2014-Р1-0426_orig.jpg,4070,9034,0.45052025680761565,72,160,0.4471354166666667,dark_or_complex,single_object,6,0.15538194444444445,0.14991319444444445,0,0,17.287176724137932,47.22164318999918,1.197352237777909,0.0,0.0,0.0,ge_0.30
data/raw/images/КБ-2014-Р1-0427_orig.jpg,8357,8991,0.9294850405961517,149,160,0.31291946308724833,white_uniform,single_object,6,0.09421140939597315,0.08800335570469799,0,0,252.23503236245955,15.393302094115255,0.07312456598333678,255.0,255.0,255.0,ge_0.30
data/raw/images/КБ-2014-Р1-0446_orig.jpg,4397,8223,0.534719688678098,86,160,0.34542151162790696,white_uniform,single_object,5,0.13953488372093023,0.13611918604651163,0,0,252.08841463414635,12.187258770880502,0.6260126157900853,255.0,255.0,255.0,ge_0.30
data/raw/images/КБ-2014-Р1-0547_orig.jpg,10018,8029,1.2477269896624736,160,128,0.188037109375,white_uniform,single_object,7,0.04619140625,0.0443359375,0,0,251.70580150462968,16.01965141283793,0.2213234877328782,255.0,255.0,255.0,0.15_0.30
data/raw/images/КБ-2014-Р1-0679_orig.jpg,7056,8427,0.837308650765397,134,160,0.24104477611940298,white_uniform,single_object,6,0.07933768656716418,0.07294776119402985,0,1,253.94409013605443,7.164792148840968,0.4775625180857261,255.0,255.0,255.0,0.15_0.30
data/raw/images/КБ-2014-Р1-0716_orig.jpg,4640,8516,0.5448567402536402,87,160,0.48455459770114945,dark_or_complex,multi_view,6,0.19030172413793103,0.18951149425287356,0,0,35.76543522267207,74.65322591344774,1.6072323807930693,0.0,0.0,0.0,ge_0.30
data/raw/images/КБ-2014-Р1-0718_orig.jpg,3234,4851,0.6666666666666666,107,160,0.335338785046729,white_uniform,single_object,4,0.28095794392523366,0.030782710280373833,0,0,252.71902309612986,12.527906434035216,0.40546510810816444,255.0,255.0,255.0,ge_0.30
data/raw/images/КБ-2014-Р1-0719_orig.jpg,5025,8174,0.6147540983606558,98,160,0.31345663265306123,dark_or_complex,single_object,5,0.1211734693877551,0.1097576530612245,0,0,9.642684108527131,31.23110265469536,0.8865329311969461,0.0,0.0,0.0,ge_0.30
data/raw/images/КБ-2014-Р1-0780_orig.jpg,5594,8952,0.6248882931188561,100,160,0.310125,white_uniform,single_object,4,0.1408125,0.12575,0,0,252.22532051282056,15.597961388268697,0.4701823762298562,255.0,255.0,255.0,ge_0.30
data/raw/images/КБ-2014-Р1-0782_orig.jpg,5144,9454,0.544108313941189,87,160,0.48541666666666666,dark_or_complex,multi_view,6,0.20244252873563218,0.1892241379310345,0,0,16.64423076923077,47.024419178812195,1.6086069454357261,0.0,0.0,0.0,ge_0.30
data/raw/images/КБ-2014-Р1-1032_orig.jpg,4254,9009,0.4721944721944722,76,160,0.35888157894736844,white_uniform,single_object,4,0.16151315789473683,0.14078947368421052,0,0,250.3006709039548,16.9099630346247,0.7503643608912575,255.0,255.0,255.0,ge_0.30
data/raw/images/КБ-2014-Р1-1033_orig.jpg,5038,7427,0.6783358018042278,109,160,0.2653669724770642,white_uniform,single_object,6,0.11697247706422019,0.10407110091743119,0,0,252.60470879801736,11.0556439917616,0.38811283075674097,255.0,255.0,255.0,0.15_0.30
data/raw/images/КБ-2014-Р1-1101_orig.jpg,4480,5629,0.7958784864096642,127,160,0.40457677165354333,white_uniform,single_object,3,0.3130413385826772,0.0764763779527559,0,0,253.84727061556327,6.758216440251583,0.2283087600549958,255.0,255.0,255.0,ge_0.30
data/raw/images/КБ-2014-Р1-1299_orig.jpg,4237,9545,0.44389732844421165,71,160,0.4279049295774648,white_uniform,multi_view,4,0.19630281690140844,0.19375,0,0,251.9803391053391,13.893490372425585,1.4121619855332888,255.0,255.0,255.0,ge_0.30
data/raw/images/КБ-2014-Р1-1304_orig.jpg,5186,9133,0.5678309427351363,91,160,0.4498626373626374,white_uniform,multi_view,4,0.1901098901098901,0.18495879120879122,0,0,251.02714143426294,16.839714493920233,1.165931540593069,255.0,255.0,255.0,ge_0.30
data/raw/images/КБ-2014-Р1-1388_orig.jpg,10830,8477,1.277574613660493,160,125,0.3095,light_photo,single_object,9,0.10485,0.09185,0,1,245.9551900584795,29.595231770187734,0.5449634473866307,255.0,255.0,255.0,ge_0.30
data/raw/images/КБ-2014-Р1-1464_orig.jpg,4747,9800,0.4843877551020408,78,160,0.39831730769230766,white_uniform,single_object,4,0.16514423076923077,0.15673076923076923,0,0,254.26172969187678,5.752085960749893,0.7248695461073453,255.0,255.0,255.0,ge_0.30
data/raw/images/КБ-2014-Р1-1489_orig.jpg,5042,5195,0.9705486044273339,155,160,0.2964112903225806,light_photo,single_object,6,0.09076612903225806,0.09036290322580645,0,0,249.3021164021164,22.012666606108194,0.029893795785462682,255.0,255.0,255.0,0.15_0.30
data/raw/images/КБ-2014-Р1-1508_orig.jpg,10614,8674,1.223656905695181,160,131,0.2633587786259542,white_uniform,single_object,7,0.07924618320610687,0.0751908396946565,0,0,254.48038373424967,5.321780773134781,0.20184383899252867,255.0,255.0,255.0,0.15_0.30
data/raw/images/КБ-2014-Р1-1518_orig.jpg,8529,3211,2.6561818748053567,160,60,0.3128125,light_photo,single_object,4,0.14583333333333334,0.14145833333333332,0,0,249.1114583333333,20.208411777905386,0.9768897062295956,255.0,255.0,255.0,ge_0.30
data/raw/images/КБ-2014-Р1-1539_orig.jpg,4522,8368,0.5403919694072657,86,160,0.39251453488372096,white_uniform,multi_view,4,0.1657703488372093,0.16373546511627907,0,0,252.56283875338752,12.130007651196374,1.2154605334667892,255.0,255.0,255.0,ge_0.30
data/raw/images/КБ-2014-Р1-1540_orig.jpg,5290,8757,0.6040881580449926,97,160,0.45045103092783506,light_photo,multi_view,5,0.18634020618556701,0.177319587628866,0,0,250.68385214007782,18.11270459716673,1.1040351346698793,255.0,255.0,255.0,ge_0.30
data/raw/images/КБ-2014-Р1-1541_orig.jpg,7961,4517,1.762452955501439,160,91,0.39278846153846153,white_uniform,multi_view,4,0.18921703296703296,0.1878434065934066,0,0,252.3043658698539,13.196732058579672,1.166706563433974,255.0,255.0,255.0,ge_0.30
data/raw/images/КБ-2014-Р1-1568_orig.jpg,4898,9441,0.5188009744730431,83,160,0.3718373493975904,white_uniform,single_object,5,0.14495481927710843,0.14427710843373495,0,1,252.96690672153633,10.524727125111475,0.9562349482204036,255.0,255.0,255.0,ge_0.30
data/raw/images/КБ-2014-Р2-0056_orig.jpg,11738,6787,1.7294828348312952,160,93,0.34952956989247314,dark_or_complex,single_object,6,0.1377016129032258,0.135752688172043,0,0,12.610424901185771,37.288178567565524,0.9478224244145215,0.0,0.0,0.0,ge_0.30
data/raw/images/КБ-2014-Р2-0088_orig.jpg,5526,9906,0.5578437310720775,89,160,0.3377106741573034,white_uniform,single_object,4,0.1525983146067416,0.14367977528089887,0,0,250.9929718875502,15.320350409937735,0.5836764076648212,255.0,255.0,255.0,ge_0.30
data/raw/images/КБ-2014-Р2-0091_orig.jpg,4293,9326,0.4603259704053185,74,160,0.31951013513513515,white_uniform,single_object,4,0.1287162162162162,0.1260135135135135,0,0,252.0670405982906,12.361974851327256,0.7758204091437055,255.0,255.0,255.0,ge_0.30
data/raw/images/КБ-2014-Р2-0092_orig.jpg,5083,10393,0.48907918791494276,78,160,0.459775641025641,dark_or_complex,multi_view,6,0.1859775641025641,0.17051282051282052,0,0,9.1578256302521,27.987533552418412,1.7152308641415193,0.0,0.0,0.0,ge_0.30
data/raw/images/КБ-2014-Р2-0094_orig.jpg,5351,10592,0.5051925981873112,81,160,0.43526234567901234,white_uniform,multi_view,4,0.19436728395061728,0.19166666666666668,0,0,251.74965421853392,16.074921294505828,1.2828155398654846,255.0,255.0,255.0,ge_0.30
data/raw/images/КБ-2014-Р2-0127_orig.jpg,4688,9481,0.4944626094293851,79,160,0.4389240506329114,light_photo,multi_view,4,0.1946993670886076,0.18837025316455697,0,0,247.89696652719664,26.0227582084017,1.3042837436611106,255.0,255.0,255.0,ge_0.30
data/raw/images/КБ-2014-Р2-0128_orig.jpg,3526,6223,0.5666077454603888,91,160,0.284271978021978,white_uniform,single_object,8,0.0956043956043956,0.08839285714285715,0,0,251.4312749003984,17.419597508198226,0.5680880216114025,255.0,255.0,255.0,0.15_0.30
data/raw/images/КБ-2014-Р2-0130_orig.jpg,4644,10560,0.43977272727272726,70,160,0.47151785714285716,dark_or_complex,multi_view,6,0.19678571428571429,0.19151785714285716,0,0,26.408967391304348,64.79506888795311,1.8214972144424704,0.0,0.0,0.0,ge_0.30
data/raw/images/КБ-2014-Р2-0132_orig.jpg,4155,7487,0.5549619340189662,89,160,0.44754213483146066,dark_or_complex,multi_view,5,0.18286516853932586,0.16727528089887642,0,0,17.17444779116466,46.52479625276969,1.5888557549411364,0.0,0.0,0.0,ge_0.30
data/raw/images/КБ-2014-Р2-0133_orig.jpg,3785,7789,0.48594171267171654,78,160,0.3076923076923077,white_uniform,single_object,4,0.12475961538461539,0.12347756410256411,0,0,251.05882352941177,14.239274113546527,0.7216665950483994,255.0,255.0,255.0,ge_0.30
data/raw/images/КБ-2014-Р2-0185_orig.jpg,4199,7924,0.5299091367995962,85,160,0.4211764705882353,light_photo,multi_view,4,0.17705882352941177,0.16367647058823528,0,0,249.57287414965987,22.713556093253985,1.2350497271342482,255.0,255.0,255.0,ge_0.30
data/raw/images/КБ-2014-Р2-0189_orig.jpg,3881,8830,0.43952434881087205,70,160,0.354375,light_photo,single_object,4,0.1492857142857143,0.13883928571428572,0,0,250.63867753623188,18.739352092591766,0.8220621622290993,255.0,255.0,255.0,ge_0.30
data/raw/images/КБ-2014-Р2-0197_orig.jpg,4556,6144,0.7415364583333334,119,160,0.32037815126050423,light_photo,single_object,4,0.12447478991596639,0.12064075630252101,0,0,247.77658303464756,23.282971021302846,0.2990309502604353,255.0,255.0,255.0,ge_0.30
data/raw/images/КБ-2014-Р2-0211_orig.jpg,4607,8629,0.5338973229806466,85,160,0.3547058823529412,dark_or_complex,single_object,5,0.1436764705882353,0.13213235294117648,0,0,13.865051020408163,40.56649747444726,1.0275517375723906,0.0,0.0,0.0,ge_0.30
data/raw/images/КБ-2014-Р2-0218_orig.jpg,3769,9765,0.38597030209933436,62,160,0.5012096774193548,dark_or_complex,multi_view,6,0.20625,0.20362903225806453,0,0,20.240146396396398,55.765546844296544,1.951994850043644,0.0,0.0,0.0,ge_0.30
data/raw/images/КБ-2014-Р2-0221_orig.jpg,6031,6412,0.9405801621958827,150,160,0.129,white_uniform,close_up,5,0.043541666666666666,0.043041666666666666,0,0,252.43407258064516,13.809872883529673,0.06125840027845682,255.0,255.0,255.0,0.08_0.15
data/raw/images/КБ-2014-Р2-0320_orig.jpg,8313,5540,1.5005415162454874,160,107,0.36308411214953273,light_photo,single_object,5,0.1380841121495327,0.13341121495327102,0,1,248.27215980024965,24.434950268576646,0.7058260537897586,255.0,255.0,255.0,ge_0.30
data/raw/images/КБ-2014-Р2-0323_orig.jpg,7562,7587,0.9967048899433241,159,160,0.2682389937106918,white_uniform,single_object,5,0.12165880503144653,0.1047562893081761,0,0,254.68436520376176,4.71478082208578,0.0033005508871967134,255.0,255.0,255.0,0.15_0.30
data/raw/images/КБ-2014-Р2-0331_orig.jpg,5380,8789,0.6121287973603368,98,160,0.3153061224489796,white_uniform,single_object,5,0.1271683673469388,0.12091836734693878,0,1,251.62459625322998,15.909988218967548,0.7908125654088152,255.0,255.0,255.0,ge_0.30
data/raw/images/КБ-2014-Р2-0332_orig.jpg,3433,9067,0.3786257858166979,61,160,0.45973360655737705,light_photo,multi_view,4,0.19795081967213116,0.19354508196721312,0,0,245.39206259426845,33.97145943883376,1.571206934188364,255.0,255.0,255.0,ge_0.30
data/raw/images/КБ-2014-Р2-0337_orig.jpg,6495,8722,0.7446686539784453,119,160,0.28256302521008403,white_uniform,single_object,6,0.08713235294117647,0.08545168067226891,0,1,254.78987455197134,2.6327183136503263,0.5948159192980118,255.0,255.0,255.0,0.15_0.30
data/raw/images/КБ-2014-Р2-0338_orig.jpg,7087,9537,0.7431057984691203,119,160,0.3109768907563025,white_uniform,single_object,6,0.08308823529411764,0.08146008403361345,0,0,254.4716248506571,3.4497576243137837,0.29691685076865637,255.0,255.0,255.0,ge_0.30
data/raw/images/КБ-2014-Р2-0340_orig.jpg,4263,10023,0.42532175995211013,68,160,0.44034926470588237,white_uniform,multi_view,4,0.16856617647058825,0.16498161764705882,0,0,252.65716374269007,11.614142725741324,1.4549093142596559,255.0,255.0,255.0,ge_0.30
data/raw/images/КБ-2014-Р2-0361_orig.jpg,7294,4889,1.4919206381673145,160,107,0.4492406542056075,white_uniform,multi_view,5,0.2084696261682243,0.20426401869158878,0,0,252.5277777777778,11.519517820509428,1.0000643087899799,255.0,255.0,255.0,ge_0.30
data/raw/images/КБ-2014-Р2-0370_orig.jpg,11279,3632,3.10545154185022,160,52,0.36959134615384615,white_uniform,single_object,4,0.15649038461538461,0.1563701923076923,0,0,251.24656053459117,12.667824057072204,1.1331591289187328,255.0,255.0,255.0,ge_0.30
data/raw/images/КБ-2014-Р2-0394_orig.jpg,7021,6240,1.1251602564102565,160,142,0.3058978873239437,white_uniform,single_object,6,0.1339788732394366,0.13305457746478874,0,0,254.12189569536423,6.965549144407802,0.11792547565377559,255.0,255.0,255.0,ge_0.30
data/raw/images/КБ-2014-Р2-0395_orig.jpg,10718,4175,2.5671856287425148,160,62,0.3726814516129032,white_uniform,single_object,5,0.13125,0.12963709677419355,0,0,250.61261261261262,14.825233763324555,0.9428102127698397,255.0,255.0,255.0,ge_0.30
data/raw/images/КБ-2014-Р2-0430_orig.jpg,8102,8494,0.9538497763126913,153,160,0.4302696078431373,white_uniform,single_object,5,0.13541666666666666,0.12071078431372549,0,0,251.88804579339723,10.85321256997829,0.047249087110580616,255.0,255.0,255.0,ge_0.30
data/raw/images/КБ-2014-Р2-0431_orig.jpg,8218,8718,0.9426473961917871,151,160,0.3890728476821192,white_uniform,single_object,6,0.12388245033112583,0.1070364238410596,0,0,253.50589496248662,9.039041945369327,0.0590629833549829,255.0,255.0,255.0,ge_0.30
data/raw/images/КБ-2014-Р2-0432_orig.jpg,7142,7924,0.9013124684502777,144,160,0.31805555555555554,white_uniform,single_object,6,0.11397569444444444,0.11098090277777778,0,1,252.4279057017544,14.30769463879743,0.4039032796640477,255.0,255.0,255.0,ge_0.30
data/raw/images/КБ-2014-Р2-0435_orig.jpg,3792,9437,0.4018226131185758,64,160,0.503125,light_photo,multi_view,5,0.2154296875,0.21220703125,0,0,247.55775669642858,27.907734666994788,1.5117445486464205,255.0,255.0,255.0,ge_0.30
data/raw/images/КБ-2014-Р2-0459_orig.jpg,4342,9341,0.4648324590514934,74,160,0.5194256756756757,light_photo,multi_view,4,0.22221283783783785,0.21013513513513513,0,1,248.52021011396013,20.553428970696785,1.6660782414346116,255.0,255.0,255.0,ge_0.30
data/raw/images/КБ-2014-Р2-0478_orig.jpg,8878,5231,1.6971898298604473,160,94,0.4050531914893617,white_uniform,multi_view,4,0.18184840425531915,0.18091755319148936,0,0,252.26476377952756,10.645158078546944,1.1289738420233695,255.0,255.0,255.0,ge_0.30
data/raw/images/КБ-2014-Р2-0484_orig.jpg,9672,3199,3.023444826508284,160,53,0.3895047169811321,light_photo,single_object,4,0.15908018867924528,0.15459905660377357,0,0,247.15307120500785,27.489701639479193,1.1063968523451106,255.0,255.0,255.0,ge_0.30
data/raw/images/КБ-2014-Р2-0485_orig.jpg,11122,3605,3.0851595006934813,160,52,0.3501201923076923,light_photo,single_object,5,0.14038461538461539,0.13930288461538462,0,0,248.9689465408805,23.34809910248473,1.1266033580284598,255.0,255.0,255.0,ge_0.30
data/raw/images/КБ-2014-Р2-0492_orig.jpg,2723,7278,0.3741412475954933,60,160,0.43072916666666666,light_photo,multi_view,7,0.17364583333333333,0.17125,0,0,248.38125,23.109988481810614,1.5831218854983455,255.0,255.0,255.0,ge_0.30
data/raw/images/КБ-2014-Р2-0532_orig.jpg,11437,5122,2.2329168293635298,160,72,0.38168402777777777,light_photo,single_object,5,0.1329861111111111,0.11354166666666667,0,1,247.63676364942532,23.564489704098,1.103308726021746,255.0,255.0,255.0,ge_0.30
data/raw/images/КБ-2014-Р2-0555_orig.jpg,12738,3643,3.496568762009333,160,46,0.42459239130434784,light_photo,multi_view,4,0.18763586956521738,0.17595108695652173,0,0,238.90695792880257,38.344289803578846,1.8517821339227472,255.0,255.0,255.0,ge_0.30
data/raw/images/КБ-2014-Р2-0558_orig.jpg,10303,4470,2.3049217002237135,160,69,0.2568840579710145,white_uniform,single_object,4,0.10199275362318841,0.09701086956521739,0,0,252.451692139738,12.808004274011502,0.8350467063374535,255.0,255.0,255.0,0.15_0.30
data/raw/images/КБ-2014-Р2-0559_orig.jpg,7738,5274,1.4671975729996207,160,109,0.4258600917431193,light_photo,multi_view,4,0.19575688073394495,0.17666284403669724,0,0,249.90597893432465,21.41191598142085,0.9833541683472262,255.0,255.0,255.0,ge_0.30
data/raw/images/КБ-2014-Р2-0566_orig.jpg,12115,5103,2.374093670389967,160,67,0.36930970149253733,light_photo,single_object,5,0.14888059701492537,0.14505597014925373,0,0,248.0941629955947,20.794060020965546,0.8646157521866548,255.0,255.0,255.0,ge_0.30
data/raw/images/КБ-2014-Р2-0568_orig.jpg,3624,3932,0.9216683621566633,147,160,0.3982142857142857,white_uniform,single_object,7,0.26024659863945576,0.05671768707482993,0,1,252.22821661237785,14.831238279530782,0.3815698141041872,255.0,255.0,255.0,ge_0.30
data/raw/images/КБ-2014-Р2-0571_orig.jpg,3864,9324,0.4144144144144144,66,160,0.43892045454545453,white_uniform,single_object,4,0.17831439393939394,0.15710227272727273,0,0,253.38440265486724,7.685591148057264,0.8808888048232392,255.0,255.0,255.0,ge_0.30
data/raw/images/КБ-2014-Р2-0574_orig.jpg,14155,3512,4.030466970387244,160,40,0.403125,light_photo,multi_view,4,0.1703125,0.16296875,0,0,246.0646875,33.664651593566695,1.9938822427909928,255.0,255.0,255.0,ge_0.30
data/raw/images/КБ-2014-Р2-0576_orig.jpg,10713,3635,2.9471801925722145,160,54,0.47835648148148147,light_photo,multi_view,4,0.20381944444444444,0.2021990740740741,0,0,239.74620327102804,41.58416288752597,1.6808488462949382,255.0,255.0,255.0,ge_0.30
data/raw/images/КБ-2014-Р2-0596_orig.jpg,8808,3504,2.5136986301369864,160,64,0.40322265625,white_uniform,single_object,5,0.12939453125,0.12861328125,0,0,250.98735119047618,15.482738123128081,0.9217552263462339,255.0,255.0,255.0,ge_0.30
data/raw/images/КБ-2014-Р2-0597_orig.jpg,9638,3733,2.58183766407715,160,62,0.33538306451612904,white_uniform,single_object,5,0.14586693548387097,0.12913306451612902,0,0,252.09074699699698,12.503209976933153,0.9485014182856942,255.0,255.0,255.0,ge_0.30
data/raw/images/КБ-2014-Р2-0603_orig.jpg,9600,8527,1.1258355810953442,160,142,0.27662852112676056,white_uniform,single_object,6,0.07834507042253522,0.0715669014084507,0,1,251.49006622516555,17.294544302038936,0.418525498713878,255.0,255.0,255.0,0.15_0.30
data/raw/images/КБ-2014-Р2-0605_orig.jpg,10805,5695,1.897278314310799,160,84,0.350297619047619,light_photo,single_object,4,0.13764880952380953,0.13370535714285714,0,0,250.19065915300544,18.168012193815393,0.6404203930597039,255.0,255.0,255.0,ge_0.30
data/raw/images/КБ-2014-Р2-0607_orig.jpg,7385,5095,1.4494602551521099,160,110,0.44426136363636365,light_photo,multi_view,5,0.20119318181818183,0.19107954545454545,0,0,249.26967592592592,20.440638136966673,0.971191249308655,255.0,255.0,255.0,ge_0.30
data/raw/images/КБ-2014-Р2-0612_orig.jpg,3204,7828,0.40929994890137966,65,160,0.38096153846153846,white_uniform,single_object,5,0.15663461538461537,0.14634615384615385,0,0,251.03064814814815,16.668763355513995,0.893307020327717,255.0,255.0,255.0,ge_0.30
data/raw/images/КБ-2014-Р2-0616_orig.jpg,14155,4071,3.477032670105625,160,46,0.35380434782608694,white_uniform,single_object,4,0.15679347826086956,0.14130434782608695,0,0,251.23371763754042,14.379146880421272,1.246179249043021,255.0,255.0,255.0,ge_0.30
data/raw/images/КБ-2014-Р2-0632_orig.jpg,13429,9477,1.4170096021947873,160,113,0.2512721238938053,light_photo,single_object,7,0.05077433628318584,0.043694690265486724,0,0,250.1986416361416,20.69662337079574,0.3485487371109804,255.0,255.0,255.0,0.15_0.30
data/raw/images/КБ-2014-Р2-0638_orig.jpg,11393,3502,3.2532838378069675,160,49,0.363265306122449,light_photo,single_object,4,0.15127551020408164,0.1510204081632653,0,0,249.26943779904306,18.926204771068136,1.1796648978523185,255.0,255.0,255.0,ge_0.30
data/raw/images/КБ-2014-Р2-0643_orig.jpg,4091,4998,0.8185274109643857,131,160,0.42528625954198473,white_uniform,single_object,7,0.2579198473282443,0.1338263358778626,0,0,253.6602233676976,9.609118232944773,0.20024839346549914,255.0,255.0,255.0,ge_0.30
data/raw/images/КБ-2014-Р2-0646_orig.jpg,8454,4951,1.707533831549182,160,94,0.4067154255319149,white_uniform,multi_view,5,0.17772606382978723,0.17613031914893618,0,0,253.75869422572177,7.3364536341307085,1.135050125765312,255.0,255.0,255.0,ge_0.30
data/raw/images/КБ-2014-Р2-0651_orig.jpg,8422,6319,1.3328058237062825,160,120,0.38036458333333334,white_uniform,single_object,4,0.16536458333333334,0.1575,0,0,252.24672619047624,12.190263288546149,0.2872863619484177,255.0,255.0,255.0,ge_0.30
data/raw/images/КБ-2014-Р2-0656_orig.jpg,6617,3916,1.6897344228804902,160,95,0.3611184210526316,white_uniform,single_object,4,0.24269736842105263,0.09894736842105263,0,0,251.3683006535948,14.987906437458735,0.5245713703616585,255.0,255.0,255.0,ge_0.30
data/raw/images/КБ-2014-Р2-0668_orig.jpg,4341,2732,1.5889458272327965,160,101,0.347029702970297,white_uniform,single_object,6,0.1603341584158416,0.15971534653465347,0,0,253.13473818646236,11.967188189932449,0.46307079460891293,255.0,255.0,255.0,ge_0.30
data/raw/images/КБ-2014-Р2-0701_orig.jpg,2853,5564,0.5127606038820992,82,160,0.41524390243902437,white_uniform,single_object,5,0.23666158536585366,0.15792682926829268,0,1,251.03202479338842,16.29841824296228,0.9679462018298335,255.0,255.0,255.0,ge_0.30
data/raw/images/КБ-2014-Р2-0708_orig.jpg,7710,3606,2.1381031613976704,160,75,0.37783333333333335,light_photo,single_object,4,0.27566666666666667,0.05475,0,0,246.06241134751772,20.696207001678474,0.7599190627941126,255.0,255.0,255.0,ge_0.30
data/raw/images/КБ-2014-Р2-0712_orig.jpg,13304,4680,2.842735042735043,160,56,0.47254464285714287,light_photo,single_object,4,0.15859375,0.13069196428571428,0,0,245.74778163580245,21.995853947652805,1.0447666319610711,255.0,255.0,255.0,ge_0.30
data/raw/images/КБ-2014-Р2-0717_orig.jpg,3512,5673,0.619072800987132,99,160,0.4505050505050505,white_uniform,single_object,4,0.3234217171717172,0.10744949494949495,0,0,253.44401544401543,9.524898934179049,0.47953240257155993,255.0,255.0,255.0,ge_0.30
data/raw/images/КБ-2014-Р2-0755_orig.jpg,9959,5382,1.8504273504273505,160,86,0.39098837209302323,light_photo,single_object,5,0.14789244186046513,0.14178779069767442,0,0,246.13084349593495,33.154151087241175,0.6154166126447884,255.0,255.0,255.0,ge_0.30
data/raw/images/КБ-2014-Р2-0773_orig.jpg,3303,8498,0.3886796893386679,62,160,0.4965725806451613,light_photo,multi_view,6,0.21764112903225807,0.2150201612903226,0,0,249.05536786786786,21.98664168028364,1.544999695283967,255.0,255.0,255.0,ge_0.30
data/raw/images/КБ-2014-Р2-0780_orig.jpg,2491,4429,0.5624294423120343,90,160,0.35479166666666667,white_uniform,single_object,7,0.22902777777777777,0.09659722222222222,0,0,252.3955,14.070503891119182,0.5754895886610178,255.0,255.0,255.0,ge_0.30
data/raw/images/КБ-2014-Р2-0782_orig.jpg,6104,2452,2.489396411092985,160,64,0.356640625,light_photo,single_object,3,0.2779296875,0.05712890625,0,0,248.5642671130952,25.29726342711545,0.9120402759081908,255.0,255.0,255.0,ge_0.30
data/raw/images/КБ-2014-Р2-0791_orig.jpg,2661,4152,0.6408959537572254,103,160,0.42063106796116506,white_uniform,single_object,8,0.3078883495145631,0.08519417475728155,0,0,252.77471482889734,12.883918241485322,0.44488815386803543,255.0,255.0,255.0,ge_0.30
data/raw/images/КБ-2014-Р3-0022_orig.jpg,8582,3950,2.1726582278481015,160,74,0.3951013513513513,light_photo,multi_view,4,0.18876689189189189,0.18657094594594595,0,0,248.72711894586894,21.98468793056159,1.3759514076563026,255.0,255.0,255.0,ge_0.30
data/raw/images/КБ-2014-Р3-0049_orig.jpg,9056,3359,2.696040488240548,160,59,0.3615466101694915,white_uniform,multi_view,3,0.17129237288135593,0.17065677966101694,0,0,251.25846651445968,15.101743811281292,1.5917842108306715,255.0,255.0,255.0,ge_0.30
data/raw/images/КБ-2014-Р3-0060_orig.jpg,13487,7352,1.8344668117519043,160,87,0.40086206896551724,light_photo,single_object,6,0.1278735632183908,0.12449712643678161,0,1,245.7312753036437,28.977518319625716,0.9067538734813347,255.0,255.0,255.0,ge_0.30
data/raw/images/КБ-2014-Р3-0064_orig.jpg,7271,4677,1.5546290357066495,160,103,0.23058252427184467,white_uniform,single_object,4,0.09375,0.09368932038834951,0,0,254.48629594423323,5.345224207767311,0.44123695492417053,255.0,255.0,255.0,0.15_0.30
data/raw/images/КБ-2014-Р3-0070_orig.jpg,10470,3576,2.9278523489932886,160,55,0.33704545454545454,white_uniform,single_object,4,0.15352272727272728,0.14125,0,0,249.68846899224803,16.98691003431455,1.0742691675711777,255.0,255.0,255.0,ge_0.30
data/raw/images/КБ-2014-Р3-0073_orig.jpg,8557,3741,2.2873563218390807,160,70,0.3570535714285714,white_uniform,multi_view,3,0.17625,0.16919642857142858,0,0,251.8279891304348,14.775889272955625,1.4273967060699086,255.0,255.0,255.0,ge_0.30
data/raw/images/КБ-2014-Р3-0086_orig.jpg,11446,4792,2.3885642737896493,160,67,0.27472014925373134,white_uniform,single_object,5,0.11921641791044776,0.11819029850746268,0,0,250.20631424375915,17.33818148546256,0.8706924631737623,255.0,255.0,255.0,0.15_0.30
data/raw/images/КБ-2014-Р3-0105_orig.jpg,5059,3144,1.6090966921119594,160,99,0.2846590909090909,white_uniform,single_object,3,0.12878787878787878,0.11186868686868687,0,0,252.79826254826256,13.127726297933783,0.475672960742839,255.0,255.0,255.0,0.15_0.30
data/raw/images/КБ-2014-Р3-0114_orig.jpg,9269,5455,1.6991750687442713,160,94,0.45997340425531913,white_uniform,multi_view,5,0.21090425531914894,0.20824468085106382,0,0,251.854904855643,12.986089978112886,1.1301428796086614,255.0,255.0,255.0,ge_0.30
data/raw/images/КБ-2014-Р3-0115_orig.jpg,12359,4255,2.9045828437132784,160,55,0.36,light_photo,single_object,4,0.14738636363636365,0.14602272727272728,0,0,247.21782945736433,24.64966609712183,1.0662897805822609,255.0,255.0,255.0,ge_0.30
data/raw/images/КБ-2014-Р3-0116_orig.jpg,8116,3379,2.401894051494525,160,67,0.4073694029850746,light_photo,multi_view,4,0.19347014925373135,0.19141791044776119,0,0,247.90758076358298,22.69688010318742,1.4762576142314154,255.0,255.0,255.0,ge_0.30
data/raw/images/КБ-2014-Р3-0138_orig.jpg,14772,5509,2.6814303866400437,160,60,0.38333333333333336,light_photo,single_object,5,0.1340625,0.13166666666666665,0,0,246.992803030303,21.77587741269031,0.9863503784997374,255.0,255.0,255.0,ge_0.30
data/raw/images/КБ-2014-Р3-0141_orig.jpg,4109,9771,0.42053014021082796,67,160,0.5055037313432836,dark_or_complex,multi_view,6,0.2171641791044776,0.21585820895522387,0,0,15.833149779735683,47.39202569346438,1.8662391250609334,0.0,0.0,0.0,ge_0.30
data/raw/images/КБ-2014-Р3-0147_orig.jpg,11203,7000,1.6004285714285715,160,100,0.40325,light_photo,single_object,6,0.1383125,0.1314375,0,1,247.6023237179487,28.393270877776594,0.770271450521273,255.0,255.0,255.0,ge_0.30
data/raw/images/КБ-2014-Р3-0151_orig.jpg,4391,9429,0.46569095344151024,75,160,0.45808333333333334,light_photo,multi_view,5,0.18525,0.1805,0,0,249.75336879432626,20.144781525094235,1.3642330549039599,255.0,255.0,255.0,ge_0.30
data/raw/images/КБ-2014-Р3-0157_orig.jpg,7210,8692,0.8294983893235158,133,160,0.3956766917293233,white_uniform,single_object,6,0.1350563909774436,0.11668233082706767,0,0,251.61511660978383,12.972564175194444,0.18693411109732555,255.0,255.0,255.0,ge_0.30
data/raw/images/КБ-2014-Р3-0158_orig.jpg,7255,6431,1.1281293733478464,160,142,0.3133362676056338,white_uniform,single_object,5,0.14388204225352114,0.1397887323943662,0,0,252.4088024282561,11.909812851764546,0.12056083918342506,255.0,255.0,255.0,ge_0.30
data/raw/images/КБ-2014-Р3-0171_orig.jpg,6871,9125,0.752986301369863,120,160,0.32578125,white_uniform,single_object,6,0.10348958333333333,0.10125,0,0,251.13273809523807,13.235447595695055,0.2837082434196163,255.0,255.0,255.0,ge_0.30
data/raw/images/КБ-2014-Р3-0252_orig.jpg,4930,3796,1.2987355110642782,160,123,0.2961382113821138,white_uniform,single_object,6,0.12830284552845528,0.12682926829268293,0,1,251.60387220259128,17.186444623675676,0.5613911073069173,255.0,255.0,255.0,0.15_0.30
data/raw/images/КБ-2014-Р3-0253_orig.jpg,7102,9013,0.7879729279928992,126,160,0.2750496031746032,white_uniform,single_object,5,0.08472222222222223,0.07599206349206349,0,0,253.45381701631703,8.088189371111332,0.23829154505337652,255.0,255.0,255.0,0.15_0.30
data/raw/images/КБ-2014-Р3-0268_orig.jpg,8382,6351,1.3197921587151629,160,121,0.3650309917355372,light_photo,single_object,5,0.1621384297520661,0.15981404958677686,0,0,249.90117141162517,19.257012675401718,0.2774742686820419,255.0,255.0,255.0,ge_0.30
data/raw/images/КБ-2014-Р3-0299_orig.jpg,6876,5082,1.3530106257378984,160,118,0.39184322033898306,white_uniform,single_object,4,0.14438559322033898,0.14009533898305085,0,0,250.90287769784172,16.289446977904237,0.30233220262263044,255.0,255.0,255.0,ge_0.30
data/raw/images/КБ-2014-Р3-0302_orig.jpg,6820,9718,0.7017904918707553,112,160,0.4426339285714286,light_photo,single_object,6,0.15558035714285715,0.1532924107142857,0,1,245.18497242647058,26.510804113645804,0.6541203641283406,255.0,255.0,255.0,ge_0.30
data/raw/images/КБ-2014-Р3-0342_orig.jpg,3974,9468,0.419729615547106,67,160,0.394589552238806,light_photo,multi_view,5,0.17416044776119402,0.16511194029850745,0,0,242.05075256975036,39.515689090958496,1.4681445475221124,255.0,255.0,255.0,ge_0.30
data/raw/images/КБ-2014-Р3-0391_orig.jpg,6943,8871,0.7826626084996054,125,160,0.2819,white_uniform,single_object,5,0.09695,0.0964,0,0,251.78698830409354,12.570477585166024,0.24505357176731354,255.0,255.0,255.0,0.15_0.30
data/raw/images/КБ-2014-Р3-0394_orig.jpg,2813,8587,0.3275882147432165,52,160,0.3734375,light_photo,single_object,6,0.15709134615384615,0.1516826923076923,0,0,250.02004716981133,19.512030412424668,1.1159979021826278,255.0,255.0,255.0,ge_0.30
data/raw/images/КБ-2014-Р3-0397_orig.jpg,9369,4070,2.301965601965602,160,70,0.28133928571428574,white_uniform,single_object,4,0.12267857142857143,0.11366071428571428,0,0,252.06449275362317,14.281487209552589,0.8337633675145475,255.0,255.0,255.0,0.15_0.30
data/raw/images/КБ-2014-Р3-0399_orig.jpg,3962,9987,0.39671573044958447,63,160,0.34523809523809523,light_photo,single_object,4,0.1498015873015873,0.13759920634920636,0,0,251.34118086696563,19.786862584613417,0.9245352989846384,255.0,255.0,255.0,ge_0.30
data/raw/images/КБ-2014-Р3-0419_orig.jpg,3174,7079,0.4483684136177426,72,160,0.5723958333333333,light_photo,multi_view,6,0.24331597222222223,0.23732638888888888,0,0,247.7684985632184,24.641234151209428,1.4021400326878348,255.0,255.0,255.0,ge_0.30
data/raw/images/КБ-2014-Р3-0436_orig.jpg,13380,5215,2.5656759348034517,160,62,0.49112903225806454,light_photo,single_object,4,0.1587701612903226,0.1464717741935484,0,1,244.92501876876878,24.050762282171053,1.2422219662473466,255.0,255.0,255.0,ge_0.30
data/raw/images/КБ-2014-Р3-0442_orig.jpg,7110,5604,1.2687366167023555,160,126,0.31726190476190474,white_uniform,single_object,4,0.12782738095238094,0.1267361111111111,0,0,252.1512966200466,11.903602908685476,0.23802161534038896,255.0,255.0,255.0,ge_0.30
data/raw/images/КБ-2014-Р3-0535_orig.jpg,5557,4437,1.2524228082037412,160,128,0.24404296875,white_uniform,single_object,4,0.113037109375,0.089501953125,0,0,253.16160300925927,11.41610372259523,0.2250799219010117,255.0,255.0,255.0,0.15_0.30
data/raw/images/КБ-2014-Р3-0543_orig.jpg,3392,5197,0.6526842409082163,104,160,0.22896634615384615,white_uniform,single_object,5,0.08731971153846153,0.0850360576923077,0,0,252.07938762626267,16.389995582078537,0.4266618180966481,255.0,255.0,255.0,0.15_0.30
data/raw/images/КБ-2014-Р4-081_orig.jpg,5760,3840,1.5,160,107,0.34848130841121494,white_uniform,single_object,5,0.152803738317757,0.1507593457943925,0,0,254.1062734082397,8.38431931736074,0.4054651081081644,255.0,255.0,255.0,ge_0.30
data/raw/images/КБ-2014-Р4-248_orig.jpg,10199,2971,3.4328508919555705,160,47,0.3803191489361702,light_photo,single_object,6,0.16675531914893618,0.15718085106382979,0,0,247.27435587761673,28.008285330527254,1.2333910797879104,255.0,255.0,255.0,ge_0.30
data/raw/images/КБ-2014-Р4-250_orig.jpg,7307,4751,1.537992001683856,160,104,0.42890625,white_uniform,single_object,6,0.15841346153846153,0.1578125,0,0,250.20754419191917,15.101862395048268,0.4304776706042965,255.0,255.0,255.0,ge_0.30
data/raw/images/КБ-2014-Р4-307_orig.jpg,7993,5436,1.470382634289919,160,109,0.3407110091743119,white_uniform,single_object,5,0.137098623853211,0.13107798165137616,0,0,254.98381350681535,0.32640139938830903,0.3855226623549847,255.0,255.0,255.0,ge_0.30
data/raw/images/КБ-2014-Р4-368_orig.jpg,7486,7872,0.9509654471544715,152,160,0.36907894736842106,white_uniform,single_object,5,0.12129934210526316,0.11792763157894737,0,0,252.74485844017096,11.389175827926872,0.05027755026771511,255.0,255.0,255.0,ge_0.30
data/raw/images/КБ-2014-Р4-375_orig.jpg,7260,3743,1.9396206251669783,160,82,0.25403963414634145,white_uniform,single_object,4,0.10907012195121951,0.10785060975609756,0,0,253.3107782369146,8.942456254650617,0.6624923999144128,255.0,255.0,255.0,0.15_0.30
data/raw/images/КБ-2014-Р4-389_orig.jpg,7121,5449,1.3068452927142595,160,122,0.33611680327868854,white_uniform,single_object,5,0.15230532786885245,0.1438012295081967,0,0,253.49697104018915,8.519223423314825,0.26761605939902644,255.0,255.0,255.0,ge_0.30
data/raw/images/КБ-2014-Р4-424_orig.jpg,4044,8596,0.470451372731503,75,160,0.38533333333333336,white_uniform,multi_view,4,0.16766666666666666,0.16008333333333333,0,0,252.0474290780142,14.727064626586508,1.354062677622039,255.0,255.0,255.0,ge_0.30
data/raw/images/КБ-2014-Р4-438_orig.jpg,6359,5215,1.2193672099712367,160,131,0.3785782442748092,white_uniform,single_object,5,0.16354961832061068,0.15262404580152672,0,0,253.86025200458192,8.276111725302043,0.1983320438325349,255.0,255.0,255.0,ge_0.30
data/raw/images/КБ-2014-Р4-462_orig.jpg,7734,8141,0.9500061417516276,152,160,0.4107730263157895,light_photo,single_object,6,0.14358552631578947,0.14251644736842106,0,1,249.55622329059827,21.646903986239177,0.35128682940673533,255.0,255.0,255.0,ge_0.30
data/raw/images/КБ-2014-Р4-494_orig.jpg,6149,3409,1.8037547667937812,160,89,0.3375,white_uniform,single_object,5,0.15140449438202247,0.15035112359550562,0,0,253.62198795180723,9.159928801384934,0.5898704738155667,255.0,255.0,255.0,ge_0.30
data/raw/images/КБ-2014-Р4-495_orig.jpg,13166,9157,1.4378071420770995,160,111,0.31283783783783786,light_photo,single_object,6,0.07494369369369369,0.07218468468468468,0,0,251.7802890528905,18.670508823046212,0.36311913492008985,255.0,255.0,255.0,ge_0.30
data/raw/images/КБ-2014-Р4-508_orig.jpg,11169,3712,3.0088900862068964,160,53,0.30318396226415095,light_photo,single_object,6,0.10837264150943396,0.10837264150943396,0,0,250.2289710485133,20.718143945208343,1.1015712686347354,255.0,255.0,255.0,ge_0.30
data/raw/images/КБ-2014-Р4-517_orig.jpg,8279,3568,2.320347533632287,160,69,0.3770833333333333,white_uniform,multi_view,5,0.16684782608695653,0.16630434782608697,0,0,251.78729985443962,13.805319797742737,1.441716973438906,255.0,255.0,255.0,ge_0.30
data/raw/images/КБ-2014-Р4-551_orig.jpg,12643,3711,3.40689841013204,160,47,0.42699468085106385,light_photo,multi_view,4,0.17446808510638298,0.16875,0,0,248.31652576489535,25.327522176671295,1.8258023202513,255.0,255.0,255.0,ge_0.30
data/raw/images/КБ-2014-Р4-571_orig.jpg,8865,4839,1.8319900805951643,160,87,0.32047413793103446,white_uniform,single_object,4,0.16795977011494254,0.11443965517241379,0,0,252.7359986504723,9.640552684051848,0.6054028517149898,255.0,255.0,255.0,ge_0.30
data/raw/images/КБ-2014-Р4-581_orig.jpg,13109,4097,3.199658286551135,160,50,0.422625,light_photo,multi_view,4,0.184125,0.18325,0,0,248.58521825396824,24.597275030120546,1.7630440186509384,255.0,255.0,255.0,ge_0.30
data/raw/images/КБ-2014-Р4-583_orig.jpg,7053,5360,1.315858208955224,160,122,0.33811475409836067,white_uniform,single_object,5,0.15010245901639344,0.14702868852459017,0,0,253.21483451536648,9.988700007953756,0.2744890831433316,255.0,255.0,255.0,ge_0.30
data/raw/images/КБ-2014-Р5-0032_orig.jpg,2628,3976,0.6609657947686117,106,160,0.36639150943396226,white_uniform,single_object,7,0.23472877358490565,0.09764150943396227,0,0,252.65366541353384,13.984647721808708,0.41405318817196346,255.0,255.0,255.0,ge_0.30
data/raw/images/КБ-2014-Р5-0035_orig.jpg,8086,5280,1.531439393939394,160,104,0.2586538461538462,white_uniform,single_object,4,0.1155048076923077,0.11424278846153846,0,0,252.50347222222217,11.169085113395465,0.42620807350040907,255.0,255.0,255.0,0.15_0.30
data/raw/images/КБ-2014-Р5-0059_orig.jpg,3150,6054,0.5203171456888008,83,160,0.48305722891566266,white_uniform,multi_view,5,0.23900602409638555,0.21762048192771086,0,0,253.5380658436214,9.284572338122928,1.253316757761985,255.0,255.0,255.0,ge_0.30
data/raw/images/КБ-2014-Р5-0065_orig.jpg,3886,9221,0.42142934605791127,67,160,0.46408582089552236,white_uniform,multi_view,4,0.20121268656716418,0.2007462686567164,0,0,250.68364537444933,14.88798892298296,1.4641031406017557,255.0,255.0,255.0,ge_0.30
data/raw/images/КБ-2014-Р5-0066_orig.jpg,4051,9725,0.41655526992287917,67,160,0.5138992537313433,white_uniform,multi_view,4,0.2193097014925373,0.21884328358208954,0,0,251.1584067547724,14.70935768254957,1.4757361252839565,255.0,255.0,255.0,ge_0.30
data/raw/images/КБ-2014-Р5-0067_orig.jpg,4171,9413,0.4431105917348348,71,160,0.44190140845070425,white_uniform,multi_view,5,0.17737676056338028,0.17183098591549295,0,0,253.67099567099567,8.215957971332719,1.413935897350275,255.0,255.0,255.0,ge_0.30
data/raw/images/КБ-2014-Р5-0068_orig.jpg,4271,5268,0.8107441154138193,130,160,0.5048076923076923,white_uniform,single_object,4,0.4021153846153846,0.08788461538461538,0,0,253.45344827586206,9.96225576029503,0.20980279202170515,255.0,255.0,255.0,ge_0.30
data/raw/images/КБ-2014-Р5-0069_orig.jpg,7127,5313,1.3414266892527762,160,119,0.3211134453781513,white_uniform,single_object,5,0.146218487394958,0.1343487394957983,0,0,253.36021505376345,8.923497489258839,0.2937337410509275,255.0,255.0,255.0,ge_0.30
data/raw/images/КБ-2014-Р5-0070_orig.jpg,7540,8786,0.858183473708172,137,160,0.38809306569343066,white_uniform,single_object,6,0.1187956204379562,0.11797445255474452,0,0,251.80380190796853,13.83135110624713,0.15293736353372317,255.0,255.0,255.0,ge_0.30
data/raw/images/КБ-2014-Р5-0071_orig.jpg,6280,6290,0.9984101748807631,160,160,0.29296875,white_uniform,single_object,4,0.1014453125,0.100390625,0,0,253.9692057291667,7.4733079753766525,0.0015910902322418517,255.0,255.0,255.0,0.15_0.30
data/raw/images/КБ-2014-Р5-0072_orig.jpg,6338,5263,1.2042561276838306,160,133,0.381390977443609,white_uniform,single_object,4,0.20390037593984964,0.11052631578947368,0,0,253.60473549488054,8.314331541044393,0.18586205489708718,255.0,255.0,255.0,ge_0.30
data/raw/images/КБ-2014-Р5-0073_orig.jpg,7107,2787,2.55005382131324,160,63,0.35168650793650796,white_uniform,single_object,4,0.26924603174603173,0.05257936507936508,0,0,252.64200298953662,11.074281605513617,0.936114465344947,255.0,255.0,255.0,ge_0.30
data/raw/images/КБ-2014-Р5-0074_orig.jpg,3261,5352,0.609304932735426,97,160,0.438659793814433,white_uniform,single_object,5,0.328930412371134,0.09014175257731959,0,0,253.34516861219197,10.174760253737164,0.4954364260187453,255.0,255.0,255.0,ge_0.30
data/raw/images/КБ-2014-Р5-0078_orig.jpg,4127,5256,0.7851978691019786,126,160,0.4750992063492063,white_uniform,single_object,4,0.36736111111111114,0.0898313492063492,0,0,253.4888548951049,9.866453453934948,0.24181953041186469,255.0,255.0,255.0,ge_0.30
data/raw/images/КБ-2014-Р5-0079_orig.jpg,7465,8192,0.9112548828125,146,160,0.37624143835616436,white_uniform,single_object,6,0.1273544520547945,0.12705479452054794,0,0,254.11145152505443,6.0525522878066464,0.09293263730599827,255.0,255.0,255.0,ge_0.30
data/raw/images/КБ-2014-Р5-0081_orig.jpg,3983,5499,0.7243135115475541,116,160,0.4835129310344828,white_uniform,single_object,4,0.3612068965517241,0.10377155172413793,0,0,253.58876811594203,9.269016914938616,0.3225309533261705,255.0,255.0,255.0,ge_0.30
data/raw/images/КБ-2014-Р5-0082_orig.jpg,9397,5199,1.8074629736487786,160,89,0.40316011235955057,light_photo,multi_view,4,0.18125,0.1806179775280899,0,0,249.07438085676037,25.63735016339806,1.1919241899993493,255.0,255.0,255.0,ge_0.30
data/raw/images/КБ-2014-Р5-0092_orig.jpg,7564,5382,1.4054254923820142,160,114,0.42582236842105264,white_uniform,multi_view,4,0.18393640350877194,0.1838267543859649,0,0,251.52334245742097,14.179915893276206,0.940340098491497,255.0,255.0,255.0,ge_0.30
data/raw/images/КБ-2014-Р5-0093_orig.jpg,9322,6251,1.4912813949768038,160,107,0.4207943925233645,white_uniform,single_object,5,0.13580607476635514,0.13376168224299065,0,0,249.7763732833957,16.438134547839844,0.39963574700087395,255.0,255.0,255.0,ge_0.30
data/raw/images/КБ-2014-Р5-0094_orig.jpg,5195,8585,0.6051252184041933,97,160,0.5183634020618557,white_uniform,multi_view,4,0.2288659793814433,0.22764175257731958,0,0,252.35935473411155,12.519869574829773,1.1023198697982481,255.0,255.0,255.0,ge_0.30
data/raw/images/КБ-2014-Р5-0097_orig.jpg,8966,7224,1.241140642303433,160,129,0.43367248062015507,white_uniform,single_object,5,0.1496124031007752,0.14651162790697675,0,0,251.37038638985,14.87321697689193,0.21603082961856346,255.0,255.0,255.0,ge_0.30
data/raw/images/КБ-2014-Р5-0102_orig.jpg,8214,6599,1.2447340506137294,160,129,0.4702519379844961,white_uniform,multi_view,5,0.16385658914728682,0.16371124031007753,0,0,253.7076124567474,8.446236653084398,0.8189218931330823,255.0,255.0,255.0,ge_0.30
data/raw/images/КБ-2014-Р5-0103_orig.jpg,5766,9742,0.591870252514884,95,160,0.4214473684210526,light_photo,multi_view,6,0.17651315789473684,0.17394736842105263,0,0,249.42393790849675,18.329054431277367,1.1244678361681406,255.0,255.0,255.0,ge_0.30
data/raw/images/КБ-2014-Р5-0105_orig.jpg,9029,3995,2.260075093867334,160,71,0.5122359154929578,white_uniform,multi_view,4,0.3294014084507042,0.17015845070422536,0,0,250.9630230880231,16.904611459605825,1.415398040107104,255.0,255.0,255.0,ge_0.30
data/raw/images/КБ-2014-Р5-0106_orig.jpg,3840,5992,0.6408544726301736,103,160,0.5984830097087379,light_photo,multi_view,3,0.3991504854368932,0.18634708737864078,0,0,243.90129911280104,34.5082491745408,1.0449528796152827,255.0,255.0,255.0,ge_0.30
data/raw/images/КБ-2014-Р5-0107_orig.jpg,4625,8151,0.5674150410992517,91,160,0.5357142857142857,light_photo,multi_view,2,0.29945054945054944,0.2353021978021978,0,0,248.59155046480745,24.73709541212808,1.166664248147932,255.0,255.0,255.0,ge_0.30
data/raw/images/КБ-2014-Р5-0108_orig.jpg,3936,6760,0.5822485207100592,93,160,0.5626344086021505,white_uniform,multi_view,4,0.3366263440860215,0.21512096774193548,0,0,251.292325428195,17.393788623838073,1.1408579108648658,255.0,255.0,255.0,ge_0.30
data/raw/images/КБ-2014-Р5-0111_orig.jpg,4691,6799,0.6899544050595676,110,160,0.48159090909090907,white_uniform,multi_view,4,0.26448863636363634,0.2081818181818182,0,0,254.05223765432095,7.15107567904219,0.9711297631980016,255.0,255.0,255.0,ge_0.30
data/raw/images/КБ-2014-Р5-0118_orig.jpg,4128,8924,0.4625728372926939,74,160,0.5107263513513514,light_photo,multi_view,4,0.22373310810810812,0.2235641891891892,0,1,238.8960113960114,43.84531187002696,1.6709512483910245,255.0,255.0,255.0,ge_0.30
data/raw/images/КБ-2014-Р5-0120_orig.jpg,4424,10198,0.43381055108844874,69,160,0.38315217391304346,white_uniform,multi_view,4,0.16403985507246377,0.16376811594202897,0,0,251.9899927219796,16.068496767125243,1.4351473584129302,255.0,255.0,255.0,ge_0.30
data/raw/images/КБ-2014-Р5-0134_orig.jpg,8485,10860,0.7813075506445673,125,160,0.21585,white_uniform,single_object,9,0.04195,0.04005,0,0,253.50723684210527,7.807881150284388,0.2467864158195997,255.0,255.0,255.0,0.15_0.30
data/raw/images/КБ-2014-Р5-0229_orig.jpg,4688,5423,0.8644661626406048,138,160,0.35321557971014494,white_uniform,single_object,4,0.27169384057971013,0.05629528985507246,0,0,253.6457634228188,9.569407070570582,0.1456431155842121,255.0,255.0,255.0,ge_0.30
data/raw/images/КБ-2014-Р5-0297_orig.jpg,11036,4076,2.707556427870461,160,59,0.32510593220338985,light_photo,single_object,4,0.14703389830508476,0.14576271186440679,0,0,246.62956621004565,26.506670537198456,0.9960465409945612,255.0,255.0,255.0,ge_0.30
data/raw/images/КБ-2014-Р5-0303_orig.jpg,3508,6447,0.5441290522723747,87,160,0.3802442528735632,white_uniform,multi_view,5,0.17737068965517241,0.17614942528735633,0,0,253.30465587044534,10.286178306486326,1.2085688318185466,255.0,255.0,255.0,ge_0.30
data/raw/images/КБ-2014-Р5-0415_orig.jpg,4565,5911,0.7722889527998646,124,160,0.5295362903225806,light_photo,single_object,4,0.3823084677419355,0.13684475806451613,0,0,250.23092723004694,21.952363824102246,0.25839650779530066,255.0,255.0,255.0,ge_0.30
data/raw/images/КБ-2014-Р5-0421_orig.jpg,5951,7928,0.7506306760847629,120,160,0.5424479166666667,dark_or_complex,multi_view,6,0.23307291666666666,0.23020833333333332,0,0,15.912723214285714,45.35360789214132,1.2868415243649718,0.0,0.0,0.0,ge_0.30
data/raw/images/КБ-2014-Р5-0422_orig.jpg,4727,9750,0.4848205128205128,78,160,0.5125801282051282,white_uniform,multi_view,5,0.23036858974358973,0.22564102564102564,0,0,253.0808823529412,9.955045714067099,1.3239765331986564,255.0,255.0,255.0,ge_0.30
data/raw/images/КБ-2014-Р5-0430_orig.jpg,4584,3146,1.4570883661792753,160,110,0.3794886363636364,white_uniform,single_object,5,0.24227272727272728,0.10982954545454546,0,0,252.7736111111111,12.826482584028836,0.3764401747763524,255.0,255.0,255.0,ge_0.30
data/raw/images/КБ-2014-Р5-0477_orig.jpg,5791,8924,0.6489242492155984,104,160,0.5270432692307693,light_photo,multi_view,4,0.2280048076923077,0.2240985576923077,0,1,247.39046717171715,27.11287719668941,1.3324392883266334,255.0,255.0,255.0,ge_0.30
data/raw/images/КБ-2014-Р5-0486_orig.jpg,8765,5199,1.685901134833622,160,95,0.4076315789473684,white_uniform,multi_view,5,0.17453947368421052,0.17401315789473684,0,0,250.72867647058823,13.561067604224702,1.1223002189716191,255.0,255.0,255.0,ge_0.30
data/raw/images/КБ-2014-Р5-0491_orig.jpg,7708,4050,1.90320987654321,160,84,0.5035714285714286,white_uniform,multi_view,4,0.24270833333333333,0.24241071428571428,0,0,251.15915300546447,16.355357642055406,1.2435418694336722,255.0,255.0,255.0,ge_0.30
data/raw/images/КБ-2014-Р6-018_orig.jpg,3089,6708,0.46049493142516396,74,160,0.3614864864864865,white_uniform,single_object,4,0.15025337837837838,0.14662162162162162,0,0,250.74296652421654,17.09338078609113,0.7754534300245178,255.0,255.0,255.0,ge_0.30
data/raw/images/КБ-2014-Р6-036_orig.jpg,6479,4149,1.561581103880453,160,102,0.29007352941176473,light_photo,single_object,4,0.10894607843137255,0.10698529411764705,0,0,251.18813613231555,19.26707891680929,0.44569883611708927,255.0,255.0,255.0,0.15_0.30
data/raw/images/КБ-2014-Р6-048_orig.jpg,3649,6099,0.5982948024266274,96,160,0.33177083333333335,white_uniform,single_object,4,0.12962239583333332,0.12890625,0,0,252.24650065104169,12.089113928658199,0.5136716658600086,255.0,255.0,255.0,ge_0.30
data/raw/images/КБ-2014-Р6-068_orig.jpg,2870,4862,0.5902920608802962,94,160,0.22779255319148936,light_photo,single_object,5,0.08204787234042553,0.07965425531914894,0,0,249.80175524934384,18.312622165016258,0.5271378461224019,255.0,255.0,255.0,0.15_0.30
data/raw/images/КБ-2014-Р6-072_orig.jpg,2150,6856,0.3135939323220537,50,160,0.3035,white_uniform,single_object,4,0.130625,0.119375,0,0,252.60873015873017,10.375229479259314,1.1596563391559072,255.0,255.0,255.0,ge_0.30
data/raw/images/КБ-2014-Р6-088_orig.jpg,2348,4392,0.5346083788706739,86,160,0.28604651162790695,white_uniform,single_object,5,0.1157703488372093,0.11220930232558139,0,0,250.87017276422765,17.01935598065771,0.6262208022413795,255.0,255.0,255.0,0.15_0.30
data/raw/images/КБ-2014-Р6-091_orig.jpg,2265,3386,0.6689308919078559,107,160,0.19246495327102803,white_uniform,single_object,6,0.06320093457943925,0.057184579439252335,0,0,252.48970037453182,14.207911540658548,0.40207452477594613,255.0,255.0,255.0,0.15_0.30
data/raw/images/КБ-2014-Р6-095_orig.jpg,3982,8442,0.4716891731817105,75,160,0.32125,dark_or_complex,single_object,6,0.13125,0.11583333333333333,0,0,8.249202127659574,28.939902409839934,1.1514350417183024,0.0,0.0,0.0,ge_0.30
data/raw/images/КБ-2014-Р6-096_orig.jpg,4120,9124,0.45155633494081543,72,160,0.42022569444444446,white_uniform,multi_view,4,0.19045138888888888,0.18680555555555556,0,0,251.300466954023,17.909803811848104,1.3950551410607066,255.0,255.0,255.0,ge_0.30
data/raw/images/КБ-2014-Р6-097_orig.jpg,3004,6943,0.4326659945268616,69,160,0.36784420289855074,white_uniform,single_object,5,0.15280797101449275,0.14909420289855072,0,0,250.65447598253274,15.002922143139996,0.8377892238692479,255.0,255.0,255.0,ge_0.30
data/raw/images/КБ-2014-Р6-111_orig.jpg,3328,1691,1.968066232998226,160,81,0.2801697530864197,white_uniform,single_object,5,0.1279320987654321,0.12507716049382717,0,0,252.31388312586444,13.107855188981617,0.6770514530425189,255.0,255.0,255.0,0.15_0.30
data/raw/images/КБ-2014-Р6-122_orig.jpg,4983,2420,2.059090909090909,160,78,0.3575320512820513,light_photo,single_object,7,0.14719551282051282,0.13549679487179486,0,0,241.16237745098042,40.58023205581098,0.7222645791306724,255.0,255.0,255.0,ge_0.30
data/raw/images/КБ-2014-Р6-123_orig.jpg,3040,6459,0.4706610930484595,75,160,0.2851666666666667,white_uniform,single_object,4,0.11766666666666667,0.11633333333333333,0,0,250.3860815602837,17.863339609986614,0.7536169916322054,255.0,255.0,255.0,0.15_0.30
data/raw/images/КБ-2014-Р6-137_orig.jpg,3588,6224,0.5764781491002571,92,160,0.24442934782608697,light_photo,single_object,5,0.09381793478260869,0.09307065217391304,0,0,250.01033399470901,18.33723587969767,0.5508178426795408,255.0,255.0,255.0,0.15_0.30
data/raw/images/КБ-2014-Р6-183_orig.jpg,3693,10126,0.36470472052143,58,160,0.49170258620689655,light_photo,multi_view,4,0.18232758620689654,0.1798491379310345,0,0,244.07482798165137,35.90058550583891,1.6086672376772913,255.0,255.0,255.0,ge_0.30
data/raw/images/КБ-2014-Р6-187_orig.jpg,6352,2398,2.6488740617180984,160,60,0.29,light_photo,single_object,7,0.11479166666666667,0.11395833333333333,0,0,239.909375,44.08688506615825,0.974134667339512,255.0,255.0,255.0,0.15_0.30
data/raw/images/КБ-2014-Р6-193_orig.jpg,7411,6980,1.0617478510028653,160,151,0.30951986754966887,white_uniform,single_object,4,0.13389900662251655,0.13149834437086091,0,0,252.30312165058953,13.060909439457168,0.05991646619494067,255.0,255.0,255.0,ge_0.30
data/raw/images/КБ-2014-Р6-194_orig.jpg,4279,8229,0.5199902782841171,83,160,0.4419427710843373,light_photo,multi_view,4,0.20120481927710843,0.19367469879518073,0,0,245.95353223593963,23.071743315228364,1.253945163188896,255.0,255.0,255.0,ge_0.30
data/raw/images/КБ-2014-Р6-199_orig.jpg,4205,10449,0.40243085462723704,64,160,0.51787109375,light_photo,multi_view,4,0.22431640625,0.2193359375,0,1,243.33426339285714,31.52298916443648,1.8102319866270624,255.0,255.0,255.0,ge_0.30
data/raw/images/КБ-2014-Р6-202_orig.jpg,2891,4471,0.6466114963095504,103,160,0.4732402912621359,white_uniform,single_object,3,0.3441747572815534,0.11638349514563107,0,1,251.9302122940431,14.6016610806165,0.7360096342176345,255.0,255.0,255.0,ge_0.30
data/raw/images/ЛАО-2012-М102-Ш1-004_orig.jpg,6376,4984,1.2792937399678972,160,125,0.3017,white_uniform,single_object,5,0.1332,0.1312,0,0,254.76505847953217,2.5517103056400385,0.24630816000276184,255.0,255.0,255.0,ge_0.30
data/raw/images/ЛАО-2012-М102-Ш1-005_orig.jpg,5680,5936,0.9568733153638814,153,160,0.22152777777777777,white_uniform,single_object,6,0.09975490196078432,0.06805555555555555,0,0,254.65561767838128,6.280259545391939,0.04408427313201932,255.0,255.0,255.0,0.15_0.30
data/raw/images/ЛАО-2012-М102-Ш1-006_orig.jpg,5536,4952,1.1179321486268174,160,143,0.2585227272727273,white_uniform,single_object,5,0.11652097902097902,0.0888986013986014,0,0,254.97889163916392,0.9759619947385008,0.11148068293307346,255.0,255.0,255.0,0.15_0.30
data/raw/images/ЛАО-2012-М102-Ш1-021_orig.jpg,6444,5650,1.1405309734513274,160,140,0.2200892857142857,white_uniform,single_object,5,0.11790178571428571,0.07339285714285715,0,0,254.97493055555552,0.306784767101656,0.1314939201563783,255.0,255.0,255.0,0.15_0.30
data/raw/images/ЛАО-2012-М102-Ш1-057_orig.jpg,9608,5248,1.8307926829268293,160,87,0.2480603448275862,white_uniform,single_object,5,0.09691091954022989,0.09561781609195402,0,0,253.99907219973008,10.495108120492334,0.6047490331358945,255.0,255.0,255.0,0.15_0.30
data/raw/images/ЛАО-2012-М102-Ш3-118_orig.jpg,7908,7617,1.0382040173296574,160,154,0.3046672077922078,white_uniform,single_object,6,0.11022727272727273,0.10746753246753246,0,0,253.09136146496814,13.496622852361368,0.03749231391771945,255.0,255.0,255.0,ge_0.30
data/raw/images/ЛАО-2012-М102-Ш3-131_orig.jpg,3878,6718,0.5772551354569813,92,160,0.21222826086956523,white_uniform,single_object,5,0.08668478260869565,0.08226902173913044,0,0,253.25173611111111,9.967843180414693,0.5494709343696409,255.0,255.0,255.0,0.15_0.30
data/raw/images/ЛАО-2012-М102-Ш3-132_orig.jpg,6184,3208,1.9276807980049875,160,83,0.24156626506024095,white_uniform,single_object,5,0.14329819277108433,0.05572289156626506,0,0,253.1127400548697,10.727874158678215,0.6563176212808528,255.0,255.0,255.0,0.15_0.30
data/raw/images/ЛАО-2012-М102-Ш4-175_orig.jpg,2608,6248,0.4174135723431498,67,160,0.3532649253731343,white_uniform,single_object,5,0.1546641791044776,0.15046641791044776,0,0,253.9618208516887,7.172632561969956,0.8736777684729784,255.0,255.0,255.0,ge_0.30
data/raw/images/ЛАО-2012-М102-Ш4-179_orig.jpg,3684,7521,0.4898284802552852,78,160,0.26778846153846153,white_uniform,single_object,5,0.09887820512820512,0.0936698717948718,0,0,253.890756302521,9.392865783452477,0.7136999894512056,255.0,255.0,255.0,0.15_0.30
data/raw/images/ЛАО-2012-М102-Ш4-181_orig.jpg,7164,6144,1.166015625,160,137,0.2903284671532847,white_uniform,single_object,7,0.08927919708029197,0.08398722627737226,0,1,252.4525112233446,13.845122583029001,0.4535924883530943,255.0,255.0,255.0,0.15_0.30
data/raw/images/ЛАО-2012-М102-Ш4-182_orig.jpg,4524,6453,0.701069270106927,112,160,0.57578125,light_photo,multi_view,5,0.2493861607142857,0.24927455357142858,0,1,250.20067401960787,19.14091454009757,1.2551485806998286,255.0,255.0,255.0,ge_0.30
data/raw/images/ЛАО-2012-М102-Ш5-186_orig.jpg,8528,5296,1.6102719033232629,160,99,0.34873737373737373,white_uniform,single_object,4,0.1486111111111111,0.14457070707070707,0,0,252.46766409266408,16.599007618445032,0.47640304878878165,255.0,255.0,255.0,ge_0.30
data/raw/images/ЛАО-2012-М102-Ш5-188_orig.jpg,7520,4520,1.663716814159292,160,96,0.4268880208333333,white_uniform,multi_view,4,0.19602864583333332,0.1951171875,0,0,254.52880859375,3.6051577893975635,1.1090541441176085,255.0,255.0,255.0,ge_0.30
data/raw/images/ЛАО-2012-М102-Ш5-189_orig.jpg,6732,4770,1.411320754716981,160,113,0.375,white_uniform,multi_view,5,0.16819690265486725,0.16775442477876107,0,1,253.17651098901098,13.201059189791485,1.2445259714283097,255.0,255.0,255.0,ge_0.30
data/raw/images/ЛАО-2012-М102-Ш5-190_orig.jpg,7584,5326,1.4239579421704844,160,112,0.39162946428571427,white_uniform,multi_view,5,0.17728794642857143,0.17405133928571428,0,0,253.97671568627447,9.431608456116725,0.9534402775609803,255.0,255.0,255.0,ge_0.30
data/raw/images/ЛАО-2012-М102-Ш5-191_orig.jpg,7152,4374,1.635116598079561,160,98,0.3793367346938776,white_uniform,multi_view,4,0.17448979591836736,0.17213010204081633,0,0,254.0297965116279,7.749690915285024,1.0917141156166368,255.0,255.0,255.0,ge_0.30
data/raw/images/ЛАО-2012-М102-Ш5-192_orig.jpg,7352,4568,1.6094570928196148,160,99,0.340530303030303,white_uniform,single_object,5,0.1350378787878788,0.13143939393939394,0,0,251.510296010296,16.53109115104785,0.4758969126996769,255.0,255.0,255.0,ge_0.30
data/raw/images/ЛАО-2012-М102-Ш5-193_orig.jpg,5304,5480,0.9678832116788321,155,160,0.27987903225806454,white_uniform,single_object,5,0.12870967741935485,0.12375,0,1,254.9670634920635,0.49452007752958727,0.3326438480763628,255.0,255.0,255.0,0.15_0.30
data/raw/images/ЛАО-2012-М102-Ш5-194_orig.jpg,6324,6561,0.9638774577046182,154,160,0.2724025974025974,white_uniform,single_object,5,0.12548701298701298,0.11611201298701299,0,0,254.73726114649682,3.0894050736141048,0.0367911110155149,255.0,255.0,255.0,0.15_0.30
data/raw/images/ЛАО-2012-М102-Ш5-195_orig.jpg,5460,6406,0.8523259444270996,136,160,0.29802389705882354,white_uniform,single_object,5,0.13419117647058823,0.12964154411764706,0,1,253.61655405405406,11.449442659996846,0.45978626143015267,255.0,255.0,255.0,0.15_0.30
data/raw/images/ЛАО-2012-М102-Ш5-196_orig.jpg,6648,5865,1.1335038363171355,160,141,0.2687056737588652,white_uniform,single_object,4,0.12247340425531915,0.1112145390070922,0,0,253.8028792912514,7.505476345456977,0.12531357544770821,255.0,255.0,255.0,0.15_0.30
data/raw/images/ЛАО-2012-М102-Ш5-197_orig.jpg,6064,5384,1.12630014858841,160,142,0.23851232394366198,white_uniform,single_object,5,0.10999119718309859,0.10008802816901409,0,0,254.90797461368658,1.3164259357778727,0.11893805599764384,255.0,255.0,255.0,0.15_0.30
data/raw/images/ЛАО-2012-М102-Ш5-203_orig.jpg,5488,4976,1.1028938906752412,160,145,0.2420258620689655,white_uniform,single_object,5,0.1056896551724138,0.10073275862068966,0,1,254.96495901639344,0.6459040050567848,0.3979375349867058,255.0,255.0,255.0,0.15_0.30
data/raw/images/Маяк-11-Ш1-06_orig.jpg,4112,6592,0.6237864077669902,100,160,0.2163125,white_uniform,single_object,5,0.090625,0.0883125,0,0,254.8564903846154,2.2710195926702523,0.4719472644543067,255.0,255.0,255.0,0.15_0.30
data/raw/images/Маяк-11-Ш1-07_orig.jpg,4116,8205,0.5016453382084095,80,160,0.2625,white_uniform,single_object,5,0.109375,0.10703125,0,0,254.92717013888887,1.1477343729975877,0.689861906570251,255.0,255.0,255.0,0.15_0.30
data/raw/images/Маяк-11-Ш2-21_orig.jpg,7184,3632,1.9779735682819384,160,81,0.24699074074074073,white_uniform,single_object,5,0.1125,0.10848765432098766,0,0,255.0,0.0,0.6820728702608516,255.0,255.0,255.0,0.15_0.30
data/raw/images/Маяк-11-Ш2-37_orig.jpg,7184,10655,0.6742374472078836,108,160,0.2240162037037037,white_uniform,single_object,6,0.06105324074074074,0.06001157407407407,0,0,254.47170398009948,7.565285746298791,0.39417293455068203,255.0,255.0,255.0,0.15_0.30
data/raw/images/Маяк-11-Ш3-68_orig.jpg,6296,5064,1.2432859399684044,160,129,0.2377422480620155,white_uniform,single_object,5,0.10707364341085271,0.10247093023255814,0,0,254.98781718569782,0.5673757206728148,0.21775782627322704,255.0,255.0,255.0,0.15_0.30
data/raw/images/Маяк-11-Ш3-72_orig.jpg,6104,3440,1.7744186046511627,160,90,0.25069444444444444,white_uniform,single_object,5,0.10472222222222222,0.09798611111111111,0,0,254.99633333333333,0.15719025980568213,0.5734728225968488,255.0,255.0,255.0,0.15_0.30
data/raw/images/Нц-106-19_orig.jpg,6836,6152,1.111183355006502,160,144,0.2603298611111111,white_uniform,single_object,5,0.06753472222222222,0.06610243055555555,0,1,255.0,0.0,0.4054255330500016,255.0,255.0,255.0,0.15_0.30
data/raw/images/Нц-23-0180_orig.jpg,4008,3186,1.2580037664783428,160,127,0.25580708661417323,white_uniform,single_object,4,0.1186023622047244,0.11850393700787401,0,0,255.0,0.0,0.2295261522947069,255.0,255.0,255.0,0.15_0.30
data/raw/images/Нц-102-1519_orig.jpg,3948,2850,1.3852631578947368,160,116,0.15484913793103447,white_uniform,close_up,8,0.053717672413793105,0.052370689655172414,0,0,255.0,0.0,0.3258901272906759,255.0,255.0,255.0,0.15_0.30
data/raw/images/Нц-102-1523_orig.jpg,3645,3871,0.9416171531903901,151,160,0.19673013245033114,white_uniform,single_object,7,0.06361754966887417,0.061258278145695365,0,0,255.0,0.0,0.060156506134889584,255.0,255.0,255.0,0.15_0.30
data/raw/images/Нц-102-1945_orig.jpg,6769,5005,1.3524475524475525,160,118,0.32457627118644067,white_uniform,single_object,4,0.1363877118644068,0.1305614406779661,0,0,255.0,0.0,0.30191595275928673,255.0,255.0,255.0,ge_0.30
data/raw/images/Нц-102-1976_orig.jpg,6140,3728,1.6469957081545064,160,97,0.3503865979381443,white_uniform,single_object,5,0.16082474226804125,0.15251288659793816,0,0,255.0,0.0,0.4989528453357063,255.0,255.0,255.0,ge_0.30
data/raw/images/Нц-102-1977_orig.jpg,4907,3860,1.2712435233160622,160,126,0.3068452380952381,white_uniform,single_object,6,0.12118055555555556,0.11964285714285715,0,0,255.0,0.0,0.23999557363102683,255.0,255.0,255.0,ge_0.30
data/raw/images/Нц-106-03_orig.jpg,10215,4170,2.449640287769784,160,65,0.2366346153846154,white_uniform,single_object,3,0.11817307692307692,0.11596153846153846,0,0,255.0,0.0,0.8959411924588753,255.0,255.0,255.0,0.15_0.30
data/raw/images/Нц-106-11_orig.jpg,4904,3281,1.494666260286498,160,107,0.22932242990654206,white_uniform,single_object,4,0.11121495327102804,0.10858644859813084,0,0,254.9252496878901,2.4773378156827466,0.40190294465494564,255.0,255.0,255.0,0.15_0.30
data/raw/images/Нц-23-0261_orig.jpg,4716,3474,1.3575129533678756,160,118,0.17452330508474576,white_uniform,close_up,4,0.12770127118644067,0.034216101694915256,0,0,255.0,0.0,0.30565431485621125,255.0,255.0,255.0,0.15_0.30
data/raw/images/Нц-23-0561_orig.jpg,9617,6827,1.4086714515892778,160,114,0.1962171052631579,white_uniform,single_object,4,0.08432017543859649,0.05350877192982456,0,0,255.0,0.0,0.3426470272942014,255.0,255.0,255.0,0.15_0.30
data/raw/images/Нц-23-1058_orig.jpg,6003,2952,2.033536585365854,160,79,0.3881329113924051,light_photo,multi_view,4,0.18931962025316457,0.18156645569620253,0,0,251.25993723849373,24.2324362347742,1.30977643753148,255.0,255.0,255.0,ge_0.30
data/raw/images/Нц-23-1080_orig.jpg,3168,1724,1.8375870069605569,160,87,0.14655172413793102,white_uniform,close_up,3,0.11156609195402299,0.019971264367816093,0,0,254.99865047233467,0.04680984117918911,0.6084533017106781,255.0,255.0,255.0,0.08_0.15
data/raw/images/Нц-23-1215_orig.jpg,6384,3168,2.015151515151515,160,79,0.358623417721519,white_uniform,multi_view,4,0.17420886075949368,0.17373417721518988,0,0,254.34675732217573,5.9347524427030836,1.3006943861953282,255.0,255.0,255.0,ge_0.30
data/raw/images/Нц-23-1503_orig.jpg,4656,2334,1.9948586118251928,160,80,0.345546875,white_uniform,multi_view,4,0.1653125,0.163515625,0,0,254.10104166666667,6.833996331530695,1.2905731765647723,255.0,255.0,255.0,ge_0.30
data/raw/images/Нц-23-1785_orig.jpg,4286,2398,1.787322768974145,160,90,0.3229166666666667,white_uniform,single_object,4,0.15513888888888888,0.15354166666666666,0,0,254.99975,0.015809411753762374,0.5807188404460628,255.0,255.0,255.0,ge_0.30
data/raw/images/Нц-23-1970_orig.jpg,2852,3467,0.8226132102682434,132,160,0.353030303030303,white_uniform,single_object,4,0.20175189393939394,0.1428503787878788,0,0,255.0,0.0,0.19526916415083692,255.0,255.0,255.0,ge_0.30
data/raw/images/Нц-23-2064_orig.jpg,4189,3379,1.2397158922758214,160,129,0.3955910852713178,white_uniform,single_object,4,0.22756782945736434,0.1560077519379845,0,0,254.5254469434833,5.289488380199992,0.214882234232745,255.0,255.0,255.0,ge_0.30
data/raw/images/Нц-23-2163_orig.jpg,5868,2814,2.0852878464818763,160,77,0.3491883116883117,white_uniform,multi_view,4,0.16688311688311688,0.1650974025974026,0,0,254.8808895921238,1.3648784245944967,1.3349069015885378,255.0,255.0,255.0,ge_0.30
data/raw/images/Нц-23-2188_orig.jpg,2844,3060,0.9294117647058824,149,160,0.3099832214765101,white_uniform,single_object,5,0.2882130872483222,0.012625838926174497,0,1,254.89360841423948,1.5581467926312174,0.37320340402329494,255.0,255.0,255.0,ge_0.30
data/raw/images/Нц-23-2266_orig.jpg,2052,2508,0.8181818181818182,131,160,0.42185114503816795,white_uniform,single_object,5,0.3958969465648855,0.012547709923664122,0,0,254.99441580756013,0.3386141438928374,0.2006706954621511,255.0,255.0,255.0,ge_0.30
data/raw/images/Нц-23-2271_orig.jpg,2662,3438,0.7742873763816173,124,160,0.328125,white_uniform,single_object,5,0.3,0.019052419354838708,0,0,254.99735915492957,0.16383411575923312,0.25581218698773756,255.0,255.0,255.0,ge_0.30
data/raw/images/Нц-24-026_orig.jpg,2612,2440,1.0704918032786885,160,149,0.14651845637583893,light_photo,close_up,4,0.09429530201342282,0.02197986577181208,0,0,250.83333333333334,26.831747827487604,0.06811817210907414,255.0,255.0,255.0,0.08_0.15
data/raw/images/Нц-24-129_orig.jpg,3240,2060,1.5728155339805825,160,102,0.28143382352941176,white_uniform,single_object,3,0.2479779411764706,0.02230392156862745,0,0,254.7707538167939,4.259718749057645,0.4528673470027483,255.0,255.0,255.0,0.15_0.30
data/raw/images/Нц-24-130_orig.jpg,3066,2181,1.4057771664374141,160,114,0.31140350877192985,white_uniform,single_object,4,0.2798793859649123,0.02154605263157895,0,0,254.83918795620437,3.46222316485539,0.34059029323013046,255.0,255.0,255.0,ge_0.30
data/raw/images/Нц-24-190_orig.jpg,3092,2484,1.2447665056360708,160,129,0.29530038759689925,white_uniform,single_object,5,0.20159883720930233,0.05876937984496124,0,0,254.99978373702422,0.014704292098018663,0.21894796665394317,255.0,255.0,255.0,0.15_0.30
data/raw/images/Нц-25-0068_orig.jpg,5226,2856,1.8298319327731092,160,87,0.38125,white_uniform,multi_view,4,0.18649425287356322,0.1841235632183908,0,0,255.0,0.0,1.2042241226210826,255.0,255.0,255.0,ge_0.30
data/raw/images/Нц-25-0093_orig.jpg,6134,7960,0.7706030150753769,123,160,0.38221544715447153,white_uniform,single_object,8,0.12332317073170732,0.11895325203252033,0,0,251.4804181389871,12.234459038636446,0.26058193416423187,255.0,255.0,255.0,ge_0.30
data/raw/images/Нц-25-0417_orig.jpg,5745,3846,1.4937597503900155,160,107,0.21302570093457943,white_uniform,single_object,5,0.07143691588785046,0.06804906542056074,0,0,255.0,0.0,0.40129626413413094,255.0,255.0,255.0,0.15_0.30
data/raw/images/Нц-25-0652_orig.jpg,4558,4674,0.9751818570817287,156,160,0.276963141025641,white_uniform,single_object,5,0.1078125,0.10484775641025641,0,0,254.50224156118148,5.443240098254526,0.025131305293173745,255.0,255.0,255.0,0.15_0.30
data/raw/images/Нц-25-0730_orig.jpg,6672,2994,2.2284569138276553,160,72,0.37994791666666666,white_uniform,multi_view,3,0.1842013888888889,0.18411458333333333,0,0,253.60695043103448,8.654351789725252,1.401309379059009,255.0,255.0,255.0,ge_0.30
data/raw/images/Нц-25-0759_orig.jpg,3960,3168,1.25,160,128,0.391357421875,white_uniform,multi_view,4,0.1890625,0.187646484375,0,0,254.45833333333334,5.993667086090859,0.8231435513142098,255.0,255.0,255.0,ge_0.30
data/raw/images/Нц-25-1004_orig.jpg,5784,3179,1.8194400754954387,160,88,0.23416193181818182,white_uniform,single_object,4,0.11264204545454545,0.10958806818181818,0,0,255.0,0.0,0.5985288029277979,255.0,255.0,255.0,0.15_0.30
data/raw/images/Нц-26-027_orig.jpg,2358,2268,1.0396825396825398,160,154,0.4537743506493506,white_uniform,single_object,3,0.42686688311688314,0.015746753246753245,0,0,253.4140127388535,6.404512024581995,0.03891541624967362,255.0,255.0,255.0,ge_0.30
data/raw/images/Нц-27-261_orig.jpg,5874,3228,1.8197026022304832,160,88,0.3341619318181818,white_uniform,multi_view,3,0.16392045454545454,0.16107954545454545,0,0,253.83887768817203,9.309870696116514,1.198673082368726,255.0,255.0,255.0,ge_0.30
data/raw/images/Нц-27-470_orig.jpg,5950,3426,1.73671920607122,160,92,0.2908967391304348,white_uniform,single_object,3,0.14558423913043478,0.14021739130434782,0,0,254.3163029100529,9.72981771781084,0.5519978196556101,255.0,255.0,255.0,0.15_0.30
data/raw/images/Нц-27-481_orig.jpg,4425,4404,1.0047683923705721,160,159,0.41859276729559747,white_uniform,multi_view,4,0.2054245283018868,0.20275157232704402,0,0,255.0,0.0,0.6047570595994592,255.0,255.0,255.0,ge_0.30
data/raw/images/Нц-27-493_orig.jpg,4650,2419,1.9222819346837536,160,83,0.4618222891566265,white_uniform,single_object,3,0.43960843373493974,0.013930722891566265,0,0,253.88365912208508,8.899009439639997,0.6535129879713748,255.0,255.0,255.0,ge_0.30
data/raw/images/Нц-27-537_orig.jpg,3204,3072,1.04296875,160,153,0.30580065359477127,white_uniform,single_object,3,0.2863970588235294,0.014501633986928105,0,0,255.0,0.0,0.04207121392068706,255.0,255.0,255.0,ge_0.30
data/raw/images/Нц-27-591_orig.jpg,4050,2484,1.6304347826086956,160,98,0.403125,white_uniform,single_object,4,0.3826530612244898,0.011862244897959184,0,0,254.5767926356589,5.2591561972880925,0.4888467170472154,255.0,255.0,255.0,ge_0.30
data/raw/images/Нц-27-617_orig.jpg,6496,4768,1.3624161073825503,160,117,0.2534188034188034,white_uniform,single_object,4,0.134241452991453,0.11346153846153846,0,0,255.0,0.0,0.3092596730963281,255.0,255.0,255.0,0.15_0.30
data/raw/images/Нц-29-17_orig.jpg,3612,5196,0.6951501154734411,111,160,0.283277027027027,white_uniform,single_object,4,0.16300675675675674,0.11300675675675675,0,0,255.0,0.0,0.36362746325361417,255.0,255.0,255.0,0.15_0.30
data/raw/images/Нц-30-025_orig.jpg,6104,3103,1.9671285852400902,160,81,0.2443672839506173,white_uniform,single_object,3,0.12283950617283951,0.10717592592592592,0,0,254.9566908713693,0.736878188444647,0.6765749085159127,255.0,255.0,255.0,0.15_0.30
data/raw/images/Нц-30-065_orig.jpg,2718,2586,1.051044083526682,160,152,0.24140625,white_uniform,single_object,4,0.21611842105263157,0.014884868421052631,0,1,255.0,0.0,0.3497840353792862,255.0,255.0,255.0,0.15_0.30
data/raw/images/Нц-30-131_orig.jpg,3658,5067,0.7219261890665087,116,160,0.24224137931034484,white_uniform,single_object,5,0.12198275862068965,0.10328663793103449,0,0,255.0,0.0,0.32583237652509883,255.0,255.0,255.0,0.15_0.30
data/raw/images/Нц-30-662_orig.jpg,4044,3042,1.3293885601577908,160,120,0.44546875,white_uniform,multi_view,4,0.22057291666666667,0.2159375,0,0,254.81889880952377,1.961507047780009,0.8847191073211238,255.0,255.0,255.0,ge_0.30
data/raw/images/Нц-30-689_orig.jpg,5292,2736,1.9342105263157894,160,83,0.3605421686746988,white_uniform,multi_view,4,0.17259036144578313,0.17251506024096386,0,0,253.6844993141289,7.653569642338038,1.259699246492405,255.0,255.0,255.0,ge_0.30
data/raw/images/Нц-30-705_orig.jpg,4545,6456,0.703996282527881,113,160,0.24585176991150443,white_uniform,single_object,4,0.1206858407079646,0.11509955752212389,0,0,255.0,0.0,0.3509822033382055,255.0,255.0,255.0,0.15_0.30
data/raw/images/Нц-30-716_orig.jpg,3198,2424,1.3193069306930694,160,121,0.29173553719008266,white_uniform,single_object,6,0.13357438016528925,0.13145661157024793,0,1,254.99977758007117,0.014912091006994421,0.5771065462046945,255.0,255.0,255.0,0.15_0.30
data/raw/images/Нц-30-733_orig.jpg,7292,4898,1.4887709269089424,160,107,0.2827102803738318,white_uniform,single_object,4,0.14106308411214954,0.136857476635514,0,0,255.0,0.0,0.3979508982864406,255.0,255.0,255.0,0.15_0.30
data/raw/images/Нц-30-736_orig.jpg,6936,4476,1.549597855227882,160,103,0.28731796116504854,white_uniform,single_object,3,0.14089805825242718,0.13841019417475728,0,0,255.0,0.0,0.43799544902856186,255.0,255.0,255.0,0.15_0.30
data/raw/images/Нц-30-899_orig.jpg,8988,7761,1.1580981832238113,160,138,0.22807971014492753,white_uniform,single_object,5,0.058605072463768115,0.05498188405797101,0,0,255.0,0.0,0.1467791624510809,255.0,255.0,255.0,0.15_0.30
data/raw/images/Нц-30-935_orig.jpg,4632,2928,1.5819672131147542,160,101,0.33050742574257425,white_uniform,single_object,4,0.16002475247524753,0.15823019801980198,0,0,254.9956896551724,0.13123566678998558,0.4586691441716291,255.0,255.0,255.0,ge_0.30
data/raw/images/Нц-30-968_orig.jpg,6180,3054,2.0235756385068764,160,79,0.5003164556962025,white_uniform,multi_view,3,0.24849683544303797,0.24533227848101266,0,0,252.26333682008368,9.56130416113443,1.304866064673159,255.0,255.0,255.0,ge_0.30
data/raw/images/Нц-30-982_orig.jpg,6688,3816,1.7526205450733752,160,91,0.3602335164835165,white_uniform,multi_view,3,0.1813186813186813,0.17548076923076922,0,0,254.92131474103584,1.542307834112767,1.1611121221963603,255.0,255.0,255.0,ge_0.30
data/raw/images/Нц-31-0148_orig.jpg,10888,7118,1.529643158190503,160,105,0.1825595238095238,white_uniform,single_object,8,0.034345238095238095,0.034345238095238095,0,0,254.99952830188678,0.021713489219780953,0.42503447826116403,255.0,255.0,255.0,0.15_0.30
data/raw/images/Нц-31-0204_orig.jpg,3720,2800,1.3285714285714285,160,120,0.22541666666666665,white_uniform,single_object,4,0.20770833333333333,0.011197916666666667,0,0,255.0,0.0,0.2841042511038969,255.0,255.0,255.0,0.15_0.30
data/raw/images/Нц-31-0251_orig.jpg,8865,9278,0.9554860961414098,153,160,0.2560866013071895,white_uniform,single_object,6,0.06789215686274509,0.06535947712418301,0,0,255.0,0.0,0.04553506680338073,255.0,255.0,255.0,0.15_0.30
data/raw/images/Нц-31-0391_orig.jpg,2808,2732,1.027818448023426,160,156,0.21354166666666666,white_uniform,single_object,4,0.18862179487179487,0.015625,0,0,255.0,0.0,0.02743854445502103,255.0,255.0,255.0,0.15_0.30
data/raw/images/Нц-31-0593_orig.jpg,3352,3183,1.0530945648759031,160,152,0.30587993421052634,white_uniform,single_object,4,0.28955592105263156,0.009580592105263158,0,0,255.0,0.0,0.05173303431988074,255.0,255.0,255.0,ge_0.30
data/raw/images/Нц-31-0639_orig.jpg,6368,3104,2.051546391752577,160,78,0.3144230769230769,white_uniform,single_object,4,0.14951923076923077,0.14895833333333333,0,0,255.0,0.0,0.7185938462211094,255.0,255.0,255.0,ge_0.30
data/raw/images/Нц-31-0850_orig.jpg,6105,7120,0.8574438202247191,137,160,0.2364507299270073,white_uniform,single_object,3,0.1176551094890511,0.11473540145985402,0,0,255.0,0.0,0.1537996178612164,255.0,255.0,255.0,0.15_0.30
data/raw/images/Нц-32-0018_orig.jpg,6824,3120,2.187179487179487,160,73,0.24006849315068493,white_uniform,single_object,4,0.11712328767123288,0.11541095890410959,0,0,255.0,0.0,0.7826128083679869,255.0,255.0,255.0,0.15_0.30
data/raw/images/Нц-32-0019_orig.jpg,9121,3137,2.9075549888428434,160,55,0.3870454545454545,white_uniform,single_object,5,0.16818181818181818,0.15840909090909092,0,0,250.40397286821707,17.731102790862796,1.0673125179894802,255.0,255.0,255.0,ge_0.30
data/raw/images/Нц-32-0024_orig.jpg,6304,4279,1.4732414115447534,160,109,0.21628440366972476,white_uniform,single_object,3,0.10080275229357798,0.10051605504587156,0,0,255.0,0.0,0.3874650151208982,255.0,255.0,255.0,0.15_0.30
data/raw/images/Нц-32-0062_orig.jpg,6215,2542,2.44492525570417,160,65,0.36153846153846153,light_photo,single_object,5,0.1360576923076923,0.13173076923076923,0,0,250.42166666666665,23.719635033261184,0.894014552195412,255.0,255.0,255.0,ge_0.30
data/raw/images/Нц-32-0063_orig.jpg,6000,3696,1.6233766233766234,160,99,0.23308080808080808,white_uniform,single_object,4,0.11079545454545454,0.10593434343434344,0,0,255.0,0.0,0.4845083154486173,255.0,255.0,255.0,0.15_0.30
data/raw/images/Нц-32-0087_orig.jpg,7041,6769,1.0401831880632295,160,154,0.20223214285714286,white_uniform,single_object,5,0.07585227272727273,0.07398538961038961,0,0,255.0,0.0,0.03939684001052566,255.0,255.0,255.0,0.15_0.30
data/raw/images/Нц-32-0096_orig.jpg,6395,2973,2.1510258997645475,160,74,0.4143581081081081,light_photo,multi_view,4,0.19923986486486486,0.19864864864864865,0,0,248.2719017094017,22.261053703846404,1.3659448910148453,255.0,255.0,255.0,ge_0.30
data/raw/images/Нц-32-0099_orig.jpg,7372,2804,2.6291012838801713,160,61,0.23954918032786884,white_uniform,single_object,3,0.11454918032786886,0.11362704918032787,0,0,254.99886877828055,0.05316742081447964,0.9666420706352332,255.0,255.0,255.0,0.15_0.30
data/raw/images/Нц-32-0101_orig.jpg,6300,3264,1.9301470588235294,160,83,0.27974397590361444,white_uniform,single_object,3,0.14269578313253012,0.1272590361445783,0,0,254.97573731138544,1.0082875741718034,0.6575961962956265,255.0,255.0,255.0,0.15_0.30
data/raw/images/Нц-32-0130_orig.jpg,4308,3510,1.2273504273504274,160,130,0.21826923076923077,white_uniform,single_object,3,0.20283653846153846,0.009807692307692307,0,0,255.0,0.0,0.20485772181636774,255.0,255.0,255.0,0.15_0.30
data/raw/images/Нц-32-0136_orig.jpg,7200,4632,1.5544041450777202,160,103,0.1966019417475728,white_uniform,single_object,4,0.09508495145631068,0.09290048543689321,0,0,255.0,0.0,0.4410922857513155,255.0,255.0,255.0,0.15_0.30
data/raw/images/Нц-32-0217_orig.jpg,6672,3936,1.6951219512195121,160,94,0.29847074468085105,white_uniform,single_object,5,0.10093085106382979,0.10093085106382979,0,0,254.08325131233596,7.102720688493204,0.5277546858664386,255.0,255.0,255.0,0.15_0.30
data/raw/images/Нц-32-0339_orig.jpg,7002,2595,2.698265895953757,160,59,0.40084745762711865,white_uniform,multi_view,3,0.19872881355932204,0.19555084745762713,0,0,253.95899923896496,9.881820044412704,1.592609305914622,255.0,255.0,255.0,ge_0.30
data/raw/images/Нц-32-0344_orig.jpg,8278,4639,1.784436300926924,160,90,0.31840277777777776,white_uniform,single_object,4,0.12423611111111112,0.12111111111111111,0,0,254.58783333333335,4.078099608477785,0.5791025675569341,255.0,255.0,255.0,ge_0.30
data/raw/images/Нц-32-0466_orig.jpg,4674,3084,1.5155642023346303,160,106,0.4532429245283019,white_uniform,multi_view,4,0.22370283018867926,0.2232311320754717,0,0,254.72462406015038,3.5277251570213433,1.015787780415583,255.0,255.0,255.0,ge_0.30
data/raw/images/Нц-32-0509_orig.jpg,3784,3072,1.2317708333333333,160,130,0.3464423076923077,white_uniform,multi_view,4,0.16451923076923078,0.16399038461538462,0,0,254.44482758620688,6.196319052297073,0.808452835904206,255.0,255.0,255.0,ge_0.30
data/raw/images/Нц-32-0785_orig.jpg,3570,3654,0.9770114942528736,156,160,0.2709134615384615,white_uniform,single_object,4,0.14094551282051282,0.12259615384615384,0,0,254.23912183544303,6.7321597001873785,0.023256862164267235,255.0,255.0,255.0,0.15_0.30
data/raw/images/Нц-32-0837_orig.jpg,6895,4118,1.674356483729966,160,96,0.2770182291666667,white_uniform,single_object,3,0.1376953125,0.1357421875,0,0,255.0,0.0,0.5154289026396675,255.0,255.0,255.0,0.15_0.30
data/raw/images/Нц-32-0918_orig.jpg,3396,7188,0.4724540901502504,76,160,0.19950657894736842,white_uniform,single_object,5,0.06792763157894736,0.06332236842105263,0,0,255.0,0.0,0.7498147004722118,255.0,255.0,255.0,0.15_0.30
data/raw/images/Нц-32-0937_orig.jpg,8676,4284,2.0252100840336134,160,79,0.20118670886075948,white_uniform,single_object,3,0.09936708860759494,0.09683544303797469,0,0,255.0,0.0,0.7056734403791256,255.0,255.0,255.0,0.15_0.30
data/raw/images/Нц-32-0978_orig.jpg,2015,2574,0.7828282828282829,125,160,0.3901,white_uniform,single_object,5,0.35705,0.0191,0,0,255.0,0.0,0.24484191377528855,255.0,255.0,255.0,ge_0.30
data/raw/images/Нц-32-1000_orig.jpg,2933,2202,1.33197093551317,160,120,0.41572916666666665,white_uniform,single_object,4,0.38755208333333335,0.016875,0,1,253.52165178571428,12.120156431105215,0.5866597516948258,255.0,255.0,255.0,ge_0.30
data/raw/images/Нц-32-1037_orig.jpg,2808,2526,1.1116389548693586,160,144,0.42942708333333335,white_uniform,single_object,4,0.40828993055555557,0.010633680555555556,0,0,253.9636101973684,9.977509237524965,0.10583546223526526,255.0,255.0,255.0,ge_0.30
data/raw/images/Нц-33-0068_orig.jpg,3240,2544,1.2735849056603774,160,126,0.23874007936507938,white_uniform,single_object,5,0.10858134920634921,0.103125,0,1,255.0,0.0,0.5418356843263623,255.0,255.0,255.0,0.15_0.30
data/raw/images/Нц-33-0072_orig.jpg,4448,2952,1.5067750677506775,160,106,0.3758844339622642,white_uniform,multi_view,4,0.18443396226415093,0.18036556603773585,0,0,254.1938439849624,6.869231666090919,1.009971650210055,255.0,255.0,255.0,ge_0.30
data/raw/images/Нц-33-0075_orig.jpg,5214,2514,2.0739856801909307,160,77,0.32824675324675323,white_uniform,single_object,4,0.1546266233766234,0.1525974025974026,0,0,254.83799226441633,1.566161408466895,0.7294722053432543,255.0,255.0,255.0,ge_0.30
data/raw/images/Нц-33-0113_orig.jpg,6180,2634,2.34624145785877,160,68,0.36792279411764706,white_uniform,multi_view,5,0.1766544117647059,0.17527573529411763,0,0,253.56048976608187,6.15243009358298,1.4528146681485101,255.0,255.0,255.0,ge_0.30
data/raw/images/Нц-33-0129_orig.jpg,3880,3056,1.2696335078534031,160,126,0.3462301587301587,white_uniform,multi_view,5,0.1650297619047619,0.16125992063492064,0,0,254.48943764568762,6.16364862945215,0.838728282330908,255.0,255.0,255.0,ge_0.30
data/raw/images/Нц-33-0135_orig.jpg,6060,2526,2.3990498812351544,160,67,0.34682835820895525,white_uniform,multi_view,3,0.16707089552238805,0.1667910447761194,0,0,254.03203010279003,8.546530284114294,1.4750727761529236,255.0,255.0,255.0,ge_0.30
data/raw/images/Нц-33-0179_orig.jpg,6714,2814,2.3859275053304905,160,67,0.41408582089552237,white_uniform,multi_view,4,0.20690298507462687,0.19617537313432837,0,0,253.32176945668138,8.805089548640385,1.469587939865646,255.0,255.0,255.0,ge_0.30
data/raw/images/Нц-33-0286_orig.jpg,4314,2352,1.8341836734693877,160,87,0.2874281609195402,white_uniform,single_object,4,0.1331896551724138,0.1300287356321839,0,0,254.97343117408906,0.7216662626558807,0.6065995179305841,255.0,255.0,255.0,0.15_0.30
data/raw/images/Нц-33-0307_orig.jpg,9335,5217,1.789342534023385,160,89,0.28960674157303373,white_uniform,single_object,4,0.11945224719101123,0.10997191011235954,0,0,255.0,0.0,0.5818482529534302,255.0,255.0,255.0,0.15_0.30
data/raw/images/Нц-33-0621_orig.jpg,5214,3168,1.6458333333333333,160,97,0.3516752577319588,white_uniform,multi_view,4,0.16971649484536083,0.16514175257731958,0,0,254.99327172503243,0.24620578742703592,1.0982468415591304,255.0,255.0,255.0,ge_0.30
data/raw/images/Нц-33-0703_orig.jpg,1793,1232,1.4553571428571428,160,110,0.44278409090909093,white_uniform,multi_view,5,0.20051136363636363,0.19482954545454545,0,0,254.5849537037037,4.538952915355645,0.9752513295116677,255.0,255.0,255.0,ge_0.30
data/raw/images/Нц-33-1349_orig.jpg,9881,3712,2.661907327586207,160,60,0.260625,white_uniform,single_object,3,0.12760416666666666,0.1246875,0,0,255.0,0.0,0.9790429062888716,255.0,255.0,255.0,0.15_0.30
data/raw/images/Нц-33-1499_orig.jpg,2442,1686,1.4483985765124556,160,110,0.4275568181818182,white_uniform,multi_view,5,0.20193181818181818,0.20085227272727274,0,1,254.31334876543207,6.873275077270493,1.2704585161088493,255.0,255.0,255.0,ge_0.30
data/raw/images/Нц-33-1686_orig.jpg,3344,4320,0.774074074074074,124,160,0.2794858870967742,white_uniform,single_object,3,0.25826612903225804,0.013508064516129032,0,0,255.0,0.0,0.2560877070335638,255.0,255.0,255.0,0.15_0.30
data/raw/images/Нц-33-1713_orig.jpg,8608,4960,1.735483870967742,160,92,0.3183423913043478,white_uniform,single_object,4,0.11623641304347826,0.1155570652173913,0,0,253.46370701058203,11.489482914882226,0.5512862626825925,255.0,255.0,255.0,ge_0.30
data/raw/images/Нц-33-1733_orig.jpg,9708,3914,2.4803270311701584,160,65,0.32519230769230767,white_uniform,single_object,4,0.16163461538461538,0.15740384615384614,0,0,254.95314814814813,1.1209134129301395,0.9083904188904705,255.0,255.0,255.0,ge_0.30
data/raw/images/Нц-33-1878_orig.jpg,4494,2448,1.8357843137254901,160,87,0.5489942528735632,light_photo,multi_view,5,0.26163793103448274,0.25079022988505745,0,1,247.6248313090418,22.61878087902451,1.507471809113058,255.0,255.0,255.0,ge_0.30
data/raw/images/Нц-33-2946_orig.jpg,8964,4468,2.0062667860340198,160,80,0.298515625,white_uniform,single_object,4,0.15046875,0.141640625,0,0,255.0,0.0,0.6962756747317264,255.0,255.0,255.0,0.15_0.30
data/raw/images/Нц-33-2470_orig.jpg,3144,3168,0.9924242424242424,159,160,0.42059748427672955,white_uniform,single_object,4,0.3674135220125786,0.04583333333333333,0,0,254.61187304075236,4.613980571172149,0.007604599385219304,255.0,255.0,255.0,ge_0.30
data/raw/images/Нц-33-2608_orig.jpg,2766,2496,1.1081730769230769,160,144,0.1851128472222222,white_uniform,single_object,4,0.14878472222222222,0.019314236111111112,0,0,255.0,0.0,0.10271278273538519,255.0,255.0,255.0,0.15_0.30
data/raw/images/Нц-33-2748_orig.jpg,2624,2824,0.9291784702549575,149,160,0.28003355704697985,white_uniform,single_object,3,0.26417785234899327,0.009395973154362415,0,0,255.0,0.0,0.07345444854915306,255.0,255.0,255.0,0.15_0.30
data/raw/images/Нц-33-2751_orig.jpg,6708,3102,2.16247582205029,160,74,0.28826013513513515,white_uniform,single_object,3,0.15396959459459458,0.12694256756756755,0,0,255.0,0.0,0.7712537792066154,255.0,255.0,255.0,0.15_0.30
data/raw/images/Нц-33-2813_orig.jpg,5652,4762,1.1868962620747585,160,135,0.20837962962962964,white_uniform,single_object,4,0.16773148148148148,0.03398148148148148,0,0,255.0,0.0,0.17134171675760998,255.0,255.0,255.0,0.15_0.30
data/raw/images/Нц-33-2934_orig.jpg,2416,2504,0.9648562300319489,154,160,0.22195616883116884,white_uniform,single_object,3,0.2015016233766234,0.01359577922077922,0,0,255.0,0.0,0.035776173165283594,255.0,255.0,255.0,0.15_0.30
data/raw/images/Нц-33-2938_orig.jpg,2432,2688,0.9047619047619048,145,160,0.2656896551724138,white_uniform,single_object,3,0.2455603448275862,0.012456896551724137,0,0,255.0,0.0,0.10008345855698253,255.0,255.0,255.0,0.15_0.30
data/raw/images/Нц-33-2959_orig.jpg,6508,2540,2.562204724409449,160,62,0.2748991935483871,white_uniform,single_object,4,0.13598790322580645,0.12580645161290321,0,0,254.57657657657657,4.867824216680014,0.9408681083263462,255.0,255.0,255.0,0.15_0.30
data/raw/images/Нц-33-2987_orig.jpg,4048,3168,1.2777777777777777,160,125,0.22255,white_uniform,single_object,5,0.1195,0.07745,0,0,254.4206871345029,4.879612669131707,0.2451224580329849,255.0,255.0,255.0,0.15_0.30
data/raw/images/Нц-33-2988_orig.jpg,7878,3168,2.4867424242424243,160,64,0.21162109375,white_uniform,single_object,6,0.105859375,0.0884765625,0,0,254.82486979166666,3.0383303286382093,0.9109735905965347,255.0,255.0,255.0,0.15_0.30
data/raw/images/Нц-33-2989_orig.jpg,4674,2652,1.762443438914027,160,91,0.24478021978021977,white_uniform,single_object,5,0.132760989010989,0.08372252747252747,0,0,254.8502656042497,2.1381670774109445,0.5667011637930501,255.0,255.0,255.0,0.15_0.30
data/raw/images/Нц-33-2990_orig.jpg,3372,2148,1.5698324022346368,160,102,0.09834558823529412,white_uniform,close_up,7,0.023345588235294118,0.01954656862745098,0,0,255.0,0.0,0.6242041576106379,255.0,255.0,255.0,0.08_0.15
data/raw/images/Нц-33-2991_orig.jpg,3496,1772,1.9729119638826185,160,81,0.2887345679012346,white_uniform,single_object,5,0.1259259259259259,0.12438271604938271,0,1,254.9231500691563,1.624377396371468,0.9795106056103997,255.0,255.0,255.0,0.15_0.30
data/raw/images/Нц-33-3019_orig.jpg,6952,3200,2.1725,160,74,0.29155405405405405,white_uniform,single_object,4,0.13834459459459458,0.13699324324324325,0,0,254.99813034188034,0.08798994757494798,0.77587857815741,255.0,255.0,255.0,0.15_0.30
data/raw/images/Нц-33-3732_orig.jpg,7992,3546,2.253807106598985,160,71,0.3352992957746479,white_uniform,multi_view,3,0.16346830985915492,0.16214788732394367,0,0,254.99549062049059,0.17573828951233525,1.4126208336942363,255.0,255.0,255.0,ge_0.30
data/raw/images/Нц-33-4316_orig.jpg,8556,3408,2.51056338028169,160,64,0.1935546875,white_uniform,single_object,4,0.09794921875,0.080859375,0,0,254.97014508928572,0.49150300320891727,0.9205071822530898,255.0,255.0,255.0,0.15_0.30
data/raw/images/Нц-33-4872_orig.jpg,6264,3791,1.6523344763914534,160,97,0.280090206185567,white_uniform,single_object,4,0.13891752577319588,0.13505154639175257,0,0,254.99975680933852,0.015592675196410942,0.5021891221543041,255.0,255.0,255.0,0.15_0.30
data/raw/images/Нц-33-5144_orig.jpg,4628,3168,1.4608585858585859,160,110,0.4663068181818182,white_uniform,single_object,3,0.4540340909090909,0.006477272727272727,0,0,254.4337962962963,6.083734114285371,0.37902433537925073,255.0,255.0,255.0,ge_0.30
data/raw/images/Нц-33-5186_orig.jpg,7685,3912,1.9644683026584866,160,81,0.37199074074074073,white_uniform,multi_view,3,0.18603395061728395,0.18356481481481482,0,0,255.0,0.0,1.2752216248179882,255.0,255.0,255.0,ge_0.30
data/raw/images/Нц-33-5212_orig.jpg,5604,2928,1.9139344262295082,160,84,0.21651785714285715,white_uniform,single_object,4,0.10409226190476191,0.09799107142857143,0,0,255.0,0.0,0.6491610323756954,255.0,255.0,255.0,0.15_0.30
data/raw/images/Нц-33-5293_orig.jpg,3510,2768,1.268063583815029,160,126,0.23189484126984128,white_uniform,single_object,3,0.2269345238095238,0.0031746031746031746,0,0,255.0,0.0,0.23749099972235133,255.0,255.0,255.0,0.15_0.30
data/raw/images/Нц-33-5509_orig.jpg,6208,3776,1.6440677966101696,160,97,0.48292525773195877,white_uniform,multi_view,4,0.23801546391752576,0.23414948453608248,0,0,252.29758430609596,13.382644006881455,1.0971735345976634,255.0,255.0,255.0,ge_0.30
data/raw/images/Нц-33-5519_orig.jpg,4359,5470,0.7968921389396709,128,160,0.408984375,white_uniform,single_object,4,0.264501953125,0.13349609375,0,0,253.94661458333334,8.123889710296732,0.22703594317763431,255.0,255.0,255.0,ge_0.30
data/raw/images/Нц-33-5520_orig.jpg,4068,2865,1.4198952879581153,160,113,0.41432522123893806,white_uniform,single_object,3,0.397179203539823,0.008738938053097346,0,1,254.01900183150184,8.579639610932182,0.6505831280196106,255.0,255.0,255.0,ge_0.30
data/raw/images/Нц-33-5563_orig.jpg,5265,2760,1.9076086956521738,160,84,0.40595238095238095,white_uniform,multi_view,4,0.1965029761904762,0.19360119047619048,0,1,253.66068989071036,8.836865119161384,1.5458504658568801,255.0,255.0,255.0,ge_0.30
data/raw/images/Нц-33-5574_orig.jpg,4437,2118,2.094900849858357,160,76,0.3659539473684211,white_uniform,multi_view,4,0.17335526315789473,0.16595394736842106,0,0,253.19412076271186,10.564424343766753,1.3395062252175576,255.0,255.0,255.0,ge_0.30
data/raw/images/Нц-33-5599_orig.jpg,9040,2992,3.021390374331551,160,53,0.2706367924528302,white_uniform,single_object,3,0.1311320754716981,0.12959905660377358,0,0,254.60133020344287,4.805634929716969,1.1057171142918543,255.0,255.0,255.0,0.15_0.30
data/raw/images/Нц-33-5640_orig.jpg,4302,2272,1.8934859154929577,160,85,0.30022058823529413,white_uniform,single_object,4,0.13676470588235295,0.13522058823529412,0,0,255.0,0.0,0.6384195299866334,255.0,255.0,255.0,ge_0.30
data/raw/images/Нц-33-5724_orig.jpg,2322,2286,1.015748031496063,160,158,0.22195411392405062,white_uniform,single_object,4,0.18710443037974683,0.01965981012658228,0,0,255.0,0.0,0.015625317903080815,255.0,255.0,255.0,0.15_0.30
data/raw/images/Нц-33-5728_orig.jpg,6413,2388,2.6855108877721943,160,60,0.2942708333333333,white_uniform,single_object,4,0.13989583333333333,0.13208333333333333,0,0,254.50767045454546,5.1073641378752646,0.9878709846363702,255.0,255.0,255.0,0.15_0.30
data/raw/images/Нц-33-5736_orig.jpg,7739,4365,1.7729667812142038,160,90,0.32590277777777776,white_uniform,single_object,5,0.12270833333333334,0.11902777777777777,0,0,253.26891666666668,13.937726199210786,0.5726542909967565,255.0,255.0,255.0,ge_0.30
data/raw/images/Нц-33-5749_orig.jpg,5346,2430,2.2,160,73,0.3154965753424658,white_uniform,single_object,4,0.14631849315068493,0.14563356164383562,0,0,254.99722818311875,0.11171568931058448,0.7884573603642703,255.0,255.0,255.0,ge_0.30
data/raw/images/Нц-33-5758_orig.jpg,5515,3248,1.6979679802955665,160,94,0.3313829787234043,white_uniform,single_object,4,0.15917553191489361,0.15498670212765958,0,0,255.0,0.0,0.5294322304060343,255.0,255.0,255.0,ge_0.30
data/raw/images/Нц-33-5772_orig.jpg,7352,3438,2.138452588714369,160,75,0.3545833333333333,white_uniform,multi_view,4,0.17641666666666667,0.16925,0,0,254.44689716312058,4.994395719138969,1.3600824780927283,255.0,255.0,255.0,ge_0.30
data/raw/images/Нц-33-5782_orig.jpg,3692,3504,1.0536529680365296,160,152,0.2772615131578947,white_uniform,single_object,4,0.13914473684210527,0.1272203947368421,0,0,255.0,0.0,0.052263143566460675,255.0,255.0,255.0,0.15_0.30
data/raw/images/Нц-33-5829_orig.jpg,5508,2522,2.183980967486122,160,73,0.2584760273972603,white_uniform,single_object,4,0.1261986301369863,0.11969178082191781,0,0,254.94554721030042,1.344923635791889,0.7811493433236805,255.0,255.0,255.0,0.15_0.30
data/raw/images/Нц-33-5841_orig.jpg,7360,2984,2.4664879356568363,160,65,0.36509615384615385,white_uniform,multi_view,3,0.17903846153846154,0.17721153846153845,0,0,255.0,0.0,1.5027952503992705,255.0,255.0,255.0,ge_0.30
data/raw/images/Нц-33-5842_orig.jpg,8592,3162,2.717267552182163,160,59,0.38008474576271184,white_uniform,multi_view,3,0.1875,0.18697033898305085,0,0,252.90800989345513,15.971803121396755,1.5996267989792285,255.0,255.0,255.0,ge_0.30
data/raw/images/Нц-34-079_orig.jpg,5325,5882,0.9053043182590955,145,160,0.2934051724137931,white_uniform,single_object,3,0.20668103448275862,0.08262931034482758,0,0,255.0,0.0,0.0994841285363145,255.0,255.0,255.0,0.15_0.30
data/raw/images/Нц-34-081_orig.jpg,3466,5298,0.6542091355228388,105,160,0.3022619047619048,white_uniform,single_object,3,0.18732142857142858,0.10696428571428572,0,0,255.0,0.0,0.42432819955646367,255.0,255.0,255.0,ge_0.30
data/raw/images/Нц-34-099_orig.jpg,5120,4457,1.1487547677810186,160,139,0.34743705035971223,white_uniform,single_object,3,0.18714028776978417,0.1560701438848921,0,0,255.0,0.0,0.13867854508699762,255.0,255.0,255.0,ge_0.30
data/raw/images/Нц-34-137_orig.jpg,3312,3216,1.0298507462686568,160,155,0.25903225806451613,white_uniform,single_object,3,0.2484274193548387,0.008346774193548387,0,0,255.0,0.0,0.029413885206293407,255.0,255.0,255.0,0.15_0.30
data/raw/images/Нц-35-033_orig.jpg,4982,2810,1.7729537366548043,160,90,0.4448611111111111,white_uniform,multi_view,3,0.21881944444444446,0.21659722222222222,0,0,253.13375,10.158615656112358,1.1726469334943341,255.0,255.0,255.0,ge_0.30
data/raw/images/Нц-35-123_orig.jpg,5727,4619,1.239878761636718,160,129,0.3946220930232558,light_photo,multi_view,4,0.17340116279069767,0.17015503875968993,0,0,249.21647923875432,21.969930222261116,0.8150136019632519,255.0,255.0,255.0,ge_0.30
data/raw/images/Нц-35-151_orig.jpg,3324,4389,0.7573479152426521,121,160,0.42613636363636365,white_uniform,multi_view,4,0.24447314049586777,0.16895661157024794,0,0,254.72723902728353,3.4995499666333134,0.8779325337128951,255.0,255.0,255.0,ge_0.30
data/raw/images/Нц-35-180_orig.jpg,6418,3420,1.8766081871345028,160,85,0.3561764705882353,light_photo,single_object,5,0.13308823529411765,0.11941176470588236,0,1,249.49591836734695,25.192991712236896,0.9294659916131514,255.0,255.0,255.0,ge_0.30
data/raw/images/Нц-35-190_orig.jpg,5989,2951,2.029481531684175,160,79,0.5879746835443038,light_photo,multi_view,4,0.29240506329113924,0.2867879746835443,0,0,248.42067642956764,19.05658723806954,1.3077803573215232,255.0,255.0,255.0,ge_0.30
data/raw/images/Нц-35-225_orig.jpg,7644,3149,2.4274372816767227,160,66,0.32140151515151516,white_uniform,single_object,4,0.15416666666666667,0.15321969696969698,0,0,254.89712389380531,1.8516247847631133,0.886836084259139,255.0,255.0,255.0,ge_0.30
data/raw/images/Нц-35-314_orig.jpg,4139,4409,0.9387616239510093,150,160,0.26379166666666665,white_uniform,single_object,4,0.13408333333333333,0.11116666666666666,0,0,253.95020161290321,8.898335969374743,0.06319369360920526,255.0,255.0,255.0,0.15_0.30
data/raw/images/Нц-36-274_orig.jpg,8196,5484,1.4945295404814005,160,107,0.20922897196261683,white_uniform,single_object,4,0.09742990654205608,0.0959696261682243,0,0,255.0,0.0,0.4018114686765854,255.0,255.0,255.0,0.15_0.30
data/raw/images/Нц-36-397_orig.jpg,6066,4855,1.2494335736354274,160,128,0.28779296875,white_uniform,single_object,4,0.115283203125,0.115185546875,0,0,254.62984664351856,3.420844808087445,0.22269030752310112,255.0,255.0,255.0,0.15_0.30
data/raw/images/Нц-36-401_orig.jpg,6527,3876,1.683952528379773,160,95,0.38835526315789476,white_uniform,multi_view,3,0.19421052631578947,0.18855263157894736,0,0,254.98071895424835,0.5124365367903488,1.1211437256245604,255.0,255.0,255.0,ge_0.30
data/raw/images/Нц-36-469_orig.jpg,9437,3258,2.896562308164518,160,55,0.4228409090909091,white_uniform,multi_view,3,0.20931818181818182,0.20704545454545453,0,0,254.4327519379845,4.300096107689276,1.6635246228593425,255.0,255.0,255.0,ge_0.30
data/raw/images/Нц-36-503_orig.jpg,6589,5326,1.2371385655276004,160,129,0.14840116279069768,white_uniform,close_up,5,0.051744186046511625,0.0499031007751938,0,0,255.0,0.0,0.2128011045399423,255.0,255.0,255.0,0.08_0.15
data/raw/images/Нц-36-532_orig.jpg,4416,3588,1.2307692307692308,160,130,0.2470673076923077,white_uniform,single_object,5,0.10932692307692307,0.10668269230769231,0,0,255.0,0.0,0.20763936477824455,255.0,255.0,255.0,0.15_0.30
data/raw/images/Нц-36-704_orig.jpg,6456,4584,1.4083769633507854,160,114,0.3183114035087719,white_uniform,single_object,5,0.11096491228070175,0.1074561403508772,0,0,253.86275851581507,8.193024767440969,0.3424379515552093,255.0,255.0,255.0,ge_0.30
data/raw/images/Нц-37-0054_orig.jpg,6445,3168,2.0344065656565657,160,79,0.3654272151898734,white_uniform,multi_view,3,0.18180379746835443,0.17919303797468356,0,0,254.7939330543933,2.4279157538209963,1.3102041624389713,255.0,255.0,255.0,ge_0.30
data/raw/images/Нц-37-0071_orig.jpg,3584,2488,1.4405144694533762,160,111,0.3418355855855856,white_uniform,single_object,4,0.3168355855855856,0.017286036036036036,0,0,255.0,0.0,0.3650003202357511,255.0,255.0,255.0,ge_0.30
data/raw/images/Нц-37-0125_orig.jpg,3822,3876,0.9860681114551083,158,160,0.3091376582278481,white_uniform,single_object,3,0.3019778481012658,0.004509493670886076,0,0,255.0,0.0,0.014029848210438555,255.0,255.0,255.0,ge_0.30
data/raw/images/Нц-37-0195_orig.jpg,5352,5000,1.0704,160,149,0.42101510067114095,light_photo,single_object,5,0.1960989932885906,0.12172818791946309,0,0,250.9822006472492,20.969356325030535,0.06803241039182698,255.0,255.0,255.0,ge_0.30
data/raw/images/Нц-37-0203_orig.jpg,3244,2316,1.4006908462867012,160,114,0.30389254385964914,white_uniform,single_object,3,0.2835526315789474,0.012280701754385965,0,0,255.0,0.0,0.33696557654241766,255.0,255.0,255.0,ge_0.30
data/raw/images/Нц-37-0344_orig.jpg,8232,4116,2.0,160,80,0.351953125,white_uniform,single_object,4,0.1421875,0.13890625,0,0,255.0,0.0,0.6931471805599453,255.0,255.0,255.0,ge_0.30
data/raw/images/Нц-37-0466_orig.jpg,6320,8704,0.7261029411764706,116,160,0.2592133620689655,white_uniform,single_object,5,0.07586206896551724,0.07553879310344827,0,0,254.8870018115942,1.8119604334299244,0.3200634819548208,255.0,255.0,255.0,0.15_0.30
data/raw/images/Нц-37-0585_orig.jpg,4452,5952,0.7479838709677419,120,160,0.42578125,white_uniform,single_object,4,0.15645833333333334,0.14354166666666668,0,0,254.83883928571427,2.674851546460007,0.29037386411749244,255.0,255.0,255.0,ge_0.30
data/raw/images/Нц-37-0586_orig.jpg,3856,6832,0.5644028103044496,90,160,0.494375,white_uniform,single_object,5,0.14326388888888889,0.13354166666666667,0,0,254.92875,1.4264197970793877,0.5719870797379696,255.0,255.0,255.0,ge_0.30
data/raw/images/Нц-37-0587_orig.jpg,7140,3720,1.9193548387096775,160,83,0.36317771084337347,white_uniform,single_object,5,0.12100903614457831,0.11551204819277108,0,0,255.0,0.0,0.6519891080664378,255.0,255.0,255.0,ge_0.30
data/raw/images/Нц-37-0588_orig.jpg,6108,2578,2.3692785104732352,160,68,0.3738051470588235,light_photo,single_object,5,0.23400735294117647,0.06479779411764706,0,0,249.76279239766083,25.104541792587465,0.8625854828393904,255.0,255.0,255.0,ge_0.30
data/raw/images/Нц-37-0589_orig.jpg,6142,2942,2.087695445275323,160,77,0.4305194805194805,white_uniform,multi_view,5,0.16550324675324676,0.16396103896103897,0,0,251.94655414908578,11.288481244224883,1.3360607998393847,255.0,255.0,255.0,ge_0.30
data/raw/images/Нц-37-0590_orig.jpg,3360,3463,0.9702570025989027,155,160,0.4029032258064516,white_uniform,single_object,6,0.1525,0.14943548387096775,0,0,252.83174603174604,11.573301664324415,0.030194291445172043,255.0,255.0,255.0,ge_0.30
data/raw/images/Нц-37-0653_orig.jpg,8624,3168,2.7222222222222223,160,59,0.33008474576271185,white_uniform,single_object,4,0.1551906779661017,0.13061440677966102,0,0,254.5431887366819,3.897399812206816,1.001448540214462,255.0,255.0,255.0,ge_0.30
data/raw/images/Нц-37-0654_orig.jpg,9502,7020,1.3535612535612536,160,118,0.26477754237288137,white_uniform,single_object,6,0.0823093220338983,0.07372881355932204,0,0,255.0,0.0,0.30273908472700983,255.0,255.0,255.0,0.15_0.30
data/raw/images/Нц-37-0655_orig.jpg,7135,8488,0.84059849198869,134,160,0.33176305970149256,white_uniform,single_object,6,0.11735074626865671,0.11646455223880597,0,0,255.0,0.0,0.17364115038288222,255.0,255.0,255.0,ge_0.30
data/raw/images/Нц-37-0656_orig.jpg,7248,3777,1.9189833200953137,160,83,0.5706325301204819,light_photo,multi_view,5,0.2394578313253012,0.2309487951807229,0,1,249.42884087791495,23.20205255435567,1.5517955250103583,255.0,255.0,255.0,ge_0.30
data/raw/images/Нц-37-1369_orig.jpg,3534,3238,1.0914144533662755,160,147,0.17572278911564626,white_uniform,close_up,3,0.15578231292517006,0.013435374149659864,0,0,255.0,0.0,0.08747451864206131,255.0,255.0,255.0,0.15_0.30
data/raw/images/Нц-37-1482_orig.jpg,4605,3380,1.3624260355029585,160,117,0.3433226495726496,white_uniform,multi_view,4,0.16639957264957264,0.1639957264957265,0,0,254.61507220216606,4.50994971977862,0.9092669602123427,255.0,255.0,255.0,ge_0.30
data/raw/images/Нц-37-1527_orig.jpg,5047,2744,1.8392857142857142,160,87,0.32988505747126434,white_uniform,single_object,4,0.1596264367816092,0.15711206896551724,0,0,254.24595141700405,6.451801509523326,0.6093772974944864,255.0,255.0,255.0,ge_0.30
data/raw/images/Нц-37-1843_orig.jpg,4395,5483,0.8015684844063469,128,160,0.2916015625,white_uniform,single_object,4,0.156201171875,0.13173828125,0,0,255.0,0.0,0.2211848652847711,255.0,255.0,255.0,0.15_0.30
data/raw/images/Нц-38-09_orig.jpg,2965,4002,0.7408795602198901,119,160,0.2881827731092437,white_uniform,single_object,3,0.18975840336134453,0.08650210084033613,0,0,255.0,0.0,0.2999172037118528,255.0,255.0,255.0,0.15_0.30
data/raw/images/Нц-40-067_orig.jpg,6138,3368,1.8224465558194773,160,88,0.42670454545454545,white_uniform,multi_view,4,0.21072443181818182,0.2057528409090909,0,0,254.91263440860214,1.5506623208706722,1.2001798598174642,255.0,255.0,255.0,ge_0.30
data/raw/images/Нц-40-358_orig.jpg,7410,4334,1.7097369635440702,160,94,0.2801196808510638,white_uniform,single_object,5,0.09946808510638298,0.0971409574468085,0,0,254.9761318897638,1.004693751678134,0.5363395361938282,255.0,255.0,255.0,0.15_0.30
data/raw/images/Нц-41-0031_orig.jpg,4464,9596,0.46519383076281784,74,160,0.28344594594594597,white_uniform,single_object,5,0.11596283783783784,0.11554054054054054,0,0,255.0,0.0,0.7653011198984383,255.0,255.0,255.0,0.15_0.30
data/raw/images/Нц-41-0069_orig.jpg,6183,3168,1.9517045454545454,160,82,0.3592987804878049,white_uniform,multi_view,4,0.1757621951219512,0.175,0,0,254.87603305785123,2.1612725740644203,1.2687031166242522,255.0,255.0,255.0,ge_0.30
data/raw/images/Нц-41-0162_orig.jpg,3984,3282,1.2138939670932358,160,132,0.3385416666666667,white_uniform,single_object,3,0.326657196969697,0.008948863636363637,0,0,255.0,0.0,0.19383334705445265,255.0,255.0,255.0,ge_0.30
data/raw/images/Нц-41-0178_orig.jpg,6854,5576,1.2291965566714491,160,130,0.32466346153846154,white_uniform,single_object,4,0.12057692307692308,0.11658653846153846,0,1,255.0,0.0,0.5063607499941943,255.0,255.0,255.0,ge_0.30
data/raw/images/Нц-41-0331_orig.jpg,4752,3312,1.434782608695652,160,112,0.31802455357142856,white_uniform,single_object,2,0.30959821428571427,0.008426339285714285,0,0,254.99977022058823,0.015156734911801913,0.3610133455373305,255.0,255.0,255.0,ge_0.30
data/raw/images/Нц-41-0527_orig.jpg,5986,4056,1.4758382642998027,160,108,0.35653935185185187,white_uniform,multi_view,3,0.17760416666666667,0.1724537037037037,0,0,254.9988339552239,0.05504867625556978,0.9892261431416252,255.0,255.0,255.0,ge_0.30
data/raw/images/Нц-41-0620_orig.jpg,9528,3684,2.586319218241042,160,62,0.2690524193548387,white_uniform,single_object,4,0.11925403225806451,0.10383064516129033,0,0,254.5496433933934,4.0339804779467325,0.9502357136599385,255.0,255.0,255.0,0.15_0.30
data/raw/images/Нц-41-0782_orig.jpg,4944,4712,1.0492359932088284,160,152,0.24740953947368421,white_uniform,single_object,5,0.11254111842105263,0.08848684210526316,0,0,255.0,0.0,0.04806227380610398,255.0,255.0,255.0,0.15_0.30
data/raw/images/Нц-41-0964_orig.jpg,5844,2934,1.9918200408997955,160,80,0.209296875,white_uniform,single_object,3,0.1028125,0.095,0,0,255.0,0.0,0.6890488141676631,255.0,255.0,255.0,0.15_0.30
data/raw/images/Нц-41-1212_orig.jpg,3708,5563,0.6665468272514831,107,160,0.20438084112149532,white_uniform,single_object,3,0.09655373831775702,0.09386682242990654,0,0,255.0,0.0,0.40564488338954735,255.0,255.0,255.0,0.15_0.30
data/raw/images/Нц-41-1213_orig.jpg,3738,2880,1.2979166666666666,160,123,0.380640243902439,white_uniform,single_object,4,0.3650406504065041,0.011991869918699187,0,0,255.0,0.0,0.2607604148855165,255.0,255.0,255.0,ge_0.30
data/raw/images/Нц-43-06_orig.jpg,4654,2628,1.7709284627092847,160,90,0.38090277777777776,white_uniform,multi_view,4,0.18409722222222222,0.180625,0,0,250.2170833333333,15.54543028044469,1.1715039642577358,255.0,255.0,255.0,ge_0.30
data/raw/images/Нц-44-0086_orig.jpg,7044,2820,2.497872340425532,160,64,0.48271484375,white_uniform,multi_view,4,0.20537109375,0.2041015625,0,0,253.47172619047618,8.768786900522466,1.5154393056839375,255.0,255.0,255.0,ge_0.30
data/raw/images/Нц-44-0131_orig.jpg,3216,3372,0.9537366548042705,153,160,0.25555555555555554,white_uniform,single_object,3,0.23541666666666666,0.01437908496732026,0,1,255.0,0.0,0.34736768882288904,255.0,255.0,255.0,0.15_0.30
data/raw/images/Нц-44-0353_orig.jpg,11383,7260,1.5679063360881542,160,102,0.20061274509803922,white_uniform,single_object,6,0.05526960784313725,0.05189950980392157,0,0,255.0,0.0,0.4497411855063748,255.0,255.0,255.0,0.15_0.30
data/raw/images/Нц-44-0458_orig.jpg,6060,4212,1.4387464387464388,160,111,0.2411599099099099,white_uniform,single_object,7,0.09481981981981982,0.07989864864864865,0,0,254.34109778597787,6.283223804536313,0.36377220580949404,255.0,255.0,255.0,0.15_0.30
data/raw/images/Нц-44-0498_orig.jpg,3408,7456,0.4570815450643777,73,160,0.43518835616438356,light_photo,single_object,4,0.1440068493150685,0.14340753424657535,0,0,250.65280758226038,20.63362112672703,0.7828934684162208,255.0,255.0,255.0,ge_0.30
data/raw/images/Нц-44-0500_orig.jpg,2632,3680,0.7152173913043478,114,160,0.37033991228070173,white_uniform,single_object,3,0.3420504385964912,0.01781798245614035,0,1,253.68841240875912,10.904846945079626,0.6351687387177688,255.0,255.0,255.0,ge_0.30
data/raw/images/Нц-44-0870_orig.jpg,7880,6310,1.248811410459588,160,128,0.317578125,white_uniform,single_object,6,0.1181640625,0.07705078125,0,0,254.72092013888889,2.8791901567801976,0.222192227316666,255.0,255.0,255.0,ge_0.30
data/raw/images/Нц-44-1035_orig.jpg,7938,2958,2.683569979716024,160,60,0.3641666666666667,white_uniform,single_object,3,0.19666666666666666,0.14541666666666667,0,0,252.12888257575756,13.02141637778649,0.9871479900722655,255.0,255.0,255.0,ge_0.30
data/raw/images/Нц-44-1075_orig.jpg,3608,2600,1.3876923076923078,160,115,0.3483695652173913,white_uniform,single_object,4,0.33043478260869563,0.012228260869565218,0,0,255.0,0.0,0.32764215717294093,255.0,255.0,255.0,ge_0.30
data/raw/images/Нц-44-1077_orig.jpg,9523,2682,3.5507084265473527,160,45,0.19416666666666665,white_uniform,single_object,5,0.14347222222222222,0.035138888888888886,0,0,254.40040650406502,4.377701237800196,1.2671471403524222,255.0,255.0,255.0,0.15_0.30
data/raw/images/Нц-44-1159_orig.jpg,8166,8940,0.9134228187919463,146,160,0.2826626712328767,white_uniform,single_object,6,0.09092465753424657,0.06301369863013699,0,0,254.86907679738562,1.8742688240540941,0.09055639628803876,255.0,255.0,255.0,0.15_0.30
data/raw/images/Нц-44-1181_orig.jpg,3403,3930,0.8659033078880407,139,160,0.3996852517985611,white_uniform,multi_view,5,0.20494604316546763,0.175,0,1,255.0,0.0,1.0439820303624012,255.0,255.0,255.0,ge_0.30
data/raw/images/Нц-44-1182_orig.jpg,3326,5110,0.650880626223092,104,160,0.33239182692307695,white_uniform,single_object,4,0.16316105769230768,0.15372596153846155,0,0,254.9744318181818,0.4272995488438394,0.42942902344487716,255.0,255.0,255.0,ge_0.30
data/raw/images/Нц-45-0092_orig.jpg,7188,3996,1.7987987987987988,160,89,0.15498595505617976,white_uniform,close_up,5,0.05695224719101124,0.053862359550561796,0,0,255.0,0.0,0.5871191081350056,255.0,255.0,255.0,0.15_0.30
data/raw/images/Нц-44-1771_orig.jpg,9637,3829,2.5168451292765734,160,64,0.24658203125,white_uniform,single_object,3,0.124609375,0.1173828125,0,0,255.0,0.0,0.9230061843739928,255.0,255.0,255.0,0.15_0.30
data/raw/images/Нц-44-1814_orig.jpg,2800,5640,0.49645390070921985,79,160,0.4811708860759494,white_uniform,multi_view,4,0.2688291139240506,0.19754746835443038,0,0,252.81790446304043,13.052988741588525,1.3002646483288092,255.0,255.0,255.0,ge_0.30
data/raw/images/Нц-45-0009_orig.jpg,4692,2568,1.8271028037383177,160,88,0.3522017045454545,white_uniform,multi_view,4,0.17151988636363635,0.16349431818181817,0,0,255.0,0.0,1.2027315449635143,255.0,255.0,255.0,ge_0.30
data/raw/images/Нц-45-0012_orig.jpg,9567,3230,2.961919504643963,160,54,0.1824074074074074,white_uniform,single_object,9,0.033101851851851855,0.032407407407407406,0,0,254.99493769470408,0.17988926229539642,1.0858375394614652,255.0,255.0,255.0,0.15_0.30
data/raw/images/Нц-45-0018_orig.jpg,6520,5088,1.2814465408805031,160,125,0.31105,white_uniform,single_object,4,0.13935,0.13445,0,0,254.4188596491228,4.651714252103799,0.24798954990074057,255.0,255.0,255.0,ge_0.30
data/raw/images/Нц-45-0019_orig.jpg,6856,2928,2.341530054644809,160,68,0.29090073529411764,white_uniform,single_object,3,0.1386029411764706,0.13612132352941175,0,0,254.828399122807,4.466258602787996,0.8508045851964136,255.0,255.0,255.0,0.15_0.30
data/raw/images/Нц-45-0020_orig.jpg,5924,3888,1.5236625514403292,160,105,0.32720238095238097,white_uniform,single_object,3,0.16339285714285715,0.15875,0,0,255.0,0.0,0.4211170098073597,255.0,255.0,255.0,ge_0.30
data/raw/images/Нц-45-0021_orig.jpg,3952,2496,1.5833333333333333,160,101,0.23712871287128712,white_uniform,single_object,3,0.21157178217821782,0.018193069306930692,0,0,255.0,0.0,0.45953232937844013,255.0,255.0,255.0,0.15_0.30
data/raw/images/Нц-45-0035_orig.jpg,5609,3664,1.5308406113537119,160,105,0.4319047619047619,white_uniform,multi_view,5,0.17833333333333334,0.1718452380952381,0,0,254.82971698113207,4.167017283812253,1.025817003714316,255.0,255.0,255.0,ge_0.30
data/raw/images/Нц-45-0036_orig.jpg,7571,4704,1.6094812925170068,160,99,0.27872474747474746,white_uniform,single_object,5,0.09646464646464646,0.09198232323232323,0,0,255.0,0.0,0.47591194852484375,255.0,255.0,255.0,0.15_0.30
data/raw/images/Нц-45-0046_orig.jpg,6955,5945,1.1698906644238856,160,137,0.2229014598540146,white_uniform,single_object,4,0.07354014598540146,0.07198905109489051,0,0,255.0,0.0,0.15691029523266103,255.0,255.0,255.0,0.15_0.30
data/raw/images/Нц-45-0070_orig.jpg,8913,3168,2.8134469696969697,160,57,0.2848684210526316,white_uniform,single_object,4,0.11918859649122807,0.11239035087719298,0,0,254.54752304147465,5.553916442321708,1.0344104111964008,255.0,255.0,255.0,0.15_0.30
data/raw/images/Нц-45-0230_orig.jpg,8000,2568,3.115264797507788,160,51,0.32279411764705884,white_uniform,single_object,3,0.15551470588235294,0.15110294117647058,0,0,253.4695892575039,9.401004220153913,1.1363141558521213,255.0,255.0,255.0,ge_0.30
data/raw/images/Нц-45-0102_orig.jpg,9340,5632,1.6583806818181819,160,96,0.198046875,white_uniform,single_object,3,0.0732421875,0.07265625,0,0,254.96175130208334,0.9388888632443918,0.50584163338501,255.0,255.0,255.0,0.15_0.30
data/raw/images/Нц-45-0121_orig.jpg,5520,2121,2.6025459688826027,160,61,0.24262295081967214,white_uniform,single_object,4,0.11844262295081967,0.10819672131147541,0,0,255.0,0.0,0.9564901847064586,255.0,255.0,255.0,0.15_0.30
data/raw/images/Нц-45-0160_orig.jpg,7463,3828,1.949582027168234,160,82,0.23216463414634148,white_uniform,single_object,5,0.07865853658536585,0.07553353658536585,0,0,255.0,0.0,0.6676150045585425,255.0,255.0,255.0,0.15_0.30
data/raw/images/Нц-45-0198_orig.jpg,8946,7925,1.128832807570978,160,142,0.19198943661971832,white_uniform,single_object,5,0.04903169014084507,0.047975352112676055,0,0,255.0,0.0,0.12118418524731206,255.0,255.0,255.0,0.15_0.30
data/raw/images/Нц-45-0199_orig.jpg,7788,3955,1.9691529709228823,160,81,0.27862654320987656,white_uniform,single_object,4,0.12013888888888889,0.11512345679012345,0,0,255.0,0.0,0.677603486290336,255.0,255.0,255.0,0.15_0.30
data/raw/images/Нц-45-0203_orig.jpg,7533,5008,1.5041932907348243,160,106,0.21279481132075473,white_uniform,single_object,5,0.07423349056603773,0.07022405660377358,0,0,254.9808897243108,0.44361510675776156,0.40825673504576027,255.0,255.0,255.0,0.15_0.30
data/raw/images/Нц-45-0233_orig.jpg,7789,3384,2.3017139479905437,160,70,0.349375,white_uniform,single_object,4,0.12803571428571428,0.123125,0,0,254.19302536231885,5.804116763361881,0.8336540401938346,255.0,255.0,255.0,ge_0.30
data/raw/images/Нц-45-0235_orig.jpg,7994,5105,1.5659157688540646,160,102,0.3196078431372549,white_uniform,single_object,4,0.12830882352941175,0.12481617647058824,0,0,255.0,0.0,0.4484708086725029,255.0,255.0,255.0,ge_0.30
data/raw/images/Нц-45-0253_orig.jpg,9464,6304,1.501269035532995,160,107,0.2553154205607477,white_uniform,single_object,5,0.07003504672897196,0.06670560747663551,0,0,255.0,0.0,0.40631077412050765,255.0,255.0,255.0,0.15_0.30
data/raw/images/Нц-45-0273_orig.jpg,5394,2720,1.9830882352941177,160,81,0.30007716049382716,white_uniform,single_object,4,0.14652777777777778,0.13834876543209876,0,0,255.0,0.0,0.6846553444096323,255.0,255.0,255.0,ge_0.30
data/raw/images/Нц-45-0278_orig.jpg,6816,3168,2.1515151515151514,160,74,0.45819256756756754,white_uniform,multi_view,3,0.22652027027027027,0.22474662162162162,0,0,254.44070512820514,4.8739559503865015,1.366172315574835,255.0,255.0,255.0,ge_0.30
data/raw/images/Нц-45-0287_orig.jpg,6808,2816,2.4176136363636362,160,66,0.31950757575757577,white_uniform,single_object,3,0.15625,0.15236742424242425,0,0,254.87693584070797,2.2674411962561356,0.882780952975277,255.0,255.0,255.0,ge_0.30
data/raw/images/Нц-45-0357_orig.jpg,3384,2841,1.191129883843717,160,134,0.2912779850746269,white_uniform,single_object,4,0.13442164179104477,0.13372201492537314,0,1,254.9626558956916,0.7950081493644853,0.4749023388719259,255.0,255.0,255.0,0.15_0.30
data/raw/images/Нц-45-0370_orig.jpg,7221,3776,1.9123411016949152,160,84,0.2654761904761905,white_uniform,single_object,5,0.109375,0.0974702380952381,0,0,253.60946038251367,9.621101946697173,0.6483281991857903,255.0,255.0,255.0,0.15_0.30
data/raw/images/Нц-45-0371_orig.jpg,6680,5184,1.2885802469135803,160,124,0.29873991935483873,white_uniform,single_object,4,0.11476814516129032,0.11335685483870968,0,0,254.7291666666667,3.1015522910068385,0.25354102849858084,255.0,255.0,255.0,0.15_0.30
data/raw/images/Нц-45-0375_orig.jpg,4200,4980,0.8433734939759037,135,160,0.3811574074074074,white_uniform,single_object,4,0.23,0.1439351851851852,0,0,254.8991525423729,1.900044413518009,0.17034536574723888,255.0,255.0,255.0,ge_0.30
data/raw/images/Нц-45-0391_orig.jpg,6024,2988,2.0160642570281126,160,79,0.30933544303797467,white_uniform,single_object,4,0.14936708860759493,0.14715189873417722,0,0,254.45859483960948,5.13238559024969,0.7011472232270217,255.0,255.0,255.0,ge_0.30
data/raw/images/Нц-45-0392_orig.jpg,5536,4528,1.2226148409893993,160,131,0.28458969465648853,white_uniform,single_object,5,0.10615458015267176,0.10605916030534351,0,0,254.31607961053834,5.8916867885161075,0.20099187741448665,255.0,255.0,255.0,0.15_0.30
data/raw/images/Нц-45-0407_orig.jpg,5376,2712,1.9823008849557522,160,81,0.37469135802469133,white_uniform,multi_view,4,0.19058641975308643,0.17006172839506173,0,0,254.7216459197787,3.7527809712280367,1.2842582331426993,255.0,255.0,255.0,ge_0.30
data/raw/images/Нц-45-0408_orig.jpg,4986,2562,1.946135831381733,160,82,0.3488567073170732,white_uniform,multi_view,4,0.16814024390243903,0.16814024390243903,0,0,254.89152892561984,1.8707211610463086,1.2658457816268236,255.0,255.0,255.0,ge_0.30
data/raw/images/Нц-45-0409_orig.jpg,4404,7056,0.6241496598639455,100,160,0.4161875,white_uniform,single_object,5,0.1541875,0.1450625,0,1,251.2532051282051,17.90291781310744,0.7713650998440567,255.0,255.0,255.0,ge_0.30
data/raw/images/Нц-45-0416_orig.jpg,4581,2460,1.8621951219512196,160,86,0.3534156976744186,white_uniform,multi_view,4,0.16954941860465117,0.16700581395348837,0,0,254.92403455284554,1.8014643322725499,1.2217559649603338,255.0,255.0,255.0,ge_0.30
data/raw/images/Нц-45-0437_orig.jpg,3768,4908,0.7677261613691931,123,160,0.3928861788617886,white_uniform,single_object,4,0.2489329268292683,0.13389227642276422,0,0,254.86219081272085,2.603963483730803,0.2643221701345484,255.0,255.0,255.0,ge_0.30
data/raw/images/Нц-45-0438_orig.jpg,5382,5498,0.9789014186977083,157,160,0.32921974522292996,white_uniform,single_object,5,0.12400477707006369,0.11134554140127388,0,0,255.0,0.0,0.021324337438339856,255.0,255.0,255.0,ge_0.30
data/raw/images/Нц-45-0472_orig.jpg,3312,5481,0.6042692939244664,97,160,0.3779639175257732,white_uniform,single_object,4,0.21320876288659793,0.1535438144329897,0,0,255.0,0.0,0.503735329540966,255.0,255.0,255.0,ge_0.30
data/raw/images/Нц-45-0513_orig.jpg,1648,1480,1.1135135135135135,160,144,0.32413194444444443,white_uniform,single_object,4,0.30047743055555554,0.016102430555555554,0,0,255.0,0.0,0.10752034371125621,255.0,255.0,255.0,ge_0.30
data/raw/images/Нц-45-0514_orig.jpg,1660,1768,0.9389140271493213,150,160,0.3570833333333333,white_uniform,single_object,3,0.33370833333333333,0.016708333333333332,0,0,254.56270161290323,6.001721859760987,0.06303136184699984,255.0,255.0,255.0,ge_0.30
data/raw/images/Нц-45-0515_orig.jpg,1460,1820,0.8021978021978022,128,160,0.336962890625,white_uniform,single_object,4,0.31298828125,0.016015625,0,0,254.28081597222223,7.339761389231669,0.22040006536845885,255.0,255.0,255.0,ge_0.30
data/raw/images/Нц-45-0516_orig.jpg,1532,1300,1.1784615384615384,160,136,0.16773897058823528,white_uniform,close_up,3,0.13575367647058822,0.022931985294117645,0,0,254.99978885135135,0.014529420666248963,0.1642098068509085,255.0,255.0,255.0,0.15_0.30
data/raw/images/Нц-45-0522_orig.jpg,8768,3168,2.7676767676767677,160,58,0.371551724137931,white_uniform,multi_view,4,0.18168103448275863,0.1790948275862069,0,0,253.54080657492352,7.446765127778316,1.6180082562534803,255.0,255.0,255.0,ge_0.30
data/raw/images/Нц-45-0530_orig.jpg,6528,3963,1.6472369417108252,160,97,0.24658505154639176,white_uniform,single_object,4,0.09439432989690721,0.09175257731958762,0,0,255.0,0.0,0.499099303453508,255.0,255.0,255.0,0.15_0.30
data/raw/images/Нц-45-0532_orig.jpg,5362,5968,0.8984584450402144,144,160,0.3348524305555556,white_uniform,multi_view,3,0.16675347222222223,0.16223958333333333,0,0,255.0,0.0,0.7070748230876922,255.0,255.0,255.0,ge_0.30
data/raw/images/Нц-45-0540_orig.jpg,8178,3168,2.581439393939394,160,62,0.3318548387096774,white_uniform,single_object,3,0.1626008064516129,0.15987903225806452,0,0,254.86036036036037,1.504753984817816,0.9483471479902712,255.0,255.0,255.0,ge_0.30
data/raw/images/Нц-45-0550_orig.jpg,7376,4784,1.5418060200668897,160,104,0.2626201923076923,white_uniform,single_object,5,0.0859375,0.08581730769230769,0,0,254.59351325757575,4.510799915393961,0.4329544696059621,255.0,255.0,255.0,0.15_0.30
data/raw/images/Нц-45-0558_orig.jpg,6608,2808,2.353276353276353,160,68,0.33318014705882354,white_uniform,multi_view,4,0.16268382352941177,0.1609375,0,0,254.40469663742687,5.068054751577639,1.4558085500551123,255.0,255.0,255.0,ge_0.30
data/raw/images/Нц-45-0567_orig.jpg,6072,2848,2.1320224719101124,160,75,0.2996666666666667,white_uniform,single_object,4,0.14033333333333334,0.13766666666666666,0,0,254.7691489361702,3.4654687624873306,0.7570710465435995,255.0,255.0,255.0,0.15_0.30
data/raw/images/Нц-45-0573_orig.jpg,4464,4328,1.0314232902033271,160,155,0.4027822580645161,white_uniform,single_object,4,0.23798387096774193,0.1579032258064516,0,0,254.97202380952382,0.40065802946648116,0.03093968353482937,255.0,255.0,255.0,ge_0.30
data/raw/images/Нц-45-0599_orig.jpg,5848,2776,2.106628242074928,160,76,0.30978618421052634,white_uniform,single_object,4,0.15148026315789473,0.1428453947368421,0,0,255.0,0.0,0.7450886798029193,255.0,255.0,255.0,ge_0.30
data/raw/images/Нц-45-0600_orig.jpg,6896,3680,1.873913043478261,160,85,0.3235294117647059,white_uniform,single_object,4,0.15808823529411764,0.15448529411764705,0,0,255.0,0.0,0.6280287811805525,255.0,255.0,255.0,ge_0.30
data/raw/images/Нц-45-0612_orig.jpg,6084,3168,1.9204545454545454,160,83,0.26257530120481926,white_uniform,single_object,3,0.12590361445783133,0.11980421686746988,0,0,254.76045953360767,4.189710529398219,0.652561900444867,255.0,255.0,255.0,0.15_0.30
data/raw/images/Нц-45-0850_orig.jpg,7429,3168,2.3450126262626263,160,68,0.4192095588235294,white_uniform,multi_view,3,0.21204044117647058,0.19641544117647058,0,0,253.21811038011697,10.405006795280986,1.4522907862174899,255.0,255.0,255.0,ge_0.30
data/raw/images/Нц-45-0863_orig.jpg,3072,6118,0.5021248774109186,80,160,0.36078125,white_uniform,single_object,4,0.201640625,0.145859375,0,0,254.1017361111111,7.083190962281084,0.6889064304432859,255.0,255.0,255.0,ge_0.30
data/raw/images/Нц-45-0885_orig.jpg,6285,3258,1.929097605893186,160,83,0.18177710843373493,white_uniform,single_object,12,0.030572289156626506,0.027560240963855422,0,0,254.4324417009602,4.8783740864316885,0.6570523318623573,255.0,255.0,255.0,0.15_0.30
data/raw/images/Нц-45-0905_orig.jpg,3168,4752,0.6666666666666666,107,160,0.3747663551401869,white_uniform,single_object,3,0.3614485981308411,0.007476635514018692,0,0,254.93843632958803,1.46706879694732,0.40546510810816444,255.0,255.0,255.0,ge_0.30
data/raw/images/Нц-45-0907_orig.jpg,6319,3248,1.9455049261083743,160,82,0.3804878048780488,white_uniform,multi_view,4,0.18407012195121952,0.18307926829268292,0,0,254.57963154269973,4.74719306675003,1.2655215454918867,255.0,255.0,255.0,ge_0.30
data/raw/images/Нц-45-0998_orig.jpg,5603,3415,1.6407027818448023,160,98,0.32589285714285715,white_uniform,single_object,4,0.15650510204081633,0.15637755102040815,0,0,254.67934431524546,4.260598291831593,0.4951246755603941,255.0,255.0,255.0,ge_0.30
data/raw/images/Нц-45-1013_orig.jpg,3168,5912,0.5358592692828146,86,160,0.43284883720930234,white_uniform,multi_view,4,0.23909883720930233,0.18306686046511628,0,0,253.87381436314362,6.794044694415279,1.2238837096937214,255.0,255.0,255.0,ge_0.30
data/raw/images/Нц-45-1035_orig.jpg,3528,2358,1.4961832061068703,160,107,0.3772196261682243,white_uniform,single_object,5,0.3376752336448598,0.025876168224299067,0,0,254.97471910112358,1.1116582645425632,0.4029173360293657,255.0,255.0,255.0,ge_0.30
data/raw/images/Нц-45-1079_orig.jpg,6510,3168,2.054924242424242,160,78,0.3250801282051282,white_uniform,single_object,3,0.16137820512820514,0.15528846153846154,0,0,253.4264705882353,8.975002740458919,0.7202389822682983,255.0,255.0,255.0,ge_0.30
data/raw/images/Нц-45-1085_orig.jpg,4104,3350,1.2250746268656716,160,131,0.4083969465648855,white_uniform,multi_view,5,0.20653625954198473,0.18043893129770994,0,0,254.98754295532646,0.3030918622207703,0.8030017620314933,255.0,255.0,255.0,ge_0.30
data/raw/images/Нц-45-1232_orig.jpg,4080,4035,1.0111524163568772,160,158,0.46487341772151897,white_uniform,single_object,6,0.3089003164556962,0.1196993670886076,0,0,254.53301886792454,5.235575662871904,0.011090686694158138,255.0,255.0,255.0,ge_0.30
data/raw/images/Нц-45-1233_orig.jpg,6904,4864,1.419407894736842,160,113,0.4060840707964602,white_uniform,multi_view,4,0.18086283185840707,0.1803650442477876,0,0,254.8337912087912,2.7624730626030902,0.9502398091172608,255.0,255.0,255.0,ge_0.30
data/raw/images/Нц-45-1236_orig.jpg,6538,4471,1.4623126817266832,160,109,0.49243119266055047,white_uniform,multi_view,4,0.3036697247706422,0.18136467889908256,0,0,251.0875154894672,17.593370229283718,0.9800192110501753,255.0,255.0,255.0,ge_0.30
data/raw/images/Нц-45-1239_orig.jpg,5270,4416,1.1933876811594204,160,134,0.3382462686567164,white_uniform,single_object,6,0.11651119402985075,0.11492537313432835,0,0,254.47385204081633,5.583289027071438,0.17679605357847686,255.0,255.0,255.0,ge_0.30
data/raw/images/Нц-45-1242_orig.jpg,2730,4086,0.6681350954478708,107,160,0.40899532710280373,white_uniform,single_object,4,0.39100467289719626,0.009988317757009346,0,0,254.94639513108615,0.9427334555514587,0.403264887198562,255.0,255.0,255.0,ge_0.30
data/raw/images/Нц-45-1243_orig.jpg,3168,3872,0.8181818181818182,131,160,0.6114503816793894,white_uniform,single_object,3,0.5990458015267176,0.007538167938931297,0,0,254.62070446735396,4.649394985428735,0.2006706954621511,255.0,255.0,255.0,ge_0.30
data/raw/images/Нц-45-1257_orig.jpg,4448,5875,0.7571063829787235,121,160,0.3992768595041322,white_uniform,single_object,5,0.1578512396694215,0.13698347107438016,0,0,252.45751779359432,15.387484782997985,0.27825150308194135,255.0,255.0,255.0,ge_0.30
data/raw/images/Нц-45-1259_orig.jpg,4452,4644,0.958656330749354,153,160,0.48161764705882354,white_uniform,multi_view,4,0.29648692810457516,0.178390522875817,0,0,255.0,0.0,0.6422226304223467,255.0,255.0,255.0,ge_0.30
data/raw/images/Нц-45-1265_orig.jpg,2880,3632,0.7929515418502202,127,160,0.2237696850393701,white_uniform,single_object,4,0.20078740157480315,0.01422244094488189,0,1,255.0,0.0,0.5319931665911923,255.0,255.0,255.0,0.15_0.30
data/raw/images/Нц-45-1267_orig.jpg,6183,4039,1.5308244615003714,160,105,0.37601190476190477,white_uniform,single_object,5,0.1844047619047619,0.15464285714285714,0,0,252.25424528301886,13.69896217918702,0.4258064539951559,255.0,255.0,255.0,ge_0.30
data/raw/images/Нц-45-1287_orig.jpg,4752,7872,0.6036585365853658,97,160,0.4763530927835051,white_uniform,multi_view,5,0.19458762886597938,0.18698453608247423,0,0,254.2045233463035,6.1622240166328766,1.1047465776896086,255.0,255.0,255.0,ge_0.30
data/raw/images/Нц-45-1288_orig.jpg,6704,7957,0.8425285911775795,135,160,0.3381018518518519,white_uniform,single_object,5,0.12541666666666668,0.1188425925925926,0,0,252.8603107344633,12.23654674991905,0.17134768121561586,255.0,255.0,255.0,ge_0.30
data/raw/images/Нц-45-1296_orig.jpg,2802,4158,0.6738816738816739,108,160,0.23912037037037037,white_uniform,single_object,4,0.17644675925925926,0.05040509259259259,0,0,254.99953358208955,0.02159167350578863,0.3947007415210059,255.0,255.0,255.0,0.15_0.30
data/raw/images/Нц-45-1299_orig.jpg,5591,8902,0.6280611098629522,100,160,0.382,white_uniform,single_object,7,0.1039375,0.09975,0,0,254.759375,3.214530351171967,0.4651178085491543,255.0,255.0,255.0,ge_0.30
data/raw/images/Нц-45-1306_orig.jpg,3828,5122,0.7473643108160875,120,160,0.48359375,white_uniform,multi_view,4,0.2686458333333333,0.20416666666666666,0,0,254.64754464285716,4.450884567758078,0.8912025141866257,255.0,255.0,255.0,ge_0.30
data/raw/images/Нц-45-1308_orig.jpg,9739,3359,2.899374813932718,160,55,0.3905681818181818,light_photo,single_object,6,0.10704545454545454,0.09920454545454545,0,0,249.49399224806203,19.103472568235194,1.0644951323489065,255.0,255.0,255.0,ge_0.30
data/raw/images/Нц-45-1434_orig.jpg,6594,4292,1.5363466915191053,160,104,0.4699519230769231,white_uniform,multi_view,3,0.23317307692307693,0.22998798076923077,0,0,253.165404040404,11.435790427368989,1.0294073198810874,255.0,255.0,255.0,ge_0.30
data/raw/images/Нц-45-1436_orig.jpg,3990,2898,1.3768115942028984,160,116,0.44245689655172415,white_uniform,single_object,3,0.4286099137931034,0.010991379310344827,0,0,254.98754528985506,0.25014261826119943,0.31977038700328136,255.0,255.0,255.0,ge_0.30
data/raw/images/Нц-45-1441_orig.jpg,7890,2936,2.6873297002724796,160,60,0.41260416666666666,white_uniform,multi_view,4,0.205,0.19572916666666668,0,0,253.68626893939393,8.834957017347547,1.5885480241055139,255.0,255.0,255.0,ge_0.30
data/raw/images/Нц-45-1444_orig.jpg,3168,2888,1.0969529085872576,160,146,0.29006849315068495,white_uniform,single_object,4,0.2719178082191781,0.011772260273972603,0,0,254.99448529411765,0.07405601867089591,0.09253625292159959,255.0,255.0,255.0,0.15_0.30
data/raw/images/Нц-45-1445_orig.jpg,3168,3300,0.96,154,160,0.30710227272727275,white_uniform,single_object,4,0.28681006493506495,0.012012987012987014,0,0,255.0,0.0,0.040821994520255166,255.0,255.0,255.0,ge_0.30
data/raw/images/Нц-45-1460_orig.jpg,5352,3330,1.6072072072072072,160,100,0.4678125,white_uniform,multi_view,4,0.2298125,0.2279375,0,0,254.83966346153846,2.5610833574221936,1.0744980188335749,255.0,255.0,255.0,ge_0.30
data/raw/images/Нц-45-1463_orig.jpg,4224,3168,1.3333333333333333,160,120,0.3711979166666667,white_uniform,single_object,3,0.3615625,0.00625,0,0,254.4845982142857,5.511330400638017,0.28768207245178085,255.0,255.0,255.0,ge_0.30
data/raw/images/Нц-45-1466_orig.jpg,4400,4096,1.07421875,160,149,0.425503355704698,white_uniform,single_object,4,0.2754194630872483,0.13980704697986576,0,1,254.80400485436894,3.1993843177901304,0.3715936531870088,255.0,255.0,255.0,ge_0.30
data/raw/images/Нц-45-1467_orig.jpg,3168,3696,0.8571428571428571,137,160,0.4450729927007299,white_uniform,single_object,4,0.429014598540146,0.009762773722627738,0,0,254.56046576879913,7.167912277107955,0.15415067982725836,255.0,255.0,255.0,ge_0.30
data/raw/images/Нц-45-1476_orig.jpg,2744,2712,1.0117994100294985,160,158,0.36214398734177217,white_uniform,single_object,5,0.336748417721519,0.015308544303797468,0,1,255.0,0.0,0.3117303397854896,255.0,255.0,255.0,ge_0.30
data/raw/images/Нц-45-1529_orig.jpg,7053,2755,2.560072595281307,160,62,0.2902217741935484,white_uniform,single_object,4,0.1405241935483871,0.13901209677419354,0,0,254.6590653153153,4.396175882471925,0.9400356156211643,255.0,255.0,255.0,0.15_0.30
data/raw/images/Нц-45-1531_orig.jpg,3216,3090,1.0407766990291263,160,154,0.31286525974025975,white_uniform,single_object,4,0.29472402597402597,0.010227272727272727,0,0,255.0,0.0,0.03996726040706591,255.0,255.0,255.0,ge_0.30
data/raw/images/Нц-45-1537_orig.jpg,3464,2232,1.5519713261648747,160,103,0.3570995145631068,white_uniform,single_object,4,0.3316140776699029,0.01516990291262136,0,0,255.0,0.0,0.4395259461811243,255.0,255.0,255.0,ge_0.30
data/raw/images/Нц-45-1562_orig.jpg,5796,3360,1.725,160,93,0.432997311827957,white_uniform,multi_view,4,0.20853494623655913,0.2053763440860215,0,0,254.2906785243742,9.747607774985072,1.145227050483323,255.0,255.0,255.0,ge_0.30
data/raw/images/Нц-45-1564_orig.jpg,3084,2328,1.324742268041237,160,121,0.33016528925619837,white_uniform,single_object,4,0.3125,0.010175619834710744,0,0,255.0,0.0,0.28121792583189165,255.0,255.0,255.0,ge_0.30
data/raw/images/Нц-45-1579_orig.jpg,2396,2596,0.9229583975346687,148,160,0.22267736486486486,white_uniform,single_object,5,0.19320101351351351,0.017694256756756756,0,1,255.0,0.0,0.38017111858864067,255.0,255.0,255.0,0.15_0.30
data/raw/images/Нц-46-067_orig.jpg,5232,2320,2.2551724137931033,160,71,0.2889964788732394,white_uniform,single_object,4,0.13705985915492958,0.13661971830985917,0,0,254.87743506493507,2.065976054428451,0.8132264284766789,255.0,255.0,255.0,0.15_0.30
data/raw/images/Нц-46-137_orig.jpg,7842,3732,2.1012861736334405,160,76,0.1959703947368421,white_uniform,single_object,4,0.09917763157894736,0.08511513157894737,0,0,255.0,0.0,0.7425496208850425,255.0,255.0,255.0,0.15_0.30
data/raw/images/Нц-46-144_orig.jpg,7445,3600,2.0680555555555555,160,77,0.2470779220779221,white_uniform,single_object,4,0.12102272727272727,0.11891233766233766,0,0,255.0,0.0,0.726608820673908,255.0,255.0,255.0,0.15_0.30
data/raw/images/Нц-46-148_orig.jpg,8668,3982,2.1767955801104972,160,74,0.20920608108108107,white_uniform,single_object,3,0.10261824324324324,0.10202702702702703,0,0,255.0,0.0,0.777853878032108,255.0,255.0,255.0,0.15_0.30
data/raw/images/Нц-46-150_orig.jpg,7131,4150,1.7183132530120482,160,93,0.2906586021505376,white_uniform,single_object,5,0.1174731182795699,0.11686827956989247,0,0,255.0,0.0,0.5413431428035597,255.0,255.0,255.0,0.15_0.30
data/raw/images/Нц-46-152_orig.jpg,4948,2694,1.8366740905716408,160,87,0.4764367816091954,white_uniform,multi_view,4,0.23714080459770115,0.22485632183908047,0,0,251.14532726045883,16.410387767539948,1.2079563765420693,255.0,255.0,255.0,ge_0.30
data/raw/images/Нц-46-162_orig.jpg,4565,2626,1.7383853769992383,160,92,0.2875,white_uniform,single_object,5,0.1485054347826087,0.1155570652173913,0,0,252.09333664021165,13.89742680907402,0.5529567381663273,255.0,255.0,255.0,0.15_0.30
data/raw/images/Нц-46-170_orig.jpg,4429,2988,1.4822623828647925,160,108,0.3539351851851852,white_uniform,multi_view,5,0.16828703703703704,0.16788194444444443,0,0,254.03630286069654,8.194790738324285,0.9935695576704903,255.0,255.0,255.0,ge_0.30
data/raw/images/Нц-46-193_orig.jpg,7885,3168,2.4889520202020203,160,64,0.42021484375,white_uniform,multi_view,4,0.2072265625,0.20595703125,0,0,253.1981956845238,12.088232708230535,1.5118617464628223,255.0,255.0,255.0,ge_0.30
data/raw/images/Нц-46-204_orig.jpg,12032,8128,1.4803149606299213,160,108,0.2082175925925926,white_uniform,single_object,7,0.04583333333333333,0.04513888888888889,0,0,254.73639614427861,4.111996307043498,0.392254876371358,255.0,255.0,255.0,0.15_0.30
data/raw/images/Нц-46-210_orig.jpg,6302,2553,2.4684684684684686,160,65,0.39576923076923076,white_uniform,multi_view,4,0.19576923076923078,0.1901923076923077,0,0,253.0390740740741,8.296631274239315,1.5035979050757362,255.0,255.0,255.0,ge_0.30
data/raw/images/Нц-46-211_orig.jpg,5184,3072,1.6875,160,95,0.3204605263157895,white_uniform,single_object,4,0.15230263157894736,0.14848684210526317,0,0,255.0,0.0,0.5232481437645479,255.0,255.0,255.0,ge_0.30
data/raw/images/Нц-46-221_orig.jpg,3944,1805,2.1850415512465373,160,73,0.3911815068493151,white_uniform,multi_view,4,0.1881849315068493,0.18125,0,0,253.81929542203144,7.290634789328808,1.3816348449555447,255.0,255.0,255.0,ge_0.30
data/raw/images/Нц-46-225_orig.jpg,3486,2267,1.537715041905602,160,104,0.3798076923076923,white_uniform,multi_view,5,0.17764423076923078,0.17662259615384615,0,0,253.78196022727272,9.942188304328235,1.0302975755724373,255.0,255.0,255.0,ge_0.30
data/raw/images/Нц-46-228_orig.jpg,4316,2264,1.9063604240282686,160,84,0.4107886904761905,white_uniform,multi_view,4,0.19642857142857142,0.1939732142857143,0,0,252.93032786885246,9.741533154412243,1.2451958870549515,255.0,255.0,255.0,ge_0.30
data/raw/images/Нц-46-230_orig.jpg,3538,2551,1.3869070952567621,160,115,0.3016304347826087,white_uniform,single_object,4,0.14255434782608695,0.13831521739130434,0,0,255.0,0.0,0.3270761565779193,255.0,255.0,255.0,ge_0.30
data/raw/images/Нц-46-235_orig.jpg,4168,2374,1.7556866048862678,160,91,0.2253434065934066,white_uniform,single_object,5,0.10350274725274725,0.09958791208791208,0,0,254.99850597609563,0.06693160393805414,0.5628600082635895,255.0,255.0,255.0,0.15_0.30
data/raw/images/Нц-46-240_orig.jpg,4752,3168,1.5,160,107,0.15496495327102805,white_uniform,close_up,4,0.07190420560747664,0.07009345794392523,0,0,255.0,0.0,0.4054651081081644,255.0,255.0,255.0,0.15_0.30
data/raw/images/Нц-46-253_orig.jpg,8260,2588,3.1916537867078825,160,50,0.40875,white_uniform,multi_view,4,0.200625,0.196625,0,0,253.14771825396824,8.638708610683757,1.7605392108942324,255.0,255.0,255.0,ge_0.30
data/raw/images/Нц-46-260_orig.jpg,6224,5272,1.180576631259484,160,136,0.2779871323529412,white_uniform,single_object,5,0.1109375,0.10712316176470588,0,0,254.9206081081081,1.4705835054225058,0.1660029896758844,255.0,255.0,255.0,0.15_0.30
data/raw/images/Нц-46-264_orig.jpg,6303,3212,1.9623287671232876,160,82,0.281859756097561,white_uniform,single_object,4,0.1378810975609756,0.1375,0,0,254.07816804407716,6.065417290692937,0.6741319144464578,255.0,255.0,255.0,0.15_0.30
data/raw/images/Нц-46-320_orig.jpg,4548,2820,1.6127659574468085,160,99,0.3125631313131313,white_uniform,single_object,4,0.15271464646464647,0.14450757575757575,0,0,254.92929536679537,1.1699548243999998,0.47795069093826736,255.0,255.0,255.0,ge_0.30
data/raw/images/Нц-46-335_orig.jpg,8816,3982,2.213962832747363,160,72,0.2816840277777778,white_uniform,single_object,4,0.14036458333333332,0.13185763888888888,0,0,255.0,0.0,0.7947840467685541,255.0,255.0,255.0,0.15_0.30
data/raw/images/Нц-46-336_orig.jpg,5568,3544,1.5711060948081264,160,102,0.260968137254902,white_uniform,single_object,4,0.12622549019607843,0.12567401960784313,0,0,254.98926526717557,0.20636169022029618,0.45177989028928395,255.0,255.0,255.0,0.15_0.30
data/raw/images/Нц-46-369_orig.jpg,6424,3742,1.7167290219134153,160,93,0.29536290322580644,white_uniform,single_object,4,0.14576612903225805,0.14556451612903226,0,0,255.0,0.0,0.5404207487925626,255.0,255.0,255.0,0.15_0.30
data/raw/images/Нц-46-370_orig.jpg,6209,3247,1.9122266707730213,160,84,0.21711309523809524,white_uniform,single_object,4,0.10483630952380953,0.10394345238095239,0,0,255.0,0.0,0.6482683592620468,255.0,255.0,255.0,0.15_0.30
data/raw/images/Нц-46-374_orig.jpg,10790,3380,3.1923076923076925,160,50,0.29425,white_uniform,single_object,3,0.147,0.1435,0,0,254.85625,2.0314175755052006,1.160744069775116,255.0,255.0,255.0,0.15_0.30
data/raw/images/Нц-46-375_orig.jpg,9224,3689,2.5004066142586066,160,64,0.2689453125,white_uniform,single_object,3,0.1333984375,0.12509765625,0,0,255.0,0.0,0.9164533643522192,255.0,255.0,255.0,0.15_0.30
data/raw/images/Нц-46-385_orig.jpg,6432,3780,1.7015873015873015,160,94,0.383843085106383,white_uniform,multi_view,3,0.18956117021276594,0.18896276595744682,0,0,254.99589895013125,0.15974683692067065,1.131561522245169,255.0,255.0,255.0,ge_0.30
data/raw/images/Нц-46-422_orig.jpg,4896,3168,1.5454545454545454,160,104,0.2903846153846154,white_uniform,single_object,3,0.15102163461538462,0.13263221153846153,0,0,254.38589015151516,5.1069758592857335,0.4353180712578455,255.0,255.0,255.0,0.15_0.30
data/raw/images/Нц-46-437_orig.jpg,4368,9668,0.45179975175837817,72,160,0.24739583333333334,white_uniform,single_object,4,0.10772569444444445,0.10338541666666666,0,0,255.0,0.0,0.7945162243986327,255.0,255.0,255.0,0.15_0.30
data/raw/images/Нц-46-455_orig.jpg,10404,7677,1.3552168815943728,160,118,0.1159957627118644,white_uniform,close_up,5,0.03453389830508474,0.03188559322033898,0,0,255.0,0.0,0.3359954000457284,255.0,255.0,255.0,0.08_0.15
data/raw/images/Нц-46-499_orig.jpg,13008,8976,1.4491978609625669,160,110,0.21511363636363637,white_uniform,single_object,6,0.05630681818181818,0.05181818181818182,0,0,254.9763888888889,0.6168152348561255,0.3710102040251143,255.0,255.0,255.0,0.15_0.30
data/raw/images/Нц-46-560_orig.jpg,8576,5456,1.5718475073313782,160,102,0.27530637254901963,white_uniform,single_object,6,0.10931372549019608,0.10661764705882353,0,0,255.0,0.0,0.45225168378728514,255.0,255.0,255.0,0.15_0.30
data/raw/images/Нц-46-593_orig.jpg,7560,5014,1.5077782209812525,160,106,0.1889740566037736,white_uniform,single_object,5,0.11762971698113207,0.0423938679245283,0,0,254.78281641604008,4.253482312618361,0.41063719045534,255.0,255.0,255.0,0.15_0.30
data/raw/images/Нц-46-727_orig.jpg,11072,4320,2.562962962962963,160,62,0.2283266129032258,white_uniform,single_object,4,0.0966733870967742,0.0935483870967742,0,0,254.09534534534532,6.8997844445487635,0.9411639966192947,255.0,255.0,255.0,0.15_0.30
data/raw/images/Нц-46-736_orig.jpg,10872,10188,1.0671378091872792,160,150,0.22254166666666667,white_uniform,single_object,5,0.07833333333333334,0.07541666666666667,0,0,254.72520161290322,4.232326864168066,0.06498011973163205,255.0,255.0,255.0,0.15_0.30
data/raw/images/Нц-47-324_orig.jpg,5842,2490,2.3461847389558232,160,68,0.428125,light_photo,multi_view,4,0.17748161764705883,0.1766544117647059,0,0,240.66675804093566,38.90709878053061,1.452790493488933,255.0,255.0,255.0,ge_0.30
data/raw/images/Нц-48-016_orig.jpg,5231,2394,2.185045948203843,160,73,0.3012842465753425,white_uniform,single_object,3,0.28690068493150683,0.008732876712328768,0,0,255.0,0.0,0.7816368572526927,255.0,255.0,255.0,ge_0.30
data/raw/images/Нц-48-027_orig.jpg,7722,5623,1.373288280277432,160,117,0.22115384615384615,white_uniform,single_object,5,0.0860042735042735,0.08311965811965812,0,0,255.0,0.0,0.31720806853197997,255.0,255.0,255.0,0.15_0.30
data/raw/images/Нц-48-041_orig.jpg,5737,5160,1.1118217054263566,160,144,0.2748263888888889,white_uniform,single_object,4,0.14969618055555556,0.11710069444444444,0,0,255.0,0.0,0.10599984612626266,255.0,255.0,255.0,0.15_0.30
data/raw/images/Нц-48-054_orig.jpg,5651,3432,1.6465617715617715,160,97,0.4061855670103093,white_uniform,multi_view,4,0.1985180412371134,0.1976159793814433,0,0,254.96117055771725,0.7690371436292555,1.0986893390219903,255.0,255.0,255.0,ge_0.30
data/raw/images/Нц-48-073_orig.jpg,9720,3828,2.5391849529780566,160,63,0.26537698412698413,white_uniform,single_object,3,0.1318452380952381,0.12628968253968254,0,0,254.75112107623318,3.5820380373518663,0.9318431448816399,255.0,255.0,255.0,0.15_0.30
data/raw/images/Нц-48-074_orig.jpg,5699,6374,0.8941010354565422,143,160,0.3120629370629371,white_uniform,single_object,4,0.18221153846153845,0.12229020979020978,0,0,255.0,0.0,0.11193649514228218,255.0,255.0,255.0,ge_0.30
data/raw/images/Нц-48-217_orig.jpg,3456,8208,0.42105263157894735,67,160,0.35690298507462687,white_uniform,single_object,4,0.12257462686567164,0.11604477611940299,0,0,253.0941629955947,11.596593322948653,0.8649974374866046,255.0,255.0,255.0,ge_0.30
data/raw/images/Нц-48-304_orig.jpg,5424,2992,1.8128342245989304,160,88,0.3268465909090909,white_uniform,single_object,5,0.1252840909090909,0.12272727272727273,0,0,255.0,0.0,0.5948914905258635,255.0,255.0,255.0,ge_0.30
data/raw/images/Нц-48-326_orig.jpg,5934,3168,1.8731060606060606,160,85,0.3173529411764706,white_uniform,single_object,4,0.15169117647058825,0.10058823529411764,0,0,252.35824829931974,16.11128664163744,0.6275980479164506,255.0,255.0,255.0,ge_0.30
data/raw/images/Нц-48-334_orig.jpg,5724,3810,1.5023622047244094,160,106,0.30701650943396225,white_uniform,single_object,4,0.15383254716981132,0.14487028301886792,0,0,254.46491228070178,4.2060880822382645,0.40703867255559484,255.0,255.0,255.0,ge_0.30
data/raw/images/Нц-48-341_orig.jpg,3078,7800,0.3946153846153846,63,160,0.5174603174603175,light_photo,multi_view,4,0.19910714285714284,0.18511904761904763,0,0,250.02083333333334,24.57647801764917,1.5298436982788586,255.0,255.0,255.0,ge_0.30
data/raw/images/Нц-48-342_orig.jpg,6570,2862,2.2955974842767297,160,70,0.36857142857142855,white_uniform,multi_view,4,0.1836607142857143,0.17723214285714287,0,0,255.0,0.0,1.43099315136226,255.0,255.0,255.0,ge_0.30
data/raw/images/Нц-48-360_orig.jpg,2184,2840,0.7690140845070422,123,160,0.2633130081300813,white_uniform,single_object,4,0.2269308943089431,0.018292682926829267,0,1,254.93595406360424,1.5624108934624044,0.562645994290456,255.0,255.0,255.0,0.15_0.30
data/raw/images/Нц-48-375_orig.jpg,3176,2760,1.1507246376811595,160,139,0.3423561151079137,white_uniform,single_object,3,0.32594424460431654,0.010341726618705036,0,0,255.0,0.0,0.14039186365583073,255.0,255.0,255.0,ge_0.30
data/raw/images/Нц-48-376_orig.jpg,8196,5467,1.4991768794585696,160,107,0.21869158878504674,white_uniform,single_object,6,0.07429906542056075,0.07394859813084112,0,1,255.0,0.0,0.7049162104637912,255.0,255.0,255.0,0.15_0.30
data/raw/images/Нц-48-378_orig.jpg,9059,5555,1.6307830783078308,160,98,0.20605867346938775,white_uniform,single_object,5,0.08086734693877551,0.07889030612244897,0,0,255.0,0.0,0.4890603155955574,255.0,255.0,255.0,0.15_0.30
data/raw/images/Нц-49-010_orig.jpg,5184,5326,0.9733383402177995,156,160,0.31798878205128206,white_uniform,single_object,5,0.14471153846153847,0.10408653846153847,0,0,254.98338607594937,0.39693356624081627,0.027023528341766866,255.0,255.0,255.0,ge_0.30
data/raw/images/Нц-49-011_orig.jpg,10586,6892,1.5359837492745212,160,104,0.3189903846153846,white_uniform,single_object,6,0.09248798076923077,0.08635817307692308,0,0,252.58372790404042,12.374253342439136,0.42917105477011264,255.0,255.0,255.0,ge_0.30
data/raw/images/Нц-49-074_orig.jpg,4198,4584,0.9157940663176265,147,160,0.33630952380952384,white_uniform,multi_view,4,0.16394557823129252,0.16113945578231292,0,0,255.0,0.0,0.6879637580139972,255.0,255.0,255.0,ge_0.30
data/raw/images/Нц-49-111_orig.jpg,7224,3376,2.139810426540284,160,75,0.3135,white_uniform,single_object,4,0.15041666666666667,0.14833333333333334,0,0,254.99840425531914,0.07291503641282604,0.7607172393809736,255.0,255.0,255.0,ge_0.30
data/raw/images/Нц-49-166_orig.jpg,6215,3102,2.00354609929078,160,80,0.28828125,white_uniform,single_object,5,0.14421875,0.13046875,0,0,254.5535590277778,7.8400880714173455,0.6949186602083274,255.0,255.0,255.0,0.15_0.30
data/raw/images/Нц-52-002_orig.jpg,2496,2288,1.0909090909090908,160,147,0.28818027210884356,white_uniform,single_object,3,0.2732993197278912,0.00858843537414966,0,0,255.0,0.0,0.0870113769896297,255.0,255.0,255.0,0.15_0.30
data/raw/images/Нц-52-016_orig.jpg,4816,2612,1.8437978560490047,160,87,0.45977011494252873,white_uniform,multi_view,3,0.22586206896551725,0.2237787356321839,0,0,254.64448380566802,4.3301903170168625,1.2118274965923352,255.0,255.0,255.0,ge_0.30
data/raw/images/Нц-52-161_orig.jpg,5148,4464,1.153225806451613,160,139,0.3661870503597122,white_uniform,single_object,4,0.2487859712230216,0.10827338129496403,0,0,254.99449554069122,0.15283274059726867,0.14256306465487048,255.0,255.0,255.0,ge_0.30
data/raw/images/Нц-52-164_orig.jpg,3016,3888,0.7757201646090535,124,160,0.3826108870967742,white_uniform,single_object,3,0.36839717741935485,0.011592741935483871,0,0,255.0,0.0,0.25396343645248304,255.0,255.0,255.0,ge_0.30
data/raw/images/Нц-52-170_orig.jpg,3928,3936,0.9979674796747967,160,160,0.301171875,white_uniform,single_object,3,0.2846875,0.01125,0,0,254.9998046875,0.013974060005143236,0.002034588697787574,255.0,255.0,255.0,ge_0.30
data/raw/images/Нц-52-171_orig.jpg,3681,4259,0.8642873914064334,138,160,0.4860054347826087,white_uniform,single_object,5,0.37441123188405795,0.10199275362318841,0,0,254.85046140939596,2.346744629816199,0.1458499365441924,255.0,255.0,255.0,ge_0.30
data/raw/images/Нц-52-181_orig.jpg,2826,4128,0.684593023255814,110,160,0.31022727272727274,white_uniform,single_object,5,0.2913636363636364,0.005056818181818181,0,0,254.50277777777777,5.5006726580808305,0.37893074391692594,255.0,255.0,255.0,ge_0.30
data/raw/images/Нц-52-220_orig.jpg,4452,5065,0.8789733464955577,141,160,0.5472960992907802,white_uniform,multi_view,4,0.33342198581560284,0.2023936170212766,0,0,253.8515365448505,8.648267746459126,0.7290007042873483,255.0,255.0,255.0,ge_0.30
data/raw/images/Нц-52-221_orig.jpg,3570,5390,0.6623376623376623,106,160,0.5892688679245283,white_uniform,multi_view,4,0.4354952830188679,0.14274764150943398,0,0,253.92731829573933,8.126402671378312,1.011979789129358,255.0,255.0,255.0,ge_0.30
data/raw/images/Нц-52-255_orig.jpg,6367,3288,1.9364355231143553,160,83,0.3009036144578313,white_uniform,single_object,4,0.14412650602409638,0.14073795180722892,0,0,255.0,0.0,0.6608489238409548,255.0,255.0,255.0,ge_0.30
data/raw/images/Нц-52-389_orig.jpg,6211,3375,1.8402962962962963,160,87,0.17895114942528736,white_uniform,close_up,4,0.08994252873563219,0.0783764367816092,0,0,255.0,0.0,0.6099265892526728,255.0,255.0,255.0,0.15_0.30
data/raw/images/Нц-52-397_orig.jpg,6232,3312,1.8816425120772946,160,85,0.2570588235294118,white_uniform,single_object,4,0.12470588235294118,0.1223529411764706,0,0,255.0,0.0,0.6321450720454338,255.0,255.0,255.0,0.15_0.30
data/raw/images/Нц-52-505_orig.jpg,5212,3342,1.5595451825254338,160,103,0.25515776699029125,white_uniform,single_object,4,0.12451456310679612,0.11692961165048543,0,0,255.0,0.0,0.4443942290893967,255.0,255.0,255.0,0.15_0.30
data/raw/images/Нц-52-506_orig.jpg,2950,6005,0.4912572855953372,79,160,0.21242088607594936,white_uniform,single_object,5,0.08259493670886076,0.08156645569620254,0,0,255.0,0.0,0.7107872851802184,255.0,255.0,255.0,0.15_0.30
data/raw/images/Нц-52-514_orig.jpg,4194,2448,1.713235294117647,160,93,0.33158602150537636,white_uniform,single_object,3,0.3157258064516129,0.008266129032258065,0,0,254.6195652173913,5.221055408038679,0.5383835678296485,255.0,255.0,255.0,ge_0.30
data/raw/images/Нц-53-021_orig.jpg,5130,3120,1.6442307692307692,160,97,0.32989690721649484,white_uniform,single_object,4,0.15779639175257731,0.15521907216494846,0,0,253.6850680933852,9.63715707526954,0.4972726573612871,255.0,255.0,255.0,ge_0.30
data/raw/images/Нц-53-066_orig.jpg,5394,2646,2.0385487528344672,160,78,0.4581730769230769,white_uniform,multi_view,4,0.22588141025641026,0.22299679487179488,0,0,254.3230917366947,6.269287245773297,1.3122381590247745,255.0,255.0,255.0,ge_0.30
data/raw/images/Нц-53-067_orig.jpg,4794,3168,1.5132575757575757,160,106,0.38425707547169813,white_uniform,multi_view,4,0.18637971698113207,0.18490566037735848,0,0,253.8919172932331,8.818718903043909,1.014264662060013,255.0,255.0,255.0,ge_0.30
data/raw/images/Нц-53-349_orig.jpg,8432,4125,2.0441212121212122,160,78,0.18068910256410256,white_uniform,single_object,5,0.06442307692307692,0.0625801282051282,0,0,255.0,0.0,0.7149679720123623,255.0,255.0,255.0,0.15_0.30
data/raw/images/Нейш3А-2018-0018_orig.jpg,2119,2026,1.045903257650543,160,153,0.2543300653594771,light_photo,single_object,7,0.15788398692810457,0.060988562091503266,0,0,247.6473642172524,24.843097982524206,0.044880873459670366,255.0,255.0,255.0,0.15_0.30
data/raw/images/Нейш3А-2018-0097_orig.jpg,2637,3248,0.811884236453202,130,160,0.45442307692307693,light_photo,single_object,4,0.33995192307692307,0.08552884615384615,0,0,250.23505747126438,19.44870862402671,0.2083975149282819,255.0,255.0,255.0,ge_0.30
data/raw/images/Нейш3А-2018-0102_orig.jpg,2383,2817,0.8459353922612709,135,160,0.3745833333333333,light_photo,single_object,6,0.13041666666666665,0.12916666666666668,0,0,247.5886299435028,21.019614812836306,0.16731229077763043,255.0,255.0,255.0,ge_0.30
data/raw/images/Нейш3А-2018-0105_orig.jpg,2059,2030,1.0142857142857142,160,158,0.30003955696202533,dark_or_complex,single_object,8,0.20003955696202533,0.049960443037974686,0,0,14.517099056603774,40.860555629658315,0.4141846349919564,0.0,0.0,0.0,ge_0.30
data/raw/images/Нейш3А-2018-0108_orig.jpg,2517,2151,1.1701534170153418,160,137,0.2747262773722628,light_photo,single_object,6,0.14324817518248176,0.07130474452554744,0,0,248.76101290684622,25.898988070468732,0.1571348658675859,255.0,255.0,255.0,0.15_0.30
data/raw/images/Нейш3А-2018-0111_orig.jpg,2749,1811,1.5179458862506903,160,105,0.3856547619047619,light_photo,single_object,4,0.23791666666666667,0.0906547619047619,0,0,247.81902515723266,21.017422010810442,0.4173580302818324,255.0,255.0,255.0,ge_0.30
data/raw/images/Нейш3А-2018-0117_orig.jpg,1835,1803,1.0177481974486966,160,157,0.5935907643312102,dark_or_complex,multi_view,5,0.37655254777070063,0.18180732484076434,0,0,29.074132492113566,66.23957290448963,1.0175925372853534,0.0,0.0,0.0,ge_0.30
data/raw/images/Нейш3А-2018-0118_orig.jpg,1994,1749,1.1400800457404232,160,140,0.25214285714285717,light_photo,single_object,3,0.18040178571428572,0.03625,0,0,250.0688888888889,19.72357408512357,0.13109847550318166,255.0,255.0,255.0,0.15_0.30
data/raw/images/Нейш3А-2018-0138_orig.jpg,2018,2036,0.9911591355599214,159,160,0.19068396226415094,light_photo,single_object,5,0.13962264150943396,0.018985849056603773,0,0,250.60011755485894,19.7569520715771,0.008880176756859098,255.0,255.0,255.0,0.15_0.30
data/raw/images/Нейш3А-2018-0189_orig.jpg,3373,2369,1.4238075137188688,160,112,0.33309151785714286,light_photo,single_object,4,0.18158482142857144,0.08498883928571428,0,0,245.3820465686274,31.47664261332491,0.3533346309028649,255.0,255.0,255.0,ge_0.30
data/raw/images/Нейш3А-2018-0203_orig.jpg,3630,3077,1.1797205069873253,160,136,0.4232077205882353,light_photo,single_object,3,0.2522518382352941,0.13198529411764706,0,1,250.99824042792795,18.848053715128003,0.4652775519368546,255.0,255.0,255.0,ge_0.30
data/raw/images/Нейш3А-2018-0206_orig.jpg,2465,1788,1.378635346756152,160,116,0.3244612068965517,light_photo,single_object,5,0.2555495689655172,0.02790948275862069,0,1,241.49079106280197,38.35758350964645,0.621094130743331,255.0,255.0,255.0,ge_0.30
data/raw/images/Нейш3А-2018-0210_orig.jpg,2333,2363,0.9873042742276766,158,160,0.48350474683544303,light_photo,single_object,6,0.30803006329113924,0.1437895569620253,0,0,250.04435272536685,19.545597323426396,0.012777005165477914,255.0,255.0,255.0,ge_0.30
data/raw/images/Нейш3А-2018-0244_orig.jpg,1780,2381,0.747585048299034,120,160,0.62,light_photo,multi_view,4,0.46958333333333335,0.13177083333333334,0,0,245.0959077380952,27.478786065803888,0.8909072032007319,255.0,255.0,255.0,ge_0.30
data/raw/images/Нейш3А-2018-0247_orig.jpg,2415,2447,0.9869227625664079,158,160,0.2909018987341772,white_uniform,single_object,7,0.12250791139240506,0.12227056962025316,0,0,251.80896226415095,16.27064672454829,0.013163497355998572,255.0,255.0,255.0,0.15_0.30
data/raw/images/Нейш3А-2018-0248_orig.jpg,3013,1701,1.7713109935332159,160,90,0.2292361111111111,light_photo,single_object,6,0.14909722222222221,0.03333333333333333,0,0,247.73608333333334,22.812106634508062,0.5717199467344395,255.0,255.0,255.0,0.15_0.30
data/raw/images/Нейш3А-2018-0252_orig.jpg,2270,2561,0.886372510737993,142,160,0.3581426056338028,white_uniform,single_object,4,0.2846830985915493,0.043089788732394364,0,0,251.09057671081675,17.571144815082054,0.12061797572407691,255.0,255.0,255.0,ge_0.30
data/raw/images/Нейш3А-2018-0254_orig.jpg,3168,2145,1.476923076923077,160,108,0.3065393518518518,light_photo,single_object,4,0.15005787037037038,0.11244212962962963,0,0,248.5000777363184,23.25907805247957,0.3899609215721992,255.0,255.0,255.0,ge_0.30
data/raw/images/Нейш3А-2018-0255_orig.jpg,1776,3397,0.5228142478657639,84,160,0.4790922619047619,light_photo,multi_view,4,0.21726190476190477,0.18764880952380952,0,0,249.10835040983608,19.38869272747628,1.2485290446084685,255.0,255.0,255.0,ge_0.30
data/raw/images/Нейш3А-2018-0259_orig.jpg,2644,2749,0.9618042924699891,154,160,0.4080357142857143,light_photo,single_object,3,0.2720779220779221,0.1273538961038961,0,1,249.1442409766454,24.000523988528965,0.33894428719366876,255.0,255.0,255.0,ge_0.30
data/raw/images/Нейш3А-2018-0276_orig.jpg,2119,1997,1.0610916374561843,160,151,0.22686258278145696,light_photo,single_object,6,0.13704470198675497,0.05455298013245033,0,0,249.31899785637725,22.170804840538317,0.059298224852483865,255.0,255.0,255.0,0.15_0.30
data/raw/images/Нейш3А-2018-0288_orig.jpg,3338,3751,0.8898960277259398,142,160,0.1676056338028169,light_photo,close_up,6,0.04960387323943662,0.04889964788732394,0,0,249.69101821192052,19.769686128002686,0.1166506458601069,255.0,255.0,255.0,0.15_0.30
data/raw/images/Нейш3А-2018-0349_orig.jpg,3235,3873,0.8352698166795766,134,160,0.41833022388059704,light_photo,multi_view,4,0.17238805970149254,0.16800373134328359,0,0,249.94026360544217,22.811572011099695,0.7800004725797512,255.0,255.0,255.0,ge_0.30
data/raw/images/Нейш3А-2018-0350_orig.jpg,2445,5145,0.4752186588921283,76,160,0.5277960526315789,light_photo,multi_view,4,0.24054276315789475,0.23133223684210527,0,0,247.46151129943502,20.607176183056097,1.3439802463591777,255.0,255.0,255.0,ge_0.30
data/raw/images/Нейш3А-2018-0373_orig.jpg,3129,2341,1.3366082870568132,160,120,0.36276041666666664,white_uniform,single_object,4,0.20322916666666666,0.1084375,0,0,250.05037202380953,17.434166628555356,0.2901352761779713,255.0,255.0,255.0,ge_0.30
data/raw/images/Нейш3А-2018-0374_orig.jpg,2610,1666,1.5666266506602642,160,102,0.3636029411764706,light_photo,single_object,4,0.2036764705882353,0.10386029411764706,0,0,249.429548346056,19.095208325883775,0.44892467758995114,255.0,255.0,255.0,ge_0.30
data/raw/images/Нейш3А-2018-0377_orig.jpg,3734,2319,1.6101768003449763,160,99,0.32039141414141414,light_photo,single_object,4,0.2144570707070707,0.05618686868686869,0,0,246.39438545688546,24.65397164551292,0.4763439868461363,255.0,255.0,255.0,ge_0.30
data/raw/images/Нейш3А-2018-0378_orig.jpg,1826,3562,0.5126333520494104,82,160,0.4682926829268293,white_uniform,multi_view,4,0.21951219512195122,0.20891768292682927,0,1,249.93336776859505,17.322374555399886,1.5681944026946932,255.0,255.0,255.0,ge_0.30
data/raw/images/Нейш3А-2018-0384_orig.jpg,2638,1384,1.9060693641618498,160,84,0.30714285714285716,white_uniform,single_object,4,0.17492559523809523,0.06800595238095238,0,0,250.28577527322406,16.735914484474613,0.6450431970996451,255.0,255.0,255.0,ge_0.30
data/raw/images/Нейш3А-2018-0394_orig.jpg,1979,1750,1.1308571428571428,160,141,0.2833776595744681,light_photo,single_object,7,0.20784574468085107,0.03594858156028369,0,0,247.3721622369878,26.432652451257496,0.12297587868500592,255.0,255.0,255.0,0.15_0.30
data/raw/images/Нейш3А-2018-0397_orig.jpg,2912,1920,1.5166666666666666,160,105,0.29928571428571427,white_uniform,single_object,5,0.18357142857142858,0.06458333333333334,0,0,253.38333333333333,10.599808401812565,0.41651494429474933,255.0,255.0,255.0,0.15_0.30
data/raw/images/Нейш3А-2018-0426_orig.jpg,2770,1515,1.8283828382838283,160,88,0.43842329545454545,light_photo,multi_view,4,0.17485795454545455,0.16704545454545455,0,1,234.22664650537632,39.30790192522407,1.5034318812379146,255.0,255.0,255.0,ge_0.30
data/raw/images/Нейш3А-2018-0454_orig.jpg,2970,2166,1.371191135734072,160,117,0.3138354700854701,light_photo,single_object,4,0.14604700854700856,0.09358974358974359,0,1,250.66598977135982,19.069294978415492,0.6156798042358094,255.0,255.0,255.0,ge_0.30
data/raw/images/Нейш3А-2018-0499_orig.jpg,3634,1616,2.248762376237624,160,71,0.3777288732394366,light_photo,single_object,4,0.21179577464788732,0.1136443661971831,0,0,248.23791486291483,19.170218271367602,0.8103800098750759,255.0,255.0,255.0,ge_0.30
data/raw/images/Нейш3А-2018-0500_orig.jpg,1784,4652,0.3834909716251075,61,160,0.5367827868852459,light_photo,multi_view,4,0.224077868852459,0.22120901639344262,0,0,239.5014140271493,38.75724844075447,1.5584392004986003,255.0,255.0,255.0,ge_0.30
data/raw/images/Нейш3А-2018-0572_orig.jpg,3243,3288,0.9863138686131386,158,160,0.39386867088607597,light_photo,single_object,5,0.26819620253164556,0.09465981012658228,0,0,248.1290618448637,23.570884423714173,0.01378064986875262,255.0,255.0,255.0,ge_0.30
data/raw/images/Нейш3А-2018-0625_orig.jpg,1987,1976,1.0055668016194332,160,159,0.3941823899371069,white_uniform,single_object,3,0.254559748427673,0.11784591194968554,0,0,251.937434691745,14.249165242331769,0.005551364244003762,255.0,255.0,255.0,ge_0.30
data/raw/images/Нейш3А-2018-0628_orig.jpg,3185,2405,1.3243243243243243,160,121,0.22897727272727272,dark_or_complex,single_object,5,0.11875,0.046694214876033056,0,0,14.397464412811388,41.89353969227262,0.6809023854664022,0.0,0.0,0.0,0.15_0.30
data/raw/images/Нейш3А-2018-0629_orig.jpg,1980,1797,1.1018363939899833,160,145,0.3185775862068966,dark_or_complex,single_object,5,0.2128448275862069,0.04827586206896552,0,0,16.710450819672133,47.56188778285501,0.49697823690502196,0.0,0.0,0.0,ge_0.30
data/raw/images/Нейш3А-2018-0645_orig.jpg,6263,9911,0.6319241247099183,101,160,0.3813737623762376,light_photo,single_object,5,0.13521039603960397,0.12202970297029703,0,0,248.71583652618136,21.97694567691733,0.45898594788129554,255.0,255.0,255.0,ge_0.30
data/raw/images/Нейш3А-2018-0685_orig.jpg,7342,3105,2.364573268921095,160,68,0.3302389705882353,white_uniform,single_object,3,0.25386029411764705,0.04025735294117647,0,0,252.23446637426898,13.90910197045806,0.8605975696892005,255.0,255.0,255.0,ge_0.30
data/raw/images/Нейш3А-2018-0726_orig.jpg,3052,813,3.7539975399753995,160,43,0.3303779069767442,dark_or_complex,single_object,4,0.1609011627906977,0.08328488372093024,0,0,38.447967980295566,81.05726326577346,1.722821282856537,0.0,0.0,0.0,ge_0.30
data/raw/images/Нейш3А-2018-0733_orig.jpg,2084,3798,0.5487098472880464,88,160,0.39161931818181817,light_photo,single_object,3,0.3036221590909091,0.06171875,0,0,247.33887768817203,23.04490689061353,0.6001854884989736,255.0,255.0,255.0,ge_0.30
data/raw/images/Нейш3А-2018-0735_orig.jpg,4274,2204,1.9392014519056262,160,83,0.32951807228915664,light_photo,single_object,6,0.21265060240963857,0.05399096385542169,0,0,241.40569272976677,34.15342879235006,0.6622762656062878,255.0,255.0,255.0,ge_0.30
data/raw/images/Нейш3А-2018-0737_orig.jpg,3262,6628,0.49215449607724804,79,160,0.5401107594936709,light_photo,single_object,3,0.41550632911392404,0.10142405063291139,0,0,235.13249651324966,40.493607053755454,0.7089625953654943,255.0,255.0,255.0,ge_0.30
data/raw/images/Нейш3А-2018-0738_orig.jpg,2324,2427,0.957560774618871,153,160,0.5945261437908497,light_photo,multi_view,3,0.4093545751633987,0.16270424836601308,0,1,244.9988019169329,29.883741844163616,0.9433660877547996,255.0,255.0,255.0,ge_0.30
data/raw/images/Нейш3А-2018-0740_orig.jpg,4894,2921,1.6754536117767889,160,95,0.3519078947368421,light_photo,single_object,2,0.27861842105263157,0.07289473684210526,0,0,249.6343954248366,23.43141893286605,0.516083941614876,255.0,255.0,255.0,ge_0.30
data/raw/images/Нейш3А-2018-0741_orig.jpg,2423,4062,0.5965041851304776,95,160,0.5234868421052632,light_photo,multi_view,3,0.3307894736842105,0.1775657894736842,0,0,237.64321895424834,40.142730376204284,1.1166690213238042,255.0,255.0,255.0,ge_0.30
data/raw/images/Нейш3А-2018-0742_orig.jpg,1825,3839,0.475384214639229,76,160,0.5671052631578948,light_photo,single_object,3,0.45476973684210525,0.08741776315789473,0,0,235.43476341807911,36.53972125129673,0.7436319289842058,255.0,255.0,255.0,ge_0.30
data/raw/images/Нейш3А-2018-0855_orig.jpg,3972,2183,1.8195144296839212,160,88,0.38700284090909093,light_photo,single_object,3,0.32585227272727274,0.04417613636363636,0,0,248.3999495967742,21.01704518702657,0.5985696686151193,255.0,255.0,255.0,ge_0.30
data/raw/images/Нейш3А-2018-0806_orig.jpg,3406,2448,1.3913398692810457,160,115,0.5226630434782609,dark_or_complex,multi_view,5,0.26608695652173914,0.2234782608695652,0,0,34.424772727272725,71.02627410743655,1.3302672175904169,0.0,0.0,0.0,ge_0.30
data/raw/images/Нейш3А-2018-0810_orig.jpg,3108,4872,0.6379310344827587,102,160,0.48590686274509803,light_photo,single_object,3,0.32677696078431373,0.12990196078431374,0,0,246.99411577608143,25.376481755258663,0.4495250979021948,255.0,255.0,255.0,ge_0.30
data/raw/images/Нейш3А-2018-0811_orig.jpg,3039,6045,0.5027295285359802,80,160,0.59703125,dark_or_complex,single_object,6,0.460390625,0.08890625,0,0,43.727604166666666,81.49297176041206,1.0877029701321,0.0,0.0,0.0,ge_0.30
data/raw/images/Нейш3А-2018-0812_orig.jpg,4287,2400,1.78625,160,90,0.5758333333333333,light_photo,multi_view,2,0.3269444444444444,0.24854166666666666,0,0,242.7715,26.88746112089756,1.18011845026194,255.0,255.0,255.0,ge_0.30
data/raw/images/Нейш3А-2018-0817_orig.jpg,3457,2495,1.3855711422845691,160,115,0.40456521739130435,dark_or_complex,single_object,11,0.2807065217391304,0.06657608695652174,0,0,47.16977272727273,85.93311376214317,0.7261124317360055,0.0,0.0,0.0,ge_0.30
data/raw/images/Нейш3А-2018-0821_orig.jpg,1941,2440,0.7954918032786885,127,160,0.3894685039370079,light_photo,single_object,3,0.3181594488188976,0.0390748031496063,0,0,249.60002903600468,21.485401908268386,0.2287947351182373,255.0,255.0,255.0,ge_0.30
data/raw/images/Нейш3А-2018-0831_orig.jpg,2019,762,2.6496062992125986,160,60,0.431875,light_photo,single_object,4,0.33739583333333334,0.0909375,0,0,243.60795454545453,30.595396842291944,0.9744110626261913,255.0,255.0,255.0,ge_0.30
data/raw/images/Нейш3А-2018-0833_orig.jpg,2306,4867,0.4738031641668379,76,160,0.4225328947368421,light_photo,single_object,5,0.32294407894736843,0.06175986842105263,0,0,242.27242231638417,33.304723736751626,0.74696330900445,255.0,255.0,255.0,ge_0.30
data/raw/images/Нейш3А-2018-0834_orig.jpg,2235,855,2.6140350877192984,160,61,0.31864754098360654,light_photo,single_object,3,0.1944672131147541,0.06475409836065574,0,0,242.71370663650077,27.33728461050453,0.960895038110909,255.0,255.0,255.0,ge_0.30
data/raw/images/Нейш3А-2018-0837_orig.jpg,1910,1832,1.0425764192139737,160,153,0.4919117647058823,light_photo,multi_view,3,0.2866421568627451,0.17630718954248367,0,0,249.3049787007455,20.6146799262243,0.6416949758065998,255.0,255.0,255.0,ge_0.30
data/raw/images/Нейш3А-2018-0838_orig.jpg,1916,2871,0.6673632880529432,107,160,0.2808411214953271,light_photo,single_object,5,0.11968457943925234,0.11232476635514019,0,0,246.88725031210984,27.620334189681014,0.40442072159025816,255.0,255.0,255.0,0.15_0.30
data/raw/images/Нейш3А-2018-0839_orig.jpg,2957,1964,1.505600814663951,160,106,0.33649764150943395,light_photo,single_object,4,0.17387971698113208,0.10235849056603774,0,0,247.19188596491225,21.345245561887353,0.40919203093806594,255.0,255.0,255.0,ge_0.30
data/raw/images/Нейш3А-2018-0844_orig.jpg,4692,4889,0.9597054612395173,154,160,0.2930600649350649,light_photo,single_object,5,0.21866883116883118,0.044845779220779224,0,0,247.11365445859872,25.25883740373206,0.04112885280527948,255.0,255.0,255.0,0.15_0.30
data/raw/images/Нейш3А-2018-0847_orig.jpg,5438,4124,1.3186226964112513,160,121,0.2796487603305785,dark_or_complex,single_object,5,0.22587809917355373,0.027479338842975206,0,0,17.5711743772242,48.583249405737845,0.6765877800555655,0.0,0.0,0.0,0.15_0.30
data/raw/images/Нейш3А-2018-0848_orig.jpg,2613,4989,0.523752254960914,84,160,0.49174107142857143,light_photo,single_object,3,0.4203125,0.0546875,0,0,242.72660519125682,29.032382018064776,0.6467365023404248,255.0,255.0,255.0,ge_0.30
data/raw/images/Нейш3А-2018-0850_orig.jpg,2027,2866,0.7072575017445918,113,160,0.42173672566371684,light_photo,single_object,3,0.34148230088495574,0.06155973451327434,0,0,245.00938644688645,29.791143803057512,0.3463604619361171,255.0,255.0,255.0,ge_0.30
data/raw/images/Нейш3А-2018-0851_orig.jpg,1941,5284,0.367335352006056,59,160,0.4101694915254237,light_photo,single_object,3,0.30222457627118643,0.08432203389830509,0,0,242.90800989345513,28.707293594166586,1.0014800824732057,255.0,255.0,255.0,ge_0.30
data/raw/images/Нейш3А-2018-0856_orig.jpg,2074,3705,0.5597840755735493,90,160,0.45868055555555554,light_photo,single_object,3,0.3411111111111111,0.09847222222222222,0,0,243.84225,27.671047413090452,0.5802041489407146,255.0,255.0,255.0,ge_0.30
data/raw/images/Нейш3А-2018-0861_orig.jpg,3104,1239,2.5052461662631154,160,64,0.41259765625,light_photo,single_object,3,0.30068359375,0.06328125,0,0,244.05682663690476,28.917251411838592,0.9183869996739669,255.0,255.0,255.0,ge_0.30
data/raw/images/Нейш3А-2018-0868_orig.jpg,5588,3221,1.7348649487736727,160,92,0.4652853260869565,white_uniform,multi_view,4,0.22669836956521738,0.22269021739130435,0,0,251.17088293650792,16.767531556499332,1.1509295710456535,255.0,255.0,255.0,ge_0.30
data/raw/images/Нейш3А-2018-0871_orig.jpg,5761,3063,1.8808357819131571,160,85,0.3250735294117647,white_uniform,single_object,5,0.23198529411764707,0.05191176470588235,0,0,253.1146258503401,11.856440566624482,0.6317162428996079,255.0,255.0,255.0,ge_0.30
data/raw/images/Нейш3А-2018-0881_orig.jpg,6323,3043,2.0778836674334538,160,77,0.2650974025974026,white_uniform,single_object,6,0.17857142857142858,0.043344155844155845,0,0,252.71729957805908,12.930650642603206,0.7313499081616421,255.0,255.0,255.0,0.15_0.30
data/raw/images/Нейш3А-2018-0947_orig.jpg,2778,1832,1.5163755458515285,160,106,0.3133844339622642,light_photo,single_object,4,0.20766509433962263,0.038679245283018866,0,0,247.88964598997492,23.099790405349665,0.41632297808021357,255.0,255.0,255.0,ge_0.30
data/raw/images/Нейш3А-2018-0949_orig.jpg,1380,982,1.4052953156822812,160,114,0.38969298245614037,dark_or_complex,single_object,14,0.22450657894736842,0.06091008771929825,0,0,25.462591240875913,60.219500156717395,0.7402474697967846,0.0,0.0,0.0,ge_0.30
data/raw/images/Нейш3А-2018-0954_orig.jpg,6683,4114,1.6244530870199319,160,98,0.2584183673469388,white_uniform,single_object,5,0.16275510204081634,0.0653061224489796,0,0,255.0,0.0,0.4851711972981676,255.0,255.0,255.0,0.15_0.30
data/raw/images/Нейш3А-2018-0955_orig.jpg,5393,6201,0.8696984357361716,139,160,0.4605665467625899,white_uniform,multi_view,5,0.18525179856115107,0.1829136690647482,0,0,253.6795568561873,8.95029661534299,0.7396087530126509,255.0,255.0,255.0,ge_0.30
data/raw/images/Нейш3А-2018-0956_orig.jpg,8612,5337,1.6136406220723252,160,99,0.31950757575757577,white_uniform,single_object,5,0.15751262626262627,0.11938131313131313,0,0,253.4445785070785,9.16660150288955,0.4784928821503088,255.0,255.0,255.0,ge_0.30
data/raw/images/Нейш3А-2018-0986_orig.jpg,3283,934,3.5149892933618845,160,46,0.41182065217391306,light_photo,single_object,5,0.296195652173913,0.07201086956521739,0,0,237.94488268608413,38.11764584277459,1.25703647927275,255.0,255.0,255.0,ge_0.30
data/raw/images/Нейш3А-2018-1034_orig.jpg,3164,891,3.5510662177328842,160,45,0.3322222222222222,light_photo,single_object,4,0.15013888888888888,0.1213888888888889,0,0,240.42469512195123,31.179095494289257,1.267247901416735,255.0,255.0,255.0,ge_0.30
data/raw/images/Нейш3А-2018-1035_orig.jpg,2473,1961,1.2610912799592044,160,127,0.27017716535433073,light_photo,single_object,5,0.12150590551181102,0.08095472440944881,0,0,246.63988095238093,26.2590209727644,0.2319774413250699,255.0,255.0,255.0,0.15_0.30
data/raw/images/Нейш3А-2018-1042_orig.jpg,2387,2345,1.017910447761194,160,157,0.42559713375796177,white_uniform,single_object,3,0.3288614649681529,0.08264331210191082,0,1,251.1301919032597,14.997163002481665,0.3177519454584503,255.0,255.0,255.0,ge_0.30
data/raw/images/Нейш3А-2018-1101_orig.jpg,7740,3017,2.5654623798475304,160,62,0.2807459677419355,white_uniform,single_object,4,0.1904233870967742,0.05090725806451613,0,0,252.99802927927928,10.805107135533362,0.9421387274247116,255.0,255.0,255.0,0.15_0.30
data/raw/images/Нейш3А-2018-1137_orig.jpg,2882,2678,1.0761762509335324,160,149,0.30645973154362416,light_photo,single_object,4,0.16677852348993288,0.0888003355704698,0,0,248.00525889967636,19.90012073174264,0.07341425030834951,255.0,255.0,255.0,ge_0.30
data/raw/images/Нейш3А-2018-1138_orig.jpg,3945,1102,3.5798548094373865,160,45,0.28194444444444444,light_photo,single_object,3,0.1686111111111111,0.08333333333333333,0,0,244.97449186991872,30.197267971899972,1.2753222435671148,255.0,255.0,255.0,0.15_0.30
data/raw/images/Нейш3А-2018-1154_orig.jpg,1248,1568,0.7959183673469388,127,160,0.26510826771653545,light_photo,single_object,9,0.1672736220472441,0.04985236220472441,0,1,247.2711962833914,28.015127660900568,0.5282586519809802,255.0,255.0,255.0,0.15_0.30
data/raw/images/Нейш3А-2018-1174_orig.jpg,3843,2761,1.3918869974646868,160,115,0.3006521739130435,white_uniform,single_object,4,0.13820652173913042,0.0978804347826087,0,0,250.95803030303034,14.331592782236363,0.33066037863468956,255.0,255.0,255.0,ge_0.30
data/raw/images/Нейш3А-2018-1178_orig.jpg,2919,1568,1.8616071428571428,160,86,0.5129360465116279,light_photo,single_object,3,0.38103197674418604,0.09411337209302326,0,0,232.5026253387534,37.37442228537333,0.6214401699437616,255.0,255.0,255.0,ge_0.30
data/raw/images/Нейш3А-2018-1180_orig.jpg,3340,963,3.4683281412253373,160,46,0.25,light_photo,single_object,4,0.12907608695652173,0.06807065217391305,0,0,247.50980987055019,19.800792177703546,1.2436726741726205,255.0,255.0,255.0,0.15_0.30
data/raw/images/Нейш3А-2018-1182_orig.jpg,1433,1592,0.9001256281407035,144,160,0.21488715277777778,light_photo,single_object,9,0.08997395833333334,0.07491319444444444,0,1,243.53659539473685,35.24864276598938,0.4052209385761565,255.0,255.0,255.0,0.15_0.30
data/raw/images/Нейш3А-2018-1186_orig.jpg,3202,1433,2.234473133286811,160,72,0.4942708333333333,light_photo,single_object,3,0.3949652777777778,0.07170138888888888,0,0,246.08459051724137,23.869265315968278,0.8040054657284881,255.0,255.0,255.0,ge_0.30
data/raw/images/Нейш3А-2018-1190_orig.jpg,7690,3644,2.110318331503842,160,76,0.30542763157894737,white_uniform,single_object,5,0.2325657894736842,0.04399671052631579,0,0,253.42770127118644,10.017440596986384,0.7468388041198408,255.0,255.0,255.0,ge_0.30
data/raw/images/Нейш3А-2018-1232_orig.jpg,3304,959,3.4452554744525545,160,46,0.4057065217391304,light_photo,single_object,4,0.23451086956521738,0.096875,0,0,230.5249797734628,42.46841642056949,1.2369980597574304,255.0,255.0,255.0,ge_0.30
data/raw/images/Нейш3А-2018-1282_orig.jpg,1476,1620,0.9111111111111111,146,160,0.29499143835616437,light_photo,single_object,5,0.22868150684931507,0.035445205479452055,0,0,249.9640522875817,18.86299230346802,0.09309042306601198,255.0,255.0,255.0,0.15_0.30
data/raw/images/Нейш3А-2018-1284_orig.jpg,1821,1654,1.1009673518742442,160,145,0.45142241379310344,light_photo,single_object,5,0.3497413793103448,0.07383620689655172,0,1,244.98203551912567,32.29985268214634,0.3961892041439713,255.0,255.0,255.0,ge_0.30
data/raw/images/Нейш3А-2018-1311_orig.jpg,5157,2428,2.1239703459637562,160,75,0.26975,white_uniform,single_object,7,0.19208333333333333,0.030583333333333334,0,0,252.60744680851064,12.321281877233167,0.7532871418715701,255.0,255.0,255.0,0.15_0.30
data/raw/images/Нейш3А-2018-1318_orig.jpg,2446,2475,0.9882828282828283,158,160,0.4307357594936709,white_uniform,single_object,4,0.3342167721518987,0.07432753164556961,0,0,250.90120545073378,17.64918012243425,0.011786358755672976,255.0,255.0,255.0,ge_0.30
data/raw/images/Нейш3А-2018-1357_orig.jpg,3228,779,4.14377406931964,160,39,0.4806089743589744,light_photo,multi_view,3,0.2721153846153846,0.16875,0,0,238.90295226130652,27.074887299348596,2.021606983519091,255.0,255.0,255.0,ge_0.30
data/raw/images/Нейш3А-2018-1372_orig.jpg,2625,1541,1.7034393251135627,160,94,0.32992021276595745,light_photo,single_object,7,0.20292553191489363,0.07433510638297873,0,0,248.72555774278217,21.676921374876958,0.5326493397056083,255.0,255.0,255.0,ge_0.30
data/raw/images/Нейш3А-2018-1379_orig.jpg,4221,2221,1.9004952723998199,160,84,0.2656994047619048,white_uniform,single_object,7,0.15282738095238096,0.07001488095238095,0,0,251.3952356557377,16.100026341676063,0.6421145218880713,255.0,255.0,255.0,0.15_0.30
data/raw/images/Нейш3А-2018-1390_orig.jpg,2184,1191,1.8337531486146095,160,87,0.4194683908045977,light_photo,single_object,8,0.3182471264367816,0.061206896551724135,0,0,237.11411943319837,35.26090890388357,0.6063647675094955,255.0,255.0,255.0,ge_0.30
data/raw/images/Нейш3А-2018-1469_orig.jpg,1807,713,2.5343618513323984,160,63,0.3566468253968254,light_photo,single_object,7,0.27331349206349204,0.05049603174603175,0,0,248.3394992526158,22.8568234674418,0.9299418701779326,255.0,255.0,255.0,ge_0.30
data/raw/images/Нейш3А-2018-1473_orig.jpg,2408,1988,1.2112676056338028,160,132,0.2684659090909091,light_photo,single_object,6,0.153125,0.07646780303030302,0,0,249.9778824200913,19.604680528794617,0.19166741921219227,255.0,255.0,255.0,0.15_0.30
data/raw/images/Нейш3А-2018-1476_orig.jpg,4020,1986,2.02416918429003,160,79,0.28346518987341773,white_uniform,single_object,8,0.19011075949367087,0.050949367088607596,0,0,251.63336820083683,15.987818831795641,0.7051593370079487,255.0,255.0,255.0,0.15_0.30
data/raw/images/Нейш3А-2018-1509_orig.jpg,4933,2912,1.6940247252747254,160,94,0.26050531914893615,white_uniform,single_object,5,0.20611702127659576,0.031914893617021274,0,0,251.99343832020995,13.893272911195305,0.5271071919171617,255.0,255.0,255.0,0.15_0.30
data/raw/images/Нейш3А-2018-1527_orig.jpg,2412,994,2.426559356136821,160,66,0.29043560606060603,light_photo,single_object,5,0.22026515151515152,0.04554924242424242,0,0,247.36108038348084,22.912489525723736,0.8864743511905021,255.0,255.0,255.0,0.15_0.30
data/raw/images/Нейш3А-2018-1533_orig.jpg,3705,1520,2.4375,160,66,0.4837121212121212,light_photo,single_object,4,0.3482007575757576,0.08683712121212121,0,0,237.27848451327435,30.097366932632795,0.8909729238898652,255.0,255.0,255.0,ge_0.30
data/raw/images/Нейш3А-2018-1642_orig.jpg,2064,2901,0.7114788004136504,114,160,0.484155701754386,light_photo,single_object,3,0.36847587719298247,0.096875,0,0,245.796152676399,26.046447228349358,0.3404096575199507,255.0,255.0,255.0,ge_0.30
data/raw/images/Нейш3А-2018-1660_orig.jpg,2381,2929,0.8129054284738819,130,160,0.5714423076923076,light_photo,multi_view,3,0.3981730769230769,0.15264423076923078,0,0,248.10502873563223,19.538593638706054,0.8071405003408706,255.0,255.0,255.0,ge_0.30
data/raw/images/Нейш3А-2018-1671_orig.jpg,1664,1890,0.8804232804232804,141,160,0.4616578014184397,white_uniform,single_object,3,0.3416666666666667,0.09069148936170213,0,0,251.88939645625692,15.295334378549718,0.12735248667253415,255.0,255.0,255.0,ge_0.30
data/raw/images/Нейш3А-2018-1685_orig.jpg,8364,4102,2.039005363237445,160,78,0.29735576923076923,white_uniform,single_object,4,0.25400641025641024,0.0297275641025641,0,1,252.48914565826334,11.45609535336351,1.0124621219161982,255.0,255.0,255.0,0.15_0.30
data/raw/images/Нейш3А-2018-1719_orig.jpg,2430,2585,0.9400386847195358,150,160,0.391375,light_photo,single_object,6,0.27825,0.08308333333333333,0,0,249.48803763440858,19.0195897478835,0.06183425060793537,255.0,255.0,255.0,ge_0.30
data/raw/images/Нейш3А-2018-1755_orig.jpg,4427,1285,3.445136186770428,160,46,0.42432065217391307,light_photo,single_object,3,0.2642663043478261,0.13260869565217392,0,0,228.62732605177993,52.50662267826427,1.236963435402821,255.0,255.0,255.0,ge_0.30
data/raw/images/Нейш3А-2018-1764_orig.jpg,2572,767,3.353324641460235,160,48,0.394921875,light_photo,single_object,4,0.28098958333333335,0.06341145833333334,0,0,236.1008613782051,31.99845493741783,1.209952283990254,255.0,255.0,255.0,ge_0.30
data/raw/images/Нейш3А-2018-1766_orig.jpg,4266,2381,1.7916841663166736,160,89,0.28265449438202245,light_photo,single_object,4,0.14185393258426968,0.075561797752809,0,0,249.2671519410977,18.21597764535848,0.583156052544433,255.0,255.0,255.0,0.15_0.30
data/raw/images/Нейш3А-2018-1839_orig.jpg,2418,3913,0.6179401993355482,99,160,0.37058080808080807,white_uniform,single_object,8,0.23289141414141415,0.10347222222222222,0,0,252.92543436293437,12.684240282680731,0.4813635910356744,255.0,255.0,255.0,ge_0.30
data/raw/images/Нейш3А-2018-1911_orig.jpg,7775,2809,2.767888928444286,160,58,0.2658405172413793,light_photo,single_object,4,0.2183189655172414,0.024676724137931035,0,0,250.97123470948014,20.48966465875403,1.0180849099431912,255.0,255.0,255.0,0.15_0.30
data/raw/images/Нейш3А-2018-1912_orig.jpg,8246,3864,2.1340579710144927,160,75,0.24533333333333332,white_uniform,single_object,4,0.19741666666666666,0.0325,0,0,253.23608156028368,8.690306249338738,0.7580253179344367,255.0,255.0,255.0,0.15_0.30
data/raw/images/Нейш3А-2018-1913_orig.jpg,7448,3631,2.051225557697604,160,78,0.1952724358974359,light_photo,single_object,5,0.08509615384615385,0.08181089743589744,0,0,250.75253851540614,18.512224270847774,0.7184374475425673,255.0,255.0,255.0,0.15_0.30
data/raw/images/Нейш3А-2018-1919_orig.jpg,7408,2521,2.938516461721539,160,54,0.30474537037037036,light_photo,single_object,6,0.12604166666666666,0.12037037037037036,0,0,248.6198403426791,23.421452314728555,1.0779048491380956,255.0,255.0,255.0,ge_0.30
data/raw/images/Нейш3А-2018-1980_orig.jpg,8447,2875,2.9380869565217393,160,54,0.28425925925925927,white_uniform,single_object,4,0.12511574074074075,0.1076388888888889,0,0,252.35845015576322,13.230815182419297,1.077758674496046,255.0,255.0,255.0,0.15_0.30
data/raw/images/Нейш3А-2018-2040_orig.jpg,4056,1920,2.1125,160,76,0.33980263157894736,white_uniform,single_object,5,0.24498355263157895,0.05230263157894737,0,0,252.31064618644066,14.321562540723928,0.7478720802491918,255.0,255.0,255.0,ge_0.30
data/raw/images/Нейш3А-2018-2047_orig.jpg,3960,2022,1.9584569732937684,160,82,0.3044969512195122,white_uniform,single_object,6,0.21951219512195122,0.05022865853658537,0,0,252.74819214876032,13.129672400768747,0.6721569046681094,255.0,255.0,255.0,ge_0.30
data/raw/images/Нейш3А-2018-2068_orig.jpg,5652,4639,1.2183660271610262,160,131,0.3299618320610687,white_uniform,single_object,5,0.14513358778625954,0.10954198473282442,0,0,253.196735395189,10.559475948061149,0.19751063905267444,255.0,255.0,255.0,ge_0.30
data/raw/images/Нейш3А-2018-2087_orig.jpg,5292,2736,1.9342105263157894,160,83,0.3233433734939759,white_uniform,single_object,4,0.24465361445783132,0.05308734939759036,0,0,252.56258573388203,12.507369726482517,0.6596992464924052,255.0,255.0,255.0,ge_0.30
data/raw/images/Нейш3А-2018-2098_orig.jpg,7415,3376,2.1963862559241707,160,73,0.23476027397260274,white_uniform,single_object,4,0.1646404109589041,0.03373287671232877,0,0,253.6896459227468,8.566326685278886,0.7868133988561847,255.0,255.0,255.0,0.15_0.30
data/raw/images/Нейш3А-2018-2142_orig.jpg,5208,3352,1.5536992840095465,160,103,0.21614077669902912,white_uniform,single_object,4,0.16432038834951457,0.023058252427184466,0,0,252.85123574144487,11.758773053345802,0.4406387222864315,255.0,255.0,255.0,0.15_0.30
data/raw/images/Нейш3А-2018-2145_orig.jpg,6064,3048,1.989501312335958,160,80,0.259921875,white_uniform,single_object,4,0.194140625,0.03890625,0,0,253.21979166666668,10.075347593173344,0.6878840105156707,255.0,255.0,255.0,0.15_0.30
data/raw/images/Нейш3А-2018-2170_orig.jpg,6894,3640,1.8939560439560439,160,84,0.26272321428571427,white_uniform,single_object,4,0.21391369047619047,0.026711309523809523,0,0,253.64984631147541,8.701509960411121,0.6386677864460243,255.0,255.0,255.0,0.15_0.30
data/raw/images/Нейш3А-2018-2216_orig.jpg,8190,3488,2.3480504587155964,160,68,0.3332720588235294,white_uniform,single_object,4,0.2587316176470588,0.05827205882352941,0,0,252.26142178362576,11.659922884918023,0.8535853918182449,255.0,255.0,255.0,ge_0.30
data/raw/images/Нейш3А-2018-2327_orig.jpg,1782,3397,0.5245805122166618,84,160,0.37998511904761906,white_uniform,single_object,8,0.2708333333333333,0.06733630952380952,0,0,253.11680327868854,12.193935867074886,0.6451563601298292,255.0,255.0,255.0,ge_0.30
data/raw/images/Нейш3А-2018-2329_orig.jpg,1692,2884,0.5866851595006934,94,160,0.3511968085106383,light_photo,single_object,9,0.24933510638297873,0.055053191489361705,0,0,251.40551181102362,18.50575642336842,0.5332669582386712,255.0,255.0,255.0,ge_0.30
data/raw/images/Нейш3А-2018-2330_orig.jpg,1800,2778,0.6479481641468683,104,160,0.36340144230769234,white_uniform,single_object,8,0.21520432692307692,0.10078125,0,0,254.59256628787878,6.0059906682071,0.43394457943003295,255.0,255.0,255.0,ge_0.30
data/raw/images/Нейш3А-2018-2331_orig.jpg,2822,3636,0.7761276127612762,124,160,0.340625,white_uniform,single_object,6,0.2632056451612903,0.04415322580645161,0,0,252.62742077464787,13.903150159899853,0.2534383228846101,255.0,255.0,255.0,ge_0.30
data/raw/images/Нейш3А-2018-2400_orig.jpg,2199,3124,0.7039052496798975,113,160,0.3525442477876106,white_uniform,single_object,7,0.25630530973451326,0.0586283185840708,0,0,252.14239926739927,15.971639726784389,0.35111152040481547,255.0,255.0,255.0,ge_0.30
data/raw/images/Нейш3А-2018-2416_orig.jpg,4230,3181,1.3297705124174788,160,120,0.3252083333333333,white_uniform,single_object,8,0.13942708333333334,0.13020833333333334,0,0,253.98727678571427,8.466086162184537,0.28500638029117953,255.0,255.0,255.0,ge_0.30
data/raw/images/Нейш3А-2018-2435_orig.jpg,3225,3208,1.005299251870324,160,159,0.3642688679245283,white_uniform,single_object,6,0.1851808176100629,0.15345911949685534,0,0,255.0,0.0,0.005285260243467657,255.0,255.0,255.0,ge_0.30
data/raw/images/Нейш3А-2018-2476_orig.jpg,3774,1950,1.9353846153846155,160,83,0.28591867469879517,white_uniform,single_object,5,0.17552710843373495,0.07409638554216867,0,0,251.84156378600824,16.19253374228081,0.6603060743707031,255.0,255.0,255.0,0.15_0.30
data/raw/images/Нейш3А-2018-2510_orig.jpg,3012,1614,1.8661710037174721,160,86,0.304578488372093,white_uniform,single_object,9,0.1960029069767442,0.06308139534883721,0,0,252.05919715447155,16.409854817389363,0.6238887400898901,255.0,255.0,255.0,ge_0.30
data/raw/images/Нейш3А-2018-2548_orig.jpg,2568,4590,0.5594771241830065,90,160,0.36291666666666667,white_uniform,single_object,5,0.23416666666666666,0.09458333333333334,0,0,251.898,14.898526638563963,0.580752638244739,255.0,255.0,255.0,ge_0.30
data/raw/images/Нейш3А-2018-2549_orig.jpg,2518,4440,0.5671171171171171,91,160,0.3531593406593407,white_uniform,single_object,5,0.22122252747252746,0.09581043956043957,0,0,252.91932270916334,12.427156884281139,0.567189440821978,255.0,255.0,255.0,ge_0.30
data/raw/images/Нейш3А-2018-2550_orig.jpg,2588,3834,0.6750130412102243,108,160,0.3095486111111111,light_photo,single_object,5,0.21707175925925926,0.05520833333333333,0,0,250.83418843283582,18.54846357322298,0.3930232679847986,255.0,255.0,255.0,ge_0.30
data/raw/images/Нейш3А-2018-2551_orig.jpg,2580,4416,0.5842391304347826,93,160,0.3743951612903226,white_uniform,single_object,5,0.2610887096774194,0.07970430107526882,0,0,253.1040019762846,11.92167305087721,0.5374449100412682,255.0,255.0,255.0,ge_0.30
data/raw/images/Нейш3А-2018-2552_orig.jpg,2495,4152,0.6009152215799615,96,160,0.35983072916666664,white_uniform,single_object,6,0.2552734375,0.06809895833333333,0,0,252.880615234375,12.587744970788519,0.5093014166601055,255.0,255.0,255.0,ge_0.30
data/raw/images/Нейш3А-2018-2553_orig.jpg,2808,4620,0.6077922077922078,97,160,0.37963917525773194,white_uniform,single_object,5,0.2630154639175258,0.08756443298969072,0,0,253.32782101167317,10.940812836548451,0.4979222189300828,255.0,255.0,255.0,ge_0.30
data/raw/images/Нейш3А-2018-2554_orig.jpg,2459,4323,0.5688179504973399,91,160,0.367239010989011,white_uniform,single_object,6,0.25212912087912087,0.07884615384615384,0,0,254.24228087649402,6.692879546971672,0.5641948424514391,255.0,255.0,255.0,ge_0.30
data/raw/images/Нейш3А-2018-2555_orig.jpg,2592,4032,0.6428571428571429,103,160,0.3162621359223301,white_uniform,single_object,6,0.214623786407767,0.06486650485436893,0,0,250.99786121673003,17.059063277691955,0.4418327522790392,255.0,255.0,255.0,ge_0.30
data/raw/images/Нейш3А-2018-2556_orig.jpg,2662,4431,0.600767321146468,96,160,0.33860677083333335,white_uniform,single_object,6,0.23424479166666667,0.06764322916666667,0,0,252.4345703125,13.79492363787287,0.5095475722444326,255.0,255.0,255.0,ge_0.30
data/raw/images/Нейш3А-2018-2581_orig.jpg,4199,4768,0.8806627516778524,141,160,0.40815602836879433,white_uniform,single_object,4,0.26724290780141846,0.12335992907801419,0,0,255.0,0.0,0.1270805280609924,255.0,255.0,255.0,ge_0.30
data/raw/images/Нейш3А-2018-2588_orig.jpg,2649,3928,0.6743890020366599,108,160,0.36192129629629627,white_uniform,single_object,4,0.2669560185185185,0.06643518518518518,0,0,251.25839552238807,16.88551840347254,0.39394818020228684,255.0,255.0,255.0,ge_0.30
data/raw/images/Нейш3А-2018-2665_orig.jpg,4266,2130,2.0028169014084507,160,80,0.29,white_uniform,single_object,6,0.211484375,0.0421875,0,0,252.47491319444447,13.63308909738993,0.6945546403278251,255.0,255.0,255.0,0.15_0.30
data/raw/images/Нейш3А-2018-2759_orig.jpg,3519,5116,0.687842064112588,110,160,0.385625,light_photo,single_object,4,0.2859659090909091,0.06659090909090909,0,0,248.79375,21.374630337121882,0.37419602537714813,255.0,255.0,255.0,ge_0.30
data/raw/images/Нейш3А-2018-2773_orig.jpg,3183,1716,1.8548951048951048,160,86,0.33997093023255814,light_photo,single_object,10,0.24607558139534882,0.04367732558139535,0,0,250.6173780487805,19.720852806148994,0.6178281472341852,255.0,255.0,255.0,ge_0.30
data/raw/images/Нейш3А-2018-2807_orig.jpg,4649,2120,2.1929245283018868,160,73,0.28450342465753425,white_uniform,single_object,5,0.19118150684931506,0.05650684931506849,0,0,251.64511802575106,14.921485643067683,0.7852360540245266,255.0,255.0,255.0,0.15_0.30
data/raw/images/Нейш3А-2018-2841_orig.jpg,5160,3600,1.4333333333333333,160,112,0.184765625,white_uniform,single_object,5,0.13370535714285714,0.025,0,0,253.88671875,8.483401185092095,0.36000273403140703,255.0,255.0,255.0,0.15_0.30
data/raw/images/Нейш3А-2018-2921_orig.jpg,6528,3084,2.1167315175097277,160,76,0.3046875,white_uniform,single_object,4,0.23832236842105264,0.04144736842105263,0,0,253.33501059322035,10.53712680039084,0.7498731619607228,255.0,255.0,255.0,ge_0.30
data/raw/images/Нейш3А-2018-2925_orig.jpg,4560,3012,1.5139442231075697,160,106,0.1847877358490566,white_uniform,single_object,5,0.1321933962264151,0.023525943396226417,0,0,253.51597744360902,10.244002847781518,0.4147183135886476,255.0,255.0,255.0,0.15_0.30
data/raw/images/Нейш3А-2018-2926_orig.jpg,5160,3012,1.7131474103585658,160,93,0.20006720430107527,white_uniform,single_object,5,0.13393817204301076,0.040053763440860216,0,0,253.1524209486166,11.182846966376458,0.5383322695558242,255.0,255.0,255.0,0.15_0.30
data/raw/images/Нейш3А-2018-2953_orig.jpg,5544,2364,2.3451776649746194,160,68,0.2436580882352941,white_uniform,single_object,4,0.17931985294117647,0.025735294117647058,0,0,253.5046600877193,9.995173187869845,0.8523611623437504,255.0,255.0,255.0,0.15_0.30
data/raw/images/Нейш3А-2018-3010_orig.jpg,2415,986,2.449290060851927,160,65,0.41875,light_photo,single_object,4,0.30625,0.06461538461538462,0,0,236.9665740740741,36.6323268488612,0.8957982114840377,255.0,255.0,255.0,ge_0.30
data/raw/images/Нейш3А-2018-3011_orig.jpg,3223,2119,1.5210004719207173,160,105,0.3711904761904762,light_photo,single_object,4,0.21482142857142858,0.11238095238095239,0,0,248.33812893081756,20.17684531994875,0.41936832354713877,255.0,255.0,255.0,ge_0.30
data/raw/images/Нейш3А-2018-3012_orig.jpg,3479,2191,1.5878594249201279,160,101,0.2651608910891089,light_photo,single_object,4,0.15643564356435644,0.06410891089108911,0,0,249.34746168582376,18.22856653662377,0.4623868355564756,255.0,255.0,255.0,0.15_0.30
data/raw/images/Нейш3А-2018-3039_orig.jpg,3997,2632,1.5186170212765957,160,105,0.22767857142857142,white_uniform,single_object,5,0.15732142857142858,0.040357142857142855,0,0,252.28278301886792,14.591028058432888,0.41780006626611566,255.0,255.0,255.0,0.15_0.30
data/raw/images/Нейш3А-2018-3050_orig.jpg,4781,1972,2.4244421906693714,160,66,0.671969696969697,light_photo,multi_view,4,0.3006628787878788,0.29801136363636366,0,1,215.80494100294987,60.52321947846794,1.7856014734635226,255.0,255.0,255.0,ge_0.30
data/raw/images/Нейш3А-2018-3060_orig.jpg,4248,2360,1.8,160,89,0.22570224719101123,white_uniform,single_object,5,0.15758426966292136,0.04002808988764045,0,0,253.4746485943775,10.263807424557498,0.5877866649021191,255.0,255.0,255.0,0.15_0.30
data/raw/images/Нейш3А-2018-3690_orig.jpg,2358,2733,0.862788144895719,138,160,0.4870018115942029,light_photo,single_object,3,0.45715579710144927,0.025226449275362318,0,0,247.13737416107384,24.176161628586684,0.1475861048307518,255.0,255.0,255.0,ge_0.30
data/raw/images/Нейш3А-2018-3692_orig.jpg,2957,3582,0.8255164712451145,132,160,0.36756628787878787,light_photo,single_object,3,0.21898674242424243,0.12713068181818182,0,0,249.0112014840183,20.636425461870726,0.19174606276817982,255.0,255.0,255.0,ge_0.30
data/raw/images/Нейш3А-2018-3712_orig.jpg,5192,3840,1.3520833333333333,160,118,0.3555614406779661,white_uniform,multi_view,5,0.16959745762711864,0.16414194915254238,0,0,253.3365557553957,10.433727735958724,0.9016466128021534,255.0,255.0,255.0,ge_0.30
data/raw/images/Нейш3А-2018-3748_orig.jpg,3335,3858,0.8644375324002074,138,160,0.3868659420289855,white_uniform,multi_view,4,0.170606884057971,0.17047101449275362,0,0,250.0494966442953,17.729218746474817,0.7456762351159503,255.0,255.0,255.0,ge_0.30
data/raw/images/Нейш3А-2018-3996_orig.jpg,2506,2905,0.8626506024096385,138,160,0.46494565217391304,white_uniform,single_object,3,0.4369565217391304,0.017798913043478262,0,0,252.03740212527967,14.181480747672646,0.14774553382999803,255.0,255.0,255.0,ge_0.30
data/raw/images/Нейш3А-2018-4068_orig.jpg,3216,4823,0.6668048932199876,107,160,0.37955607476635517,light_photo,single_object,4,0.2671728971962617,0.084053738317757,0,0,248.3693820224719,21.818352898732055,0.40525778977011484,255.0,255.0,255.0,ge_0.30
data/raw/images/Нейш3А-2018-4071_orig.jpg,3968,1993,1.9909683893627697,160,80,0.747890625,light_photo,multi_view,4,0.353125,0.34515625,0,0,194.27100694444445,74.61089996239843,1.2886211481919685,252.0,252.0,252.0,ge_0.30
data/raw/images/Нейш3А-2018-4085_orig.jpg,6573,2613,2.515499425947187,160,64,0.501953125,light_photo,multi_view,5,0.18212890625,0.177734375,0,0,230.9496837797619,46.013524088919254,1.5224713627429636,255.0,255.0,255.0,ge_0.30
data/raw/images/Нейш3А-2018-4094_orig.jpg,5387,5995,0.8985821517931609,144,160,0.3384982638888889,white_uniform,single_object,4,0.23289930555555555,0.08511284722222222,0,0,254.01583059210526,8.19428682457517,0.10693714478108092,255.0,255.0,255.0,ge_0.30
data/raw/images/Нейш3А-2018-4342_orig.jpg,3136,3912,0.8016359918200409,128,160,0.25498046875,white_uniform,single_object,6,0.152392578125,0.067529296875,0,0,252.68815104166666,13.871299502208297,0.22110064968440954,255.0,255.0,255.0,0.15_0.30
data/raw/images/Нейш3А-2018-4499_orig.jpg,2157,2202,0.9795640326975477,157,160,0.4168391719745223,white_uniform,single_object,5,0.3839171974522293,0.019267515923566878,0,0,252.46135646687696,14.526235551430533,0.020647670893468917,255.0,255.0,255.0,ge_0.30
data/raw/images/Нейш3А-2018-4581_orig.jpg,7582,2520,3.0087301587301587,160,53,0.2849056603773585,white_uniform,single_object,6,0.18985849056603774,0.060141509433962265,0,0,251.4567683881064,13.127493025127063,1.1015181155708111,255.0,255.0,255.0,0.15_0.30
data/raw/images/Нейш3А-2018-4582_orig.jpg,6307,3874,1.6280330407847186,160,98,0.34419642857142857,white_uniform,single_object,5,0.17436224489795918,0.13118622448979592,0,0,253.49176356589146,7.787653175397234,0.48737256269671,255.0,255.0,255.0,ge_0.30
data/raw/images/Нейш3А-2018-4583_orig.jpg,7378,2635,2.8,160,57,0.33651315789473685,white_uniform,single_object,5,0.15504385964912282,0.14166666666666666,0,0,252.88834485407062,11.1328922643147,1.0296194171811581,255.0,255.0,255.0,ge_0.30
data/raw/images/Нейш3А-2018-4603_orig.jpg,8200,2309,3.551320918146384,160,45,0.35791666666666666,light_photo,single_object,5,0.17555555555555555,0.14652777777777778,0,0,248.70132113821137,25.634017052208453,1.2673196238978492,255.0,255.0,255.0,ge_0.30
data/raw/images/Нейш3А-2018-4604_orig.jpg,5301,3876,1.3676470588235294,160,117,0.3606837606837607,light_photo,single_object,5,0.16041666666666668,0.14957264957264957,0,0,250.24390794223828,22.319956446348556,0.31309178797714926,255.0,255.0,255.0,ge_0.30
data/raw/images/Нейш3А-2018-4678_orig.jpg,3828,2482,1.5423045930701047,160,104,0.37037259615384616,light_photo,single_object,3,0.3271033653846154,0.024459134615384615,0,0,247.91422032828285,21.788435789333292,0.4332777868082923,255.0,255.0,255.0,ge_0.30
data/raw/images/Нейш3А-2018-4680_orig.jpg,2432,2644,0.9198184568835098,147,160,0.4929421768707483,light_photo,single_object,3,0.4038690476190476,0.06785714285714285,0,1,244.3095819761129,31.13091245390209,0.38357895788551927,255.0,255.0,255.0,ge_0.30
data/raw/images/Нейш3А-2018-4742_orig.jpg,9930,2660,3.7330827067669174,160,43,0.32645348837209304,white_uniform,single_object,6,0.1184593023255814,0.1068313953488372,0,0,251.67138752052549,12.88572005037162,1.3172343552634735,255.0,255.0,255.0,ge_0.30
data/raw/images/Нейш3А-2018-4743_orig.jpg,8909,2897,3.0752502588885053,160,52,0.24963942307692308,white_uniform,single_object,5,0.1141826923076923,0.09555288461538461,0,0,252.0511988993711,17.239042428783055,1.1233862829512933,255.0,255.0,255.0,0.15_0.30
data/raw/images/Нейш3А-2018-4749_orig.jpg,2236,2961,0.7551502870651807,121,160,0.3881198347107438,white_uniform,single_object,3,0.2628615702479339,0.10821280991735537,0,0,250.6748962040332,17.252941895288807,0.2808384938266014,255.0,255.0,255.0,ge_0.30
data/raw/images/Нейш3А-2018-4751_orig.jpg,4088,2533,1.6138965653375443,160,99,0.3976641414141414,light_photo,single_object,4,0.23301767676767676,0.09204545454545454,0,0,245.96919240669243,20.976690554093377,0.47865148188186507,255.0,255.0,255.0,ge_0.30
data/raw/images/Нейш3А-2018-4837_orig.jpg,3260,2630,1.2395437262357414,160,129,0.4491763565891473,light_photo,single_object,3,0.37950581395348837,0.054796511627906976,0,0,247.22779700115345,23.975172225206293,0.21474334918894306,255.0,255.0,255.0,ge_0.30
data/raw/images/Нейш3А-2018-4912_orig.jpg,3624,1668,2.172661870503597,160,74,0.2560810810810811,white_uniform,single_object,4,0.18623310810810811,0.030743243243243245,0,0,252.19862891737893,13.937384965878067,0.7759530842441777,255.0,255.0,255.0,0.15_0.30
data/raw/images/Нейш3А-2018-4914_orig.jpg,2781,2322,1.197674418604651,160,134,0.40130597014925373,light_photo,single_object,3,0.32583955223880595,0.05760261194029851,0,1,250.44579081632654,22.532663780072276,0.48038169197612796,255.0,255.0,255.0,ge_0.30
data/raw/images/Нейш3А-2018-4942_orig.jpg,2124,3045,0.6975369458128079,112,160,0.5587611607142857,light_photo,multi_view,3,0.43331473214285715,0.10407366071428571,0,0,248.23154105392155,18.655559514284274,0.9601997977821679,255.0,255.0,255.0,ge_0.30
data/raw/images/Нейш3А-2018-4945_orig.jpg,2065,4408,0.46846642468239563,75,160,0.53975,light_photo,multi_view,4,0.2395,0.238,0,0,247.706914893617,27.337100362020088,1.3582908454376172,255.0,255.0,255.0,ge_0.30
data/raw/images/Нейш3А-2018-4950_orig.jpg,1607,2684,0.5987332339791356,96,160,0.58046875,white_uniform,single_object,3,0.4912109375,0.06490885416666667,0,0,249.74039713541669,16.63610283541842,0.5129391323540599,255.0,255.0,255.0,ge_0.30
data/raw/images/Нейш3А-2018-4972_orig.jpg,3448,5891,0.5852996095739263,94,160,0.3236702127659574,white_uniform,single_object,5,0.15146276595744682,0.14155585106382979,0,0,253.07373687664045,8.983821446420214,0.5356314097381036,255.0,255.0,255.0,ge_0.30
data/raw/images/Нейш3А-2018-4973_orig.jpg,4272,2034,2.1002949852507373,160,76,0.2613486842105263,white_uniform,single_object,4,0.1984375,0.030098684210526316,0,0,253.18485169491527,10.332181059394347,0.7420778040315255,255.0,255.0,255.0,0.15_0.30
data/raw/images/Нейш3А-2018-4976_orig.jpg,2978,3724,0.7996777658431794,128,160,0.487255859375,white_uniform,single_object,4,0.4234375,0.0505859375,0,0,253.00940393518516,11.30521038885935,0.22354642515300335,255.0,255.0,255.0,ge_0.30
data/raw/images/Нейш3А-2018-4977_orig.jpg,2472,2652,0.9321266968325792,149,160,0.4338506711409396,light_photo,single_object,6,0.3492030201342282,0.051929530201342285,0,0,250.216693635383,20.007338998658856,0.07028653272817172,255.0,255.0,255.0,ge_0.30
data/raw/images/Нейш3А-2018-4978_orig.jpg,2420,4432,0.546028880866426,87,160,0.36954022988505747,white_uniform,single_object,4,0.16580459770114941,0.15790229885057472,0,0,250.38073549257763,16.4161127001552,0.6050834092763877,255.0,255.0,255.0,ge_0.30
data/raw/images/Нейш3А-2018-5002_orig.jpg,5851,4196,1.394423260247855,160,115,0.32070652173913045,white_uniform,single_object,5,0.14929347826086956,0.12625,0,0,253.57204545454545,8.291300744656288,0.33248089627204824,255.0,255.0,255.0,ge_0.30
data/raw/images/Нейш3А-2018-5003_orig.jpg,6698,2860,2.341958041958042,160,68,0.31792279411764707,white_uniform,single_object,5,0.1463235294117647,0.14292279411764705,0,0,251.2749451754386,15.279186939831447,0.8509873495402516,255.0,255.0,255.0,ge_0.30
data/raw/images/Нейш3А-2018-5004_orig.jpg,4304,2000,2.152,160,74,0.3480574324324324,white_uniform,single_object,4,0.2481418918918919,0.07212837837837838,0,0,253.1509081196581,10.543582436040186,0.766397642299538,255.0,255.0,255.0,ge_0.30
data/raw/images/Нейш3А-2018-5005_orig.jpg,4737,2494,1.8993584603047313,160,84,0.17983630952380952,white_uniform,close_up,4,0.11465773809523809,0.040401785714285716,0,0,253.52459016393442,9.161903808129154,0.64151617668377,255.0,255.0,255.0,0.15_0.30
data/raw/images/Нейш3А-2018-5125_orig.jpg,2812,1760,1.5977272727272727,160,100,0.4199375,light_photo,single_object,4,0.19925,0.1420625,0,0,243.3278044871795,30.869627744458352,0.468582164898358,255.0,255.0,255.0,ge_0.30
data/raw/images/Нейш3А-2018-5132_orig.jpg,2951,2288,1.2897727272727273,160,124,0.3526713709677419,light_photo,single_object,4,0.17570564516129034,0.11794354838709678,0,0,246.26276408450704,26.82109879187755,0.2544660224432509,255.0,255.0,255.0,ge_0.30
data/raw/images/Нейш3А-2018-5182_orig.jpg,6543,2382,2.7468513853904284,160,58,0.22607758620689655,white_uniform,single_object,5,0.10334051724137931,0.08717672413793104,0,0,251.36238532110093,13.628290343038543,1.0104553049544933,255.0,255.0,255.0,0.15_0.30
data/raw/images/Нейш3А-2018-5221_orig.jpg,2795,2140,1.3060747663551402,160,123,0.34801829268292683,light_photo,single_object,4,0.16504065040650406,0.10152439024390245,0,0,247.01251472320374,23.475485932555483,0.2670262775733024,255.0,255.0,255.0,ge_0.30
data/raw/images/Нейш3А-2018-5225_orig.jpg,3195,5001,0.638872225554889,102,160,0.5453431372549019,white_uniform,multi_view,3,0.2934436274509804,0.2386029411764706,0,0,250.1829675572519,14.907843474024714,1.0480508046072685,255.0,255.0,255.0,ge_0.30
data/raw/images/Нейш3А-2018-5229_orig.jpg,2526,5028,0.5023866348448688,80,160,0.460390625,white_uniform,multi_view,4,0.207109375,0.192734375,0,0,250.80633680555553,15.884519612412507,1.2883852667997016,255.0,255.0,255.0,ge_0.30
data/raw/images/Нейш3А-2018-5232_orig.jpg,2264,2778,0.8149748020158387,130,160,0.24533653846153847,white_uniform,single_object,5,0.18889423076923076,0.031057692307692307,0,0,251.52370689655172,16.209627515459832,0.20459808399121554,255.0,255.0,255.0,0.15_0.30
data/raw/images/Нейш3А-2018-5233_orig.jpg,2691,5141,0.5234390196459833,84,160,0.5302827380952381,light_photo,multi_view,4,0.24285714285714285,0.23504464285714285,0,0,245.39668715846994,31.72835296004123,1.247334741328599,255.0,255.0,255.0,ge_0.30
data/raw/images/Нейш3А-2018-5236_orig.jpg,6566,4311,1.5230804917652516,160,105,0.3624404761904762,white_uniform,single_object,5,0.1705357142857143,0.13583333333333333,0,0,253.59048742138367,7.533279670409766,0.4207349233144033,255.0,255.0,255.0,ge_0.30
data/raw/images/Нейш3А-2018-5303_orig.jpg,3272,2381,1.374212515749685,160,116,0.4181573275862069,white_uniform,single_object,4,0.1777478448275862,0.1375,0,0,250.8840579710145,17.650541345263562,0.31788085123577486,255.0,255.0,255.0,ge_0.30
data/raw/images/Нейш3А-2018-5597_orig.jpg,6265,2293,2.73222852158744,160,59,0.34173728813559323,white_uniform,single_object,5,0.14586864406779662,0.1385593220338983,0,0,251.25694444444446,15.652029111943104,1.0051175844722642,255.0,255.0,255.0,ge_0.30
data/raw/images/Нейш3А-2018-5599_orig.jpg,5173,2386,2.1680637049455154,160,74,0.21596283783783785,white_uniform,single_object,5,0.08986486486486486,0.08944256756756756,0,0,251.92334401709402,13.062358426733354,0.7738344673456536,255.0,255.0,255.0,0.15_0.30
data/raw/images/Нейш3А-2018-5618_orig.jpg,3843,1852,2.0750539956803458,160,77,0.28157467532467534,white_uniform,single_object,4,0.2008116883116883,0.05649350649350649,0,0,252.71518987341773,11.873724726807454,0.7299871753587194,255.0,255.0,255.0,0.15_0.30
data/raw/images/Нейш3А-2018-5619_orig.jpg,2496,1344,1.8571428571428572,160,86,0.28640988372093024,white_uniform,single_object,7,0.19375,0.049636627906976746,0,0,254.4550304878049,4.95867168679723,0.6190392084062235,255.0,255.0,255.0,0.15_0.30
data/raw/images/Нейш3А-2018-5661_orig.jpg,4382,2152,2.0362453531598512,160,79,0.28908227848101264,white_uniform,single_object,4,0.21329113924050633,0.05079113924050633,0,0,253.16570781032078,10.156578620342755,0.7111075988737368,255.0,255.0,255.0,0.15_0.30
data/raw/images/Нейш3А-2018-5706_orig.jpg,5352,2186,2.4483074107959744,160,65,0.3191346153846154,white_uniform,single_object,4,0.24326923076923077,0.04971153846153846,0,0,253.5561111111111,8.815495598905429,0.8953969330715805,255.0,255.0,255.0,ge_0.30
data/raw/images/Нейш3А-2018-5708_orig.jpg,4483,2789,1.6073861599139476,160,100,0.2291875,white_uniform,single_object,4,0.1869375,0.0225,0,0,253.44238782051286,9.637189432247043,0.4746093565279505,255.0,255.0,255.0,0.15_0.30
data/raw/images/Нейш3А-2018-5721_orig.jpg,6122,2164,2.8290203327171906,160,57,0.28662280701754383,white_uniform,single_object,5,0.12258771929824562,0.1194078947368421,0,0,252.1999807987711,11.159848607475444,1.0399304795389857,255.0,255.0,255.0,0.15_0.30
data/raw/images/Нейш3А-2018-5730_orig.jpg,5548,2291,2.4216499345264078,160,66,0.36770833333333336,white_uniform,single_object,4,0.2550189393939394,0.09820075757575758,0,0,251.76484144542772,14.427193340402356,0.8844490989812267,255.0,255.0,255.0,ge_0.30
data/raw/images/Нейш3А-2018-5763_orig.jpg,4239,2149,1.9725453699395068,160,81,0.325,white_uniform,single_object,4,0.15108024691358024,0.14915123456790125,0,0,252.83091286307055,11.311125367245761,0.6793247747101266,255.0,255.0,255.0,ge_0.30
data/raw/images/Нейш3А-2018-5863_orig.jpg,1855,3128,0.5930306905370843,95,160,0.5440789473684211,light_photo,multi_view,2,0.3466447368421053,0.19671052631578947,0,0,246.63529411764705,28.398116949267205,1.1225091266236662,255.0,255.0,255.0,ge_0.30
data/raw/images/Нейш3А-2018-5886_orig.jpg,2809,1385,2.028158844765343,160,79,0.32270569620253164,light_photo,single_object,3,0.2189873417721519,0.0877373417721519,0,0,246.1543758716876,25.167977512686296,0.7071284084828048,255.0,255.0,255.0,ge_0.30
data/raw/images/Нейш3А-2018-5893_orig.jpg,3747,2304,1.6263020833333333,160,98,0.2982780612244898,light_photo,single_object,4,0.18845663265306123,0.04145408163265306,0,1,247.2470122739018,25.456824382324157,0.7863087769779055,255.0,255.0,255.0,0.15_0.30
data/raw/images/Нейш3А-2018-5912_orig.jpg,1925,2629,0.7322175732217573,117,160,0.5762820512820512,light_photo,multi_view,3,0.33766025641025643,0.22115384615384615,0,0,247.33401022864024,24.24392655641283,0.9116775780079966,255.0,255.0,255.0,ge_0.30
data/raw/images/Нейш3А-2018-5925_orig.jpg,3261,2227,1.464301751234845,160,109,0.3650802752293578,light_photo,single_object,4,0.16892201834862386,0.14352064220183486,0,0,248.95244733581163,22.89629679801965,0.3813785085319515,255.0,255.0,255.0,ge_0.30
data/raw/images/Нейш3А-2018-5959_orig.jpg,2525,4509,0.5599911288534043,90,160,0.348125,light_photo,single_object,3,0.18756944444444446,0.13854166666666667,0,0,242.37175,34.31754000416551,0.579834336711624,255.0,255.0,255.0,ge_0.30
data/raw/images/Нейш3А-2018-5970_orig.jpg,1415,1992,0.7103413654618473,114,160,0.31343201754385963,light_photo,single_object,8,0.21332236842105262,0.051151315789473684,0,0,245.85834854014598,32.37052055377416,0.34200962806720564,255.0,255.0,255.0,ge_0.30
data/raw/images/Нейш3А-2018-5986_orig.jpg,3320,4092,0.8113391984359726,130,160,0.4047596153846154,white_uniform,single_object,4,0.31091346153846156,0.08201923076923077,0,0,253.30416666666665,10.224796688111622,0.20906906516098295,255.0,255.0,255.0,ge_0.30
data/raw/images/Нейш3А-2018-6024_orig.jpg,3786,1986,1.906344410876133,160,84,0.31674107142857144,white_uniform,single_object,4,0.2070684523809524,0.08325892857142857,0,0,252.7110655737705,12.173720653424436,0.6451874871641503,255.0,255.0,255.0,ge_0.30
data/raw/images/Нейш3А-2018-6025_orig.jpg,3318,1953,1.6989247311827957,160,94,0.25033244680851063,white_uniform,single_object,5,0.18085106382978725,0.04401595744680851,0,0,252.34990157480314,13.67215292989162,0.5299955398737108,255.0,255.0,255.0,0.15_0.30
data/raw/images/Нейш3А-2018-6028_orig.jpg,4948,2633,1.8792252183820737,160,85,0.3538235294117647,white_uniform,single_object,4,0.23727941176470588,0.10036764705882353,0,0,253.3815476190476,9.08422573707102,0.6308595740160691,255.0,255.0,255.0,ge_0.30
data/raw/images/Нейш3А-2018-6055_orig.jpg,3282,4096,0.80126953125,128,160,0.380078125,white_uniform,single_object,4,0.292236328125,0.075048828125,0,0,253.34461805555554,10.084955389159669,0.2215578950693075,255.0,255.0,255.0,ge_0.30
data/raw/images/Нейш3А-2018-6220_orig.jpg,3066,4334,0.7074296262113521,113,160,0.42732300884955754,white_uniform,single_object,4,0.2948008849557522,0.11924778761061947,0,0,253.24503968253973,10.105880920550888,0.346117122664545,255.0,255.0,255.0,ge_0.30
data/raw/images/Нейш3А-2018-6297_orig.jpg,2061,3544,0.5815462753950339,93,160,0.4877688172043011,light_photo,single_object,3,0.3445564516129032,0.12836021505376344,0,0,236.79323122529644,45.59707986982678,0.5420647308345125,255.0,255.0,255.0,ge_0.30
data/raw/images/Нейш3А-2018-6973_orig.jpg,6249,2725,2.293211009174312,160,70,0.2775,white_uniform,single_object,5,0.12026785714285715,0.11410714285714285,0,0,253.10072463768117,9.8910733900944,0.8299530228317372,255.0,255.0,255.0,0.15_0.30
data/raw/images/Нейш3А-2018-7127_orig.jpg,5303,1845,2.8742547425474254,160,56,0.2818080357142857,white_uniform,single_object,5,0.12511160714285716,0.11395089285714285,0,0,253.18711419753086,10.336803410048377,1.0557934206625024,255.0,255.0,255.0,0.15_0.30
data/raw/images/Нейш3А-2018-7177_orig.jpg,3654,2056,1.777237354085603,160,90,0.25222222222222224,white_uniform,single_object,5,0.171875,0.05402777777777778,0,0,252.95175,11.393849692987391,0.5750601103628963,255.0,255.0,255.0,0.15_0.30
data/raw/images/Нейш3А-2018-7185_orig.jpg,6869,2018,3.4038652130822595,160,47,0.3797872340425532,light_photo,multi_view,5,0.17034574468085106,0.16954787234042554,0,0,247.31179549114333,24.049873376879802,1.8249116133003271,255.0,255.0,255.0,ge_0.30
data/raw/images/Нейш3А-2018-7193_orig.jpg,6793,3684,1.8439196525515744,160,87,0.36235632183908045,white_uniform,multi_view,5,0.1642241379310345,0.16329022988505748,0,0,253.32860998650474,9.429908115867855,1.2118935518161045,255.0,255.0,255.0,ge_0.30
data/raw/images/Нейш3А-2018-7194_orig.jpg,6008,3122,1.9244074311338886,160,83,0.26701807228915664,white_uniform,single_object,4,0.22801204819277107,0.027259036144578315,0,0,254.01354595336076,6.843366407443466,0.6546180923685934,255.0,255.0,255.0,0.15_0.30
data/raw/images/Нейш3А-2018-7207_orig.jpg,5517,2800,1.970357142857143,160,81,0.27469135802469136,white_uniform,single_object,4,0.2205246913580247,0.030324074074074073,0,0,253.85892116182572,7.645566154553897,0.6782148171091356,255.0,255.0,255.0,0.15_0.30
data/raw/images/Нейш3А-2018-7213_orig.jpg,5470,2557,2.1392256550645286,160,75,0.3145,white_uniform,single_object,4,0.21883333333333332,0.08325,0,0,252.9968085106383,9.75509755710698,0.7604439201248402,255.0,255.0,255.0,ge_0.30
data/raw/images/Нейш3А-2018-7215_orig.jpg,4805,2776,1.730907780979827,160,92,0.29483695652173914,white_uniform,single_object,4,0.23226902173913044,0.0389945652173913,0,0,252.86111111111111,10.138380613482845,0.5486459997776977,255.0,255.0,255.0,0.15_0.30
data/raw/images/Нейш3А-2018-7216_orig.jpg,5392,3688,1.4620390455531453,160,109,0.33950688073394497,light_photo,single_object,5,0.14145642201834863,0.13887614678899082,0,0,251.0451517967782,19.165735949001228,0.37983206791565854,255.0,255.0,255.0,ge_0.30
data/raw/images/Нейш3А-2018-7338_orig.jpg,3813,2412,1.5808457711442787,160,101,0.23465346534653464,white_uniform,single_object,5,0.1889851485148515,0.025618811881188117,0,0,253.1806353767561,11.126706806790711,0.45796000201048775,255.0,255.0,255.0,0.15_0.30
data/raw/images/Нейш3А-2019-113_orig.jpg,3508,1863,1.8829844337090713,160,85,0.4047058823529412,light_photo,single_object,3,0.27448529411764705,0.10191176470588235,0,0,240.9934523809524,38.670223082803766,0.6328579828904851,255.0,255.0,255.0,ge_0.30
data/raw/images/Нейш3А-2019-097_orig.jpg,3387,3306,1.0245009074410163,160,156,0.2858573717948718,light_photo,single_object,6,0.19278846153846155,0.06109775641025641,0,0,247.38436181434602,28.857100972623634,0.024205574436802182,255.0,255.0,255.0,0.15_0.30
data/raw/images/Т-12-Р2-1418_orig.jpg,3144,3816,0.8238993710691824,132,160,0.49895833333333334,white_uniform,single_object,5,0.42855113636363634,0.05265151515151515,0,1,253.2549229452055,11.776832765091779,0.49370687901907995,255.0,255.0,255.0,ge_0.30
data/raw/images/Т-12-Р2-1438_orig.jpg,5082,2423,2.097399917457697,160,76,0.2959703947368421,white_uniform,single_object,5,0.21726973684210527,0.062171052631578946,0,0,252.15739759887003,14.533780906445093,0.7406984430635837,255.0,255.0,255.0,0.15_0.30
data/raw/images/Т-12-Р2-1636_orig.jpg,1805,4727,0.3818489528242014,61,160,0.29610655737704916,white_uniform,single_object,5,0.1817622950819672,0.09211065573770492,0,0,253.29751131221718,10.342727269975446,0.9627301600262551,255.0,255.0,255.0,0.15_0.30
data/raw/images/Т-12-Р2-1716_orig.jpg,5344,4224,1.2651515151515151,160,126,0.28501984126984126,white_uniform,single_object,5,0.14250992063492063,0.08923611111111111,0,0,253.94879079254082,7.245455465156672,0.23519188983038425,255.0,255.0,255.0,0.15_0.30
data/raw/images/Т-12-Р2-1779_orig.jpg,7150,3528,2.0266439909297054,160,79,0.23591772151898735,white_uniform,single_object,4,0.17531645569620252,0.051424050632911396,0,0,254.04070781032078,6.521791352571075,0.7063812185613715,255.0,255.0,255.0,0.15_0.30
data/raw/images/Т-12-Р2-1783_orig.jpg,2753,7448,0.36962943071965626,59,160,0.43686440677966104,light_photo,single_object,5,0.19322033898305085,0.14629237288135594,0,0,249.0029490106545,23.300798641478654,0.9952543138142957,255.0,255.0,255.0,ge_0.30
data/raw/images/Т-12-Р2-1972_orig.jpg,4668,5542,0.8422952002887044,135,160,0.41032407407407406,white_uniform,multi_view,4,0.22810185185185186,0.17375,0,1,254.12161016949153,6.916024682384687,1.0716247320164771,255.0,255.0,255.0,ge_0.30
data/raw/images/Т-12-Р2-1974_orig.jpg,3760,4645,0.8094725511302476,130,160,0.3985096153846154,white_uniform,single_object,5,0.22990384615384615,0.15634615384615386,0,1,253.73836206896553,9.10324368525,0.5113724148639986,255.0,255.0,255.0,ge_0.30
data/raw/images/Т-12-Р2-2049_orig.jpg,2076,3397,0.6111274654106564,98,160,0.42538265306122447,white_uniform,single_object,5,0.2638392857142857,0.13278061224489796,0,0,253.79239341085272,10.027832889008426,0.4924497238748047,255.0,255.0,255.0,ge_0.30
data/raw/images/Т-12-Р2-2347_orig.jpg,8030,3216,2.4968905472636815,160,64,0.252734375,white_uniform,single_object,3,0.13115234375,0.08857421875,0,0,253.44577752976193,6.759893095736409,0.9150461766419503,255.0,255.0,255.0,0.15_0.30
data/raw/images/Т-12-Р2-2696_orig.jpg,6806,4057,1.6775942814887848,160,95,0.42019736842105265,white_uniform,multi_view,4,0.20953947368421053,0.20098684210526316,0,0,253.86282679738562,7.010076894432857,1.1173607918544037,255.0,255.0,255.0,ge_0.30
data/raw/images/Т-12-Р2-2697_orig.jpg,4596,3602,1.2759578012215436,160,125,0.395,white_uniform,single_object,4,0.21815,0.15825,0,0,253.49985380116956,9.718621721507656,0.2436971132327449,255.0,255.0,255.0,ge_0.30
data/raw/images/Т-12-Р2-2698_orig.jpg,2160,3003,0.7192807192807192,115,160,0.36168478260869563,white_uniform,single_object,4,0.33353260869565216,0.012826086956521739,0,0,253.7977272727273,10.224702454803083,0.32950356730511965,255.0,255.0,255.0,ge_0.30
data/raw/images/Т-12-Р2-2699_orig.jpg,2352,3153,0.7459562321598477,119,160,0.3574579831932773,white_uniform,single_object,4,0.33277310924369746,0.010661764705882353,0,0,253.97603046594983,9.09990885844725,0.2930883505265433,255.0,255.0,255.0,ge_0.30
data/raw/images/Т-12-Р2-2712_orig.jpg,4020,1976,2.034412955465587,160,79,0.17626582278481012,white_uniform,close_up,8,0.12215189873417721,0.024604430379746835,0,0,253.0666841004184,12.004009044776225,0.7102073033052537,255.0,255.0,255.0,0.15_0.30
data/raw/images/Т-12-Р2-2714_orig.jpg,3912,4383,0.892539356605065,143,160,0.4446678321678322,white_uniform,multi_view,4,0.23173076923076924,0.19842657342657344,0,0,253.59172167216724,9.603742473454,0.7136846692641012,255.0,255.0,255.0,ge_0.30
data/raw/images/Т-12-Р2-2779_orig.jpg,5487,2880,1.9052083333333334,160,84,0.34910714285714284,white_uniform,multi_view,3,0.1709077380952381,0.16138392857142858,0,0,253.6878415300546,8.165370572094274,1.2445913639289836,255.0,255.0,255.0,ge_0.30
data/raw/images/Т-12-Р2-2780_orig.jpg,5804,2749,2.1113132048017462,160,76,0.40476973684210527,white_uniform,multi_view,4,0.20353618421052633,0.18675986842105263,0,0,252.902895480226,10.615086982868252,1.347310125838833,255.0,255.0,255.0,ge_0.30
data/raw/images/Т-12-Р2-2897_orig.jpg,2482,4375,0.5673142857142857,91,160,0.4533653846153846,white_uniform,single_object,4,0.27774725274725276,0.15947802197802197,0,0,253.2375498007968,10.920590970452754,0.5668418330271624,255.0,255.0,255.0,ge_0.30
data/raw/images/Т-12-Р2-2921_orig.jpg,3215,5250,0.6123809523809524,98,160,0.4479591836734694,white_uniform,multi_view,4,0.271875,0.16645408163265307,0,0,253.84665697674419,8.188166152681557,1.0904007189139497,255.0,255.0,255.0,ge_0.30
data/raw/images/Т-12-Р2-2924_orig.jpg,4224,5357,0.7885010266940452,126,160,0.43020833333333336,white_uniform,single_object,4,0.31140873015873016,0.11180555555555556,0,1,253.9744318181818,7.835753972913044,0.5376215704948629,255.0,255.0,255.0,ge_0.30
data/raw/images/Т-12-Р2-2946_orig.jpg,2565,3476,0.7379171461449943,118,160,0.3471927966101695,white_uniform,single_object,5,0.22277542372881357,0.10105932203389831,0,0,253.51258992805757,11.005754860747288,0.30392372878041274,255.0,255.0,255.0,ge_0.30
data/raw/images/Т-12-Р2-3013_orig.jpg,3745,4490,0.8340757238307349,133,160,0.524624060150376,white_uniform,multi_view,4,0.25972744360902256,0.256156015037594,0,0,253.63658987485778,9.6033201982388,0.7814310847849801,255.0,255.0,255.0,ge_0.30
data/raw/images/Т-12-Р2-3015_orig.jpg,3880,5191,0.7474475052976305,120,160,0.42744791666666665,white_uniform,multi_view,4,0.21421875,0.20640625,0,0,253.07328869047623,12.700007452112825,0.8910912032099099,255.0,255.0,255.0,ge_0.30
data/raw/images/Т-12-Р2-3017_orig.jpg,3732,4677,0.7979474021808852,128,160,0.464697265625,white_uniform,multi_view,4,0.22998046875,0.22646484375,0,0,254.2890625,6.887283356865783,0.8257125957586517,255.0,255.0,255.0,ge_0.30
data/raw/images/Т-12-Р2-3018_orig.jpg,4264,5246,0.8128097598170034,130,160,0.54625,white_uniform,multi_view,3,0.27778846153846154,0.2622596153846154,0,0,253.64389367816094,9.009434368272252,0.8072581945811385,255.0,255.0,255.0,ge_0.30
data/raw/images/Т-12-Р2-3023_orig.jpg,4704,4988,0.9430633520449078,151,160,0.47144039735099336,white_uniform,multi_view,4,0.23547185430463577,0.22897350993377483,0,0,253.90856109324758,8.172863538066842,0.6586218172214642,255.0,255.0,255.0,ge_0.30
data/raw/images/Т-12-Р3-1007_orig.jpg,3410,7794,0.43751603797793176,70,160,0.36357142857142855,white_uniform,single_object,5,0.1742857142857143,0.12919642857142857,0,0,253.66585144927538,7.21190009349887,0.826641915621092,255.0,255.0,255.0,ge_0.30
data/raw/images/Т-12-Р3-1008_orig.jpg,3300,7275,0.4536082474226804,73,160,0.2803082191780822,white_uniform,single_object,7,0.12440068493150686,0.09092465753424657,0,0,254.27458869814018,5.9200110798161925,0.7905213445851217,255.0,255.0,255.0,0.15_0.30
data/raw/images/Т-12-Р3-1009_orig.jpg,4199,2836,1.4806064880112835,160,108,0.3742476851851852,white_uniform,single_object,5,0.26394675925925926,0.0943287037037037,0,0,253.4050839552239,10.698651326133374,0.39245179303217514,255.0,255.0,255.0,ge_0.30
data/raw/images/Т-12-Р3-1031_orig.jpg,8831,3605,2.4496532593619973,160,65,0.27807692307692305,white_uniform,single_object,6,0.12653846153846154,0.11384615384615385,0,0,253.8813888888889,6.537945220068557,0.8959464877497528,255.0,255.0,255.0,0.15_0.30
data/raw/images/Т-12-Р3-1065_orig.jpg,6320,3992,1.5831663326653307,160,101,0.30228960396039606,white_uniform,single_object,4,0.1369430693069307,0.13162128712871288,0,0,254.10600255427838,6.694739913798252,0.45942684970954856,255.0,255.0,255.0,ge_0.30
data/raw/images/Т-12-Р3-1093_orig.jpg,3095,3430,0.902332361516035,144,160,0.14526909722222223,white_uniform,close_up,7,0.08068576388888889,0.039713541666666664,0,0,253.84827302631578,9.335575277804892,0.10277235504128908,255.0,255.0,255.0,0.08_0.15
data/raw/images/Т-12-Р3-1124_orig.jpg,3742,7949,0.47075103786639827,75,160,0.1685,white_uniform,close_up,8,0.07791666666666666,0.03741666666666667,0,0,254.14308510638298,5.920127301586392,0.7534259067390777,255.0,255.0,255.0,0.15_0.30
data/raw/images/Т-12-Р3-1540_orig.jpg,5349,2619,2.042382588774341,160,78,0.3088141025641026,white_uniform,single_object,4,0.2094551282051282,0.08501602564102564,0,0,253.37141106442576,10.123950690519022,0.7141170620235381,255.0,255.0,255.0,ge_0.30
data/raw/images/Т-12-Р3-1541_orig.jpg,4359,5158,0.8450949980612641,135,160,0.4208796296296296,white_uniform,multi_view,4,0.23398148148148148,0.1749537037037037,0,0,254.03347457627117,7.513246931436732,0.7683062342028975,255.0,255.0,255.0,ge_0.30
data/raw/images/Т-12-Р3-1550_orig.jpg,2748,2821,0.9741226515420064,156,160,0.4734375,white_uniform,multi_view,5,0.2733573717948718,0.1842147435897436,0,0,253.23714398734177,12.580804209775728,0.6262180576597562,255.0,255.0,255.0,ge_0.30
data/raw/images/Т-12-Р3-1567_orig.jpg,5352,6324,0.8462998102466793,135,160,0.3501851851851852,white_uniform,single_object,5,0.14407407407407408,0.14222222222222222,0,1,254.33156779661016,5.879151911885824,0.46688159652129824,255.0,255.0,255.0,ge_0.30
data/raw/images/Т-12-Р3-1568_orig.jpg,3174,7599,0.4176865377023293,67,160,0.5300373134328358,light_photo,multi_view,5,0.2114738805970149,0.21063432835820894,0,0,246.39390602055803,26.510680935912127,1.4730240375834305,255.0,255.0,255.0,ge_0.30
data/raw/images/Т-12-Р3-1569_orig.jpg,8127,3694,2.2000541418516515,160,73,0.4348458904109589,white_uniform,multi_view,5,0.1733732876712329,0.1696917808219178,0,0,252.53648068669528,14.07930158283105,1.3884819699940196,255.0,255.0,255.0,ge_0.30
data/raw/images/Т-12-Р3-1570_orig.jpg,7604,4714,1.6130674586338567,160,99,0.3325757575757576,white_uniform,single_object,5,0.1490530303030303,0.1167929292929293,0,0,254.4280888030888,4.928753260464427,0.4781376201122434,255.0,255.0,255.0,ge_0.30
data/raw/images/Т-12-Р3-1574_orig.jpg,8443,3349,2.521051060017916,160,63,0.4396825396825397,white_uniform,single_object,5,0.13690476190476192,0.1353174603174603,0,0,249.91423766816143,17.76062407105784,0.9246759018752954,255.0,255.0,255.0,ge_0.30
data/raw/images/Т-12-Р3-1575_orig.jpg,3472,6153,0.5642775881683731,90,160,0.45958333333333334,white_uniform,single_object,5,0.1736111111111111,0.15666666666666668,0,0,253.44875,9.586691359133129,0.5722089709602495,255.0,255.0,255.0,ge_0.30
data/raw/images/Т-12-Р3-1578_orig.jpg,6164,3982,1.5479658463083878,160,103,0.4209344660194175,white_uniform,multi_view,4,0.2133495145631068,0.19478155339805825,0,0,254.09988910012677,6.89448954209105,1.0369417118158648,255.0,255.0,255.0,ge_0.30
data/raw/images/Т-12-Р3-1581_orig.jpg,6528,4749,1.3746051800379027,160,116,0.29800646551724136,white_uniform,single_object,5,0.14358836206896552,0.08302801724137931,0,0,253.8250301932367,8.327463603011115,0.31816654809482103,255.0,255.0,255.0,0.15_0.30
data/raw/images/Т-12-Р3-1690_orig.jpg,7830,2964,2.6417004048582995,160,61,0.2921106557377049,white_uniform,single_object,5,0.1346311475409836,0.12940573770491803,0,0,253.35426093514332,9.365457372663805,0.9714228025688713,255.0,255.0,255.0,0.15_0.30
data/raw/images/Т-12-Р3-1783_orig.jpg,4124,1776,2.3220720720720722,160,69,0.33106884057971014,white_uniform,single_object,5,0.2417572463768116,0.07155797101449275,0,0,253.58578966521105,10.035081146754157,0.8424599215847353,255.0,255.0,255.0,ge_0.30
data/raw/images/Т-12-Р3-1985_orig.jpg,6684,2018,3.3121902874132805,160,48,0.4473958333333333,light_photo,single_object,5,0.278515625,0.15182291666666667,0,0,238.58453525641028,46.794570584227166,1.19760968880173,255.0,255.0,255.0,ge_0.30
data/raw/images/Т-12-Р3-2035_orig.jpg,2640,3800,0.6947368421052632,111,160,0.525,white_uniform,single_object,4,0.41993243243243245,0.09183558558558559,0,0,252.93265682656826,12.186933429120192,0.3642221495741152,255.0,255.0,255.0,ge_0.30
data/raw/images/Т-12-Р3-2036_orig.jpg,8330,3178,2.6211453744493394,160,61,0.3482581967213115,white_uniform,single_object,4,0.28473360655737706,0.048872950819672134,0,0,252.50235671191552,13.368289188730955,0.9636113880642272,255.0,255.0,255.0,ge_0.30
data/raw/images/Т-12-Р3-2194_orig.jpg,7389,2959,2.497127407908077,160,64,0.36796875,white_uniform,single_object,4,0.2296875,0.1248046875,0,0,251.82393973214286,15.151437885375225,0.915141034388438,255.0,255.0,255.0,ge_0.30
data/raw/images/Т-12-Р3-2245_orig.jpg,3150,4530,0.695364238410596,111,160,0.481981981981982,white_uniform,single_object,4,0.32004504504504505,0.15112612612612614,0,0,253.70087638376384,9.485994685477685,0.36331948665740094,255.0,255.0,255.0,ge_0.30
data/raw/images/Т-12-Р3-2250_orig.jpg,5738,5034,1.139849026618991,160,140,0.315,white_uniform,single_object,6,0.0865625,0.08598214285714285,0,0,254.145,7.000164879010589,0.13089582084604895,255.0,255.0,255.0,ge_0.30
data/raw/images/Т-12-Р3-2256_orig.jpg,3180,7351,0.4325942048700857,69,160,0.4624094202898551,white_uniform,multi_view,5,0.2,0.18985507246376812,0,0,253.2885735080058,8.261829209415284,1.4379551615998651,255.0,255.0,255.0,ge_0.30
data/raw/images/Т-12-Р3-2365_orig.jpg,4576,5968,0.7667560321715817,123,160,0.48582317073170733,white_uniform,single_object,4,0.37190040650406503,0.10157520325203252,0,0,254.19743816254416,6.845878578214796,0.265586608823963,255.0,255.0,255.0,ge_0.30
data/raw/images/Т-12-Р3-2642_orig.jpg,11739,10964,1.0706858810653046,160,149,0.2837667785234899,light_photo,single_object,6,0.06602348993288591,0.06505872483221477,0,1,250.9469390507012,21.101164971168725,0.3682994534558457,255.0,255.0,255.0,0.15_0.30
data/raw/images/Т-12-Р3-2647_orig.jpg,8124,6415,1.266406858924396,160,126,0.45674603174603173,white_uniform,multi_view,5,0.20684523809523808,0.19583333333333333,0,0,254.3597027972028,4.715835717683251,0.8361836456505385,255.0,255.0,255.0,ge_0.30
data/raw/images/Т-12-Р3-2658_orig.jpg,11309,7361,1.536340171172395,160,104,0.3938701923076923,white_uniform,single_object,6,0.13798076923076924,0.13515625,0,0,251.08475378787878,15.540914254622031,0.429403075812621,255.0,255.0,255.0,ge_0.30
data/raw/images/Т-12-Р3-2659_orig.jpg,7065,6127,1.153092867635058,160,139,0.3199190647482014,white_uniform,single_object,5,0.14181654676258992,0.12257194244604316,0,1,254.2541806020067,5.8753231674434705,0.44244778239297333,255.0,255.0,255.0,ge_0.30
data/raw/images/Т-12-Р3-2660_orig.jpg,9688,8797,1.101284528816642,160,145,0.47508620689655173,white_uniform,single_object,6,0.15435344827586206,0.1440948275862069,0,1,253.2994535519126,8.154149528206641,0.3964772519802536,255.0,255.0,255.0,ge_0.30
data/raw/images/Т-12-Р3-2937_orig.jpg,4292,6080,0.7059210526315789,113,160,0.47295353982300886,white_uniform,single_object,4,0.3172566371681416,0.1450221238938053,0,0,254.1791056166056,6.745602430534377,0.3482518712096237,255.0,255.0,255.0,ge_0.30
data/raw/images/Т-12-Р4-1075_orig.jpg,1848,2910,0.6350515463917525,102,160,0.3037990196078431,white_uniform,single_object,6,0.1686887254901961,0.1022671568627451,0,1,252.2416507633588,15.817272782225979,0.7540491079639088,255.0,255.0,255.0,ge_0.30
data/raw/images/Т-12-Р4-1084_orig.jpg,5976,3472,1.7211981566820276,160,93,0.2780241935483871,white_uniform,single_object,5,0.10571236559139785,0.10396505376344085,0,0,253.99308300395256,7.426680588677075,0.5430206510324124,255.0,255.0,255.0,0.15_0.30
data/raw/images/Т-12-Р4-1086_orig.jpg,2334,2832,0.8241525423728814,132,160,0.3347064393939394,white_uniform,single_object,5,0.3073863636363636,0.011363636363636364,0,0,252.24593321917808,16.47484346493679,0.19339964196710904,255.0,255.0,255.0,ge_0.30
data/raw/images/Т-12-Р4-1097_orig.jpg,4659,2253,2.0679094540612515,160,77,0.2781655844155844,white_uniform,single_object,4,0.1961038961038961,0.0674512987012987,0,0,253.45833333333334,9.884558033497544,0.7265381713845522,255.0,255.0,255.0,0.15_0.30
data/raw/images/Т-12-Р4-1102_orig.jpg,3128,4744,0.6593591905564924,105,160,0.48541666666666666,white_uniform,single_object,5,0.33214285714285713,0.1411904761904762,0,0,253.70188679245283,9.036141421310656,0.4164868390123597,255.0,255.0,255.0,ge_0.30
data/raw/images/Т-12-Р4-1107_orig.jpg,4614,3341,1.3810236456150853,160,116,0.39364224137931036,white_uniform,multi_view,5,0.2021551724137931,0.18125,0,1,253.71784420289856,9.115334292585343,1.2228249963769424,255.0,255.0,255.0,ge_0.30
data/raw/images/Т-12-Р4-1118_orig.jpg,4188,2764,1.5151953690303908,160,106,0.3745283018867924,white_uniform,multi_view,5,0.18673349056603775,0.17517688679245283,0,0,253.3954417293233,10.643967717493352,1.0155443871028669,255.0,255.0,255.0,ge_0.30
data/raw/images/Т-12-Р4-1122_orig.jpg,2676,2832,0.9449152542372882,151,160,0.19085264900662252,white_uniform,single_object,8,0.15248344370860928,0.010513245033112583,0,0,253.44815112540192,12.135808927220184,0.05666003356549127,255.0,255.0,255.0,0.15_0.30
data/raw/images/Т-12-Р4-1123_orig.jpg,7608,3312,2.2971014492753623,160,70,0.29625,white_uniform,single_object,6,0.15303571428571427,0.10348214285714286,0,0,250.8922101449275,15.35261192570653,0.8316480887200759,255.0,255.0,255.0,0.15_0.30
data/raw/images/Т-12-Р4-1124_orig.jpg,2982,2766,1.0780911062906724,160,148,0.45092905405405403,white_uniform,single_object,4,0.43445945945945946,0.008234797297297296,0,0,252.99695616883116,13.449814685925647,0.07519198309998015,255.0,255.0,255.0,ge_0.30
data/raw/images/Т-12-Р4-1137_orig.jpg,3408,4362,0.781292984869326,125,160,0.42475,white_uniform,multi_view,5,0.2308,0.18085,0,1,253.63940058479534,9.545033420241541,1.146805058812368,255.0,255.0,255.0,ge_0.30
data/raw/images/Т-12-Р4-1141_orig.jpg,6928,2824,2.453257790368272,160,65,0.23634615384615384,white_uniform,single_object,4,0.1385576923076923,0.0825,0,0,252.677962962963,9.388237757756198,0.8974168516291384,255.0,255.0,255.0,0.15_0.30
data/raw/images/Т-12-Р4-1150_orig.jpg,3256,3926,0.8293428425878757,133,160,0.4244360902255639,white_uniform,multi_view,5,0.212546992481203,0.19774436090225564,0,1,253.35473549488054,11.449967909027096,1.0871216477139753,255.0,255.0,255.0,ge_0.30
data/raw/images/Т-12-Р4-1152_orig.jpg,5270,2304,2.287326388888889,160,70,0.3292857142857143,white_uniform,single_object,5,0.22,0.09267857142857143,0,0,253.8070652173913,8.245865503923172,0.8273836197196262,255.0,255.0,255.0,ge_0.30
data/raw/images/Т-12-Р4-1161_orig.jpg,3942,1980,1.990909090909091,160,80,0.265,white_uniform,single_object,5,0.185703125,0.051640625,0,0,253.02890625,11.983884484814498,0.6885913640240846,255.0,255.0,255.0,0.15_0.30
data/raw/images/Т-12-Р4-1162_orig.jpg,5160,2304,2.2395833333333335,160,71,0.2595950704225352,white_uniform,single_object,5,0.1392605633802817,0.10422535211267606,0,0,253.71699134199133,8.7310878495455,0.8062898366598267,255.0,255.0,255.0,0.15_0.30
data/raw/images/Т-12-Р4-1177_orig.jpg,4025,2066,1.9482090997095838,160,82,0.2598323170731707,white_uniform,single_object,4,0.16821646341463414,0.071875,0,0,253.16606404958677,11.644065065252406,0.6669105401730799,255.0,255.0,255.0,0.15_0.30
data/raw/images/Т-12-Р4-1203_orig.jpg,2404,3832,0.627348643006263,100,160,0.305625,white_uniform,single_object,5,0.193375,0.08925,0,0,253.5189903846154,10.675890565441936,0.466252843435653,255.0,255.0,255.0,ge_0.30
data/raw/images/Т-12-Р4-1204_orig.jpg,2520,2937,0.8580183861082737,137,160,0.3229014598540146,white_uniform,single_object,5,0.30237226277372264,0.009032846715328467,0,0,252.32912457912457,15.86006017205634,0.1531297506931511,255.0,255.0,255.0,ge_0.30
data/raw/images/Т-12-Р4-1205_orig.jpg,2784,2104,1.3231939163498099,160,121,0.38956611570247934,white_uniform,single_object,5,0.36952479338842975,0.0070247933884297524,0,0,253.13678825622776,13.191503479964902,0.28004844759670977,255.0,255.0,255.0,ge_0.30
data/raw/images/Т-12-Р4-1207_orig.jpg,2778,2897,0.9589230238177425,153,160,0.4130718954248366,white_uniform,single_object,5,0.39477124183006534,0.0078022875816993464,0,1,252.96485623003196,13.939077671108057,0.34194447445506126,255.0,255.0,255.0,ge_0.30
data/raw/images/Т-12-Р4-1210_orig.jpg,3467,2734,1.2681053401609363,160,126,0.4452380952380952,white_uniform,single_object,4,0.4268849206349206,0.008234126984126984,0,0,253.3221153846154,11.710833416173749,0.23752392840112854,255.0,255.0,255.0,ge_0.30
data/raw/images/Т-12-Р4-1211_orig.jpg,3927,2531,1.551560647965231,160,103,0.3058252427184466,white_uniform,single_object,5,0.2278519417475728,0.06304611650485437,0,0,253.34672053231938,11.123797140331003,0.43926129403288555,255.0,255.0,255.0,ge_0.30
data/raw/images/Т-12-Р4-1218_orig.jpg,3492,2569,1.359283768003114,160,118,0.2388771186440678,white_uniform,single_object,6,0.10985169491525423,0.10863347457627119,0,0,252.9734712230216,13.031168273938611,0.30695791984960924,255.0,255.0,255.0,0.15_0.30
data/raw/images/Т-12-Р4-1224_orig.jpg,2688,2265,1.1867549668874173,160,135,0.4312962962962963,white_uniform,single_object,4,0.41328703703703706,0.0060648148148148145,0,0,252.04851694915254,17.106086546989715,0.17122266372590586,255.0,255.0,255.0,ge_0.30
data/raw/images/Т-12-Р4-1245_orig.jpg,3369,3063,1.0999020568070519,160,145,0.365,white_uniform,single_object,4,0.35021551724137934,0.004655172413793103,0,0,252.72561475409836,13.724511384265435,0.0952211365737776,255.0,255.0,255.0,ge_0.30
data/raw/images/Т-12-Р4-1246_orig.jpg,3016,3996,0.7547547547547547,121,160,0.3009297520661157,white_uniform,single_object,6,0.2227789256198347,0.05666322314049587,0,0,253.25400355871886,11.631022221700702,0.28136241064059747,255.0,255.0,255.0,ge_0.30
data/raw/images/ВО-1л58-2017-0011_orig.jpg,5440,11449,0.4751506681806271,76,160,0.4823190789473684,white_uniform,multi_view,5,0.19950657894736842,0.1959703947368421,0,1,252.54043079096044,11.68990377570444,1.644123329073824,255.0,255.0,255.0,ge_0.30
data/raw/images/ВО-1л58-2017-0012_orig.jpg,9405,10316,0.9116905777433114,146,160,0.33232020547945207,white_uniform,single_object,6,0.13095034246575343,0.12508561643835617,0,1,252.823665577342,11.957715952666153,0.3924546252661046,255.0,255.0,255.0,ge_0.30
data/raw/images/ВО-1л58-2017-0013_orig.jpg,13087,9523,1.3742518114039692,160,116,0.30964439655172415,light_photo,single_object,6,0.08399784482758621,0.08399784482758621,0,0,250.77407910628023,19.548001363158953,0.31790944586143455,255.0,255.0,255.0,ge_0.30
data/raw/images/ВО-1л58-2017-0014_orig.jpg,18808,9783,1.9225186548093631,160,83,0.30143072289156625,light_photo,single_object,7,0.09081325301204819,0.08998493975903614,0,0,244.5377229080933,34.71405344476658,0.6536361257624765,255.0,255.0,255.0,ge_0.30
data/raw/images/ВО-1л58-2017-0015_orig.jpg,14607,5993,2.4373435674954114,160,66,0.3286931818181818,light_photo,single_object,6,0.08229166666666667,0.071875,0,0,236.92837389380531,49.45582687046415,0.8909087443926254,255.0,255.0,255.0,ge_0.30
data/raw/images/ВО-1л58-2017-0016_orig.jpg,10977,9474,1.1586447118429386,160,138,0.2431159420289855,white_uniform,single_object,7,0.07001811594202899,0.06920289855072463,0,0,252.60297818791946,14.225469272741956,0.14725097020361944,255.0,255.0,255.0,0.15_0.30
data/raw/images/ВО-1л58-2017-0017_orig.jpg,14131,8861,1.594740999887146,160,100,0.24,light_photo,single_object,7,0.05525,0.0541875,0,0,249.99294871794874,20.818991305953567,0.46671134053544383,255.0,255.0,255.0,0.15_0.30
data/raw/images/ВО-1л58-2017-0018_orig.jpg,13315,7387,1.8024908623257074,160,89,0.31558988764044943,light_photo,single_object,6,0.07345505617977528,0.07296348314606742,0,0,247.0261044176707,26.639602840274012,0.589169520719295,255.0,255.0,255.0,ge_0.30
data/raw/images/ВО-1л58-2017-0019_orig.jpg,10977,6308,1.7401712111604313,160,92,0.27092391304347824,white_uniform,single_object,6,0.07235054347826086,0.07207880434782608,0,0,253.67567791005288,7.752186592961745,0.5539835056043876,255.0,255.0,255.0,0.15_0.30
data/raw/images/ВО-1л58-2017-0020_orig.jpg,8075,4087,1.9757768534377294,160,81,0.3477623456790123,white_uniform,single_object,6,0.13641975308641976,0.13510802469135802,0,0,250.32883817427387,16.9514222843003,0.6809616645265799,255.0,255.0,255.0,ge_0.30
data/raw/images/ВО-1л58-2017-0022_orig.jpg,7890,4123,1.9136551055056998,160,84,0.44895833333333335,light_photo,multi_view,6,0.19739583333333333,0.19702380952380952,0,1,245.2841530054645,29.933843368941687,1.5490150811330199,255.0,255.0,255.0,ge_0.30
data/raw/images/ВО-1л58-2017-0036_orig.jpg,5963,3655,1.6314637482900136,160,98,0.2892857142857143,white_uniform,single_object,4,0.11792091836734694,0.11454081632653061,0,0,252.32485465116278,14.52682511650509,0.489477616939227,255.0,255.0,255.0,0.15_0.30
data/raw/images/ВО-1л58-2017-0038_orig.jpg,4971,6446,0.7711759230530562,123,160,0.20589430894308944,light_photo,single_object,4,0.08313008130081301,0.07286585365853658,0,1,246.4548733804476,27.428318350385616,0.5598387562807106,255.0,255.0,255.0,0.15_0.30
data/raw/images/ВО-1л58-2017-0047_orig.jpg,4793,3349,1.4311734846222752,160,112,0.39681919642857144,light_photo,single_object,7,0.2904017857142857,0.06439732142857142,0,0,248.3933823529412,23.574442937247078,0.3584947263654266,255.0,255.0,255.0,ge_0.30
data/raw/images/ВО-1л58-2017-0053_orig.jpg,5200,3411,1.524479624743477,160,105,0.29886904761904765,white_uniform,single_object,4,0.14809523809523809,0.10125,0,0,251.97688679245283,13.934441078477958,0.4216531221508731,255.0,255.0,255.0,0.15_0.30
data/raw/images/ВО-1л58-2017-0055_orig.jpg,4064,3010,1.3501661129568105,160,119,0.29679621848739496,white_uniform,single_object,7,0.1629201680672269,0.09427521008403361,0,0,253.42727001194743,10.410622479399349,0.30022763151539633,255.0,255.0,255.0,0.15_0.30
data/raw/images/ВО-1л58-2017-0056_orig.jpg,3608,3486,1.0349971313826736,160,155,0.31040322580645163,light_photo,single_object,7,0.15342741935483872,0.10887096774193548,0,0,249.48326719576716,20.611380276662846,0.03439865510254807,255.0,255.0,255.0,ge_0.30
data/raw/images/ВО-1л58-2017-0058_orig.jpg,3962,4250,0.932235294117647,149,160,0.22386744966442954,white_uniform,single_object,6,0.13418624161073825,0.0574244966442953,0,0,251.11171790722764,17.62956713116298,0.07017003465996628,255.0,255.0,255.0,0.15_0.30
data/raw/images/ВО-1л58-2017-0059_orig.jpg,5474,2899,1.8882373232149017,160,85,0.4153676470588235,dark_or_complex,multi_view,5,0.1688235294117647,0.16816176470588234,0,0,29.01607142857143,62.54059903313583,1.6356437606789687,0.0,0.0,0.0,ge_0.30
data/raw/images/ВО-1л58-2017-0072_orig.jpg,5779,6793,0.8507286912998675,136,160,0.24751838235294119,light_photo,single_object,7,0.08042279411764706,0.05620404411764706,0,1,249.68679617117112,20.172011991272,0.46166201287352393,255.0,255.0,255.0,0.15_0.30
data/raw/images/ВО-1л58-2017-0074_orig.jpg,4239,8184,0.5179618768328446,83,160,0.4292168674698795,white_uniform,multi_view,4,0.1733433734939759,0.16731927710843372,0,0,253.12860082304528,9.661393032386917,1.2578536362788253,255.0,255.0,255.0,ge_0.30
data/raw/images/ВО-1л58-2017-0075_orig.jpg,8506,3514,2.4206033010813885,160,66,0.32765151515151514,white_uniform,single_object,4,0.1387310606060606,0.08806818181818182,0,0,249.22898230088495,17.826758381765597,0.8840168070665363,255.0,255.0,255.0,ge_0.30
data/raw/images/ВО-1л58-2017-0076_orig.jpg,6239,3926,1.5891492613346918,160,101,0.2337871287128713,white_uniform,single_object,4,0.11058168316831683,0.04925742574257426,0,0,251.74664750957854,14.095150016230766,0.46319881727438,255.0,255.0,255.0,0.15_0.30
data/raw/images/ВО-1л58-2017-0077_orig.jpg,3564,2461,1.44819179195449,160,110,0.28204545454545454,light_photo,single_object,6,0.16590909090909092,0.07397727272727272,0,0,249.27199074074073,19.84968636565145,0.37031573819964403,255.0,255.0,255.0,0.15_0.30
data/raw/images/ВО-1л58-2017-0078_orig.jpg,3210,3514,0.9134889015367103,146,160,0.4833904109589041,light_photo,single_object,3,0.3568921232876712,0.1105736301369863,0,0,247.60546023965145,23.368485196094223,0.09048405262298101,255.0,255.0,255.0,ge_0.30
data/raw/images/ВО-1л58-2017-0088_orig.jpg,3199,4707,0.6796260888039091,109,160,0.4407683486238532,white_uniform,single_object,3,0.35940366972477067,0.06783256880733946,0,0,250.3671003717472,17.277186785098756,0.3862125014516243,255.0,255.0,255.0,ge_0.30
data/raw/images/ВО-1л58-2017-0089_orig.jpg,4551,9226,0.49327986126165185,79,160,0.4760284810126582,white_uniform,multi_view,4,0.21677215189873417,0.21376582278481013,0,0,252.33934797768478,11.243854867670347,1.3066785961011238,255.0,255.0,255.0,ge_0.30
data/raw/images/ВО-1л58-2017-0090_orig.jpg,4476,6706,0.6674619743513271,107,160,0.4247663551401869,white_uniform,multi_view,4,0.18434579439252335,0.16460280373831776,0,0,253.13623595505618,9.988911866693567,1.004272857594358,255.0,255.0,255.0,ge_0.30
data/raw/images/ВО-1л58-2017-0091_orig.jpg,5553,6096,0.9109251968503937,146,160,0.22178938356164385,white_uniform,single_object,5,0.09096746575342465,0.0819777397260274,0,0,251.48863017429198,13.866706390067073,0.09329449612487495,255.0,255.0,255.0,0.15_0.30
data/raw/images/ВО-1л58-2017-0092_orig.jpg,4087,3635,1.1243466299862448,160,142,0.5137323943661972,light_photo,single_object,3,0.3418133802816901,0.15699823943661972,0,0,243.48806567328916,40.19108258259847,0.11720209359665752,255.0,255.0,255.0,ge_0.30
data/raw/images/ВО-1л58-2017-0093_orig.jpg,2278,5119,0.4450087907794491,71,160,0.3928697183098592,dark_or_complex,single_object,6,0.15642605633802817,0.15422535211267605,0,0,10.248376623376624,33.366795934847,1.2096612424504558,0.0,0.0,0.0,ge_0.30
data/raw/images/ВО-1л58-2017-0103_orig.jpg,14954,6957,2.1494897225815723,160,74,0.2918918918918919,light_photo,single_object,6,0.08074324324324324,0.06351351351351352,0,0,249.53178418803418,23.061361357823657,0.7652304756362194,255.0,255.0,255.0,0.15_0.30
data/raw/images/ВО-1л58-2017-0104_orig.jpg,7700,4244,1.814326107445806,160,88,0.4213068181818182,white_uniform,multi_view,7,0.184375,0.18316761363636364,0,0,252.52167338709677,11.699262290828273,1.1957141081079015,255.0,255.0,255.0,ge_0.30
data/raw/images/ВО-1л58-2017-0105_orig.jpg,4187,8356,0.5010770703685974,80,160,0.53203125,white_uniform,multi_view,6,0.205390625,0.1990625,0,0,251.5584201388889,14.599467315065592,1.2909953566573131,255.0,255.0,255.0,ge_0.30
data/raw/images/ВО-1л58-2017-0124_orig.jpg,7490,3401,2.202293443104969,160,73,0.31652397260273973,light_photo,single_object,4,0.13450342465753426,0.1226027397260274,0,0,245.71137339055795,28.434045812223317,0.7894992915040697,255.0,255.0,255.0,ge_0.30
data/raw/images/ВО-1л58-2017-0141_orig.jpg,3845,6695,0.5743091859596714,92,160,0.3612092391304348,white_uniform,single_object,4,0.16290760869565218,0.1517663043478261,0,0,250.89930555555554,15.219305549942442,0.5545873761855286,255.0,255.0,255.0,ge_0.30
data/raw/images/ВО-1л58-2017-0161_orig.jpg,5250,4384,1.197536496350365,160,134,0.3032182835820896,light_photo,single_object,5,0.09258395522388059,0.090625,0,0,249.33935657596376,23.885003110414154,0.18026652695781797,255.0,255.0,255.0,ge_0.30
data/raw/images/ВО-1л58-2017-0235_orig.jpg,3701,5446,0.6795813441057657,109,160,0.2205848623853211,white_uniform,single_object,3,0.16668577981651375,0.02654816513761468,0,0,252.5085966542751,12.65302975379765,0.38627834084754903,255.0,255.0,255.0,0.15_0.30
data/raw/images/ВО-1л58-2017-0242_orig.jpg,3946,3027,1.303600925008259,160,123,0.3092479674796748,light_photo,single_object,4,0.14522357723577237,0.08938008130081301,0,0,249.90091283863367,20.799075417726936,0.26513037756084196,255.0,255.0,255.0,ge_0.30
data/raw/images/ВО-1л58-2017-0275_orig.jpg,4288,3136,1.3673469387755102,160,117,0.1719551282051282,white_uniform,close_up,3,0.10304487179487179,0.042414529914529916,0,0,251.25699458483754,17.88053723538203,0.3128723212803394,255.0,255.0,255.0,0.15_0.30
data/raw/images/ВО-1л58-2017-0281_orig.jpg,4603,3177,1.4488511174063583,160,110,0.27761363636363634,white_uniform,single_object,4,0.13636363636363635,0.08727272727272728,0,0,250.37708333333333,17.12574273812852,0.37077090954772535,255.0,255.0,255.0,0.15_0.30
data/raw/images/ВО-1л58-2017-0284_orig.jpg,3892,4801,0.8106644449073109,130,160,0.1946153846153846,white_uniform,single_object,6,0.07990384615384616,0.07961538461538462,0,0,251.77420977011496,14.975996138586899,0.20990106522504473,255.0,255.0,255.0,0.15_0.30
data/raw/images/ВО-1л58-2017-0286_orig.jpg,4739,7716,0.6141783307413168,98,160,0.18386479591836735,white_uniform,single_object,4,0.07200255102040816,0.07117346938775511,0,0,251.03795219638243,14.998977577309722,0.48746995205803134,255.0,255.0,255.0,0.15_0.30
data/raw/images/ВО-1л58-2017-0294_orig.jpg,3428,4036,0.8493557978196233,136,160,0.18901654411764707,white_uniform,single_object,7,0.1280330882352941,0.028998161764705883,0,0,251.29187781531536,17.16801806602618,0.16327710175582924,255.0,255.0,255.0,0.15_0.30
data/raw/images/ВО-1л58-2017-0297_orig.jpg,3372,5686,0.5930355258529723,95,160,0.21585526315789474,light_photo,single_object,4,0.08894736842105264,0.08592105263157895,0,0,249.63439542483658,20.031151365204963,0.522500973089199,255.0,255.0,255.0,0.15_0.30
data/raw/images/ВО-1л58-2017-0305_orig.jpg,5298,6344,0.8351197982345523,134,160,0.42621268656716416,white_uniform,single_object,5,0.16725746268656716,0.14458955223880596,0,1,251.6685090702948,16.355905154280777,0.48018009348266893,255.0,255.0,255.0,ge_0.30
data/raw/images/ВО-1л58-2017-0306_orig.jpg,4131,3343,1.2357164223751123,160,129,0.3637112403100775,light_photo,single_object,4,0.14481589147286822,0.13958333333333334,0,1,247.00173010380624,26.0026605802714,0.511650900976666,255.0,255.0,255.0,ge_0.30
data/raw/images/ВО-1л58-2017-0307_orig.jpg,5006,4062,1.2323978335795174,160,130,0.32,white_uniform,single_object,4,0.13514423076923077,0.11471153846153846,0,1,253.14583333333334,11.635030870902673,0.5089617298513894,255.0,255.0,255.0,ge_0.30
data/raw/images/ВО-1л58-2017-0322_orig.jpg,5729,2128,2.6921992481203008,160,59,0.29322033898305083,light_photo,single_object,4,0.11292372881355932,0.09851694915254237,0,0,246.84265601217658,25.349658569634528,0.9903584239470428,255.0,255.0,255.0,0.15_0.30
data/raw/images/ВО-1л58-2017-0376_orig.jpg,5468,1867,2.928762720942689,160,55,0.39,light_photo,single_object,6,0.16045454545454546,0.15102272727272728,0,1,228.0923449612403,49.693125134030645,1.3745800543021176,255.0,255.0,255.0,ge_0.30
data/raw/images/ВО-1л58-2017-0393_orig.jpg,5190,4671,1.1111111111111112,160,144,0.28268229166666664,light_photo,single_object,4,0.11796875,0.09522569444444444,0,0,247.449766995614,29.590694173829885,0.10536051565782635,255.0,255.0,255.0,0.15_0.30
data/raw/images/ВО-1л58-2017-0397_orig.jpg,4613,2745,1.6805100182149362,160,95,0.43526315789473685,light_photo,multi_view,6,0.1736842105263158,0.17342105263157895,0,0,240.85400326797384,35.95240829316474,1.1190973296141895,255.0,255.0,255.0,ge_0.30
data/raw/images/ВО-1л58-2017-0418_orig.jpg,3689,2891,1.2760290556900726,160,125,0.2654,white_uniform,single_object,7,0.1225,0.0769,0,0,251.12763157894736,17.453890428117784,0.24375295558032956,255.0,255.0,255.0,0.15_0.30
data/raw/images/ВО-1л58-2017-0421_orig.jpg,4202,8316,0.5052910052910053,81,160,0.2520833333333333,light_photo,single_object,5,0.11087962962962963,0.09143518518518519,0,0,249.6777316735823,19.035905924246684,0.6826207675729578,255.0,255.0,255.0,0.15_0.30
data/raw/images/ВО-1л58-2017-0424_orig.jpg,4070,3366,1.2091503267973855,160,132,0.19294507575757575,white_uniform,single_object,7,0.10071022727272727,0.034422348484848486,0,0,251.2580622146119,15.918056765085824,0.1899179036858893,255.0,255.0,255.0,0.15_0.30
data/raw/images/ВО-1л58-2017-0425_orig.jpg,3048,2719,1.1210003677822729,160,143,0.27189685314685313,white_uniform,single_object,7,0.12596153846153846,0.09147727272727273,0,0,253.472703520352,10.062396425581625,0.11422147217406614,255.0,255.0,255.0,0.15_0.30
data/raw/images/ВО-1л58-2017-0426_orig.jpg,2560,5167,0.49545190632862396,79,160,0.19034810126582277,white_uniform,single_object,4,0.0817246835443038,0.0680379746835443,0,0,252.26194211994422,12.104673350248746,0.7022849908135764,255.0,255.0,255.0,0.15_0.30
data/raw/images/ВО-1л58-2017-0441_orig.jpg,4169,2930,1.4228668941979523,160,112,0.29073660714285715,white_uniform,single_object,4,0.16138392857142858,0.06724330357142858,0,0,252.35064338235293,13.221633318811444,0.35267377586968396,255.0,255.0,255.0,0.15_0.30
data/raw/images/ВО-1л58-2017-0447_orig.jpg,5154,4270,1.2070257611241217,160,133,0.34727443609022557,light_photo,single_object,5,0.10986842105263157,0.106296992481203,0,0,247.62535551763364,23.674772580079974,0.1881592849896401,255.0,255.0,255.0,ge_0.30
data/raw/images/ВО-1л58-2017-0448_orig.jpg,4853,4089,1.1868427488383468,160,135,0.34324074074074074,light_photo,single_object,5,0.1087962962962963,0.10333333333333333,0,0,250.9403248587571,18.206960266731887,0.17129662904057394,255.0,255.0,255.0,ge_0.30
data/raw/images/ВО-1л58-2017-0475_orig.jpg,7591,5506,1.3786778060297857,160,116,0.3462284482758621,white_uniform,single_object,7,0.14854525862068965,0.1386853448275862,0,0,253.67640398550725,9.276506544108221,0.32112492831421563,255.0,255.0,255.0,ge_0.30
data/raw/images/ВО-1л58-2017-0480_orig.jpg,4575,10104,0.45279097387173395,72,160,0.39991319444444445,white_uniform,multi_view,5,0.17291666666666666,0.1673611111111111,0,0,252.13200431034483,12.215835957392047,1.3923246863207055,255.0,255.0,255.0,ge_0.30
data/raw/images/ВО-1л58-2017-0487_orig.jpg,12071,3980,3.0329145728643216,160,53,0.3402122641509434,white_uniform,single_object,5,0.14410377358490567,0.14304245283018868,0,0,251.71214788732394,14.592515054688887,1.1095240624226437,255.0,255.0,255.0,ge_0.30
data/raw/images/ВО-1л58-2017-0488_orig.jpg,10975,3826,2.8685311029796132,160,56,0.28917410714285713,white_uniform,single_object,5,0.12566964285714285,0.12299107142857142,0,0,251.11053240740742,15.836880277645484,1.053800087943174,255.0,255.0,255.0,0.15_0.30
data/raw/images/ВО-1л58-2017-0503_orig.jpg,7410,3778,1.961355214399153,160,82,0.31410060975609755,white_uniform,single_object,6,0.18407012195121952,0.10228658536585365,0,0,253.0645661157025,10.62100506412058,0.6736356702286778,255.0,255.0,255.0,ge_0.30
data/raw/images/ВО-1л58-2017-0509_orig.jpg,7162,3715,1.9278600269179005,160,83,0.46370481927710844,light_photo,multi_view,8,0.18840361445783133,0.186144578313253,0,0,250.0030006858711,18.89238400014571,1.2564105934065184,255.0,255.0,255.0,ge_0.30
data/raw/images/ВО-1л58-2017-0522_orig.jpg,10864,3760,2.8893617021276596,160,55,0.26647727272727273,white_uniform,single_object,6,0.12329545454545454,0.09136363636363637,0,0,251.13468992248062,14.059917397674614,1.0610356134145371,255.0,255.0,255.0,0.15_0.30
data/raw/images/ВО-1л58-2017-0523_orig.jpg,11258,5803,1.9400310184387386,160,82,0.31714939024390243,light_photo,single_object,6,0.08559451219512196,0.08559451219512196,0,0,249.97460399449034,20.429061372688537,0.6627039618333637,255.0,255.0,255.0,ge_0.30
data/raw/images/ВО-1л58-2017-0524_orig.jpg,12360,3586,3.4467373117679867,160,46,0.3311141304347826,light_photo,single_object,5,0.10407608695652174,0.10095108695652173,0,0,245.15453074433654,27.76734665792997,1.2374280768466035,255.0,255.0,255.0,ge_0.30
data/raw/images/ВО-1л58-2017-0525_orig.jpg,13507,3967,3.404839929417696,160,47,0.3283244680851064,light_photo,single_object,6,0.1023936170212766,0.09893617021276596,0,0,248.8516505636071,20.425362930561388,1.225197928046434,255.0,255.0,255.0,ge_0.30
data/raw/images/ВО-1л58-2017-0527_orig.jpg,13749,9756,1.4092865928659286,160,114,0.24210526315789474,light_photo,single_object,7,0.04183114035087719,0.04128289473684211,0,0,250.4651003649635,21.491212405186303,0.34308361384142283,255.0,255.0,255.0,0.15_0.30
data/raw/images/ВО-1л58-2017-0528_orig.jpg,4812,10482,0.45907269605037204,73,160,0.38125,white_uniform,single_object,5,0.25231164383561644,0.05642123287671233,0,0,251.56062231759657,13.2029510073241,0.7785467022675421,255.0,255.0,255.0,ge_0.30
data/raw/images/ВО-1л58-2017-0544_orig.jpg,10699,3775,2.8341721854304636,160,56,0.29921875,white_uniform,single_object,5,0.1171875,0.11361607142857143,0,0,251.6400462962963,15.818607063257023,1.0417498964554814,255.0,255.0,255.0,0.15_0.30
data/raw/images/ВО-1л58-2017-0547_orig.jpg,10146,3708,2.736245954692557,160,58,0.29364224137931033,white_uniform,single_object,6,0.11896551724137931,0.11530172413793104,0,0,253.2766628440367,8.087765941567023,1.0065868914408895,255.0,255.0,255.0,0.15_0.30
data/raw/images/ВО-1л58-2017-0551_orig.jpg,7232,3841,1.882843009632908,160,85,0.41669117647058823,white_uniform,multi_view,5,0.1661764705882353,0.16095588235294117,0,0,252.50212585034015,12.667181157382949,1.2327828737261077,255.0,255.0,255.0,ge_0.30
data/raw/images/ВО-1л58-2017-0553_orig.jpg,10018,4780,2.09581589958159,160,76,0.25139802631578945,white_uniform,single_object,6,0.07623355263157895,0.06628289473684211,0,0,252.6005473163842,10.918656325858738,0.7399429284320606,255.0,255.0,255.0,0.15_0.30
data/raw/images/ВО-1л58-2017-0554_orig.jpg,11788,4655,2.532330827067669,160,63,0.26924603174603173,white_uniform,single_object,6,0.08382936507936507,0.08283730158730158,0,1,251.47215994020925,15.695695436171091,1.2291401541464178,255.0,255.0,255.0,0.15_0.30
data/raw/images/ВО-1л58-2017-0572_orig.jpg,3805,5817,0.654117242564896,105,160,0.3730357142857143,white_uniform,single_object,7,0.2230952380952381,0.12255952380952381,0,0,252.21698113207546,13.809249509604491,0.42446867361497526,255.0,255.0,255.0,ge_0.30
data/raw/images/ВО-1л58-2017-0573_orig.jpg,8717,2965,2.9399662731871836,160,54,0.300462962962963,white_uniform,single_object,6,0.1269675925925926,0.12164351851851851,0,0,251.8152258566978,13.944824676392425,1.0783981095797501,255.0,255.0,255.0,ge_0.30
data/raw/images/ВО-1л58-2017-0574_orig.jpg,7150,4812,1.4858686616791354,160,108,0.2526041666666667,white_uniform,single_object,9,0.06336805555555555,0.06105324074074074,0,0,253.18493470149255,10.384271917696564,0.3959995585934838,255.0,255.0,255.0,0.15_0.30
data/raw/images/ВО-1л58-2017-0575_orig.jpg,7995,3326,2.4037883343355384,160,67,0.24888059701492538,white_uniform,single_object,7,0.09561567164179105,0.09496268656716418,0,0,253.20236784140968,10.154482143821323,0.8770459655151817,255.0,255.0,255.0,0.15_0.30
data/raw/images/ВО-1л58-2017-0595_orig.jpg,6953,3471,2.003169115528666,160,80,0.33578125,white_uniform,single_object,4,0.247890625,0.0659375,0,0,252.84557291666667,11.758301862624544,0.6947304842372315,255.0,255.0,255.0,ge_0.30
data/raw/images/ВО-1л58-2017-0596_orig.jpg,3701,6125,0.6042448979591837,97,160,0.46804123711340206,white_uniform,single_object,7,0.28737113402061853,0.15341494845360826,0,0,253.7113326848249,9.546175307941049,0.5037757030267718,255.0,255.0,255.0,ge_0.30
data/raw/images/ВО-1л58-2017-0603_orig.jpg,7406,10972,0.6749908858913598,108,160,0.3038194444444444,white_uniform,single_object,6,0.09016203703703704,0.08449074074074074,0,0,253.361473880597,8.81421508863217,0.39305609058393587,255.0,255.0,255.0,ge_0.30
data/raw/images/ВО-1л58-2017-0604_orig.jpg,14161,5961,2.3756081194430463,160,67,0.2666977611940298,white_uniform,single_object,6,0.06492537313432836,0.06305970149253731,0,0,252.30680983847284,12.997408816991445,0.8652534550031321,255.0,255.0,255.0,0.15_0.30
data/raw/images/ВО-1л58-2017-0605_orig.jpg,13771,5906,2.3316965797494076,160,69,0.28251811594202897,white_uniform,single_object,6,0.06956521739130435,0.06621376811594203,0,0,251.7711972343523,10.89853946154569,0.846596148423258,255.0,255.0,255.0,0.15_0.30
data/raw/images/ВО-1л58-2017-0606_orig.jpg,13449,5592,2.4050429184549356,160,67,0.28423507462686565,white_uniform,single_object,6,0.07593283582089552,0.0640858208955224,0,0,252.25385462555067,11.096150541973284,0.877567748909903,255.0,255.0,255.0,0.15_0.30
data/raw/images/ВО-1л58-2017-0625_orig.jpg,4940,2725,1.8128440366972478,160,88,0.27755681818181815,white_uniform,single_object,8,0.18579545454545454,0.04822443181818182,0,0,253.33392137096774,11.362925111190654,0.5948969030846238,255.0,255.0,255.0,0.15_0.30
data/raw/images/ВО-1л58-2017-0627_orig.jpg,5760,3725,1.5463087248322147,160,103,0.377123786407767,white_uniform,multi_view,7,0.17724514563106797,0.1754247572815534,0,0,251.92094423320663,15.167827246917318,1.0358706228762768,255.0,255.0,255.0,ge_0.30
data/raw/images/ВО-1л58-2017-0631_orig.jpg,10910,11298,0.965657638520092,155,160,0.22721774193548386,white_uniform,single_object,7,0.0530241935483871,0.0475,0,0,253.93690476190477,7.040565599756506,0.034945919058090955,255.0,255.0,255.0,0.15_0.30
data/raw/images/ВО-1л58-2017-0632_orig.jpg,8010,7935,1.00945179584121,160,159,0.3503930817610063,white_uniform,single_object,6,0.11745283018867925,0.11533018867924529,0,0,253.72942789968653,8.664154521176014,0.009407407101895547,255.0,255.0,255.0,ge_0.30
data/raw/images/ВО-1л58-2017-0633_orig.jpg,4496,6252,0.7191298784388995,115,160,0.4419565217391304,white_uniform,multi_view,5,0.2520108695652174,0.1681521739130435,0,0,252.60204545454545,12.53012897697993,0.9297132999678402,255.0,255.0,255.0,ge_0.30
data/raw/images/ВО-1л58-2017-0634_orig.jpg,13994,5324,2.6284748309541697,160,61,0.3086065573770492,white_uniform,single_object,5,0.09313524590163934,0.09221311475409837,0,0,251.3252262443439,13.183583444382164,0.9664037657908398,255.0,255.0,255.0,ge_0.30
data/raw/images/ВО-1л58-2017-0635_orig.jpg,14011,5785,2.421953327571305,160,66,0.2896780303030303,white_uniform,single_object,6,0.08731060606060606,0.08409090909090909,0,0,252.4124262536873,10.776547926612274,0.8845743747434545,255.0,255.0,255.0,0.15_0.30
data/raw/images/ВО-1л58-2017-0645_orig.jpg,5760,3277,1.7577052181873665,160,91,0.3489697802197802,white_uniform,single_object,7,0.2477335164835165,0.07067307692307692,0,0,253.49003984063745,10.723847108718108,0.5640091049911223,255.0,255.0,255.0,ge_0.30
data/raw/images/ВО-1л58-2017-0673_orig.jpg,6134,3064,2.001958224543081,160,80,0.391640625,white_uniform,single_object,4,0.281015625,0.071796875,0,0,253.834375,8.552208877986338,0.6941258138137151,255.0,255.0,255.0,ge_0.30
data/raw/images/ВО-1л58-2017-0688_orig.jpg,5760,3453,1.6681146828844482,160,96,0.24134114583333333,white_uniform,single_object,8,0.15305989583333332,0.056901041666666666,0,0,253.89453125,8.388434267953313,0.5116940562999446,255.0,255.0,255.0,0.15_0.30
data/raw/images/ВО-1л58-2017-0689_orig.jpg,8204,3515,2.3339971550497864,160,69,0.2827898550724638,white_uniform,single_object,6,0.11585144927536233,0.11422101449275363,0,0,252.90556768558952,11.159954121221858,0.8475823149475059,255.0,255.0,255.0,0.15_0.30
data/raw/images/ВО-1л58-2017-0713_orig.jpg,9030,5301,1.7034521788341823,160,94,0.36309840425531914,white_uniform,single_object,5,0.1988031914893617,0.11090425531914894,0,0,252.14050196850394,12.88622371382694,0.5326568854232251,255.0,255.0,255.0,ge_0.30
data/raw/images/ВО-1л58-2017-0714_orig.jpg,8360,5591,1.4952602396708996,160,107,0.3425233644859813,white_uniform,single_object,5,0.1683411214953271,0.1120911214953271,0,0,250.9554463171036,15.9691743926512,0.402300265052102,255.0,255.0,255.0,ge_0.30
data/raw/images/ВО-1л58-2017-0715_orig.jpg,4223,8471,0.4985243772872152,80,160,0.575859375,light_photo,multi_view,5,0.255546875,0.2540625,0,1,247.97986111111112,23.742292842629045,1.5961027894976072,255.0,255.0,255.0,ge_0.30
data/raw/images/ВО-1л58-2017-0716_orig.jpg,7655,9733,0.7864995376553992,126,160,0.33149801587301586,white_uniform,single_object,6,0.10674603174603174,0.09836309523809524,0,0,253.1353438228438,9.935238033227526,0.24016314433470948,255.0,255.0,255.0,ge_0.30
data/raw/images/ВО-1л58-2017-0717_orig.jpg,6211,10301,0.6029511697893408,96,160,0.40084635416666664,white_uniform,single_object,6,0.12259114583333333,0.11627604166666666,0,0,252.40926106770831,10.729023156240217,0.5059190643243905,255.0,255.0,255.0,ge_0.30
data/raw/images/ВО-1л58-2017-0718_orig.jpg,11369,6742,1.6862948679916938,160,95,0.2488157894736842,white_uniform,single_object,6,0.07980263157894738,0.06282894736842105,0,0,254.00988562091504,6.913922621911226,0.5225337363351005,255.0,255.0,255.0,0.15_0.30
data/raw/images/ВО-1л58-2017-0721_orig.jpg,9791,4038,2.4247152055473005,160,66,0.40208333333333335,white_uniform,single_object,5,0.16174242424242424,0.1588068181818182,0,0,251.4762168141593,13.850131065273823,0.8857140764812885,255.0,255.0,255.0,ge_0.30
data/raw/images/ВО-1л58-2017-0722_orig.jpg,6022,7816,0.7704708290685772,123,160,0.35782520325203254,white_uniform,single_object,5,0.15177845528455283,0.14801829268292682,0,0,253.559628975265,9.189815910567223,0.2607534846809396,255.0,255.0,255.0,ge_0.30
data/raw/images/ВО-1л58-2017-0723_orig.jpg,12045,5871,2.0516096065406235,160,78,0.39126602564102564,light_photo,single_object,5,0.14575320512820514,0.14551282051282052,0,0,248.65196078431373,20.71569207427329,0.7186246589847859,255.0,255.0,255.0,ge_0.30
data/raw/images/ВО-1л58-2017-0724_orig.jpg,11636,5595,2.0797140303842716,160,77,0.29853896103896105,white_uniform,single_object,5,0.08936688311688312,0.08701298701298701,0,0,252.65972222222223,10.055406973020496,0.7322303988690666,255.0,255.0,255.0,0.15_0.30
data/raw/images/ВО-1л58-2017-0734_orig.jpg,3673,6257,0.5870225347610676,94,160,0.444281914893617,white_uniform,multi_view,6,0.2444148936170213,0.17220744680851063,0,0,253.1941437007874,11.203598758996076,1.1326920701786962,255.0,255.0,255.0,ge_0.30
data/raw/images/ВО-1л58-2017-0735_orig.jpg,5807,5569,1.0427365774824924,160,153,0.2549019607843137,white_uniform,single_object,8,0.10326797385620914,0.09901960784313725,0,0,252.99520766773162,11.819190656232589,0.041848581782381274,255.0,255.0,255.0,0.15_0.30
data/raw/images/ВО-1л58-2017-0736_orig.jpg,9115,4037,2.257864751052762,160,71,0.24595070422535212,white_uniform,single_object,7,0.10070422535211268,0.10052816901408451,0,0,252.67794011544012,11.196521617630905,0.8144195662598226,255.0,255.0,255.0,0.15_0.30
data/raw/images/ВО-1л58-2017-0743_orig.jpg,12375,4139,2.9898526214061367,160,54,0.38252314814814814,light_photo,multi_view,4,0.16782407407407407,0.16770833333333332,0,0,244.99600856697816,36.352522025859955,1.6952240956881588,255.0,255.0,255.0,ge_0.30
data/raw/images/ВО-1л58-2017-0745_orig.jpg,8024,5875,1.3657872340425532,160,117,0.3190705128205128,white_uniform,single_object,4,0.14455128205128207,0.10603632478632478,0,0,251.72096871239475,13.64366624130168,0.31173099062941173,255.0,255.0,255.0,ge_0.30
data/raw/images/ВО-1л58-2017-0746_orig.jpg,4878,8942,0.5455155446208901,87,160,0.3629310344827586,white_uniform,single_object,5,0.14360632183908045,0.14317528735632185,0,1,252.5119770580297,11.085352237880862,0.9060239780180603,255.0,255.0,255.0,ge_0.30
data/raw/images/ВО-1л58-2017-0753_orig.jpg,12041,3511,3.429507262888066,160,47,0.3613031914893617,light_photo,single_object,5,0.1583776595744681,0.14082446808510637,0,0,242.1856884057971,30.53101298868856,1.2324165957237867,255.0,255.0,255.0,ge_0.30
data/raw/images/ВО-1л58-2017-0754_orig.jpg,14011,6821,2.054097639642281,160,78,0.309375,light_photo,single_object,5,0.09623397435897436,0.09415064102564102,0,0,249.28230042016807,20.116908357173678,0.719836646716512,255.0,255.0,255.0,ge_0.30
data/raw/images/ВО-1л58-2017-0767_orig.jpg,14357,5013,2.8639537203271495,160,56,0.3183035714285714,white_uniform,single_object,5,0.10178571428571428,0.09921875,0,0,250.42505787037038,17.452715099251545,1.0522030898641905,255.0,255.0,255.0,ge_0.30
data/raw/images/ВО-1л58-2017-0768_orig.jpg,13841,7010,1.9744650499286733,160,81,0.29012345679012347,light_photo,single_object,6,0.07692901234567902,0.07569444444444444,0,0,249.47311549100965,20.92257987640815,0.6802975008680662,255.0,255.0,255.0,0.15_0.30
data/raw/images/ВО-1л58-2017-0769_orig.jpg,10599,9043,1.1720667919938073,160,137,0.24589416058394162,white_uniform,single_object,7,0.05661496350364963,0.05542883211678832,0,1,254.21843434343435,6.239689187383795,0.45876867928677467,255.0,255.0,255.0,0.15_0.30
data/raw/images/ВО-1л58-2017-0770_orig.jpg,10232,6646,1.5395726752934096,160,104,0.2760216346153846,white_uniform,single_object,6,0.09188701923076924,0.06832932692307692,0,0,253.70975378787878,8.495213396664491,0.431504894344139,255.0,255.0,255.0,0.15_0.30
data/raw/images/ВО-1л58-2017-0779_orig.jpg,12326,5583,2.2077735984237865,160,72,0.3412326388888889,light_photo,single_object,6,0.10807291666666667,0.10772569444444445,0,0,249.4899425287356,21.102003668110704,0.791984586211828,255.0,255.0,255.0,ge_0.30
data/raw/images/ВО-1л58-2017-0780_orig.jpg,12000,11032,1.0877447425670776,160,147,0.28295068027210885,white_uniform,single_object,7,0.08635204081632653,0.08316326530612245,0,0,252.7221769815418,12.806359558206909,0.08410650929699967,255.0,255.0,255.0,0.15_0.30
data/raw/images/ВО-1л58-2017-0781_orig.jpg,4779,10281,0.46483805077327106,74,160,0.4755912162162162,white_uniform,multi_view,5,0.20903716216216217,0.19079391891891892,0,0,250.45610754985756,17.742895367890675,1.3660662119645604,255.0,255.0,255.0,ge_0.30
data/raw/images/ВО-1л58-2017-0799_orig.jpg,5048,2964,1.7031039136302295,160,94,0.23976063829787234,white_uniform,single_object,9,0.1658909574468085,0.03497340425531915,0,0,251.5349409448819,16.636892158849076,0.5324524178050716,255.0,255.0,255.0,0.15_0.30
data/raw/images/ВО-1л58-2017-0841_orig.jpg,12296,5494,2.2380779031670914,160,71,0.33653169014084505,light_photo,single_object,5,0.10572183098591549,0.1056338028169014,0,0,248.70652958152957,20.83663836827107,0.8056174185632127,255.0,255.0,255.0,ge_0.30
data/raw/images/ВО-1л58-2017-0868_orig.jpg,7956,8415,0.9454545454545454,151,160,0.29710264900662253,white_uniform,single_object,6,0.11775662251655629,0.11672185430463576,0,1,253.71107984994643,8.641014294675347,0.3560894666510436,255.0,255.0,255.0,0.15_0.30
data/raw/images/ВО-1л58-2017-0873_orig.jpg,5230,6705,0.7800149142431022,125,160,0.40745,white_uniform,single_object,3,0.30055,0.09895,0,0,253.00730994152045,11.259888232882096,0.24844223865681025,255.0,255.0,255.0,ge_0.30
data/raw/images/ВО-1л58-2017-0874_orig.jpg,7589,3920,1.935969387755102,160,83,0.3801957831325301,white_uniform,single_object,4,0.2655873493975904,0.0930722891566265,0,0,252.20498971193416,14.262065429341655,0.6606081766194046,255.0,255.0,255.0,ge_0.30
data/raw/images/ВО-1л58-2017-0881_orig.jpg,7202,5904,1.219850948509485,160,131,0.2219942748091603,white_uniform,single_object,10,0.03754770992366412,0.03735687022900763,0,1,252.8611111111111,12.395702401116882,0.49872867792851205,255.0,255.0,255.0,0.15_0.30
data/raw/images/ВО-1л58-2017-0911_orig.jpg,5144,9026,0.5699091513405716,91,160,0.20831043956043957,white_uniform,single_object,4,0.08667582417582417,0.08626373626373626,0,0,250.2637782204515,17.417300593416822,0.5622783144694913,255.0,255.0,255.0,0.15_0.30
data/raw/images/ВО-1л58-2017-0962_orig.jpg,4956,4039,1.2270363951473138,160,130,0.19091346153846153,light_photo,single_object,9,0.057115384615384616,0.05514423076923077,0,0,250.73771551724138,18.931833631906763,0.20460182718562026,255.0,255.0,255.0,0.15_0.30
data/raw/images/ВО-1л58-2017-0963_orig.jpg,5899,1965,3.002035623409669,160,53,0.35011792452830187,light_photo,single_object,4,0.15212264150943397,0.12169811320754717,0,1,231.65502738654146,44.625864874005885,1.3992905996997136,255.0,255.0,255.0,ge_0.30
data/raw/images/ВО-1л58-2017-0973_orig.jpg,5717,3113,1.836492129778349,160,87,0.34683908045977013,light_photo,single_object,6,0.1360632183908046,0.1358477011494253,0,0,248.82186234817814,21.481504901937086,0.6078573008223632,255.0,255.0,255.0,ge_0.30
data/raw/images/ВО-1л58-2017-0977_orig.jpg,8880,2500,3.552,160,45,0.45125,light_photo,multi_view,6,0.1909722222222222,0.18930555555555556,0,0,225.0382113821138,54.86531207812065,1.8675108251299237,255.0,255.0,255.0,ge_0.30
data/raw/images/ВО-1л58-2017-0981_orig.jpg,6712,7101,0.945218983241797,151,160,0.3601407284768212,white_uniform,single_object,6,0.11208609271523179,0.1046771523178808,0,0,254.20056270096464,6.831455029378138,0.056338650035051466,255.0,255.0,255.0,ge_0.30
data/raw/images/ВО-1л58-2017-0986_orig.jpg,10251,4292,2.3883970177073626,160,67,0.2658582089552239,white_uniform,single_object,6,0.06613805970149254,0.062220149253731344,0,0,251.70888399412627,13.743825361344843,0.8706224370328125,255.0,255.0,255.0,0.15_0.30
data/raw/images/ВО-1л58-2017-0996_orig.jpg,3398,4648,0.7310671256454389,117,160,0.2552350427350427,light_photo,single_object,4,0.09583333333333334,0.09375,0,0,250.14432912154027,20.239355737995016,0.3132499962998699,255.0,255.0,255.0,0.15_0.30
data/raw/images/ВО-1л58-2017-1001_orig.jpg,6014,6482,0.9278000617093489,148,160,0.41169763513513513,white_uniform,single_object,6,0.13433277027027027,0.13154560810810811,0,0,251.4742288961039,16.0460017921145,0.07493902015301836,255.0,255.0,255.0,ge_0.30
data/raw/images/ВО-1л58-2017-1002_orig.jpg,6411,10194,0.6288993525603296,101,160,0.37277227722772277,light_photo,single_object,7,0.08582920792079209,0.08397277227722773,0,0,250.43199233716476,21.135422941761643,0.46378404691272973,255.0,255.0,255.0,ge_0.30
data/raw/images/ВО-1л58-2017-1003_orig.jpg,6796,6970,0.9750358680057388,156,160,0.3811698717948718,white_uniform,single_object,6,0.12083333333333333,0.1172676282051282,0,0,254.00870253164558,7.292455583900265,0.02528102096274698,255.0,255.0,255.0,ge_0.30
data/raw/images/ВО-1л58-2017-1005_orig.jpg,4913,5299,0.9271560671824872,148,160,0.34700168918918917,white_uniform,single_object,6,0.13804898648648647,0.11469594594594594,0,0,252.6057224025974,11.598173895430866,0.07563337032411388,255.0,255.0,255.0,ge_0.30
data/raw/images/ВО-1л58-2017-1006_orig.jpg,4207,5230,0.8043977055449331,129,160,0.38997093023255813,white_uniform,multi_view,7,0.17180232558139535,0.16434108527131783,0,1,252.06509515570934,13.019311301791364,1.1176614734684478,255.0,255.0,255.0,ge_0.30
data/raw/images/ВО-1л58-2017-1007_orig.jpg,5870,3678,1.5959760739532354,160,100,0.408125,white_uniform,single_object,5,0.1339375,0.1321875,0,0,251.82580128205126,14.350738422401944,0.46748550765787567,255.0,255.0,255.0,ge_0.30
data/raw/images/ВО-1л58-2017-1008_orig.jpg,7763,6249,1.2422787646023363,160,129,0.2820736434108527,white_uniform,single_object,6,0.08938953488372094,0.08914728682170543,0,0,253.4435553633218,8.247040833844647,0.21694740647659863,255.0,255.0,255.0,0.15_0.30
data/raw/images/ВО-1л58-2017-1009_orig.jpg,6744,4868,1.3853738701725555,160,115,0.3431521739130435,white_uniform,single_object,5,0.14853260869565219,0.14048913043478262,0,0,253.7759090909091,8.235856283290055,0.32597004557427367,255.0,255.0,255.0,ge_0.30
data/raw/images/ВО-1л58-2017-1010_orig.jpg,6222,5952,1.0453629032258065,160,153,0.33174019607843136,white_uniform,single_object,6,0.1025735294117647,0.09963235294117648,0,0,253.32980564430247,10.112157728041401,0.04436410094465458,255.0,255.0,255.0,ge_0.30
data/raw/images/ВО-1л58-2017-1030_orig.jpg,5584,4380,1.2748858447488585,160,126,0.22857142857142856,white_uniform,single_object,5,0.126140873015873,0.04722222222222222,0,0,253.71787587412587,8.77888312057591,0.2428566410717166,255.0,255.0,255.0,0.15_0.30
data/raw/images/ВО-1л58-2017-1035_orig.jpg,6683,7696,0.8683731808731808,139,160,0.3331384892086331,white_uniform,single_object,6,0.12823741007194245,0.12801258992805756,0,0,254.11942586399107,6.6061423315168275,0.14113372483447234,255.0,255.0,255.0,ge_0.30
data/raw/images/ВО-1л58-2017-1036_orig.jpg,6782,6942,0.9769518870642466,156,160,0.3943910256410256,white_uniform,single_object,6,0.140625,0.14022435897435898,0,0,253.70042194092827,8.026136530972316,0.02331787373614764,255.0,255.0,255.0,ge_0.30
data/raw/images/ВО-1л58-2017-1038_orig.jpg,6532,6280,1.040127388535032,160,154,0.38051948051948054,light_photo,single_object,6,0.12297077922077922,0.11651785714285715,0,1,250.2264463906582,21.968679660937674,0.33934319462811147,255.0,255.0,255.0,ge_0.30
data/raw/images/ВО-1л58-2017-1042_orig.jpg,5774,5259,1.097927362616467,160,146,0.33373287671232876,white_uniform,single_object,6,0.10826198630136986,0.10706335616438356,0,0,253.55269607843138,9.350369653965645,0.09342418663353616,255.0,255.0,255.0,ge_0.30
data/raw/images/ВО-1л58-2017-1101_orig.jpg,4548,7987,0.5694253161387254,91,160,0.19800824175824175,white_uniform,single_object,4,0.08138736263736264,0.07802197802197802,0,1,251.03826361221778,15.753267964667863,0.8631276440469624,255.0,255.0,255.0,0.15_0.30
data/raw/images/ВО-1л58-2017-1102_orig.jpg,5586,6383,0.8751370828763904,140,160,0.16941964285714287,white_uniform,close_up,4,0.06383928571428571,0.0590625,0,0,252.04791666666668,14.29167137390593,0.1333747387509353,255.0,255.0,255.0,0.15_0.30
data/raw/images/ВО-1л58-2017-1111_orig.jpg,6867,5985,1.1473684210526316,160,139,0.09235611510791367,white_uniform,close_up,6,0.028282374100719425,0.024595323741007195,0,0,251.65698160535118,16.10411169955576,0.35862206976529354,255.0,255.0,255.0,0.08_0.15
data/raw/images/ВО-1л58-2017-1152_orig.jpg,7698,3081,2.498539435248296,160,64,0.333203125,white_uniform,single_object,8,0.1306640625,0.12626953125,0,0,252.73716517857142,11.069870322987336,0.9157063352470236,255.0,255.0,255.0,ge_0.30
data/raw/images/ВО-1л58-2017-1155_orig.jpg,5342,5049,1.058031293325411,160,151,0.31415562913907286,white_uniform,single_object,7,0.15165562913907285,0.14735099337748345,0,1,254.1489147909968,7.729534930195504,0.3564099108109905,255.0,255.0,255.0,ge_0.30
data/raw/images/ВО-1л58-2017-1156_orig.jpg,12493,3471,3.599250936329588,160,44,0.4440340909090909,light_photo,multi_view,4,0.1887784090909091,0.1786931818181818,0,0,241.84579248366012,37.02594582838295,1.880725750570043,255.0,255.0,255.0,ge_0.30
data/raw/images/ВО-1л58-2017-1157_orig.jpg,6762,3374,2.004149377593361,160,80,0.376171875,white_uniform,single_object,6,0.290546875,0.05390625,0,0,253.73072916666666,9.201924249035233,0.6952197201619177,255.0,255.0,255.0,ge_0.30
data/raw/images/ВО-1л58-2017-1238_orig.jpg,4282,3132,1.367177522349936,160,117,0.32238247863247865,light_photo,single_object,6,0.15352564102564104,0.1016025641025641,0,1,249.25413658243085,22.11685228214526,0.6127484120389344,255.0,255.0,255.0,ge_0.30
data/raw/images/ВО-1л58-2017-1251_orig.jpg,8329,9341,0.8916604217963815,143,160,0.29536713286713284,white_uniform,single_object,6,0.09685314685314686,0.09589160839160839,0,1,254.0181518151815,7.1733946847838235,0.41466991193750824,255.0,255.0,255.0,0.15_0.30
data/raw/images/ВО-1л58-2017-1273_orig.jpg,6657,9815,0.6782475802343352,109,160,0.405045871559633,light_photo,single_object,7,0.09397935779816513,0.08807339449541285,0,0,248.2438816604709,27.33140229995507,0.3882428951098579,255.0,255.0,255.0,ge_0.30
