image_file,group_key,pred_type,top1_prob_type,max_prob_type,entropy_type,margin_type,pred_part,top1_prob_part,max_prob_part,entropy_part,margin_part,pred_integrity,top1_prob_integrity,max_prob_integrity,entropy_integrity,margin_integrity,pred_material,top1_prob_material,max_prob_material,entropy_material,margin_material,mean_max_prob,mean_entropy,mean_margin
data/raw/images/М102-2012-1-0494_orig.jpg,М102-2012-1-0494,изразец,0.9772960543632507,0.022703945636749268,0.13106244802474976,0.9654379487037659,донце,0.34678930044174194,0.6532106995582581,1.45516037940979,0.024120628833770752,фрагмент,0.9950553178787231,0.0049446821212768555,0.03118579089641571,0.9901106953620911,керамика,0.9713919758796692,0.02860802412033081,0.1485442966222763,0.9487097263336182,0.17736683785915375,0.44148822873830795,0.7320947498083115
data/raw/images/М102-2012-1-0585_orig.jpg,М102-2012-1-0585,тарелка,0.9746404886245728,0.025359511375427246,0.15160627663135529,0.9641445279121399,донце,0.9882749319076538,0.011725068092346191,0.07464347779750824,0.9801257848739624,фрагмент,0.9982345104217529,0.0017654895782470703,0.012956108897924423,0.9964689612388611,фаянс,0.6072537899017334,0.3927462100982666,0.9321001172065735,0.3298886716365814,0.10789906978607178,0.29282649513334036,0.8176569864153862
data/raw/images/М102-2012-1-0691_orig.jpg,М102-2012-1-0691,миска,0.6371818780899048,0.3628181219100952,0.8702866435050964,0.33557185530662537,венчик,0.8103684782981873,0.18963152170181274,0.5130649209022522,0.6261894702911377,фрагмент,0.9999257326126099,7.426738739013672e-05,0.0007806742214597762,0.999851405620575,фаянс,0.5265817642211914,0.4734182357788086,0.727982223033905,0.059181660413742065,0.2564855366945267,0.5280286154156784,0.50519859790802
data/raw/images/М102-2012-1-0851_orig.jpg,М102-2012-1-0851,тарелка,0.998824417591095,0.0011755824089050293,0.009902996011078358,0.9979280233383179,профиль,0.861328661441803,0.13867133855819702,0.4247939884662628,0.726887583732605,фрагмент,0.9999812841415405,1.8715858459472656e-05,0.0002219083980889991,0.9999626278877258,фаянс,0.9857263565063477,0.014273643493652344,0.08643321692943573,0.9769183397293091,0.03853482007980347,0.13033802745121648,0.9254241436719894
data/raw/images/М102-2012-1-0942_orig.jpg,М102-2012-1-0942,миска,0.95024174451828,0.04975825548171997,0.21681800484657288,0.9055320620536804,профиль,0.8581029176712036,0.1418970823287964,0.4597752094268799,0.7311737537384033,фрагмент,0.9998407363891602,0.00015926361083984375,0.0015514898113906384,0.9996815323829651,керамика,0.9702558517456055,0.02974414825439453,0.13796934485435486,0.9412466287612915,0.05538968741893768,0.20402851223479956,0.8944084942340851
data/raw/images/М102-2012-1-1008_orig.jpg,М102-2012-1-1008,изразец,0.9987738728523254,0.0012261271476745605,0.010365726426243782,0.9979565739631653,профиль,0.35928088426589966,0.6407191157341003,1.2277812957763672,0.03229188919067383,фрагмент,0.9992052912712097,0.0007947087287902832,0.0064669083803892136,0.9984105229377747,керамика,0.9998965263366699,0.00010347366333007812,0.0011257217265665531,0.9998177886009216,0.16071085631847382,0.3114349130773917,0.7571191936731339
data/raw/images/М102-2012-2-0538_orig.jpg,М102-2012-2-0538,тарелка,0.8878171443939209,0.1121828556060791,0.36642545461654663,0.7785325646400452,венчик,0.5048978924751282,0.4951021075248718,1.059680461883545,0.17924731969833374,фрагмент,0.9994322657585144,0.0005677342414855957,0.0048102643340826035,0.9988645911216736,фарфор,0.8372079133987427,0.16279208660125732,0.49203574657440186,0.6845391988754272,0.19266119599342346,0.480737981852144,0.6602959185838699
data/raw/images/М102-2012-2-1068_orig.jpg,М102-2012-2-1068,тарелка,0.54481440782547,0.45518559217453003,0.700046718120575,0.09099912643432617,донце,0.9139567017555237,0.08604329824447632,0.3816527724266052,0.8555313348770142,фрагмент,0.9794334173202515,0.020566582679748535,0.10023606568574905,0.9588668346405029,керамика,0.6241368055343628,0.3758631944656372,0.776563286781311,0.2766058146953583,0.23441466689109802,0.48962471075356007,0.5455007776618004
data/raw/images/М102-2012-2-1123_orig.jpg,М102-2012-2-1123,блюдце,0.6272795796394348,0.3727204203605652,0.6979092359542847,0.2616325318813324,профиль,0.8388128280639648,0.16118717193603516,0.48676562309265137,0.6879090070724487,фрагмент,0.9995623230934143,0.00043767690658569336,0.003822282887995243,0.9991247057914734,фарфор,0.8304471373558044,0.16955286264419556,0.47142302989959717,0.6635996699333191,0.1759745329618454,0.4149800429586321,0.6530664786696434
data/raw/images/М102-2012-2-1166_orig.jpg,М102-2012-2-1166,тарелка,0.7836458683013916,0.2163541316986084,0.545015811920166,0.5711109638214111,профиль,0.5291168093681335,0.47088319063186646,0.7108209729194641,0.06086406111717224,фрагмент,0.9992344379425049,0.0007655620574951172,0.0062578958459198475,0.9984689354896545,фарфор,0.7470760345458984,0.25292396545410156,0.6457542777061462,0.5159667730331421,0.23523171246051788,0.47696223959792405,0.536602683365345
data/raw/images/М102-2012-2-1267_orig.jpg,М102-2012-2-1267,тарелка,0.9566629528999329,0.04333704710006714,0.21192342042922974,0.9261887669563293,профиль,0.4857714772224426,0.5142285227775574,1.069652795791626,0.19747179746627808,фрагмент,0.9981042146682739,0.0018957853317260742,0.013776582665741444,0.9962084889411926,фаянс,0.9309253096580505,0.06907469034194946,0.29838261008262634,0.8854766488075256,0.157134011387825,0.3984338522423059,0.7513364255428314
data/raw/images/М102-2012-2-1319_orig.jpg,М102-2012-2-1319,тарелка,0.9568602442741394,0.043139755725860596,0.1977957785129547,0.919748067855835,венчик,0.7129778861999512,0.28702211380004883,0.7076719999313354,0.46106627583503723,фрагмент,0.99997878074646,2.1219253540039062e-05,0.0002496304514352232,0.9999575614929199,фаянс,0.5382696986198425,0.46173030138015747,0.7446606159210205,0.08760565519332886,0.19797834753990173,0.4125945062041865,0.6170943900942802
data/raw/images/М102-2012-2-1327_orig.jpg,М102-2012-2-1327,изразец,0.8463994264602661,0.1536005735397339,0.46283507347106934,0.6994647979736328,донце,0.8667426109313965,0.13325738906860352,0.5442018508911133,0.793373703956604,фрагмент,0.9993497729301453,0.0006502270698547363,0.005421564448624849,0.9986995458602905,керамика,0.9315957427024841,0.06840425729751587,0.2679063677787781,0.8672904372215271,0.088978111743927,0.3200912141473964,0.8397071212530136
data/raw/images/М102-2012-2-1359_orig.jpg,М102-2012-2-1359,тарелка,0.6666016578674316,0.33339834213256836,0.7780946493148804,0.37297093868255615,венчик,0.9666924476623535,0.033307552337646484,0.16514483094215393,0.9405537843704224,фрагмент,0.9988518953323364,0.0011481046676635742,0.008919933810830116,0.9977037310600281,фаянс,0.7755241990089417,0.22447580099105835,0.5869776606559753,0.5623389482498169,0.1480824500322342,0.38478426868095994,0.7183918505907059
data/raw/images/М102-2012-2-1360_orig.jpg,М102-2012-2-1360,тарелка,0.9840584397315979,0.0159415602684021,0.0952831581234932,0.9753920435905457,профиль,0.9780390858650208,0.021960914134979248,0.1155410036444664,0.9589042663574219,фрагмент,0.9999392032623291,6.079673767089844e-05,0.0006505100172944367,0.999878466129303,фаянс,0.5274771451950073,0.4725228548049927,0.8182477951049805,0.08384793996810913,0.12762153148651123,0.2574306167225586,0.7545056790113449
data/raw/images/М102-2012-2-1361_orig.jpg,М102-2012-2-1361,блюдце,0.638397216796875,0.361602783203125,1.0521901845932007,0.4114300608634949,профиль,0.9795896410942078,0.020410358905792236,0.11321616172790527,0.9632098078727722,фрагмент,0.9905523061752319,0.009447693824768066,0.05344780907034874,0.9811046719551086,фарфор,0.9460529685020447,0.05394703149795532,0.23372870683670044,0.8988257646560669,0.11135196685791016,0.3631457155570388,0.8136425763368607
data/raw/images/Мич11-ш01-005_orig.jpg,Мич11-ш01-005,изразец,0.9773181676864624,0.022681832313537598,0.11140623688697815,0.9551718831062317,донце,0.7780459523200989,0.22195404767990112,0.7367004752159119,0.620447039604187,фрагмент,0.9945321083068848,0.005467891693115234,0.033934179693460464,0.9890642762184143,керамика,0.9801138043403625,0.01988619565963745,0.10497626662254333,0.9619458913803101,0.06749749183654785,0.24675428960472345,0.8816572725772858
data/raw/images/Мич11-ш02-053_orig.jpg,Мич11-ш02-053,изразец,0.999572217464447,0.0004277825355529785,0.004054213874042034,0.9992327690124512,донце,0.6433233022689819,0.35667669773101807,0.9131671190261841,0.35907360911369324,фрагмент,0.9938879609107971,0.006112039089202881,0.03724941238760948,0.9877759218215942,керамика,0.9993429780006409,0.0006570219993591309,0.006065492518246174,0.9988808631896973,0.09096838533878326,0.24013405945152044,0.836240790784359
data/raw/images/Мич11-ш04-155_orig.jpg,Мич11-ш04-155,изразец,0.9634277820587158,0.03657221794128418,0.19551792740821838,0.945816159248352,венчик,0.644944429397583,0.355055570602417,0.9446290731430054,0.3858415186405182,фрагмент,0.9993658661842346,0.0006341338157653809,0.005303321406245232,0.9987317323684692,керамика,0.9998582601547241,0.0001417398452758789,0.0015382363926619291,0.9997681975364685,0.09810091555118561,0.28674713958753273,0.832539401948452
data/raw/images/БП11-Р01-Г01-1247_orig.jpg,БП11-Р01-Г01-1247,тарелка,0.9809058904647827,0.019094109535217285,0.11394970864057541,0.9703959822654724,донце,0.5430654883384705,0.45693451166152954,0.970231294631958,0.18704664707183838,фрагмент,0.9999651908874512,3.4809112548828125e-05,0.0003926132631022483,0.9999303221702576,фаянс,0.7821751832962036,0.2178248167037964,0.5792041420936584,0.5772689580917358,0.173472061753273,0.41594443965732353,0.683660477399826
data/raw/images/БП11-Р01-тех-0468_orig.jpg,БП11-Р01-тех-0468,тарелка,0.782287061214447,0.21771293878555298,0.7335119843482971,0.6452023983001709,профиль,0.4906083643436432,0.5093916654586792,0.8407732248306274,0.013443052768707275,фрагмент,0.9999780654907227,2.193450927734375e-05,0.0002568864729255438,0.9999561905860901,керамика,0.9935922026634216,0.006407797336578369,0.04048409312963486,0.9875761270523071,0.18338358402252197,0.40375654719537124,0.6615444421768188
data/raw/images/БП11-Р01-Г01-1137_orig.jpg,БП11-Р01-Г01-1137,изразец,0.970870316028595,0.02912968397140503,0.15333706140518188,0.9487498998641968,профиль,0.7697804570198059,0.2302195429801941,0.7064154148101807,0.5913578867912292,фрагмент,0.9997408986091614,0.00025910139083862305,0.0023987882304936647,0.9994817972183228,керамика,0.9984265565872192,0.0015734434127807617,0.013412633910775185,0.9975349307060242,0.06529544293880463,0.21889097458915785,0.8842811286449432
data/raw/images/БП11-Р01-Г01-1065_orig.jpg,БП11-Р01-Г01-1065,тарелка,0.9040111899375916,0.09598881006240845,0.4459154009819031,0.8613314628601074,донце,0.7255837321281433,0.2744162678718567,0.7672181129455566,0.495278000831604,фрагмент,0.9992161989212036,0.0007838010787963867,0.006388675421476364,0.9984323978424072,фаянс,0.9730890989303589,0.026910901069641113,0.15390926599502563,0.9617564082145691,0.09952494502067566,0.34335786383599043,0.8291995674371719
data/raw/images/БП11-Р01-Г01-1251_orig.jpg,БП11-Р01-Г01-1251,тарелка,0.8768949508666992,0.12310504913330078,0.37632355093955994,0.7541936635971069,донце,0.6224463582038879,0.37755364179611206,0.6809239387512207,0.24753719568252563,фрагмент,0.9999264478683472,7.355213165283203e-05,0.0007737681735306978,0.9998528957366943,фарфор,0.5996366739273071,0.40036332607269287,0.6806365251541138,0.20019078254699707,0.22527389228343964,0.4346644457546063,0.550443634390831
data/raw/images/БП11-Р01-Г03-3339_orig.jpg,БП11-Р01-Г03-3339,изразец,0.9996745586395264,0.0003254413604736328,0.0032500308007001877,0.9995045065879822,профиль,0.39496496319770813,0.6050350666046143,1.1839640140533447,0.05463767051696777,фрагмент,0.9977381229400635,0.0022618770599365234,0.016037452965974808,0.9954763054847717,керамика,0.9997076392173767,0.000292360782623291,0.002825699979439378,0.999457836151123,0.15197868645191193,0.3015192994498648,0.7622690796852112
data/raw/images/БП11-Р01-Г01-0944_orig.jpg,БП11-Р01-Г01-0944,тарелка,0.9925757646560669,0.0074242353439331055,0.05126112699508667,0.9877528548240662,венчик,0.6988829970359802,0.3011170029640198,0.7766628265380859,0.46432751417160034,фрагмент,0.9997170567512512,0.0002829432487487793,0.00259414897300303,0.9994341731071472,фаянс,0.679669201374054,0.32033079862594604,0.8105283379554749,0.42530205845832825,0.15728874504566193,0.4102616101154126,0.7192041501402855
data/raw/images/БП11-Р01-Г01-1315_orig.jpg,БП11-Р01-Г01-1315,тарелка,0.9886492490768433,0.011350750923156738,0.07555387169122696,0.9826540350914001,донце,0.6692914962768555,0.33070850372314453,0.8496659994125366,0.4411635994911194,фрагмент,0.9999474287033081,5.257129669189453e-05,0.0005709159886464477,0.9998947978019714,керамика,0.6837703585624695,0.3162296414375305,0.6868434548377991,0.3823363482952118,0.16458536684513092,0.4031585604825523,0.7015121951699257
data/raw/images/БП11-Р01-Г01-1397_orig.jpg,БП11-Р01-Г01-1397,тарелка,0.960948646068573,0.039051353931427,0.2150348424911499,0.9456356763839722,профиль,0.9077857732772827,0.09221422672271729,0.3429030179977417,0.8260315656661987,фрагмент,0.9999663829803467,3.361701965332031e-05,0.0003793565556406975,0.9999328255653381,фаянс,0.5663543343544006,0.43364566564559937,0.8499884009361267,0.18407180905342102,0.14123621582984924,0.35207640449516475,0.7389179691672325
data/raw/images/БП11-Р01-тех-0421_orig.jpg,БП11-Р01-тех-0421,тарелка,0.8231930732727051,0.17680692672729492,0.5711069703102112,0.6746026873588562,венчик,0.5290421843528748,0.47095781564712524,0.7930904030799866,0.07789823412895203,фрагмент,0.9999334812164307,6.651878356933594e-05,0.0007062870427034795,0.9998669624328613,керамика,0.970333993434906,0.029666006565093994,0.1617652177810669,0.9520074129104614,0.16937431693077087,0.38166721955349203,0.6760938242077827
data/raw/images/БП11-Р01-Г01-1405_orig.jpg,БП11-Р01-Г01-1405,тарелка,0.99669349193573,0.0033065080642700195,0.02433161437511444,0.993989884853363,донце,0.5028998851776123,0.4971001148223877,0.81900554895401,0.036932677030563354,фрагмент,0.9997634291648865,0.0002365708351135254,0.002211696235463023,0.999526858329773,фарфор,0.5577842593193054,0.4422157406806946,0.6929666996002197,0.1163753867149353,0.23571473360061646,0.3846288897912018,0.5367062017321587
data/raw/images/БП11-Р01-Г01-1192_orig.jpg,БП11-Р01-Г01-1192,изразец,0.9982411861419678,0.0017588138580322266,0.013715713284909725,0.9967013597488403,профиль,0.5227564573287964,0.4772435426712036,1.1088299751281738,0.19059470295906067,фрагмент,0.9978000521659851,0.0021999478340148926,0.01565941609442234,0.995600163936615,керамика,0.9999531507492065,4.684925079345703e-05,0.0005680423346348107,0.9999285936355591,0.12031228840351105,0.2846932867105352,0.7957062050700188
data/raw/images/БП11-Р01-Г01-1197_orig.jpg,БП11-Р01-Г01-1197,крышка,0.3768408000469208,0.6231591701507568,1.3140902519226074,0.05962774157524109,профиль,0.5214101672172546,0.47858983278274536,1.350680947303772,0.35888639092445374,фрагмент,0.9957247972488403,0.004275202751159668,0.02758675441145897,0.9914496541023254,фаянс,0.43524348735809326,0.5647565126419067,1.066894292831421,0.004565119743347168,0.41769517958164215,0.9398130616173148,0.35363222658634186
data/raw/images/БП11-Р01-Г01-1396_orig.jpg,БП11-Р01-Г01-1396,тарелка,0.9964762330055237,0.0035237669944763184,0.02686084248125553,0.9940462708473206,профиль,0.7497137188911438,0.2502862811088562,0.584003210067749,0.5031766891479492,фрагмент,0.9998829364776611,0.00011706352233886719,0.0011771050048992038,0.9997658133506775,фаянс,0.7412384748458862,0.25876152515411377,0.6286886930465698,0.4951169788837433,0.1281721591949463,0.3101824626501184,0.7480264380574226
data/raw/images/БП11-Р01-Г01-1248_orig.jpg,БП11-Р01-Г01-1248,тарелка,0.9871196746826172,0.012880325317382812,0.0833481177687645,0.9793053865432739,донце,0.6000232696533203,0.3999767303466797,0.8129525184631348,0.23385238647460938,фрагмент,0.9998515844345093,0.00014841556549072266,0.0014569084160029888,0.9997031688690186,фаянс,0.8983019590377808,0.10169804096221924,0.4132359027862549,0.8312174081802368,0.12867587804794312,0.3277483618585393,0.7610195875167847
data/raw/images/БП11-Р01-Г03-6484_orig.jpg,БП11-Р01-Г03-6484,тарелка,0.7399652600288391,0.2600347399711609,0.6335559487342834,0.4947647452354431,профиль,0.7093956470489502,0.2906043529510498,0.6330400705337524,0.42368990182876587,фрагмент,0.9999727010726929,2.7298927307128906e-05,0.00031457492150366306,0.999945342540741,фарфор,0.9528744220733643,0.04712557792663574,0.20152056217193604,0.9084280729293823,0.1494479924440384,0.3671077890903689,0.7067070156335831
data/raw/images/БП11-Р01-тех-0394_orig.jpg,БП11-Р01-тех-0394,изразец,0.527194082736969,0.472805917263031,0.9631003737449646,0.1557193398475647,венчик,0.7468729615211487,0.2531270384788513,0.6132323741912842,0.5026591420173645,фрагмент,0.9998921155929565,0.00010788440704345703,0.0010932480217888951,0.9997842311859131,керамика,0.9942952990531921,0.005704700946807861,0.03596031293272972,0.9887349605560303,0.1829363852739334,0.40334657722269185,0.6617244184017181
data/raw/images/Кроп-2013-159_orig.jpg,Кроп-2013-159,блюдце,0.9461033344268799,0.05389666557312012,0.22484540939331055,0.8961725234985352,профиль,0.737329363822937,0.262670636177063,0.584491491317749,0.47579917311668396,фрагмент,0.9965243935585022,0.0034756064414978027,0.023148376494646072,0.9930487871170044,фарфор,0.9942929744720459,0.0057070255279541016,0.03750332444906235,0.9891597628593445,0.08143748342990875,0.217497150413692,0.838545061647892
data/raw/images/Кроп-2013-163_orig.jpg,Кроп-2013-163,крышка,0.9664160013198853,0.033583998680114746,0.17795498669147491,0.9478694796562195,ручка,0.5644978284835815,0.43550217151641846,1.1838815212249756,0.34663909673690796,целый,0.9539380669593811,0.046061933040618896,0.18675243854522705,0.9078760743141174,стекло,0.6498604416847229,0.3501395583152771,0.9758577346801758,0.42420274019241333,0.2163219153881073,0.6311116702854633,0.6566468477249146
data/raw/images/Кроп-2013-204_orig.jpg,Кроп-2013-204,миска,0.990614652633667,0.009385347366333008,0.05743636563420296,0.9822625517845154,венчик,0.639744758605957,0.36025524139404297,0.6772806644439697,0.28313949704170227,фрагмент,0.9998959302902222,0.00010406970977783203,0.0010587184224277735,0.9997918009757996,керамика,0.7316203117370605,0.26837968826293945,0.6600843667984009,0.4810488224029541,0.15953108668327332,0.34896502882475033,0.6865606680512428
data/raw/images/Кроп-2013-243_orig.jpg,Кроп-2013-243,тарелка,0.9967807531356812,0.0032192468643188477,0.024935131892561913,0.9946572184562683,профиль,0.961280882358551,0.038719117641448975,0.17196056246757507,0.9243500232696533,фрагмент,0.9999740123748779,2.5987625122070312e-05,0.0003005975449923426,0.9999480247497559,фаянс,0.9420653581619263,0.05793464183807373,0.23409482836723328,0.8870518207550049,0.024974748492240906,0.10782278006809065,0.9515017718076706
data/raw/images/Кроп-2013-248_orig.jpg,Кроп-2013-248,тарелка,0.541841447353363,0.45815855264663696,0.7872742414474487,0.1067817211151123,донце,0.9254512190818787,0.07454878091812134,0.31796932220458984,0.8665952086448669,фрагмент,0.9986055493354797,0.0013944506645202637,0.010562213137745857,0.9972110986709595,фаянс,0.49211227893829346,0.5078877210617065,0.8141068816184998,0.012250185012817383,0.2604973763227463,0.48247816460207105,0.495709553360939
data/raw/images/Кроп-2013-252_orig.jpg,Кроп-2013-252,блюдце,0.8022417426109314,0.1977582573890686,0.503353476524353,0.6053370833396912,профиль,0.6848812699317932,0.3151187300682068,0.6548994779586792,0.3747042715549469,фрагмент,0.9991239905357361,0.000876009464263916,0.007042532321065664,0.9982480406761169,фарфор,0.9792638421058655,0.02073615789413452,0.1102742850780487,0.961392879486084,0.13362228870391846,0.31889244297053665,0.7349205687642097
data/raw/images/Кроп-2013-285_orig.jpg,Кроп-2013-285,тарелка,0.9692543745040894,0.030745625495910645,0.14141643047332764,0.9393594264984131,донце,0.6064946055412292,0.39350539445877075,0.68012535572052,0.21421965956687927,фрагмент,0.996392548084259,0.003607451915740967,0.023891964927315712,0.9927850961685181,фарфор,0.6765403747558594,0.3234596252441406,0.6373796463012695,0.3541842997074127,0.18782952427864075,0.3707033493556082,0.6251371204853058
data/raw/images/Кроп-2013-317_orig.jpg,Кроп-2013-317,блюдце,0.5218944549560547,0.4781055450439453,0.7283312082290649,0.05017274618148804,профиль,0.9160891175270081,0.08391088247299194,0.3014315664768219,0.8346157670021057,фрагмент,0.9908357858657837,0.009164214134216309,0.05212482810020447,0.9816715121269226,фарфор,0.7554479837417603,0.24455201625823975,0.5792080163955688,0.515179455280304,0.20393316447734833,0.41527390480041504,0.5954098701477051
data/raw/images/Кроп-2013-373_orig.jpg,Кроп-2013-373,тарелка,0.6213512420654297,0.3786487579345703,0.8702172040939331,0.31389880180358887,профиль,0.9907565712928772,0.009243428707122803,0.060502417385578156,0.9840492606163025,фрагмент,0.9998477697372437,0.00015223026275634766,0.0014903645496815443,0.9996955394744873,керамика,0.6172376871109009,0.3827623128890991,0.7825338840484619,0.26610836386680603,0.19270168244838715,0.4286859675194137,0.6409379914402962
data/raw/images/Кроп-2013-391_orig.jpg,Кроп-2013-391,тарелка,0.6248195767402649,0.3751804232597351,0.8444480895996094,0.2940898835659027,профиль,0.9907394647598267,0.00926053524017334,0.05837972089648247,0.9835588335990906,фрагмент,0.9583360552787781,0.041663944721221924,0.17319649457931519,0.9166721701622009,фарфор,0.9866228699684143,0.013377130031585693,0.08305435627698898,0.9775782227516174,0.10987050831317902,0.289769665338099,0.7929747775197029
data/raw/images/Кроп-2013-392_orig.jpg,Кроп-2013-392,крышка,0.9091404676437378,0.09085953235626221,0.37034130096435547,0.8601629734039307,профиль,0.6932822465896606,0.30671775341033936,0.8717288970947266,0.47789114713668823,фрагмент,0.9916111826896667,0.008388817310333252,0.04845929145812988,0.9832223653793335,фарфор,0.4651687741279602,0.5348312258720398,0.9417795538902283,0.0038798153400421143,0.23519933223724365,0.55807726085186,0.5812890753149986
data/raw/images/Кроп-2013-398_orig.jpg,Кроп-2013-398,тарелка,0.9669851660728455,0.03301483392715454,0.16122370958328247,0.9382257461547852,профиль,0.8181038498878479,0.1818961501121521,0.5405876636505127,0.6559471487998962,фрагмент,0.9996910095214844,0.000308990478515625,0.0028068211395293474,0.999381959438324,фаянс,0.9840637445449829,0.01593625545501709,0.09197073429822922,0.9709601402282715,0.05778905749320984,0.19914723216788843,0.8911287486553192
data/raw/images/Кроп-2013-400_orig.jpg,Кроп-2013-400,блюдце,0.5289871692657471,0.47101283073425293,0.6993322968482971,0.05889385938644409,профиль,0.7252682447433472,0.27473175525665283,0.5944056510925293,0.4513407349586487,фрагмент,0.9950998425483704,0.004900157451629639,0.030949581414461136,0.9901996850967407,фарфор,0.9973717927932739,0.0026282072067260742,0.019782759249210358,0.9951844215393066,0.18831823766231537,0.3361175721511245,0.623904675245285
data/raw/images/Кроп-2013-414_orig.jpg,Кроп-2013-414,крышка,0.7536383867263794,0.2463616132736206,0.7909293174743652,0.6161234974861145,венчик,0.6770087480545044,0.3229912519454956,1.0483156442642212,0.5645189881324768,фрагмент,0.9994511008262634,0.0005488991737365723,0.00466966163367033,0.9989022016525269,керамика,0.8236807584762573,0.17631924152374268,0.5069162845611572,0.65641188621521,0.18655525147914886,0.5877077269833535,0.708989143371582
data/raw/images/Кроп-2013-415_orig.jpg,Кроп-2013-415,тарелка,0.9589200615882874,0.041079938411712646,0.2179545760154724,0.9442151784896851,профиль,0.4892768859863281,0.5107231140136719,0.9813337326049805,0.09536173939704895,фрагмент,0.9997630715370178,0.00023692846298217773,0.0022147970739752054,0.9995261430740356,фаянс,0.8818170428276062,0.1181829571723938,0.4500358998775482,0.8229451179504395,0.16755573451519012,0.4128847513929941,0.7155120447278023
data/raw/images/Кроп-2013-422_orig.jpg,Кроп-2013-422,тарелка,0.8223021030426025,0.17769789695739746,0.6599467992782593,0.7377283573150635,донце,0.9815760850906372,0.018423914909362793,0.11599431931972504,0.9733070135116577,фрагмент,0.999483585357666,0.0005164146423339844,0.00442433962598443,0.9989672303199768,фаянс,0.6564095616340637,0.3435904383659363,0.8915157914161682,0.3990386724472046,0.13505716621875763,0.41797031241003424,0.7772603183984756
data/raw/images/Кроп-2013-430_orig.jpg,Кроп-2013-430,тарелка,0.8691441416740417,0.13085585832595825,0.45266976952552795,0.7577409744262695,профиль,0.8062289357185364,0.19377106428146362,0.6069429516792297,0.6563133001327515,фрагмент,0.9999727010726929,2.7298927307128906e-05,0.0003143181966152042,0.9999454021453857,фаянс,0.8113477826118469,0.18865221738815308,0.517711877822876,0.6295652389526367,0.12832660973072052,0.3944097293060622,0.7608912289142609
data/raw/images/Кроп-2013-481_orig.jpg,Кроп-2013-481,блюдце,0.8698227405548096,0.13017725944519043,0.40459227561950684,0.7428328990936279,профиль,0.9901618957519531,0.009838104248046875,0.05790288373827934,0.980839729309082,фрагмент,0.9987510442733765,0.0012489557266235352,0.009597856551408768,0.9975020885467529,фарфор,0.9831264615058899,0.016873538494110107,0.08791463077068329,0.9666866064071655,0.03953446447849274,0.14000191166996956,0.9219653308391571
data/raw/images/Кроп-2013-484_orig.jpg,Кроп-2013-484,тарелка,0.6178193688392639,0.3821806311607361,0.6932288408279419,0.2401336133480072,профиль,0.9914745092391968,0.008525490760803223,0.05015822872519493,0.9831260442733765,фрагмент,0.9992638230323792,0.0007361769676208496,0.006046855356544256,0.9985276460647583,фарфор,0.8001701235771179,0.19982987642288208,0.5029178261756897,0.6006655097007751,0.14781804382801056,0.3130879377713427,0.7056132033467293
data/raw/images/Кроп-2013-Тр2-049_orig.jpg,Кроп-2013-Тр2-049,тарелка,0.933197021484375,0.066802978515625,0.2693618834018707,0.8729137778282166,профиль,0.9915791749954224,0.008420825004577637,0.05449296534061432,0.9855314493179321,фрагмент,0.9999781847000122,2.181529998779297e-05,0.0002553920785430819,0.9999564290046692,фарфор,0.9359292984008789,0.0640707015991211,0.25052911043167114,0.8742471933364868,0.03482908010482788,0.14365983781317482,0.9331622123718262
data/raw/images/Нев11-Г0-005_orig.jpg,Нев11-Г0-005,изразец,0.9697036743164062,0.03029632568359375,0.16922935843467712,0.954246461391449,донце,0.4604644179344177,0.5395355820655823,1.1711022853851318,0.0606817901134491,фрагмент,0.7715290188789368,0.22847098112106323,0.5374221801757812,0.5430580377578735,керамика,0.9775972962379456,0.022402703762054443,0.11770852655172348,0.9577065706253052,0.20517639815807343,0.4988655876368284,0.6289232149720192
data/raw/images/Нев11-Г0-006_orig.jpg,Нев11-Г0-006,изразец,0.9717027544975281,0.028297245502471924,0.15893660485744476,0.9551937580108643,донце,0.8541048765182495,0.1458951234817505,0.5469305515289307,0.7674995064735413,целый,0.6013338565826416,0.3986661434173584,0.6724671125411987,0.2026677131652832,керамика,0.9952228665351868,0.004777133464813232,0.03497602045536041,0.9923045039176941,0.1444089114665985,0.35332757234573364,0.7294163703918457
data/raw/images/Нев11-Г02-012_orig.jpg,Нев11-Г02-012,изразец,0.9610756039619446,0.03892439603805542,0.1929304599761963,0.9379859566688538,донце,0.7351680994033813,0.26483190059661865,0.8343775272369385,0.5773535966873169,фрагмент,0.9947709441184998,0.005229055881500244,0.032686490565538406,0.9895418286323547,керамика,0.9986746311187744,0.001325368881225586,0.011705376207828522,0.9981476664543152,0.07757768034934998,0.2679249634966254,0.8757572621107101
data/raw/images/Нев11-Г02-021_orig.jpg,Нев11-Г02-021,изразец,0.9991852641105652,0.0008147358894348145,0.0072499411180615425,0.9985660314559937,профиль,0.9085090160369873,0.0914909839630127,0.3622010350227356,0.8322120308876038,фрагмент,0.992998480796814,0.007001519203186035,0.041715994477272034,0.9859969615936279,керамика,0.9996371269226074,0.0003628730773925781,0.003564925165846944,0.9994475841522217,0.02491752803325653,0.10368297394597903,0.9540556520223618
data/raw/images/Нев11-Г02-022_orig.jpg,Нев11-Г02-022,изразец,0.9823342561721802,0.017665743827819824,0.10454896092414856,0.9731119871139526,профиль,0.4562336206436157,0.5437663793563843,1.2882304191589355,0.20074769854545593,фрагмент,0.9985237717628479,0.0014762282371520996,0.011097647249698639,0.9970475435256958,керамика,0.999906063079834,9.393692016601562e-05,0.0010717646218836308,0.9998689293861389,0.14075057208538055,0.3512371979886666,0.7926940396428108
data/raw/images/Нев11-Г03-038_orig.jpg,Нев11-Г03-038,изразец,0.99216228723526,0.00783771276473999,0.050717759877443314,0.9860615730285645,донце,0.6806026697158813,0.31939733028411865,0.9491493105888367,0.5025344491004944,фрагмент,0.9996383190155029,0.0003616809844970703,0.0032277272548526525,0.9992766380310059,керамика,0.9993185997009277,0.0006814002990722656,0.006218061316758394,0.9988448619842529,0.082069531083107,0.25232821475947276,0.8716793805360794
data/raw/images/Нев11-Г03-096_orig.jpg,Нев11-Г03-096,изразец,0.9998960494995117,0.00010395050048828125,0.0011520902626216412,0.9998285174369812,профиль,0.399077445268631,0.6009225845336914,1.2907240390777588,0.04031911492347717,фрагмент,0.9974881410598755,0.0025118589401245117,0.017546629533171654,0.994976282119751,керамика,0.9999476671218872,5.233287811279297e-05,0.0006286351708695292,0.9999226927757263,0.15089768171310425,0.3275128485111054,0.7587616518139839
data/raw/images/Нев11-Г04-182_orig.jpg,Нев11-Г04-182,изразец,0.8263676166534424,0.17363238334655762,0.6043204069137573,0.7102662920951843,венчик,0.8075002431869507,0.19249975681304932,0.5354467630386353,0.6254578828811646,фрагмент,0.9961142539978027,0.0038857460021972656,0.02544562891125679,0.9922285676002502,керамика,0.999559223651886,0.00044077634811401367,0.004083546344190836,0.9991814494132996,0.09261466562747955,0.29232408630196005,0.8317835479974747
data/raw/images/Нев11-Г04-187_orig.jpg,Нев11-Г04-187,тарелка,0.8358911275863647,0.16410887241363525,0.5909932851791382,0.7225464582443237,профиль,0.9515758156776428,0.04842418432235718,0.2355319857597351,0.9264723062515259,фрагмент,0.9978748559951782,0.0021251440048217773,0.01520090363919735,0.9957497119903564,керамика,0.9804474115371704,0.01955258846282959,0.09942218661308289,0.9614881277084351,0.05855269730091095,0.23528709029778838,0.9015641510486603
data/raw/images/Нев11-Г04-197_orig.jpg,Нев11-Г04-197,миска,0.5353719592094421,0.46462804079055786,1.0696460008621216,0.20516559481620789,венчик,0.7090336680412292,0.29096633195877075,0.8874911069869995,0.5172412395477295,фрагмент,0.9998186230659485,0.00018137693405151367,0.0017443479737266898,0.9996371865272522,керамика,0.991818904876709,0.008181095123291016,0.05139310657978058,0.9846161603927612,0.19098921120166779,0.5025686406006571,0.6766650453209877
data/raw/images/Нев11-Г05-055_orig.jpg,Нев11-Г05-055,изразец,0.8086705207824707,0.1913294792175293,0.6911490559577942,0.7172413468360901,профиль,0.9855437278747559,0.01445627212524414,0.09366938471794128,0.9783310294151306,фрагмент,0.9999715089797974,2.849102020263672e-05,0.00032626523170620203,0.9999430775642395,керамика,0.9917239546775818,0.008276045322418213,0.04874273017048836,0.9835853576660156,0.05352257192134857,0.2084718590194825,0.919775202870369
data/raw/images/БП12-Г01-0726_orig.jpg,БП12-Г01-0726,тарелка,0.9669244289398193,0.033075571060180664,0.1814093291759491,0.9481668472290039,профиль,0.5624004006385803,0.4375995993614197,0.9495272040367126,0.19251501560211182,фрагмент,0.9997332692146301,0.00026673078536987305,0.0024615919683128595,0.9994665384292603,фаянс,0.9596062302589417,0.04039376974105835,0.19754889607429504,0.9309431314468384,0.12783391773700714,0.3327367553138174,0.7677728831768036
data/raw/images/БП12-Г01-0783_orig.jpg,БП12-Г01-0783,тарелка,0.7151575684547424,0.28484243154525757,0.7071037292480469,0.46345943212509155,донце,0.8359305262565613,0.16406947374343872,0.5431049466133118,0.7017824649810791,фрагмент,0.9999281167984009,7.18832015991211e-05,0.0007575866184197366,0.9998562335968018,фаянс,0.4994015097618103,0.5005984902381897,0.8199889659881592,0.030477821826934814,0.23739556968212128,0.5177388071169844,0.5488939881324768
data/raw/images/БП12-Г01-0956_orig.jpg,БП12-Г01-0956,тарелка,0.557627260684967,0.44237273931503296,0.9434365034103394,0.21046224236488342,профиль,0.9385980367660522,0.061401963233947754,0.27372586727142334,0.8944631814956665,фрагмент,0.9999297857284546,7.021427154541016e-05,0.0007414643187075853,0.999859631061554,керамика,0.7072792649269104,0.2927207350730896,0.6774937510490417,0.431757390499115,0.19914141297340393,0.473849396512378,0.6341356113553047
data/raw/images/БП12-Г01-1007_orig.jpg,БП12-Г01-1007,изразец,0.9978982210159302,0.0021017789840698242,0.01611955650150776,0.9960841536521912,профиль,0.6398802995681763,0.36011970043182373,1.0133702754974365,0.40994828939437866,фрагмент,0.9897035956382751,0.010296404361724854,0.0573590062558651,0.9794072508811951,керамика,0.9985470175743103,0.0014529824256896973,0.011434853076934814,0.9972026944160461,0.09349271655082703,0.27457092283293605,0.8456605970859528
data/raw/images/БП12-Г01-1008_orig.jpg,БП12-Г01-1008,изразец,0.995707631111145,0.0042923688888549805,0.03065353073179722,0.9923509359359741,донце,0.4596986174583435,0.5403013825416565,1.2234978675842285,0.15444570779800415,фрагмент,0.9985018968582153,0.001498103141784668,0.011240096762776375,0.9970037937164307,керамика,0.9990612864494324,0.000938713550567627,0.0082144970074296,0.9983615279197693,0.13675764203071594,0.3184014980215579,0.7855404913425446
data/raw/images/БП12-Г01-1016_orig.jpg,БП12-Г01-1016,тарелка,0.9643067121505737,0.03569328784942627,0.15599395334720612,0.9288939237594604,профиль,0.49923163652420044,0.5007683634757996,0.7330455780029297,0.00494423508644104,фрагмент,0.9997478127479553,0.00025218725204467773,0.002341979881748557,0.9994955658912659,фаянс,0.8081210255622864,0.19187897443771362,0.5077458024024963,0.6199468970298767,0.18214820325374603,0.3497818284085952,0.638320155441761
data/raw/images/БП12-Г01-1974_orig.jpg,БП12-Г01-1974,тарелка,0.7085913419723511,0.2914086580276489,0.7245239615440369,0.4509330689907074,донце,0.923545777797699,0.07645422220230103,0.3226565718650818,0.8612225651741028,фрагмент,0.9978112578392029,0.002188742160797119,0.015591125935316086,0.9956225156784058,фаянс,0.9760599732398987,0.02394002676010132,0.13478249311447144,0.9607611894607544,0.0984979122877121,0.29938853811472654,0.8171348348259926
data/raw/images/БП12-Г01-2474_orig.jpg,БП12-Г01-2474,крышка,0.9967669248580933,0.0032330751419067383,0.023780984804034233,0.9940598607063293,ручка,0.6489158272743225,0.3510841727256775,0.8246511220932007,0.33945775032043457,целый,0.9763156771659851,0.023684322834014893,0.11205048859119415,0.952631413936615,фарфор,0.945708155632019,0.05429184436798096,0.25745970010757446,0.9075169563293457,0.10807335376739502,0.3044855738990009,0.7984164953231812
data/raw/images/БП12-Г01-2475_orig.jpg,БП12-Г01-2475,тарелка,0.893531322479248,0.10646867752075195,0.4462304711341858,0.8297852277755737,венчик,0.8978246450424194,0.10217535495758057,0.408001571893692,0.8383376002311707,фрагмент,0.9999116659164429,8.83340835571289e-05,0.0009124350035563111,0.9998233914375305,фаянс,0.9754723906517029,0.02452760934829712,0.13371425867080688,0.9595599174499512,0.05831499397754669,0.24721468417556025,0.9068765342235565
data/raw/images/БП12-Г01-3220_orig.jpg,БП12-Г01-3220,изразец,0.9983161687850952,0.0016838312149047852,0.01347627304494381,0.9969771504402161,профиль,0.801125705242157,0.19887429475784302,0.675766110420227,0.6775248050689697,фрагмент,0.9982733726501465,0.0017266273498535156,0.012709157541394234,0.996546745300293,керамика,0.9999370574951172,6.29425048828125e-05,0.0007048255647532642,0.9998823404312134,0.05058692395687103,0.1756640916428296,0.917732760310173
data/raw/images/БП12-Г01-3239_orig.jpg,БП12-Г01-3239,изразец,0.5753043293952942,0.4246956706047058,1.064731240272522,0.33414506912231445,венчик,0.6218779683113098,0.3781220316886902,0.7447326183319092,0.2603819668292999,фрагмент,0.9956437349319458,0.004356265068054199,0.028028171509504318,0.9912874102592468,керамика,0.9974114298820496,0.0025885701179504395,0.019932400435209274,0.9955014586448669,0.20244063436985016,0.4643561076372862,0.645328976213932
data/raw/images/БП12-Г01-3414_orig.jpg,БП12-Г01-3414,тарелка,0.9179040193557739,0.08209598064422607,0.296347975730896,0.8384599089622498,профиль,0.8662063479423523,0.1337936520576477,0.4101818799972534,0.7353946566581726,фрагмент,0.9999525547027588,4.744529724121094e-05,0.0005202469765208662,0.9999050498008728,фаянс,0.9410080909729004,0.05899190902709961,0.24199174344539642,0.8866112232208252,0.06873224675655365,0.23726046153751668,0.8650927096605301
data/raw/images/БП12-Г01-3416_orig.jpg,БП12-Г01-3416,блюдце,0.5345293283462524,0.46547067165374756,0.7312692999839783,0.07522499561309814,профиль,0.7616212964057922,0.23837870359420776,0.5558727979660034,0.5240927934646606,фрагмент,0.9994229078292847,0.000577092170715332,0.004880513995885849,0.9988458156585693,фарфор,0.7782831788063049,0.22171682119369507,0.5703110098838806,0.5645424127578735,0.23153582215309143,0.46558340545743704,0.5406765043735504
data/raw/images/БП12-Г01-4902_orig.jpg,БП12-Г01-4902,тарелка,0.5355998873710632,0.46440011262893677,0.7081329822540283,0.07361525297164917,профиль,0.9829584956169128,0.017041504383087158,0.08856149017810822,0.9663057923316956,фрагмент,0.9978539347648621,0.0021460652351379395,0.01532961055636406,0.9957078099250793,фарфор,0.9739775061607361,0.026022493839263916,0.12311166524887085,0.9483625888824463,0.12740254402160645,0.23378393705934286,0.7459978610277176
data/raw/images/БП12-Г01-5843_orig.jpg,БП12-Г01-5843,крышка,0.9987239241600037,0.0012760758399963379,0.011539751663804054,0.9982760548591614,профиль,0.9255993366241455,0.07440066337585449,0.3298020362854004,0.8738056421279907,фрагмент,0.9932382106781006,0.006761789321899414,0.04052390530705452,0.9864764213562012,фаянс,0.7054405212402344,0.2945594787597656,0.8141179084777832,0.4710669219493866,0.09424950182437897,0.29899590043351054,0.832406260073185
data/raw/images/БП12-Г01-6186_orig.jpg,БП12-Г01-6186,тарелка,0.9605135917663574,0.03948640823364258,0.19309955835342407,0.9343430399894714,донце,0.8450495004653931,0.15495049953460693,0.5894158482551575,0.7562766075134277,фрагмент,0.9999836683273315,1.633167266845703e-05,0.0001959596702363342,0.9999673962593079,фаянс,0.7244526743888855,0.2755473256111145,0.8903239965438843,0.6074745655059814,0.11750014126300812,0.41825884070567554,0.8245154023170471
data/raw/images/БП12-Г01-6214_orig.jpg,БП12-Г01-6214,крышка,0.9613460898399353,0.0386539101600647,0.18698620796203613,0.9286913871765137,ручка,0.8507359027862549,0.14926409721374512,0.6037271022796631,0.793624758720398,фрагмент,0.9871943593025208,0.012805640697479248,0.06852877140045166,0.9743886590003967,керамика,0.8077711462974548,0.19222885370254517,0.6486437320709229,0.6663196682929993,0.09823812544345856,0.37697145342826843,0.8407561182975769
data/raw/images/БП12-Г01-6521_orig.jpg,БП12-Г01-6521,тарелка,0.556647002696991,0.44335299730300903,0.6973680853843689,0.114798903465271,профиль,0.640838086605072,0.359161913394928,0.7250628471374512,0.29511693120002747,фрагмент,0.9999830722808838,1.6927719116210938e-05,0.0002033079945249483,0.9999660849571228,фарфор,0.7751075029373169,0.2248924970626831,0.5677489042282104,0.5567898154258728,0.2568560838699341,0.49759578618613887,0.4916679337620735
data/raw/images/БП12-Г01-6522_orig.jpg,БП12-Г01-6522,блюдце,0.6017548441886902,0.3982451558113098,0.8897292613983154,0.28624001145362854,профиль,0.8727880716323853,0.12721192836761475,0.4463613033294678,0.7688801884651184,фрагмент,0.921549379825592,0.07845062017440796,0.2749687433242798,0.8430988192558289,фарфор,0.7168093323707581,0.28319066762924194,0.68846595287323,0.45821431279182434,0.22177459299564362,0.5748813152313232,0.5891083329916
data/raw/images/БП12-Г01-6523_orig.jpg,БП12-Г01-6523,блюдце,0.5393096208572388,0.46069037914276123,0.8535517454147339,0.1267307996749878,профиль,0.84967041015625,0.15032958984375,0.5665203332901001,0.7572262287139893,целый,0.828526496887207,0.17147350311279297,0.4582148790359497,0.6570529937744141,фарфор,0.6334212422370911,0.36657875776290894,0.7018918991088867,0.2751239538192749,0.2872680574655533,0.6450447142124176,0.4540334939956665
data/raw/images/БП12-Г01-6524_orig.jpg,БП12-Г01-6524,тарелка,0.6068238615989685,0.3931761384010315,0.7589969038963318,0.23162683844566345,профиль,0.9625430703163147,0.0374569296836853,0.16827648878097534,0.9270917177200317,фрагмент,0.9983875751495361,0.0016124248504638672,0.011979320086538792,0.9967750906944275,фарфор,0.587874174118042,0.412125825881958,0.7102680802345276,0.18101024627685547,0.21109282970428467,0.4123801982495934,0.5841259732842445
data/raw/images/БП12-Г01-6538_orig.jpg,БП12-Г01-6538,крышка,0.865016758441925,0.13498324155807495,0.5392905473709106,0.7802350521087646,ручка,0.6221349835395813,0.3778650164604187,0.8420295715332031,0.2869220972061157,целый,0.596375048160553,0.403624951839447,0.6744540929794312,0.19275015592575073,фаянс,0.5157075524330139,0.4842924475669861,1.2185883522033691,0.22845318913459778,0.3501914143562317,0.8185906410217285,0.3720901235938072
data/raw/images/БП12-Г01-6940_orig.jpg,БП12-Г01-6940,крышка,0.9046406745910645,0.09535932540893555,0.42104464769363403,0.8608971834182739,профиль,0.5072112083435059,0.49278879165649414,1.154740810394287,0.23171216249465942,фрагмент,0.998371422290802,0.001628577709197998,0.012082692235708237,0.996742844581604,керамика,0.48175251483917236,0.5182474851608276,1.0021839141845703,0.04746955633163452,0.27700604498386383,0.6475130161270499,0.534205436706543
data/raw/images/БП12-Г01-7058_orig.jpg,БП12-Г01-7058,изразец,0.9852193593978882,0.014780640602111816,0.08541619777679443,0.9728224873542786,донце,0.6161504983901978,0.38384950160980225,0.8975716233253479,0.29357391595840454,фрагмент,0.9922171831130981,0.0077828168869018555,0.045544423162937164,0.9844344258308411,керамика,0.9993484616279602,0.0006515383720397949,0.005994369275867939,0.998880922794342,0.10176612436771393,0.25863165338523686,0.8124279379844666
data/raw/images/БП12-Г01-7079_orig.jpg,БП12-Г01-7079,изразец,0.5780924558639526,0.42190754413604736,1.1982276439666748,0.38755476474761963,профиль,0.9569059610366821,0.04309403896331787,0.2333747148513794,0.9375712275505066,фрагмент,0.9988086223602295,0.0011913776397705078,0.009211738593876362,0.997617244720459,керамика,0.5886391401290894,0.41136085987091064,0.7174319624900818,0.1837950050830841,0.2193884551525116,0.5395615149755031,0.6266345605254173
data/raw/images/БП12-Г01-7211_orig.jpg,БП12-Г01-7211,изразец,0.9756813645362854,0.0243186354637146,0.1232057437300682,0.9536946415901184,профиль,0.4769148528575897,0.5230851173400879,1.0723713636398315,0.08528125286102295,фрагмент,0.9886944890022278,0.011305510997772217,0.061917975544929504,0.9773889780044556,керамика,0.9996815919876099,0.0003184080123901367,0.003264490980654955,0.9995214343070984,0.1397569179534912,0.31518989347387105,0.7539715766906738
data/raw/images/БП12-Г01-7212_orig.jpg,БП12-Г01-7212,изразец,0.9397611618041992,0.06023883819580078,0.2665081024169922,0.8906192183494568,профиль,0.647158682346344,0.352841317653656,0.9508814811706543,0.471950888633728,фрагмент,0.9997206330299377,0.00027936697006225586,0.002564965980127454,0.9994413256645203,керамика,0.9710440635681152,0.028955936431884766,0.14070774614810944,0.9441485404968262,0.11057886481285095,0.34016557392897084,0.8265399932861328
data/raw/images/БП12-Г01-7213_orig.jpg,БП12-Г01-7213,изразец,0.9754548072814941,0.02454519271850586,0.13112430274486542,0.9575934410095215,профиль,0.6792577505111694,0.32074224948883057,0.8958902359008789,0.4951605796813965,фрагмент,0.999821126461029,0.00017887353897094727,0.001722116256132722,0.9996422529220581,керамика,0.9992613196372986,0.000738680362701416,0.006501106545329094,0.9986495971679688,0.0865512490272522,0.25880944036180153,0.8627614676952362
data/raw/images/БП12-Г01-7262_orig.jpg,БП12-Г01-7262,крышка,0.9952098727226257,0.004790127277374268,0.035816121846437454,0.9934162497520447,ручка,0.5944811701774597,0.4055188298225403,1.0693278312683105,0.3572165369987488,целый,0.9375371336936951,0.06246286630630493,0.23369111120700836,0.8750742673873901,фаянс,0.535902738571167,0.464097261428833,0.9049685001373291,0.12612807750701904,0.23421727120876312,0.5609508911147714,0.5879587829113007
data/raw/images/БП12-Г01-7263_orig.jpg,БП12-Г01-7263,крышка,0.9853253960609436,0.014674603939056396,0.09813755750656128,0.9806209206581116,профиль,0.9763031005859375,0.0236968994140625,0.13390934467315674,0.96394944190979,фрагмент,0.8719032406806946,0.12809675931930542,0.3827527165412903,0.7438064217567444,фаянс,0.9676069021224976,0.03239309787750244,0.17995834350585938,0.9540630578994751,0.04971534013748169,0.19868949055671692,0.9106099605560303
data/raw/images/БП12-Г01-7754_orig.jpg,БП12-Г01-7754,тарелка,0.8833515048027039,0.11664849519729614,0.3639177978038788,0.767202615737915,донце,0.9812414050102234,0.01875859498977661,0.09839014708995819,0.9634795188903809,фрагмент,0.9971101880073547,0.0028898119926452637,0.019781162962317467,0.9942203760147095,фарфор,0.8401170372962952,0.15988296270370483,0.45710688829421997,0.6832917332649231,0.07454496622085571,0.2347989990375936,0.8520485609769821
data/raw/images/БП12-Г01-7977_orig.jpg,БП12-Г01-7977,тарелка,0.9927074313163757,0.007292568683624268,0.0443868450820446,0.9856377243995667,донце,0.8132278323173523,0.1867721676826477,0.5007227063179016,0.6298174858093262,фрагмент,0.9999622106552124,3.7789344787597656e-05,0.00042279937770217657,0.9999244213104248,фаянс,0.9868502616882324,0.013149738311767578,0.07850874960422516,0.9776690006256104,0.05181306600570679,0.1560102750954684,0.898262158036232
data/raw/images/БП12-Г01-8837_orig.jpg,БП12-Г01-8837,изразец,0.998234748840332,0.0017652511596679688,0.014067143201828003,0.9967650175094604,профиль,0.85044926404953,0.14955073595046997,0.5607487559318542,0.7441047430038452,фрагмент,0.9918339252471924,0.008166074752807617,0.047393083572387695,0.9836679100990295,керамика,0.9998533725738525,0.00014662742614746094,0.0015970924869179726,0.9997753500938416,0.039907172322273254,0.15595151879824698,0.9310782551765442
data/raw/images/БП12-Г01-8844_orig.jpg,БП12-Г01-8844,изразец,0.999190628528595,0.0008093714714050293,0.007403004448860884,0.9987519979476929,профиль,0.4189329147338867,0.5810670852661133,1.3979699611663818,0.19258348643779755,фрагмент,0.9940264225006104,0.0059735774993896484,0.03654273599386215,0.9880528450012207,керамика,0.999222993850708,0.0007770061492919922,0.007007267326116562,0.9986671805381775,0.14715676009655,0.36223074223380536,0.7945138774812222
data/raw/images/БП12-Г02-2581_orig.jpg,БП12-Г02-2581,тарелка,0.7924985289573669,0.20750147104263306,0.6607120633125305,0.6623737812042236,венчик,0.9934007525444031,0.006599247455596924,0.04433288052678108,0.9880501627922058,фрагмент,0.9997612833976746,0.00023871660232543945,0.0022293701767921448,0.9995226263999939,керамика,0.9990993738174438,0.0009006261825561523,0.007424038369208574,0.9982414245605469,0.05381001532077789,0.17867458809632808,0.9120469987392426
data/raw/images/БП12-Г02-2723_orig.jpg,БП12-Г02-2723,изразец,0.9686293601989746,0.03137063980102539,0.1651778519153595,0.9480506181716919,профиль,0.6847975254058838,0.3152024745941162,0.8103710412979126,0.4158014953136444,фрагмент,0.9998257756233215,0.0001742243766784668,0.001682736910879612,0.9996514916419983,керамика,0.9985527396202087,0.0014472603797912598,0.011255254037678242,0.9971755743026733,0.08704864978790283,0.2471217210404575,0.840169794857502
data/raw/images/БП12-Г02-2791_orig.jpg,БП12-Г02-2791,изразец,0.9996739625930786,0.0003260374069213867,0.00324993790127337,0.9994714260101318,профиль,0.7629814743995667,0.23701852560043335,0.7764471769332886,0.6093623042106628,фрагмент,0.9934589266777039,0.006541073322296143,0.03941912576556206,0.9869177937507629,керамика,0.9999544620513916,4.553794860839844e-05,0.0005536136450245976,0.9999336004257202,0.06098279356956482,0.20491746356128715,0.8989212810993195
data/raw/images/БП12-Г02-3659_orig.jpg,БП12-Г02-3659,тарелка,0.8435133099555969,0.15648669004440308,0.46635618805885315,0.6935179829597473,донце,0.47547033429145813,0.5245296955108643,1.1547234058380127,0.20375663042068481,фрагмент,0.9996073842048645,0.00039261579513549805,0.0034721011761575937,0.9992147088050842,фаянс,0.5802056789398193,0.41979432106018066,0.8124328851699829,0.19256943464279175,0.2753008306026459,0.6092461450607516,0.522264689207077
data/raw/images/БП12-Г02-3865_orig.jpg,БП12-Г02-3865,изразец,0.9876496195793152,0.012350380420684814,0.07385324686765671,0.9782943725585938,профиль,0.894249439239502,0.10575056076049805,0.45366573333740234,0.8379473090171814,фрагмент,0.9991719722747803,0.0008280277252197266,0.0067040272988379,0.9983438849449158,керамика,0.9997122883796692,0.00028771162033081055,0.0028341528959572315,0.9994899034500122,0.02980417013168335,0.13426429009996355,0.9535188674926758
data/raw/images/БП12-Г02-3927_orig.jpg,БП12-Г02-3927,изразец,0.9614294767379761,0.038570523262023926,0.2015027552843094,0.94124436378479,профиль,0.5430411696434021,0.4569588303565979,1.1368845701217651,0.24888083338737488,фрагмент,0.9993184804916382,0.0006815195083618164,0.005650664214044809,0.9986369013786316,керамика,0.996060311794281,0.003939688205718994,0.028098221868276596,0.9927278161048889,0.12503764033317566,0.343034052872099,0.7953724786639214
data/raw/images/БП12-Г02-4183_orig.jpg,БП12-Г02-4183,тарелка,0.9425456523895264,0.05745434761047363,0.26683443784713745,0.9030580520629883,профиль,0.709548830986023,0.29045116901397705,0.7509849071502686,0.46437323093414307,фрагмент,0.9999722242355347,2.777576446533203e-05,0.0003195381141267717,0.9999443888664246,керамика,0.8443702459335327,0.15562975406646729,0.486630916595459,0.701270580291748,0.12589076161384583,0.37619244992674794,0.767161563038826
data/raw/images/БП12-Г02-4189_orig.jpg,БП12-Г02-4189,тарелка,0.916077196598053,0.08392280340194702,0.29759007692337036,0.8337181210517883,профиль,0.9453791379928589,0.05462086200714111,0.2287454605102539,0.8951382040977478,фрагмент,0.9999914169311523,8.58306884765625e-06,0.00010889455006690696,0.9999828338623047,фарфор,0.6397610306739807,0.3602389693260193,0.6823736429214478,0.2844450771808624,0.12469780445098877,0.30220451872628473,0.7533210590481758
data/raw/images/БП12-Г02-4190_orig.jpg,БП12-Г02-4190,тарелка,0.9900946021080017,0.009905397891998291,0.057399190962314606,0.9805516600608826,профиль,0.6777201294898987,0.3222798705101013,0.6474782228469849,0.35826218128204346,фрагмент,0.9998494386672974,0.00015056133270263672,0.0014755643205717206,0.9996988773345947,фаянс,0.9109554290771484,0.08904457092285156,0.33904922008514404,0.8339917659759521,0.10534510016441345,0.2613505495537538,0.7931261211633682
data/raw/images/БП12-Г02-4243_orig.jpg,БП12-Г02-4243,изразец,0.9988935589790344,0.0011064410209655762,0.009659500792622566,0.9982231855392456,венчик,0.5006299614906311,0.4993700385093689,1.1782101392745972,0.17417746782302856,фрагмент,0.9863759875297546,0.013624012470245361,0.07205834239721298,0.972752034664154,керамика,0.9978164434432983,0.00218355655670166,0.01789783500134945,0.9968402981758118,0.12907101213932037,0.31945645436644554,0.78549824655056
data/raw/images/БП12-Г02-4270_orig.jpg,БП12-Г02-4270,тарелка,0.9279059767723083,0.07209402322769165,0.29436129331588745,0.8672073483467102,профиль,0.7036223411560059,0.29637765884399414,0.7989906072616577,0.4654993414878845,фрагмент,0.999991774559021,8.225440979003906e-06,0.00010396826837677509,0.9999836087226868,керамика,0.9967610239982605,0.003238976001739502,0.023258492350578308,0.9939059615135193,0.09292972087860107,0.27917859029912506,0.8316490650177002
data/raw/images/БП12-Г02-4708_orig.jpg,БП12-Г02-4708,крышка,0.9976258873939514,0.002374112606048584,0.01938009262084961,0.9965442419052124,ручка,0.8596624732017517,0.1403375267982483,0.5188249349594116,0.7545581459999084,фрагмент,0.7713961601257324,0.22860383987426758,0.5375837683677673,0.5427923798561096,фаянс,0.7124276757240295,0.28757232427597046,0.868206799030304,0.5137966275215149,0.16472195088863373,0.48599889874458313,0.7019228488206863
data/raw/images/БП12-Г02-5243_orig.jpg,БП12-Г02-5243,тарелка,0.8020802140235901,0.1979197859764099,0.6020560264587402,0.6377724409103394,профиль,0.961736261844635,0.03826373815536499,0.1861250102519989,0.9316709637641907,фрагмент,0.9999063014984131,9.369850158691406e-05,0.0009626926621422172,0.9998126029968262,фаянс,0.959218442440033,0.04078155755996704,0.1959138661623001,0.929110050201416,0.06926469504833221,0.24626439888379537,0.874591514468193
data/raw/images/БП12-Г02-5372_orig.jpg,БП12-Г02-5372,тарелка,0.914183497428894,0.08581650257110596,0.3639499545097351,0.8535845875740051,донце,0.9584137201309204,0.04158627986907959,0.20990894734859467,0.928613007068634,фрагмент,0.9999672174453735,3.2782554626464844e-05,0.0003715318744070828,0.9999344348907471,фаянс,0.6954686641693115,0.3045313358306885,0.8264237642288208,0.4936846196651459,0.10799172520637512,0.3501635494903894,0.818954162299633
data/raw/images/БП12-Г02-8020_orig.jpg,БП12-Г02-8020,изразец,0.9962630867958069,0.0037369132041931152,0.02814779430627823,0.9938479065895081,профиль,0.9394314289093018,0.06056857109069824,0.3039165139198303,0.9119429588317871,фрагмент,0.9951565861701965,0.004843413829803467,0.030647769570350647,0.9903131723403931,керамика,0.9999046325683594,9.5367431640625e-05,0.0010320058790966868,0.9998235106468201,0.017311066389083862,0.09093602091888897,0.9739818871021271
data/raw/images/БП12-Т01-8071_orig.jpg,БП12-Т01-8071,блюдце,0.8850260376930237,0.11497396230697632,0.3684947192668915,0.7720719575881958,профиль,0.8611319065093994,0.13886809349060059,0.44906526803970337,0.7329224348068237,фрагмент,0.9984210729598999,0.0015789270401000977,0.011763349175453186,0.9968421459197998,фарфор,0.9942124485969543,0.005787551403045654,0.03819367289543152,0.9890830516815186,0.06530213356018066,0.2168792523443699,0.8727298974990845
data/raw/images/БП12-Т01-8073_orig.jpg,БП12-Т01-8073,тарелка,0.885260283946991,0.11473971605300903,0.429747998714447,0.7925410866737366,донце,0.8166069388389587,0.18339306116104126,0.5300642848014832,0.6446255445480347,фрагмент,0.9996082186698914,0.0003917813301086426,0.0034654182381927967,0.9992163777351379,фаянс,0.8135354518890381,0.18646454811096191,0.5695551037788391,0.6506450176239014,0.12124727666378021,0.3832082013832405,0.7717570066452026
data/raw/images/БП12-Т01-8074_orig.jpg,БП12-Т01-8074,тарелка,0.9208185076713562,0.0791814923286438,0.2878063917160034,0.8439768552780151,донце,0.5578584671020508,0.4421415328979492,0.8010593056678772,0.1439642310142517,фрагмент,0.9999561309814453,4.38690185546875e-05,0.0004843596834689379,0.9999122023582458,фаянс,0.6709654927253723,0.3290345072746277,0.6419965028762817,0.343047559261322,0.21260035037994385,0.4328366399859078,0.5827252119779587
data/raw/images/БП12-Т02-7986_orig.jpg,БП12-Т02-7986,крышка,0.9879655241966248,0.012034475803375244,0.07895582169294357,0.9809044599533081,профиль,0.895507276058197,0.10449272394180298,0.4668455123901367,0.851902186870575,целый,0.8859774470329285,0.11402255296707153,0.3548436760902405,0.7719548940658569,фарфор,0.7925007939338684,0.2074992060661316,0.672701895236969,0.6386131644248962,0.10951223969459534,0.39333672635257244,0.8108436763286591
data/raw/images/Заг11-ш01-Г01-055_orig.jpg,Заг11-ш01-Г01-055,изразец,0.8785920739173889,0.12140792608261108,0.4551495909690857,0.8067570328712463,профиль,0.8871480226516724,0.11285197734832764,0.4248294532299042,0.7975848913192749,фрагмент,0.999750554561615,0.00024944543838500977,0.002318631624802947,0.9995011687278748,керамика,0.9984776377677917,0.001522362232208252,0.011612007394433022,0.9969937205314636,0.059007927775382996,0.22347742080455646,0.9002092033624649
data/raw/images/Заг11-ш01-Г02-067_orig.jpg,Заг11-ш01-Г02-067,изразец,0.9997263550758362,0.00027364492416381836,0.0028026995714753866,0.9995849132537842,профиль,0.7916145324707031,0.20838546752929688,0.7650891542434692,0.6955324411392212,фрагмент,0.995983362197876,0.0040166378021240234,0.026169607415795326,0.991966724395752,керамика,0.9999058246612549,9.417533874511719e-05,0.001044727861881256,0.9998351335525513,0.05319248139858246,0.1987765472731553,0.9217298030853271
data/raw/images/Заг11-ш01-Г03-145_orig.jpg,Заг11-ш01-Г03-145,изразец,0.9993116855621338,0.0006883144378662109,0.006539107300341129,0.9990426301956177,профиль,0.7250235676765442,0.2749764323234558,0.933732271194458,0.5908060073852539,фрагмент,0.9702144265174866,0.029785573482513428,0.13399603962898254,0.9404288530349731,керамика,0.9997208714485168,0.0002791285514831543,0.00279910652898252,0.9995191097259521,0.07643236219882965,0.26926663116319105,0.8824491500854492
data/raw/images/Заг11-ш02-Г02-242_orig.jpg,Заг11-ш02-Г02-242,изразец,0.9788826107978821,0.02111738920211792,0.10453399270772934,0.9581298828125,профиль,0.697443425655365,0.302556574344635,0.74375319480896,0.42566215991973877,фрагмент,0.9990532994270325,0.0009467005729675293,0.007537787314504385,0.9981065988540649,керамика,0.999967098236084,3.2901763916015625e-05,0.0004071085131727159,0.9999485611915588,0.08116339147090912,0.2140580208360916,0.8454618006944656
data/raw/images/КБ-2014-Р1-0131_orig.jpg,КБ-2014-Р1-0131,тарелка,0.8124940395355225,0.18750596046447754,0.6453362703323364,0.6970993876457214,донце,0.7505525946617126,0.24944740533828735,0.618026077747345,0.5112514495849609,фрагмент,0.9921213388442993,0.007878661155700684,0.04600861668586731,0.9842426776885986,фарфор,0.6270251274108887,0.37297487258911133,1.0041896104812622,0.4492512345314026,0.20445172488689423,0.5783901438117027,0.6604611873626709
data/raw/images/КБ-2014-Р1-0400_orig.jpg,КБ-2014-Р1-0400,тарелка,0.6281761527061462,0.37182384729385376,0.9784278869628906,0.42751267552375793,венчик,0.9140940308570862,0.08590596914291382,0.32034823298454285,0.8350944519042969,фрагмент,0.9987499713897705,0.0012500286102294922,0.009605186060070992,0.997499942779541,фаянс,0.8998770713806152,0.10012292861938477,0.3924499750137329,0.8205813765525818,0.13977569341659546,0.42520782025530934,0.7701721116900444
data/raw/images/КБ-2014-Р1-0427_orig.jpg,КБ-2014-Р1-0427,тарелка,0.5481340885162354,0.45186591148376465,0.7537330389022827,0.10807141661643982,профиль,0.9652248620986938,0.03477513790130615,0.1786797046661377,0.9416103959083557,фрагмент,0.999523401260376,0.00047659873962402344,0.004122041165828705,0.999046802520752,фарфор,0.970879316329956,0.029120683670043945,0.1556698977947235,0.9498376250267029,0.1290595829486847,0.27305117063224316,0.7496415600180626
data/raw/images/КБ-2014-Р1-0547_orig.jpg,КБ-2014-Р1-0547,крышка,0.8044268488883972,0.19557315111160278,0.7910857200622559,0.7464037537574768,профиль,0.5073477029800415,0.4926522970199585,1.0323777198791504,0.10932129621505737,фрагмент,0.9813252687454224,0.018674731254577637,0.09283536672592163,0.9626505970954895,керамика,0.534026026725769,0.46597397327423096,1.2461105585098267,0.32868462800979614,0.29321853816509247,0.7906023412942886,0.536765068769455
data/raw/images/КБ-2014-Р1-0716_orig.jpg,КБ-2014-Р1-0716,тарелка,0.5002926588058472,0.49970734119415283,0.7391922473907471,0.008018136024475098,донце,0.9025575518608093,0.09744244813919067,0.3441530466079712,0.8098020553588867,фрагмент,0.998896598815918,0.0011034011840820312,0.008615772239863873,0.9977932572364807,фарфор,0.9828453660011292,0.01715463399887085,0.09642671793699265,0.9684534668922424,0.1538519561290741,0.2970969460438937,0.6960167288780212
data/raw/images/КБ-2014-Р1-0718_orig.jpg,КБ-2014-Р1-0718,тарелка,0.9845528602600098,0.015447139739990234,0.08426353335380554,0.9702616333961487,донце,0.9712141752243042,0.0287858247756958,0.1383446455001831,0.9440019130706787,фрагмент,0.9995477795600891,0.00045222043991088867,0.003934847190976143,0.9990955591201782,фаянс,0.5201593041419983,0.4798406958580017,0.7135211229324341,0.04378291964530945,0.13113147020339966,0.23501603724434972,0.7392855063080788
data/raw/images/КБ-2014-Р1-0780_orig.jpg,КБ-2014-Р1-0780,тарелка,0.638790488243103,0.361209511756897,0.6657770872116089,0.2791516184806824,донце,0.7748591303825378,0.22514086961746216,0.551643431186676,0.5525915026664734,фрагмент,0.994416356086731,0.005583643913269043,0.03453567624092102,0.9888326525688171,фарфор,0.9706764221191406,0.029323577880859375,0.13691489398479462,0.9422236084938049,0.1553144007921219,0.34721777215600014,0.6906998455524445
data/raw/images/КБ-2014-Р1-0782_orig.jpg,КБ-2014-Р1-0782,тарелка,0.49656185507774353,0.5034381151199341,0.7493408918380737,0.0037009716033935547,донце,0.5396761298179626,0.46032387018203735,0.7299010753631592,0.08549156785011292,фрагмент,0.9995880722999573,0.0004119277000427246,0.003622577991336584,0.9991761445999146,фарфор,0.8635433912277222,0.13645660877227783,0.41411879658699036,0.7298645973205566,0.275157630443573,0.47424583544488996,0.4545583203434944
data/raw/images/КБ-2014-Р1-1032_orig.jpg,КБ-2014-Р1-1032,блюдце,0.8919858932495117,0.10801410675048828,0.3526571989059448,0.7856216430664062,профиль,0.8049647212028503,0.19503527879714966,0.5073665380477905,0.6120263338088989,фрагмент,0.9993645548820496,0.0006354451179504395,0.005312853958457708,0.9987291097640991,фарфор,0.9875602126121521,0.0124397873878479,0.07301920652389526,0.976891040802002,0.07903115451335907,0.23458894935902208,0.8433170318603516
data/raw/images/КБ-2014-Р1-1033_orig.jpg,КБ-2014-Р1-1033,тарелка,0.9696900248527527,0.030309975147247314,0.14233604073524475,0.9409013986587524,донце,0.9989411234855652,0.0010588765144348145,0.009814399294555187,0.9985435605049133,фрагмент,0.9876564741134644,0.012343525886535645,0.0665120854973793,0.9753129482269287,фарфор,0.7255969047546387,0.27440309524536133,0.6211802959442139,0.4572031497955322,0.07952886819839478,0.20996070536784828,0.8429902642965317
data/raw/images/КБ-2014-Р1-1388_orig.jpg,КБ-2014-Р1-1388,тарелка,0.7805484533309937,0.21945154666900635,0.5518555045127869,0.5651609301567078,донце,0.6909864544868469,0.3090135455131531,0.6634508371353149,0.39009180665016174,фрагмент,0.9971669316291809,0.002833068370819092,0.019448770210146904,0.9943339228630066,фарфор,0.897875189781189,0.10212481021881104,0.34806227684020996,0.7993592023849487,0.1583557426929474,0.39570434717461467,0.6872364655137062
data/raw/images/КБ-2014-Р1-1464_orig.jpg,КБ-2014-Р1-1464,изразец,0.9983755350112915,0.001624464988708496,0.013484114781022072,0.9974417090415955,донце,0.627181351184845,0.37281864881515503,1.0847023725509644,0.4806183874607086,фрагмент,0.9959063529968262,0.004093647003173828,0.026593532413244247,0.9918127059936523,керамика,0.9997139573097229,0.0002860426902770996,0.0028693843632936478,0.9995178580284119,0.09470570087432861,0.2819123510271311,0.8673476651310921
data/raw/images/КБ-2014-Р1-1489_orig.jpg,КБ-2014-Р1-1489,крышка,0.8636659979820251,0.13633400201797485,0.5967494249343872,0.8053857088088989,ручка,0.6092523336410522,0.39074766635894775,1.2068233489990234,0.45916521549224854,фрагмент,0.8109836578369141,0.18901634216308594,0.4847935140132904,0.6219673156738281,фаянс,0.28206923604011536,0.717930793762207,1.5684223175048828,0.051560476422309875,0.3585072010755539,0.964197151362896,0.48451967909932137
data/raw/images/КБ-2014-Р1-1508_orig.jpg,КБ-2014-Р1-1508,тарелка,0.9585837721824646,0.0414162278175354,0.1988028883934021,0.9250465035438538,донце,0.9254281520843506,0.07457184791564941,0.27103665471076965,0.8517394065856934,фрагмент,0.9980796575546265,0.0019203424453735352,0.013930427841842175,0.9961593747138977,фарфор,0.947765052318573,0.052234947681427,0.21591702103614807,0.8976438045501709,0.04253584146499634,0.1749217479955405,0.9176472723484039
data/raw/images/КБ-2014-Р1-1518_orig.jpg,КБ-2014-Р1-1518,тарелка,0.9497997760772705,0.05020022392272949,0.24763062596321106,0.9246523380279541,донце,0.9983595013618469,0.0016404986381530762,0.014504876919090748,0.9976612329483032,фрагмент,0.9953727126121521,0.0046272873878479,0.029491722583770752,0.990745484828949,фаянс,0.8156349658966064,0.18436503410339355,0.5843749046325684,0.6629679203033447,0.060208261013031006,0.21900053252466023,0.8940067440271378
data/raw/images/КБ-2014-Р1-1539_orig.jpg,КБ-2014-Р1-1539,блюдце,0.9023023247718811,0.0976976752281189,0.3461555540561676,0.811170756816864,профиль,0.7806887030601501,0.21931129693984985,0.5501071214675903,0.5652949213981628,фрагмент,0.9978165626525879,0.0021834373474121094,0.015558501705527306,0.9956331849098206,фарфор,0.8254368901252747,0.17456310987472534,0.4703712463378906,0.6519215106964111,0.12343887984752655,0.34554810589179397,0.7560050934553146
data/raw/images/КБ-2014-Р1-1540_orig.jpg,КБ-2014-Р1-1540,тарелка,0.8764286637306213,0.12357133626937866,0.4266151785850525,0.7673890590667725,профиль,0.5603762269020081,0.43962377309799194,0.7728510499000549,0.1407189667224884,фрагмент,0.9992565512657166,0.0007434487342834473,0.0060990964993834496,0.9985131025314331,фаянс,0.7585453987121582,0.2414546012878418,0.5965072512626648,0.5256301760673523,0.20134828984737396,0.4505181440617889,0.6080628260970116
data/raw/images/КБ-2014-Р1-1568_orig.jpg,КБ-2014-Р1-1568,блюдце,0.5696045160293579,0.4303954839706421,0.712978720664978,0.1442318856716156,профиль,0.78653883934021,0.21346116065979004,0.5887731313705444,0.5935519933700562,фрагмент,0.9998906850814819,0.0001093149185180664,0.0011064127320423722,0.9997813701629639,фарфор,0.9000141620635986,0.09998583793640137,0.3601423501968384,0.8092935085296631,0.1859879493713379,0.4157501537411008,0.6367146894335747
data/raw/images/КБ-2014-Р2-0056_orig.jpg,КБ-2014-Р2-0056,тарелка,0.6713124513626099,0.32868754863739014,0.7194994688034058,0.3588752746582031,профиль,0.691721498966217,0.30827850103378296,0.6329245567321777,0.38554874062538147,фрагмент,0.9982819557189941,0.0017180442810058594,0.012654904276132584,0.9965638518333435,фарфор,0.9627288579940796,0.03727114200592041,0.18871553242206573,0.9406190514564514,0.16898880898952484,0.38844861555844545,0.6704017296433449
data/raw/images/КБ-2014-Р2-0091_orig.jpg,КБ-2014-Р2-0091,крышка,0.9983550906181335,0.001644909381866455,0.014017602428793907,0.9973751902580261,ручка,0.8988768458366394,0.1011231541633606,0.42686668038368225,0.8307508230209351,целый,0.9777393937110901,0.022260606288909912,0.10671103745698929,0.955478847026825,фарфор,0.9890379905700684,0.01096200942993164,0.07355224341154099,0.9851437211036682,0.03399766981601715,0.1552868909202516,0.9421871453523636
data/raw/images/КБ-2014-Р2-0092_orig.jpg,КБ-2014-Р2-0092,блюдце,0.9731927514076233,0.02680724859237671,0.12926484644412994,0.9475077986717224,донце,0.7914672493934631,0.20853275060653687,0.546271800994873,0.5888379812240601,фрагмент,0.9969587326049805,0.0030412673950195312,0.02066252939403057,0.9939174056053162,фарфор,0.9869237542152405,0.013076245784759521,0.08105947077274323,0.9779179692268372,0.06286437809467316,0.1943146619014442,0.877045288681984
data/raw/images/КБ-2014-Р2-0127_orig.jpg,КБ-2014-Р2-0127,тарелка,0.8362164497375488,0.16378355026245117,0.5164679884910583,0.6928616762161255,донце,0.6788022518157959,0.3211977481842041,0.7035753726959229,0.37185990810394287,фрагмент,0.9954264760017395,0.004573523998260498,0.029202900826931,0.990852952003479,фарфор,0.6665298938751221,0.33347010612487793,0.6631608009338379,0.3374119699001312,0.20575623214244843,0.4781017657369375,0.5982466265559196
data/raw/images/КБ-2014-Р2-0128_orig.jpg,КБ-2014-Р2-0128,блюдце,0.46465715765953064,0.535342812538147,0.9304172992706299,0.00530514121055603,профиль,0.6516004204750061,0.3483995795249939,0.9369262456893921,0.40693193674087524,фрагмент,0.9998955726623535,0.00010442733764648438,0.0010620125103741884,0.9997910857200623,фаянс,0.8591214418411255,0.1408785581588745,0.44907042384147644,0.7277973890304565,0.25618134438991547,0.5793689953279682,0.5349563881754875
data/raw/images/КБ-2014-Р2-0130_orig.jpg,КБ-2014-Р2-0130,блюдце,0.6134833693504333,0.38651663064956665,0.6847564578056335,0.2293398082256317,профиль,0.5289535522460938,0.47104644775390625,0.7300254702568054,0.06365594267845154,фрагмент,0.9998325109481812,0.00016748905181884766,0.0016232983907684684,0.9996650815010071,фарфор,0.8002205491065979,0.1997794508934021,0.6254369616508484,0.6435561180114746,0.26437750458717346,0.510460547026014,0.48405423760414124
data/raw/images/КБ-2014-Р2-0132_orig.jpg,КБ-2014-Р2-0132,блюдце,0.6930035948753357,0.3069964051246643,0.6318349838256836,0.3880837559700012,профиль,0.5406111478805542,0.4593888521194458,0.7108391523361206,0.08409401774406433,фрагмент,0.9998297691345215,0.00017023086547851562,0.0016469599213451147,0.9996595978736877,фарфор,0.9453146457672119,0.054685354232788086,0.27447623014450073,0.9245597720146179,0.20531021058559418,0.4046993315569125,0.5990992859005928
data/raw/images/КБ-2014-Р2-0211_orig.jpg,КБ-2014-Р2-0211,тарелка,0.821982204914093,0.17801779508590698,0.4993881583213806,0.6498611569404602,донце,0.9250780940055847,0.07492190599441528,0.2880760133266449,0.8543739914894104,фрагмент,0.9994571805000305,0.0005428194999694824,0.004624036606401205,0.998914361000061,фарфор,0.9183946251869202,0.08160537481307983,0.3496673107147217,0.8650001883506775,0.0837719738483429,0.2854388797422871,0.8420374244451523
data/raw/images/КБ-2014-Р2-0218_orig.jpg,КБ-2014-Р2-0218,блюдце,0.7414353489875793,0.25856465101242065,0.7561935186386108,0.5509470105171204,профиль,0.7950717210769653,0.20492827892303467,0.5500591993331909,0.5977169275283813,фрагмент,0.9966976642608643,0.003302335739135742,0.022163525223731995,0.9933953285217285,фарфор,0.909845769405365,0.09015423059463501,0.3244505822658539,0.8245012760162354,0.13923737406730652,0.4132167063653469,0.7416401356458664
data/raw/images/КБ-2014-Р2-0323_orig.jpg,КБ-2014-Р2-0323,миска,0.9872806668281555,0.012719333171844482,0.07843204587697983,0.9782831072807312,венчик,0.6196953058242798,0.3803046941757202,0.752686083316803,0.25749701261520386,фрагмент,0.9988672733306885,0.0011327266693115234,0.008815397508442402,0.997734546661377,керамика,0.9994489550590515,0.0005510449409484863,0.004969372879713774,0.9989709258079529,0.09867694973945618,0.21122572489548475,0.8081213980913162
data/raw/images/КБ-2014-Р2-0331_orig.jpg,КБ-2014-Р2-0331,блюдце,0.9112057089805603,0.0887942910194397,0.3098945617675781,0.8240688443183899,донце,0.5485689640045166,0.4514310359954834,0.7979114055633545,0.12012666463851929,фрагмент,0.9947652816772461,0.005234718322753906,0.0327158123254776,0.989530622959137,фарфор,0.942279040813446,0.057720959186553955,0.23909470438957214,0.8887889981269836,0.15079525113105774,0.3449041210114956,0.7056287825107574
data/raw/images/КБ-2014-Р2-0430_orig.jpg,КБ-2014-Р2-0430,блюдце,0.8772031664848328,0.12279683351516724,0.376037061214447,0.7548647522926331,профиль,0.6345670223236084,0.3654329776763916,0.6970261335372925,0.2758355438709259,фрагмент,0.9980068802833557,0.001993119716644287,0.01438443548977375,0.9960137605667114,фарфор,0.9723839163780212,0.02761608362197876,0.13517019152641296,0.9468119144439697,0.12945975363254547,0.30565445544198155,0.74338149279356
data/raw/images/КБ-2014-Р2-0431_orig.jpg,КБ-2014-Р2-0431,блюдце,0.9739872217178345,0.026012778282165527,0.14282573759555817,0.9546103477478027,донце,0.49648720026016235,0.5035127997398376,1.060338020324707,0.1340618133544922,фрагмент,0.9651522040367126,0.034847795963287354,0.15120916068553925,0.9303044676780701,фарфор,0.9580007195472717,0.04199928045272827,0.21398566663265228,0.9302763342857361,0.1515931636095047,0.3920896463096142,0.7373132407665253
data/raw/images/КБ-2014-Р2-0435_orig.jpg,КБ-2014-Р2-0435,крышка,0.9962379932403564,0.0037620067596435547,0.029030244797468185,0.994400680065155,профиль,0.7200852036476135,0.2799147963523865,0.6846516728401184,0.45944103598594666,целый,0.7666956782341003,0.23330432176589966,0.5432382225990295,0.5333912968635559,керамика,0.86451655626297,0.13548344373703003,0.5449833869934082,0.7975468635559082,0.16311614215373993,0.4504758818075061,0.6961949691176414
data/raw/images/КБ-2014-Р2-0484_orig.jpg,КБ-2014-Р2-0484,миска,0.941039502620697,0.05896049737930298,0.24803544580936432,0.8878034949302673,профиль,0.9922227263450623,0.007777273654937744,0.047564323991537094,0.9848623871803284,фрагмент,0.9986224174499512,0.0013775825500488281,0.010451571084558964,0.9972447752952576,керамика,0.9849638342857361,0.015036165714263916,0.08842751383781433,0.9744822978973389,0.020787879824638367,0.09861971368081868,0.961098238825798
data/raw/images/КБ-2014-Р2-0485_orig.jpg,КБ-2014-Р2-0485,крышка,0.37000101804733276,0.6299989819526672,1.3702502250671387,0.0785006582736969,профиль,0.8748608231544495,0.12513917684555054,0.5221064686775208,0.8145239949226379,фрагмент,0.995935320854187,0.004064679145812988,0.026434332132339478,0.9918705821037292,керамика,0.9291762709617615,0.07082372903823853,0.2664761245250702,0.8602309226989746,0.20750664174556732,0.5463167876005173,0.6862815394997597
data/raw/images/КБ-2014-Р2-0532_orig.jpg,КБ-2014-Р2-0532,тарелка,0.7802488803863525,0.21975111961364746,0.5391703844070435,0.5623732805252075,донце,0.5226265788078308,0.4773734211921692,0.7103941440582275,0.04770326614379883,фрагмент,0.9996610879898071,0.0003389120101928711,0.0030470530036836863,0.9993221163749695,фаянс,0.8088341355323792,0.19116586446762085,0.4982354938983917,0.6191835999488831,0.2221573293209076,0.4377117688418366,0.5571455657482147
data/raw/images/КБ-2014-Р2-0568_orig.jpg,КБ-2014-Р2-0568,изразец,0.9831398129463196,0.01686018705368042,0.10509069263935089,0.9740960001945496,донце,0.7100638151168823,0.2899361848831177,0.990392804145813,0.5792895555496216,целый,0.8465003967285156,0.15349960327148438,0.4287317395210266,0.6930007934570312,керамика,0.8133134245872498,0.18668657541275024,0.6280317902565002,0.6823961734771729,0.16174563765525818,0.5380617566406727,0.7321956306695938
data/raw/images/КБ-2014-Р2-0574_orig.jpg,КБ-2014-Р2-0574,тарелка,0.9338259696960449,0.06617403030395508,0.253508985042572,0.8693792223930359,профиль,0.6827113032341003,0.31728869676589966,0.6456899046897888,0.36872154474258423,фрагмент,0.9999780654907227,2.193450927734375e-05,0.0002572158700786531,0.9999561309814453,фаянс,0.6465760469436646,0.35342395305633545,0.6707080006599426,0.29653310775756836,0.18422715365886688,0.39254102656559553,0.6336475014686584
data/raw/images/КБ-2014-Р2-0603_orig.jpg,КБ-2014-Р2-0603,изразец,0.9995593428611755,0.0004406571388244629,0.004346184432506561,0.9993541240692139,профиль,0.47667941451072693,0.5233205556869507,1.266955018043518,0.1427263617515564,фрагмент,0.9028488397598267,0.09715116024017334,0.31877797842025757,0.8056976795196533,керамика,0.9995169639587402,0.0004830360412597656,0.004715206101536751,0.9992751479148865,0.15534885227680206,0.39869859674945474,0.7367633283138275
data/raw/images/КБ-2014-Р2-0605_orig.jpg,КБ-2014-Р2-0605,крышка,0.8724973797798157,0.12750262022018433,0.498477041721344,0.7778375148773193,профиль,0.9457876682281494,0.054212331771850586,0.2664244771003723,0.9168159365653992,фрагмент,0.9975513815879822,0.0024486184120178223,0.017167333513498306,0.9951027631759644,фаянс,0.9239363074302673,0.07606369256973267,0.3303564786911011,0.8728108406066895,0.06505681574344635,0.2781063327565789,0.8906417638063431
data/raw/images/КБ-2014-Р2-0616_orig.jpg,КБ-2014-Р2-0616,тарелка,0.9756185412406921,0.02438145875930786,0.126903235912323,0.9546586275100708,донце,0.7646538019180298,0.23534619808197021,0.5514646768569946,0.5300292372703552,фрагмент,0.9981589913368225,0.0018410086631774902,0.013433204032480717,0.9963179230690002,фаянс,0.6158091425895691,0.3841908574104309,0.6806886792182922,0.2337452471256256,0.16143988072872162,0.34312244900502264,0.678687758743763
data/raw/images/КБ-2014-Р2-0638_orig.jpg,КБ-2014-Р2-0638,блюдце,0.8943892121315002,0.10561078786849976,0.34066149592399597,0.7892197966575623,профиль,0.9210020303726196,0.07899796962738037,0.27975109219551086,0.8424932956695557,фрагмент,0.9981155395507812,0.00188446044921875,0.013705904595553875,0.9962310791015625,фарфор,0.960953950881958,0.03904604911804199,0.17038452625274658,0.9229397773742676,0.05638481676578522,0.20112575474195182,0.887720987200737
data/raw/images/КБ-2014-Р2-0646_orig.jpg,КБ-2014-Р2-0646,тарелка,0.6037172675132751,0.39628273248672485,0.7746729850769043,0.23064887523651123,профиль,0.6183843016624451,0.38161569833755493,0.708604097366333,0.24423089623451233,фрагмент,0.9619733691215515,0.038026630878448486,0.1616210639476776,0.9239467978477478,фарфор,0.9347736239433289,0.06522637605667114,0.25766050815582275,0.8737397193908691,0.22028785943984985,0.4756396636366844,0.5681415721774101
data/raw/images/КБ-2014-Р2-0656_orig.jpg,КБ-2014-Р2-0656,миска,0.9975097179412842,0.0024902820587158203,0.019171420484781265,0.9954764246940613,профиль,0.8033660650253296,0.1966339349746704,0.5322597622871399,0.6138148307800293,фрагмент,0.999182403087616,0.0008175969123840332,0.006629255600273609,0.9983648657798767,керамика,0.9537394642829895,0.0462605357170105,0.20208926498889923,0.9106897711753845,0.06155058741569519,0.1900374258402735,0.879586473107338
data/raw/images/КБ-2014-Р2-0668_orig.jpg,КБ-2014-Р2-0668,тарелка,0.9651264548301697,0.03487354516983032,0.15980501472949982,0.9320492148399353,донце,0.9975687861442566,0.002431213855743408,0.018614288419485092,0.9955976605415344,фрагмент,0.9993600249290466,0.0006399750709533691,0.0053464993834495544,0.9987199902534485,фаянс,0.7750083804130554,0.22499161958694458,0.5466886758804321,0.5521300435066223,0.06573408842086792,0.18261361960321665,0.8696242272853851
data/raw/images/КБ-2014-Р2-0701_orig.jpg,КБ-2014-Р2-0701,крышка,0.9472363591194153,0.05276364088058472,0.24353951215744019,0.9061665534973145,ручка,0.7369863390922546,0.26301366090774536,0.8856559991836548,0.6317527890205383,фрагмент,0.7114638090133667,0.2885361909866333,0.6008358001708984,0.4229276180267334,керамика,0.980251133441925,0.01974886655807495,0.1177355945110321,0.9700390100479126,0.15601558983325958,0.4619417265057564,0.7327214926481247
data/raw/images/КБ-2014-Р2-0712_orig.jpg,КБ-2014-Р2-0712,тарелка,0.6874637603759766,0.31253623962402344,0.7182871699333191,0.3973187208175659,донце,0.8076089024543762,0.19239109754562378,0.4977555274963379,0.6163085699081421,фрагмент,0.996631920337677,0.003368079662322998,0.02253824658691883,0.993263840675354,фаянс,0.5060105323791504,0.4939894676208496,0.8428198099136353,0.04641479253768921,0.25057122111320496,0.5203501884825528,0.5133264809846878
data/raw/images/КБ-2014-Р2-0717_orig.jpg,КБ-2014-Р2-0717,крышка,0.9973453879356384,0.0026546120643615723,0.02095497027039528,0.9955639243125916,ручка,0.864341139793396,0.135658860206604,0.49915727972984314,0.7551441788673401,целый,0.9443850517272949,0.05561494827270508,0.2147272527217865,0.8887701630592346,фарфор,0.8559290766716003,0.14407092332839966,0.5158591270446777,0.7433913350105286,0.08449983596801758,0.31267465744167566,0.8457174003124237
data/raw/images/КБ-2014-Р2-0773_orig.jpg,КБ-2014-Р2-0773,крышка,0.5846433043479919,0.41535669565200806,1.1615111827850342,0.39021962881088257,профиль,0.8146554231643677,0.18534457683563232,0.5384122133255005,0.6424938440322876,целый,0.8068022131919861,0.19319778680801392,0.49082666635513306,0.6136044263839722,керамика,0.4216366708278656,0.578363299369812,1.1671797037124634,0.11503365635871887,0.3430655896663666,0.8394824415445328,0.4403378888964653
data/raw/images/КБ-2014-Р2-0780_orig.jpg,КБ-2014-Р2-0780,крышка,0.9652042984962463,0.03479570150375366,0.18196317553520203,0.9404598474502563,ручка,0.8939991593360901,0.10600084066390991,0.43407779932022095,0.830578625202179,фрагмент,0.9850463271141052,0.014953672885894775,0.07768848538398743,0.9700926542282104,керамика,0.33705198764801025,0.6629480123519897,1.3238193988800049,0.006882697343826294,0.20467455685138702,0.5043872147798538,0.687003456056118
data/raw/images/КБ-2014-Р2-0791_orig.jpg,КБ-2014-Р2-0791,блюдце,0.9034179449081421,0.09658205509185791,0.3371528387069702,0.8104009032249451,профиль,0.4078468978404999,0.5921530723571777,1.2125869989395142,0.08760324120521545,целый,0.5223696231842041,0.4776303768157959,0.6921460628509521,0.044739216566085815,фарфор,0.9750891327857971,0.02491086721420288,0.13243530690670013,0.9561865925788879,0.2978190928697586,0.5935803018510342,0.47473248839378357
data/raw/images/КБ-2014-Р3-0049_orig.jpg,КБ-2014-Р3-0049,тарелка,0.9720693826675415,0.027930617332458496,0.1362048089504242,0.945982813835144,профиль,0.5895187258720398,0.4104812741279602,0.6786861419677734,0.17920321226119995,фрагмент,0.9999704360961914,2.956390380859375e-05,0.0003380613343324512,0.9999408721923828,фаянс,0.7618196606636047,0.23818033933639526,0.5656142234802246,0.5263200998306274,0.16915544867515564,0.3452108089331887,0.6628617495298386
data/raw/images/КБ-2014-Р3-0114_orig.jpg,КБ-2014-Р3-0114,тарелка,0.9497038722038269,0.050296127796173096,0.22410249710083008,0.9054125547409058,донце,0.6719509959220886,0.3280490040779114,0.6915960311889648,0.35480183362960815,фрагмент,0.8275601267814636,0.17243987321853638,0.45973390340805054,0.6551202535629272,фарфор,0.5070729851722717,0.49292701482772827,0.7762755155563354,0.030097872018814087,0.2609280049800873,0.5379269868135452,0.4863581284880638
data/raw/images/КБ-2014-Р3-0116_orig.jpg,КБ-2014-Р3-0116,блюдце,0.8521829843521118,0.14781701564788818,0.49581271409988403,0.7249631881713867,профиль,0.8517863750457764,0.14821362495422363,0.46701037883758545,0.7136124968528748,фрагмент,0.9923458099365234,0.0076541900634765625,0.044919975101947784,0.9846916198730469,фарфор,0.9932019114494324,0.006798088550567627,0.04412010312080383,0.9873120784759521,0.077620729804039,0.2629657927900553,0.8526448458433151
data/raw/images/КБ-2014-Р3-0147_orig.jpg,КБ-2014-Р3-0147,изразец,0.9986867308616638,0.0013132691383361816,0.011602655984461308,0.9980669617652893,профиль,0.4893646240234375,0.5106353759765625,1.4013890027999878,0.2697698771953583,фрагмент,0.9847038984298706,0.015296101570129395,0.07911846786737442,0.969407856464386,керамика,0.9975922107696533,0.0024077892303466797,0.018333828076720238,0.9955856800079346,0.1324131339788437,0.37761098868213594,0.808207593858242
data/raw/images/КБ-2014-Р3-0157_orig.jpg,КБ-2014-Р3-0157,блюдце,0.9661471247673035,0.03385287523269653,0.15408533811569214,0.9336573481559753,донце,0.9349825978279114,0.06501740217208862,0.2737743556499481,0.8798240423202515,фрагмент,0.9248021841049194,0.07519781589508057,0.2668810784816742,0.8496044278144836,фарфор,0.9974242448806763,0.0025757551193237305,0.020194437354803085,0.9961944222450256,0.04416096210479736,0.17873380240052938,0.914820060133934
data/raw/images/КБ-2014-Р3-0171_orig.jpg,КБ-2014-Р3-0171,тарелка,0.9784996509552002,0.021500349044799805,0.10462755709886551,0.9571187496185303,донце,0.9848761558532715,0.015123844146728516,0.07926357537508011,0.9698767066001892,фрагмент,0.9994935989379883,0.0005064010620117188,0.004349114373326302,0.9989871978759766,фарфор,0.6388991475105286,0.36110085248947144,0.6709390878677368,0.2802804708480835,0.09955786168575287,0.21479483367875218,0.8015657812356949
data/raw/images/КБ-2014-Р3-0252_orig.jpg,КБ-2014-Р3-0252,тарелка,0.8312106132507324,0.16878938674926758,0.5344103574752808,0.6867620944976807,донце,0.9647245407104492,0.03527545928955078,0.20014482736587524,0.9487423896789551,фрагмент,0.975989580154419,0.024010419845581055,0.11326119303703308,0.9519791603088379,фарфор,0.8558452129364014,0.14415478706359863,0.5432084798812866,0.7555886507034302,0.09305751323699951,0.3477562144398689,0.835768073797226
data/raw/images/КБ-2014-Р3-0268_orig.jpg,КБ-2014-Р3-0268,тарелка,0.8734294772148132,0.12657052278518677,0.4779658913612366,0.7833049297332764,профиль,0.753886342048645,0.24611365795135498,0.7844549417495728,0.6285603046417236,фрагмент,0.9836134910583496,0.01638650894165039,0.08362143486738205,0.9672269225120544,керамика,0.5539302825927734,0.44606971740722656,0.7014022469520569,0.10972532629966736,0.20878510177135468,0.5118611287325621,0.6222043707966805
data/raw/images/КБ-2014-Р3-0302_orig.jpg,КБ-2014-Р3-0302,тарелка,0.5119495391845703,0.4880504608154297,0.7128357887268066,0.026746660470962524,донце,0.6479787826538086,0.3520212173461914,0.7343006134033203,0.31570956110954285,фрагмент,0.9887663722038269,0.011233627796173096,0.06159627437591553,0.9775327444076538,фаянс,0.7231001257896423,0.27689987421035767,0.7166317701339722,0.48032504320144653,0.28205129504203796,0.5563411116600037,0.45007850229740143
data/raw/images/КБ-2014-Р3-0342_orig.jpg,КБ-2014-Р3-0342,тарелка,0.8577643036842346,0.14223569631576538,0.4689074158668518,0.7302180528640747,профиль,0.6954319477081299,0.3045680522918701,0.6937440633773804,0.40716752409935,фрагмент,0.9999321699142456,6.783008575439453e-05,0.0007188160088844597,0.9998643398284912,керамика,0.9221103191375732,0.07788968086242676,0.2895830571651459,0.8477500677108765,0.13119031488895416,0.36323833810456563,0.7462499961256981
data/raw/images/КБ-2014-Р3-0397_orig.jpg,КБ-2014-Р3-0397,тарелка,0.7445214986801147,0.25547850131988525,0.7350865602493286,0.5378230810165405,профиль,0.8545339107513428,0.14546608924865723,0.5315496921539307,0.76346355676651,фрагмент,0.9997897744178772,0.00021022558212280273,0.001989995129406452,0.9995796084403992,керамика,0.8686612844467163,0.1313387155532837,0.39746689796447754,0.738734245300293,0.13312338292598724,0.4165232863742858,0.7599001228809357
data/raw/images/КБ-2014-Р3-0399_orig.jpg,КБ-2014-Р3-0399,тарелка,0.7321037650108337,0.26789623498916626,0.8241243362426758,0.5754991173744202,профиль,0.9466475248336792,0.0533524751663208,0.2692471444606781,0.9182071685791016,фрагмент,0.9999634027481079,3.6597251892089844e-05,0.00041003248770721257,0.9999268651008606,керамика,0.9985876083374023,0.0014123916625976562,0.011781487613916397,0.997517466545105,0.0806744247674942,0.2763907502012444,0.8727876543998718
data/raw/images/КБ-2014-Р3-0419_orig.jpg,КБ-2014-Р3-0419,изразец,0.8448348641395569,0.15516513586044312,0.5853065252304077,0.7373192310333252,донце,0.6721081137657166,0.32789188623428345,1.0605809688568115,0.5297048091888428,фрагмент,0.6919817924499512,0.30801820755004883,0.6175057888031006,0.38396358489990234,керамика,0.8156539797782898,0.1843460202217102,0.6483296155929565,0.709929883480072,0.2438553124666214,0.7279307246208191,0.5902293771505356
data/raw/images/КБ-2014-Р3-0436_orig.jpg,КБ-2014-Р3-0436,блюдце,0.8290138840675354,0.1709861159324646,0.46871477365493774,0.6596869826316833,донце,0.9484996795654297,0.05150032043457031,0.23275800049304962,0.9049208760261536,фрагмент,0.877612829208374,0.12238717079162598,0.3716544508934021,0.755225658416748,фарфор,0.8576878905296326,0.14231210947036743,0.45527222752571106,0.7258683443069458,0.12179642915725708,0.38209986314177513,0.7614254653453827
data/raw/images/КБ-2014-Р3-0535_orig.jpg,КБ-2014-Р3-0535,тарелка,0.4573298692703247,0.5426701307296753,1.1936511993408203,0.11291930079460144,профиль,0.9295322299003601,0.07046777009963989,0.2788749933242798,0.8642056584358215,фрагмент,0.9945118427276611,0.005488157272338867,0.034039560705423355,0.989023745059967,керамика,0.9426000714302063,0.0573999285697937,0.22680966556072235,0.8864332437515259,0.16900649666786194,0.43334385473281145,0.713145487010479
data/raw/images/КБ-2014-Р4-248_orig.jpg,КБ-2014-Р4-248,блюдце,0.7845591902732849,0.2154408097267151,0.657647430896759,0.6079760193824768,профиль,0.8365850448608398,0.16341495513916016,0.49115949869155884,0.682155966758728,фрагмент,0.9199718832969666,0.08002811670303345,0.27883797883987427,0.8399437665939331,фарфор,0.993938684463501,0.0060613155364990234,0.04309811815619469,0.9902181029319763,0.11623629927635193,0.3676857566460967,0.7800734639167786
data/raw/images/КБ-2014-Р4-250_orig.jpg,КБ-2014-Р4-250,блюдце,0.667174220085144,0.33282577991485596,0.7568009495735168,0.36201563477516174,профиль,0.7705869674682617,0.22941303253173828,0.6000242829322815,0.5536970496177673,фрагмент,0.799454927444458,0.200545072555542,0.5011570453643799,0.5989099144935608,фарфор,0.9668251276016235,0.033174872398376465,0.16494575142860413,0.9396852254867554,0.19898968935012817,0.5057320073246956,0.6135769560933113
data/raw/images/КБ-2014-Р4-307_orig.jpg,КБ-2014-Р4-307,блюдце,0.8496021628379822,0.15039783716201782,0.4845014214515686,0.7142595052719116,профиль,0.8786675333976746,0.12133246660232544,0.3995996415615082,0.7633804082870483,фрагмент,0.9847031235694885,0.015296876430511475,0.07912171632051468,0.9694063067436218,фарфор,0.9397060871124268,0.06029391288757324,0.24938815832138062,0.8842648863792419,0.086830273270607,0.303152734413743,0.8328277766704559
data/raw/images/КБ-2014-Р4-424_orig.jpg,КБ-2014-Р4-424,тарелка,0.9347794651985168,0.06522053480148315,0.2887730002403259,0.8831033706665039,донце,0.8366860151290894,0.16331398487091064,0.5349233746528625,0.6962618231773376,фрагмент,0.947699785232544,0.052300214767456055,0.20523333549499512,0.8953995108604431,фаянс,0.8037707209587097,0.19622927904129028,0.5726834535598755,0.6271026134490967,0.11926600337028503,0.40040329098701477,0.7754668295383453
data/raw/images/КБ-2014-Р4-462_orig.jpg,КБ-2014-Р4-462,изразец,0.9998189806938171,0.00018101930618286133,0.0019073768053203821,0.9996967315673828,венчик,0.403816282749176,0.596183717250824,1.3335552215576172,0.06886908411979675,целый,0.579805314540863,0.42019468545913696,0.6803547143936157,0.1596105694770813,керамика,0.9998378753662109,0.0001621246337890625,0.0017610614886507392,0.9997560977935791,0.2541803866624832,0.504394593561301,0.55698312073946
data/raw/images/КБ-2014-Р4-494_orig.jpg,КБ-2014-Р4-494,тарелка,0.9917535781860352,0.008246421813964844,0.05243229120969772,0.9847946763038635,донце,0.9963107705116272,0.0036892294883728027,0.02767019160091877,0.9935585260391235,фрагмент,0.9976503252983093,0.002349674701690674,0.016570646315813065,0.9953006505966187,фарфор,0.8601057529449463,0.1398942470550537,0.42964136600494385,0.7254328727722168,0.03854489326477051,0.13157862378284335,0.9247716814279556
data/raw/images/КБ-2014-Р4-495_orig.jpg,КБ-2014-Р4-495,изразец,0.9992089867591858,0.000791013240814209,0.007154586724936962,0.9986830949783325,профиль,0.8753473162651062,0.1246526837348938,0.5120466351509094,0.8082953691482544,фрагмент,0.9240121245384216,0.07598787546157837,0.26885929703712463,0.8480242490768433,керамика,0.9999638795852661,3.612041473388672e-05,0.0004463912919163704,0.9999454617500305,0.050366923213005066,0.19712672755122185,0.9137370437383652
data/raw/images/КБ-2014-Р4-517_orig.jpg,КБ-2014-Р4-517,тарелка,0.8932215571403503,0.10677844285964966,0.3890049457550049,0.8002873659133911,донце,0.9952318072319031,0.004768192768096924,0.036024078726768494,0.9926470518112183,фрагмент,0.9920713305473328,0.007928669452667236,0.04625007137656212,0.9841427206993103,фаянс,0.9348175525665283,0.06518244743347168,0.2763221263885498,0.8794199228286743,0.046164438128471375,0.18690030556172132,0.9141242653131485
data/raw/images/КБ-2014-Р4-571_orig.jpg,КБ-2014-Р4-571,тарелка,0.8667493462562561,0.1332506537437439,0.40148431062698364,0.7348461151123047,профиль,0.6031250953674316,0.39687490463256836,0.6838595867156982,0.20786389708518982,фрагмент,0.9992806315422058,0.0007193684577941895,0.0059255147352814674,0.9985612034797668,фарфор,0.9809120893478394,0.019087910652160645,0.10139943659305573,0.9634047150611877,0.13748320937156677,0.29816721216775477,0.7261689826846123
data/raw/images/КБ-2014-Р5-0032_orig.jpg,КБ-2014-Р5-0032,крышка,0.9731964468955994,0.026803553104400635,0.13571324944496155,0.9494925141334534,ручка,0.938169002532959,0.061830997467041016,0.31296461820602417,0.9054079055786133,фрагмент,0.7357074618339539,0.26429253816604614,0.5774990320205688,0.4714149534702301,фарфор,0.7217035293579102,0.27829647064208984,0.72291100025177,0.48340702056884766,0.1578058898448944,0.43727197498083115,0.7024305984377861
data/raw/images/КБ-2014-Р5-0035_orig.jpg,КБ-2014-Р5-0035,тарелка,0.9823899269104004,0.01761007308959961,0.09533149003982544,0.9665021300315857,донце,0.6975035667419434,0.30249643325805664,0.7037005424499512,0.41906240582466125,фрагмент,0.9993875026702881,0.0006124973297119141,0.005143054760992527,0.998775064945221,фаянс,0.6589519381523132,0.34104806184768677,0.7258988618850708,0.33873817324638367,0.16544176638126373,0.38251848728396,0.6807694435119629
data/raw/images/КБ-2014-Р5-0066_orig.jpg,КБ-2014-Р5-0066,блюдце,0.632717490196228,0.367282509803772,0.9067351818084717,0.3531937599182129,ручка,0.5428082942962646,0.45719170570373535,1.0387365818023682,0.29578152298927307,целый,0.5145783424377441,0.48542165756225586,0.6927220821380615,0.02915671467781067,фарфор,0.9802051186561584,0.019794881343841553,0.10349883139133453,0.9619676470756531,0.3324226886034012,0.685423169285059,0.4100249111652374
data/raw/images/КБ-2014-Р5-0068_orig.jpg,КБ-2014-Р5-0068,тарелка,0.499864786863327,0.5001351833343506,0.7291198968887329,0.00552031397819519,профиль,0.8098359704017639,0.19016402959823608,0.5907735824584961,0.6463421583175659,фрагмент,0.9985958933830261,0.001404106616973877,0.010625842027366161,0.9971917867660522,фарфор,0.9889352917671204,0.011064708232879639,0.06977328658103943,0.9832856059074402,0.17569200694561005,0.35007315198890865,0.6580849662423134
data/raw/images/КБ-2014-Р5-0071_orig.jpg,КБ-2014-Р5-0071,тарелка,0.9432825446128845,0.05671745538711548,0.22591234743595123,0.8880249857902527,донце,0.8606792092323303,0.13932079076766968,0.45033717155456543,0.7312847375869751,фрагмент,0.9953572154045105,0.004642784595489502,0.029574843123555183,0.9907144904136658,фаянс,0.8047670125961304,0.19523298740386963,0.5328747034072876,0.6180221438407898,0.09897850453853607,0.30967476638033986,0.8070115894079208
data/raw/images/КБ-2014-Р5-0072_orig.jpg,КБ-2014-Р5-0072,блюдце,0.9870886206626892,0.012911379337310791,0.0726163238286972,0.9750832915306091,донце,0.9361402988433838,0.06385970115661621,0.2666461169719696,0.8792568445205688,фрагмент,0.9976974129676819,0.0023025870323181152,0.016285089775919914,0.9953948259353638,фарфор,0.9756050109863281,0.024394989013671875,0.13176527619361877,0.9565595388412476,0.025867164134979248,0.12182820169255137,0.9515736252069473
data/raw/images/КБ-2014-Р5-0074_orig.jpg,КБ-2014-Р5-0074,крышка,0.9945012331008911,0.005498766899108887,0.03806690126657486,0.9905232787132263,ручка,0.9330578446388245,0.06694215536117554,0.2876622974872589,0.8779310584068298,целый,0.5946850180625916,0.40531498193740845,0.6751079559326172,0.18937000632286072,фарфор,0.761377215385437,0.238622784614563,0.7241798639297485,0.6399672627449036,0.17909467220306396,0.4312542546540499,0.6744479015469551
data/raw/images/КБ-2014-Р5-0081_orig.jpg,КБ-2014-Р5-0081,блюдце,0.8077905774116516,0.1922094225883484,0.5649538040161133,0.6331979036331177,профиль,0.7422414422035217,0.25775855779647827,0.7286677360534668,0.5314918756484985,целый,0.6489464044570923,0.3510535955429077,0.6480963230133057,0.2978927791118622,фарфор,0.9301040172576904,0.06989598274230957,0.3135901987552643,0.8872093558311462,0.217729389667511,0.5638270154595375,0.5874479785561562
data/raw/images/КБ-2014-Р5-0093_orig.jpg,КБ-2014-Р5-0093,тарелка,0.8812878727912903,0.11871212720870972,0.3730058968067169,0.7639578580856323,донце,0.9580309391021729,0.04196906089782715,0.1852351427078247,0.9182541370391846,фрагмент,0.970424234867096,0.029575765132904053,0.13326433300971985,0.9408484697341919,фаянс,0.919657289981842,0.08034271001815796,0.2837318480014801,0.8399581909179688,0.06764991581439972,0.2438093051314354,0.8657546639442444
data/raw/images/КБ-2014-Р5-0097_orig.jpg,КБ-2014-Р5-0097,тарелка,0.8408902883529663,0.1591097116470337,0.4548287093639374,0.6843774914741516,донце,0.5213057398796082,0.47869426012039185,0.7106400728225708,0.04506039619445801,фрагмент,0.9826958179473877,0.017304182052612305,0.08735313266515732,0.9653916954994202,фарфор,0.9194943904876709,0.0805056095123291,0.2880396544933319,0.8402890563011169,0.18390344083309174,0.38521539233624935,0.6337796598672867
data/raw/images/КБ-2014-Р5-0105_orig.jpg,КБ-2014-Р5-0105,миска,0.9986188411712646,0.0013811588287353516,0.012029384262859821,0.9979157447814941,профиль,0.9090378880500793,0.09096211194992065,0.37069594860076904,0.8386620283126831,фрагмент,0.9980502128601074,0.0019497871398925781,0.014114757999777794,0.9961004257202148,керамика,0.9958070516586304,0.004192948341369629,0.030229447409510612,0.9925212860107422,0.024621501564979553,0.10676738456822932,0.9562998712062836
data/raw/images/КБ-2014-Р5-0107_orig.jpg,КБ-2014-Р5-0107,миска,0.9933449029922485,0.006655097007751465,0.04638408124446869,0.9889427423477173,профиль,0.9796317219734192,0.02036827802658081,0.11924701929092407,0.9681273102760315,фрагмент,0.9940956830978394,0.0059043169021606445,0.03618811443448067,0.9881913661956787,керамика,0.9942858815193176,0.005714118480682373,0.03970897197723389,0.989978551864624,0.009660452604293823,0.06038204673677683,0.9838099926710129
data/raw/images/КБ-2014-Р5-0108_orig.jpg,КБ-2014-Р5-0108,миска,0.9842315912246704,0.01576840877532959,0.10048944503068924,0.9757185578346252,профиль,0.9420253038406372,0.05797469615936279,0.27799510955810547,0.9055250883102417,фрагмент,0.9967273473739624,0.0032726526260375977,0.021993864327669144,0.9934546947479248,керамика,0.8018660545349121,0.1981339454650879,0.6410270929336548,0.650424599647522,0.06878742575645447,0.26037637796252966,0.8812807351350784
data/raw/images/КБ-2014-Р5-0111_orig.jpg,КБ-2014-Р5-0111,миска,0.9962265491485596,0.0037734508514404297,0.029365189373493195,0.9943402409553528,профиль,0.9605859518051147,0.039414048194885254,0.18440979719161987,0.9257877469062805,фрагмент,0.9993382096290588,0.0006617903709411621,0.005506026092916727,0.9986764788627625,керамика,0.9586066007614136,0.041393399238586426,0.20694072544574738,0.9292798042297363,0.021310672163963318,0.10655543452594429,0.962021067738533
data/raw/images/КБ-2014-Р5-0118_orig.jpg,КБ-2014-Р5-0118,тарелка,0.6930587291717529,0.30694127082824707,0.9112984538078308,0.5344853401184082,профиль,0.8058233857154846,0.19417661428451538,0.6373915672302246,0.6592090129852295,фрагмент,0.9976053237915039,0.0023946762084960938,0.016842519864439964,0.9952106475830078,керамика,0.6755558848381042,0.32444411516189575,0.8254215121269226,0.41552990674972534,0.20698916912078857,0.5977385132573545,0.6511087268590927
data/raw/images/КБ-2014-Р5-0120_orig.jpg,КБ-2014-Р5-0120,крышка,0.9933619499206543,0.006638050079345703,0.047584760934114456,0.9904982447624207,профиль,0.8844469785690308,0.11555302143096924,0.4748114347457886,0.8133520483970642,фрагмент,0.9780475497245789,0.021952450275421143,0.10554331541061401,0.9560950994491577,керамика,0.7301333546638489,0.2698666453361511,0.7239508032798767,0.5100724697113037,0.1035025417804718,0.33797257859259844,0.8175044655799866
data/raw/images/КБ-2014-Р5-0134_orig.jpg,КБ-2014-Р5-0134,крышка,0.7301303744316101,0.2698696255683899,0.719204843044281,0.493510365486145,профиль,0.7650768756866455,0.2349231243133545,0.6759015321731567,0.5617959499359131,целый,0.9929393529891968,0.007060647010803223,0.04200834408402443,0.9858787655830383,фарфор,0.9562132954597473,0.043786704540252686,0.21281853318214417,0.9233861565589905,0.13891002535820007,0.4124833131209016,0.7411428093910217
data/raw/images/КБ-2014-Р5-0229_orig.jpg,КБ-2014-Р5-0229,блюдце,0.7076871395111084,0.2923128604888916,0.7264925837516785,0.45471420884132385,профиль,0.7979040145874023,0.20209598541259766,0.6561884880065918,0.6483185291290283,фрагмент,0.6441766619682312,0.3558233380317688,0.6509771347045898,0.28835341334342957,фарфор,0.8735867738723755,0.1264132261276245,0.4624253511428833,0.7827181816101074,0.24416135251522064,0.6240208894014359,0.5435260832309723
data/raw/images/КБ-2014-Р5-0297_orig.jpg,КБ-2014-Р5-0297,тарелка,0.9902235865592957,0.009776413440704346,0.05770650506019592,0.9809761643409729,донце,0.9972238540649414,0.0027761459350585938,0.0215342715382576,0.9951364398002625,фрагмент,0.9979172348976135,0.0020827651023864746,0.014939628541469574,0.995834469795227,фаянс,0.9131653308868408,0.08683466911315918,0.30071184039115906,0.8272057175636292,0.02536749839782715,0.09872306138277054,0.9497881978750229
data/raw/images/КБ-2014-Р5-0415_orig.jpg,КБ-2014-Р5-0415,миска,0.9666306376457214,0.033369362354278564,0.18577738106250763,0.9515479803085327,профиль,0.9880363941192627,0.011963605880737305,0.07776562124490738,0.9827015995979309,фрагмент,0.9814730286598206,0.018526971340179443,0.09224948287010193,0.9629461169242859,керамика,0.9874684810638428,0.012531518936157227,0.07571686804294586,0.9774339199066162,0.019097864627838135,0.1078773383051157,0.9686574041843414
data/raw/images/КБ-2014-Р5-0421_orig.jpg,КБ-2014-Р5-0421,тарелка,0.904324471950531,0.095675528049469,0.34158188104629517,0.8141344785690308,донце,0.8491341471672058,0.1508658528327942,0.46480536460876465,0.707114577293396,фрагмент,0.9994305968284607,0.0005694031715393066,0.004822803661227226,0.9988612532615662,фарфор,0.6349956393241882,0.36500436067581177,0.6966748237609863,0.27711600065231323,0.15302878618240356,0.37697121826931834,0.6993065774440765
data/raw/images/КБ-2014-Р5-0430_orig.jpg,КБ-2014-Р5-0430,изразец,0.48773953318595886,0.5122604370117188,0.9808623790740967,0.09292343258857727,венчик,0.8300445675849915,0.16995543241500854,0.6334129571914673,0.732803225517273,фрагмент,0.9991205334663391,0.0008794665336608887,0.007067236118018627,0.9982410669326782,керамика,0.9964420199394226,0.0035579800605773926,0.025363534688949585,0.9933634400367737,0.1716633290052414,0.41167652676813304,0.7043327912688255
data/raw/images/КБ-2014-Р5-0477_orig.jpg,КБ-2014-Р5-0477,изразец,0.7948706150054932,0.20512938499450684,0.5378643274307251,0.5949900150299072,донце,0.9123018383979797,0.08769816160202026,0.4046357274055481,0.8727102279663086,фрагмент,0.9916818737983704,0.008318126201629639,0.04812166094779968,0.9833637475967407,керамика,0.7550553679466248,0.24494463205337524,0.6006685495376587,0.5190140604972839,0.136522576212883,0.3978225663304329,0.7425195127725601
data/raw/images/КБ-2014-Р5-0486_orig.jpg,КБ-2014-Р5-0486,тарелка,0.5402510762214661,0.45974892377853394,0.8460272550582886,0.11791616678237915,донце,0.9544529914855957,0.0455470085144043,0.1956118643283844,0.9108483791351318,фрагмент,0.8502126932144165,0.1497873067855835,0.4223400354385376,0.7004253268241882,фарфор,0.9954767823219299,0.004523217678070068,0.0329614095389843,0.992425262928009,0.16490161418914795,0.3742351410910487,0.6804037839174271
data/raw/images/КБ-2014-Р5-0491_orig.jpg,КБ-2014-Р5-0491,тарелка,0.6476568579673767,0.3523431420326233,0.8004952669143677,0.33781948685646057,профиль,0.6127235293388367,0.38727647066116333,0.9071279764175415,0.3005639612674713,целый,0.9513735771179199,0.04862642288208008,0.19445081055164337,0.9027471542358398,фарфор,0.848696768283844,0.151303231716156,0.5050284266471863,0.7226710319519043,0.23488731682300568,0.6017756201326847,0.565950408577919
data/raw/images/КБ-2014-Р6-036_orig.jpg,КБ-2014-Р6-036,миска,0.9761900305747986,0.023809969425201416,0.13616728782653809,0.9617378115653992,венчик,0.6106845736503601,0.3893154263496399,0.6991453766822815,0.22639286518096924,фрагмент,0.9949061870574951,0.005093812942504883,0.03197464719414711,0.9898123741149902,керамика,0.8892041444778442,0.11079585552215576,0.38233983516693115,0.7860993146896362,0.1322537660598755,0.31240678671747446,0.7410105913877487
data/raw/images/КБ-2014-Р6-048_orig.jpg,КБ-2014-Р6-048,крышка,0.9986592531204224,0.0013407468795776367,0.011841395869851112,0.9979249238967896,ручка,0.8924339413642883,0.10756605863571167,0.40170377492904663,0.8004589676856995,целый,0.8633097410202026,0.13669025897979736,0.3989095687866211,0.7266194820404053,фарфор,0.7952311038970947,0.20476889610290527,0.6366989612579346,0.6299406290054321,0.11259149014949799,0.36228842521086335,0.7887360006570816
data/raw/images/КБ-2014-Р6-088_orig.jpg,КБ-2014-Р6-088,крышка,0.999723494052887,0.0002765059471130371,0.0028973491862416267,0.9995743036270142,ручка,0.9558667540550232,0.04413324594497681,0.24202950298786163,0.9387992024421692,целый,0.9856244325637817,0.014375567436218262,0.07525637000799179,0.9712488055229187,фарфор,0.9527475833892822,0.04725241661071777,0.23774957656860352,0.9239771366119385,0.02650943398475647,0.13948319968767464,0.9583998620510101
data/raw/images/КБ-2014-Р6-095_orig.jpg,КБ-2014-Р6-095,тарелка,0.6368557810783386,0.3631442189216614,0.6740614175796509,0.27647262811660767,донце,0.789472222328186,0.21052777767181396,0.5389765501022339,0.582910418510437,фрагмент,0.999201238155365,0.0007987618446350098,0.006495889741927385,0.9984024167060852,фарфор,0.8884471654891968,0.11155283451080322,0.4184345006942749,0.7975999116897583,0.1715058982372284,0.40949208952952176,0.663846343755722
data/raw/images/КБ-2014-Р6-097_orig.jpg,КБ-2014-Р6-097,крышка,0.9995367527008057,0.00046324729919433594,0.004627987742424011,0.9993563890457153,профиль,0.5688290596008301,0.4311709403991699,0.9285585880279541,0.2008390724658966,целый,0.9023250937461853,0.0976749062538147,0.319943904876709,0.8046502470970154,фарфор,0.9948040843009949,0.005195915699005127,0.03844583034515381,0.9921897053718567,0.13362625241279602,0.3228940777480602,0.749258853495121
data/raw/images/КБ-2014-Р6-122_orig.jpg,КБ-2014-Р6-122,тарелка,0.5233013033866882,0.47669869661331177,0.7585005760192871,0.05974063277244568,венчик,0.6417111754417419,0.35828882455825806,0.7955920696258545,0.3226994574069977,фрагмент,0.9998652935028076,0.0001347064971923828,0.0013351539382711053,0.9997305870056152,керамика,0.9915952086448669,0.008404791355133057,0.04950663819909096,0.9833570718765259,0.21088175475597382,0.4012336094456259,0.5913819372653961
data/raw/images/КБ-2014-Р6-137_orig.jpg,КБ-2014-Р6-137,крышка,0.9996911287307739,0.0003088712692260742,0.0031730560585856438,0.999556303024292,ручка,0.9903700947761536,0.009629905223846436,0.06769844144582748,0.9857773780822754,целый,0.9876027703285217,0.012397229671478271,0.06674740463495255,0.9752055406570435,фарфор,0.9314174056053162,0.06858259439468384,0.31619828939437866,0.8893383741378784,0.022729650139808655,0.11345429788343608,0.9624693989753723
data/raw/images/КБ-2014-Р6-183_orig.jpg,КБ-2014-Р6-183,крышка,0.6500454545021057,0.3499545454978943,0.8940534591674805,0.3961932957172394,профиль,0.754295289516449,0.24570471048355103,0.7903716564178467,0.598517656326294,фрагмент,0.989936351776123,0.010063648223876953,0.05629376694560051,0.9798727035522461,керамика,0.8811619281768799,0.11883807182312012,0.47090837359428406,0.8117338418960571,0.1811402440071106,0.5529068140313029,0.6965793743729591
data/raw/images/КБ-2014-Р6-193_orig.jpg,КБ-2014-Р6-193,тарелка,0.9144250154495239,0.08557498455047607,0.37065497040748596,0.8547768592834473,профиль,0.9249415993690491,0.07505840063095093,0.2854970097541809,0.8536526560783386,фрагмент,0.9970093965530396,0.0029906034469604492,0.020368246361613274,0.9940187931060791,фаянс,0.6932530403137207,0.3067469596862793,0.8076742887496948,0.4432036280632019,0.11759273707866669,0.37104862881824374,0.7864129841327667
data/raw/images/КБ-2014-Р6-199_orig.jpg,КБ-2014-Р6-199,блюдце,0.9173262119293213,0.08267378807067871,0.35396909713745117,0.8678554892539978,профиль,0.7174537777900696,0.2825462222099304,0.8113107681274414,0.559371292591095,фрагмент,0.9239906668663025,0.07600933313369751,0.2689129114151001,0.847981333732605,фарфор,0.9943841695785522,0.005615830421447754,0.03922466188669205,0.9904599785804749,0.1117112934589386,0.3683543596416712,0.8164170235395432
data/raw/images/КБ-2014-Р6-202_orig.jpg,КБ-2014-Р6-202,миска,0.9975324869155884,0.002467513084411621,0.021011482924222946,0.9967057704925537,профиль,0.6398802995681763,0.36011970043182373,0.9353774189949036,0.3819706439971924,фрагмент,0.9988287091255188,0.0011712908744812012,0.00907607190310955,0.9976574778556824,керамика,0.9980735778808594,0.001926422119140625,0.0161428339779377,0.9969981908798218,0.0914212316274643,0.24540195195004344,0.8433330208063126
data/raw/images/ЛАО-2012-М102-Ш1-004_orig.jpg,ЛАО-2012-М102-Ш1-004,миска,0.49465250968933105,0.505347490310669,0.8328673243522644,0.01712021231651306,профиль,0.8409887552261353,0.15901124477386475,0.4738982915878296,0.6886262893676758,фрагмент,0.9998613595962524,0.0001386404037475586,0.0013703049626201391,0.9997227191925049,керамика,0.9839768409729004,0.01602315902709961,0.09167888015508652,0.9705377221107483,0.17013013362884521,0.34995370026445016,0.6690017357468605
data/raw/images/ЛАО-2012-М102-Ш1-021_orig.jpg,ЛАО-2012-М102-Ш1-021,тарелка,0.9333655834197998,0.0666344165802002,0.2914946675300598,0.8853926062583923,профиль,0.5425237417221069,0.45747625827789307,0.7584689855575562,0.100176602602005,фрагмент,0.999234676361084,0.0007653236389160156,0.006256196182221174,0.9984694123268127,фарфор,0.9207848906517029,0.07921510934829712,0.2959810793399811,0.8458779454231262,0.1510227769613266,0.33805023215245456,0.7074791416525841
data/raw/images/ЛАО-2012-М102-Ш3-118_orig.jpg,ЛАО-2012-М102-Ш3-118,изразец,0.99980229139328,0.0001977086067199707,0.0020773292053490877,0.9996909499168396,профиль,0.764103353023529,0.23589664697647095,0.8298635482788086,0.6512366533279419,фрагмент,0.9204731583595276,0.07952684164047241,0.27761223912239075,0.8409463167190552,керамика,0.9999382495880127,6.175041198730469e-05,0.0007258559926413,0.9999004006385803,0.07892073690891266,0.27756974314979743,0.8729435801506042
data/raw/images/ЛАО-2012-М102-Ш3-131_orig.jpg,ЛАО-2012-М102-Ш3-131,тарелка,0.8449351191520691,0.1550648808479309,0.5093151330947876,0.7100989818572998,профиль,0.9596962332725525,0.04030376672744751,0.19915562868118286,0.93238365650177,фрагмент,0.9999781847000122,2.181529998779297e-05,0.0002561013970989734,0.9999563694000244,керамика,0.929604709148407,0.07039529085159302,0.2702794075012207,0.8628877997398376,0.06644643843173981,0.24475156766857253,0.876331701874733
data/raw/images/ЛАО-2012-М102-Ш3-132_orig.jpg,ЛАО-2012-М102-Ш3-132,миска,0.856194257736206,0.14380574226379395,0.5440577268600464,0.7617982625961304,венчик,0.8378510475158691,0.16214895248413086,0.509941816329956,0.6916978359222412,фрагмент,0.9999184608459473,8.153915405273438e-05,0.0008487439481541514,0.9998369812965393,керамика,0.9991660118103027,0.0008339881896972656,0.0073303282260894775,0.9985434412956238,0.0767175555229187,0.2655446538410615,0.8629691302776337
data/raw/images/ЛАО-2012-М102-Ш4-175_orig.jpg,ЛАО-2012-М102-Ш4-175,тарелка,0.9960411787033081,0.0039588212966918945,0.028736107051372528,0.9933273792266846,донце,0.7416930198669434,0.25830698013305664,0.6196785569190979,0.49287348985671997,фрагмент,0.9999606609344482,3.933906555175781e-05,0.0004380141035653651,0.9999213814735413,фаянс,0.6276440024375916,0.37235599756240845,0.7523359060287476,0.27556920051574707,0.15866528451442719,0.35029714602569584,0.6904228627681732
data/raw/images/ЛАО-2012-М102-Ш5-189_orig.jpg,ЛАО-2012-М102-Ш5-189,тарелка,0.9697757959365845,0.030224204063415527,0.14699675142765045,0.9425586462020874,донце,0.5729000568389893,0.42709994316101074,0.7033876776695251,0.1487240493297577,фрагмент,0.9995399713516235,0.00046002864837646484,0.003995280712842941,0.9990798830986023,фаянс,0.9786938428878784,0.021306157112121582,0.11345920711755753,0.9600753784179688,0.11977258324623108,0.24195972923189402,0.762609489262104
data/raw/images/ЛАО-2012-М102-Ш5-203_orig.jpg,ЛАО-2012-М102-Ш5-203,тарелка,0.8202782273292542,0.17972177267074585,0.5625612735748291,0.6658206582069397,профиль,0.9728646278381348,0.027135372161865234,0.13724151253700256,0.9491083025932312,фрагмент,0.9999736547470093,2.6345252990722656e-05,0.00030416122172027826,0.9999473094940186,фаянс,0.5509032607078552,0.4490967392921448,0.8591371774673462,0.14535793662071228,0.16399505734443665,0.38981103120022453,0.6900585517287254
data/raw/images/Маяк-11-Ш1-07_orig.jpg,Маяк-11-Ш1-07,крышка,0.9988908171653748,0.0011091828346252441,0.009408046491444111,0.9979897141456604,ручка,0.7792588472366333,0.2207411527633667,0.6393980979919434,0.5846481323242188,целый,0.9752513766288757,0.024748623371124268,0.11598452180624008,0.9505028128623962,фарфор,0.9744250774383545,0.025574922561645508,0.14729133248329163,0.9617400765419006,0.06804347038269043,0.2280204996932298,0.873720183968544
data/raw/images/Маяк-11-Ш3-72_orig.jpg,Маяк-11-Ш3-72,тарелка,0.9676937460899353,0.0323062539100647,0.14721937477588654,0.9361738562583923,донце,0.8745537996292114,0.12544620037078857,0.49067944288253784,0.8071699142456055,фрагмент,0.9999043941497803,9.560585021972656e-05,0.000980032840743661,0.9998088479042053,фаянс,0.9795612692832947,0.020438730716705322,0.11549273878335953,0.9663382768630981,0.04457169771194458,0.1885928973206319,0.9273727238178253
data/raw/images/Нц-102-1519_orig.jpg,Нц-102-1519,крышка,0.513717770576477,0.48628222942352295,0.8205695152282715,0.05354881286621094,донце,0.48893654346466064,0.5110634565353394,1.319226861000061,0.24725022912025452,фрагмент,0.9978415966033936,0.0021584033966064453,0.015404966659843922,0.9956832528114319,керамика,0.513624906539917,0.486375093460083,0.9333629012107849,0.08842840790748596,0.37146979570388794,0.7721410610247403,0.3462276756763458
data/raw/images/Нц-23-1058_orig.jpg,Нц-23-1058,тарелка,0.5500686168670654,0.44993138313293457,0.8689501285552979,0.15843749046325684,венчик,0.5230017304420471,0.4769982695579529,0.9501688480377197,0.1178644597530365,фрагмент,0.9997182488441467,0.0002817511558532715,0.002585143782198429,0.9994364380836487,керамика,0.9994848966598511,0.0005151033401489258,0.004761722404509783,0.9990995526313782,0.2319316267967224,0.45661646069493145,0.56870948523283
data/raw/images/Нц-23-1215_orig.jpg,Нц-23-1215,изразец,0.9886946082115173,0.011305391788482666,0.06445734947919846,0.9778626561164856,донце,0.8164716958999634,0.18352830410003662,0.6870788335800171,0.7228733897209167,фрагмент,0.9991763234138489,0.000823676586151123,0.0066727930679917336,0.9983526468276978,керамика,0.8489522337913513,0.15104776620864868,0.4381486177444458,0.7003130912780762,0.08667628467082977,0.29908939846791327,0.8498504459857941
data/raw/images/Нц-23-1785_orig.jpg,Нц-23-1785,изразец,0.9725750088691711,0.027424991130828857,0.1535337120294571,0.9552932381629944,донце,0.36505186557769775,0.6349481344223022,1.2630043029785156,0.03904080390930176,фрагмент,0.996575653553009,0.003424346446990967,0.022857964038848877,0.9931513071060181,керамика,0.9978524446487427,0.0021475553512573242,0.017907563596963882,0.997053325176239,0.16698625683784485,0.36432588566094637,0.7461346685886383
data/raw/images/Нц-23-2064_orig.jpg,Нц-23-2064,изразец,0.9993696808815002,0.0006303191184997559,0.006088280584663153,0.999104917049408,венчик,0.634498655796051,0.365501344203949,1.0434249639511108,0.4414325952529907,фрагмент,0.8119356632232666,0.1880643367767334,0.4834039807319641,0.6238713264465332,керамика,0.9998952150344849,0.00010478496551513672,0.0011700221803039312,0.9998278617858887,0.13857519626617432,0.3835218118620105,0.7660591751337051
data/raw/images/Нц-23-2163_orig.jpg,Нц-23-2163,тарелка,0.7900540232658386,0.20994597673416138,0.5611243844032288,0.590474009513855,профиль,0.39641568064689636,0.6035842895507812,1.2725374698638916,0.07972019910812378,фрагмент,0.9999699592590332,3.0040740966796875e-05,0.00034243398113176227,0.9999399781227112,керамика,0.9894189834594727,0.010581016540527344,0.06290990859270096,0.980085551738739,0.2060353308916092,0.47422854921023827,0.6625549346208572
data/raw/images/Нц-23-2188_orig.jpg,Нц-23-2188,изразец,0.9993066787719727,0.0006933212280273438,0.006408899091184139,0.9988306164741516,прочее,0.3038332164287567,0.6961667537689209,1.584257960319519,0.07376094162464142,фрагмент,0.9316233992576599,0.06837660074234009,0.24941934645175934,0.8632467985153198,керамика,0.9971539974212646,0.0028460025787353516,0.02277388982474804,0.995801568031311,0.19202066957950592,0.46571502392180264,0.732909981161356
data/raw/images/Нц-23-2271_orig.jpg,Нц-23-2271,изразец,0.845058262348175,0.15494173765182495,0.5461222529411316,0.7633446455001831,донце,0.6583245396614075,0.34167546033859253,1.0468568801879883,0.5003475546836853,фрагмент,0.9951282739639282,0.004871726036071777,0.03079860843718052,0.9902564883232117,керамика,0.9966083765029907,0.0033916234970092773,0.025068290531635284,0.9939116835594177,0.12622013688087463,0.4122115080244839,0.8119650930166245
data/raw/images/Нц-25-0093_orig.jpg,Нц-25-0093,изразец,0.9991565942764282,0.0008434057235717773,0.007644630968570709,0.9986016750335693,профиль,0.9255651235580444,0.07443487644195557,0.3334261178970337,0.8765947222709656,фрагмент,0.9958813190460205,0.004118680953979492,0.02673109993338585,0.9917625784873962,керамика,0.9975123405456543,0.002487659454345703,0.019825825467705727,0.9963606595993042,0.020471155643463135,0.096906918566674,0.9658299088478088
data/raw/images/Нц-25-0417_orig.jpg,Нц-25-0417,изразец,0.6351218819618225,0.3648781180381775,0.6955664157867432,0.2772224545478821,профиль,0.8860122561454773,0.1139877438545227,0.4217270016670227,0.7902643084526062,фрагмент,0.9998869895935059,0.00011301040649414062,0.0011402476811781526,0.9997739791870117,керамика,0.9996587038040161,0.0003412961959838867,0.0033727753907442093,0.9994189143180847,0.11983004212379456,0.28045161013142206,0.7666699141263962
data/raw/images/Нц-26-027_orig.jpg,Нц-26-027,изразец,0.976459264755249,0.023540735244750977,0.14325080811977386,0.9680312275886536,донце,0.5313917398452759,0.4686082601547241,1.1427302360534668,0.2334214448928833,фрагмент,0.8666755557060242,0.13332444429397583,0.3926578462123871,0.7333510518074036,керамика,0.9883411526679993,0.011658847332000732,0.07751282304525375,0.9825119972229004,0.15928307175636292,0.4390379283577204,0.7293289303779602
data/raw/images/Нц-27-261_orig.jpg,Нц-27-261,изразец,0.9977103471755981,0.0022896528244018555,0.016763584688305855,0.9955426454544067,донце,0.8246029019355774,0.1753970980644226,0.6609214544296265,0.7303076386451721,фрагмент,0.9936246871948242,0.006375312805175781,0.03858394920825958,0.9872494339942932,керамика,0.9980629086494446,0.00193709135055542,0.014573737978935242,0.9962460398674011,0.046499788761138916,0.18271068157628179,0.9273364394903183
data/raw/images/Нц-27-537_orig.jpg,Нц-27-537,изразец,0.9856969118118286,0.014303088188171387,0.08819518238306046,0.9786532521247864,прочее,0.3802936375141144,0.619706392288208,1.4345152378082275,0.11579751968383789,фрагмент,0.9858205318450928,0.014179468154907227,0.07442586869001389,0.9716410040855408,керамика,0.9988347887992859,0.0011652112007141113,0.010324003174901009,0.9982829689979553,0.16233853995800018,0.4018650730140507,0.7660936862230301
data/raw/images/Нц-27-591_orig.jpg,Нц-27-591,изразец,0.99273282289505,0.007267177104949951,0.04932589456439018,0.9887192845344543,венчик,0.8900933265686035,0.10990667343139648,0.3937862813472748,0.7907354235649109,фрагмент,0.9959291815757751,0.0040708184242248535,0.02646779641509056,0.9918584227561951,керамика,0.9981502294540405,0.0018497705459594727,0.014413188211619854,0.9965583086013794,0.03077360987663269,0.12099829013459384,0.9419678598642349
data/raw/images/Нц-30-131_orig.jpg,Нц-30-131,изразец,0.6344904899597168,0.3655095100402832,0.9315165877342224,0.3605733811855316,венчик,0.9595951437950134,0.04040485620498657,0.2153806835412979,0.9398066401481628,фрагмент,0.9972060322761536,0.0027939677238464355,0.019219329580664635,0.9944120645523071,керамика,0.9997377991676331,0.00026220083236694336,0.0027212859131395817,0.999626874923706,0.10224263370037079,0.29220947169233114,0.8236047402024269
data/raw/images/Нц-30-662_orig.jpg,Нц-30-662,крышка,0.5504038333892822,0.4495961666107178,1.0394779443740845,0.297970175743103,донце,0.8221384882926941,0.1778615117073059,0.6128073334693909,0.7008652091026306,фрагмент,0.9374642372131348,0.06253576278686523,0.23388861119747162,0.8749284148216248,фаянс,0.763663649559021,0.236336350440979,0.7063145637512207,0.5763521194458008,0.23158244788646698,0.6481221131980419,0.6125289797782898
data/raw/images/Нц-30-733_orig.jpg,Нц-30-733,тарелка,0.8627381324768066,0.13726186752319336,0.45475509762763977,0.7374136447906494,донце,0.5408331155776978,0.45916688442230225,0.7176517248153687,0.08570775389671326,фрагмент,0.8229469060897827,0.17705309391021729,0.4668954312801361,0.6458938121795654,фаянс,0.9381222128868103,0.0618777871131897,0.2689390778541565,0.8889008164405823,0.20883990824222565,0.47706033289432526,0.5894790068268776
data/raw/images/Нц-30-982_orig.jpg,Нц-30-982,крышка,0.668877124786377,0.33112287521362305,0.954131007194519,0.5108475685119629,профиль,0.6300074458122253,0.36999255418777466,0.7898760437965393,0.29164811968803406,фрагмент,0.9834288954734802,0.016571104526519775,0.08437630534172058,0.9668577313423157,керамика,0.8994460701942444,0.10055392980575562,0.36632633209228516,0.8098308444023132,0.20456011593341827,0.548677422106266,0.6447960659861565
data/raw/images/Нц-31-0148_orig.jpg,Нц-31-0148,изразец,0.8408877849578857,0.15911221504211426,0.6112366914749146,0.7447777390480042,профиль,0.5814181566238403,0.41858184337615967,1.1515942811965942,0.33565032482147217,фрагмент,0.9949943423271179,0.00500565767288208,0.031509023159742355,0.9899886846542358,керамика,0.828599750995636,0.171400249004364,0.5454918742179871,0.6788488626480103,0.18852499127388,0.5849579675123096,0.6873164027929306
data/raw/images/Нц-31-0204_orig.jpg,Нц-31-0204,изразец,0.6415373086929321,0.35846269130706787,0.7246444225311279,0.29685014486312866,донце,0.3851129710674286,0.614886999130249,1.2910377979278564,0.08161008358001709,фрагмент,0.9945583343505859,0.0054416656494140625,0.0337982252240181,0.9891166090965271,керамика,0.8839629888534546,0.11603701114654541,0.3828197419643402,0.7729148268699646,0.2737070918083191,0.6080750469118357,0.5351229161024094
data/raw/images/Нц-31-0391_orig.jpg,Нц-31-0391,изразец,0.9233976602554321,0.07660233974456787,0.3123420178890228,0.8606054186820984,венчик,0.905533492565155,0.09446650743484497,0.44190743565559387,0.8749034404754639,фрагмент,0.9990406632423401,0.0009593367576599121,0.007625417783856392,0.9980813264846802,керамика,0.9924688935279846,0.007531106472015381,0.05060134828090668,0.9872045516967773,0.044889822602272034,0.20311905490234494,0.9301986843347549
data/raw/images/Нц-31-0593_orig.jpg,Нц-31-0593,изразец,0.8829571604728699,0.11704283952713013,0.4412703514099121,0.8058621287345886,донце,0.5091705918312073,0.4908294081687927,0.9916397333145142,0.11207741498947144,фрагмент,0.9983580708503723,0.0016419291496276855,0.012168564833700657,0.9967161417007446,керамика,0.9994198083877563,0.0005801916122436523,0.005454628728330135,0.9990939497947693,0.15252359211444855,0.36263331957161427,0.7284374088048935
data/raw/images/Нц-32-0062_orig.jpg,Нц-32-0062,изразец,0.9954570531845093,0.004542946815490723,0.03228873759508133,0.9926163554191589,профиль,0.4373287260532379,0.5626713037490845,1.198608160018921,0.15965181589126587,фрагмент,0.9986165761947632,0.0013834238052368164,0.01048986054956913,0.9972331523895264,керамика,0.9997385144233704,0.00026148557662963867,0.0026858095079660416,0.9995970726013184,0.1422147899866104,0.31101814191788435,0.7872745990753174
data/raw/images/Нц-32-0063_orig.jpg,Нц-32-0063,тарелка,0.9769136309623718,0.023086369037628174,0.12286032736301422,0.9583024382591248,профиль,0.5699643492698669,0.43003565073013306,0.7002795934677124,0.1423451006412506,фрагмент,0.9991639852523804,0.0008360147476196289,0.00676020747050643,0.9983279705047607,фаянс,0.9386380314826965,0.06136196851730347,0.2699173390865326,0.8943922519683838,0.12883000075817108,0.2749543668469414,0.74834194034338
data/raw/images/Нц-32-0130_orig.jpg,Нц-32-0130,изразец,0.9821404814720154,0.01785951852798462,0.10842554271221161,0.9731138348579407,венчик,0.7144547700881958,0.2855452299118042,0.8625928163528442,0.5549434423446655,фрагмент,0.9862955212593079,0.013704478740692139,0.072402723133564,0.9725910425186157,керамика,0.9998227953910828,0.00017720460891723633,0.0019112671725451946,0.9997562170028687,0.07932160794734955,0.26133308734279126,0.8751011341810226
data/raw/images/Нц-32-0339_orig.jpg,Нц-32-0339,тарелка,0.9315206408500671,0.06847935914993286,0.283640593290329,0.8733140826225281,донце,0.7800350785255432,0.2199649214744568,0.649997353553772,0.6021715402603149,фрагмент,0.9988208413124084,0.0011791586875915527,0.009129105135798454,0.9976417422294617,керамика,0.9782042503356934,0.02179574966430664,0.10765141993761063,0.9569271802902222,0.07785479724407196,0.2626046179793775,0.8575136363506317
data/raw/images/Нц-32-0837_orig.jpg,Нц-32-0837,изразец,0.9961104989051819,0.0038895010948181152,0.02617568150162697,0.9923672080039978,профиль,0.6044950485229492,0.3955049514770508,0.9110820293426514,0.2785637080669403,фрагмент,0.9912914037704468,0.008708596229553223,0.04997919127345085,0.9825828671455383,керамика,0.9685080051422119,0.031491994857788086,0.15388518571853638,0.9415066242218018,0.10989876091480255,0.2852805219590664,0.7987551018595695
data/raw/images/Нц-32-0918_orig.jpg,Нц-32-0918,миска,0.48629409074783325,0.5137059092521667,1.279693841934204,0.28460052609443665,профиль,0.8950468301773071,0.10495316982269287,0.39467763900756836,0.8056631088256836,фрагмент,0.998977780342102,0.0010222196578979492,0.008060584776103497,0.9979555606842041,керамика,0.9993647933006287,0.0006352066993713379,0.005690803285688162,0.9988456964492798,0.15507912635803223,0.42203071725089103,0.771766223013401
data/raw/images/Нц-32-0937_orig.jpg,Нц-32-0937,тарелка,0.9851660132408142,0.014833986759185791,0.08417651057243347,0.9722686409950256,венчик,0.6252918243408203,0.3747081756591797,0.8940504789352417,0.35854479670524597,фрагмент,0.9997796416282654,0.00022035837173461914,0.002075621858239174,0.9995592832565308,керамика,0.61762535572052,0.38237464427948,0.6783444285392761,0.23717346787452698,0.19303429126739502,0.4146617599762976,0.6418865472078323
data/raw/images/Нц-32-1037_orig.jpg,Нц-32-1037,тарелка,0.6360570788383484,0.3639429211616516,0.8464686274528503,0.3439134657382965,венчик,0.8760431408882141,0.12395685911178589,0.47359851002693176,0.7974691987037659,фрагмент,0.9993404746055603,0.0006595253944396973,0.005489794537425041,0.9986809492111206,керамика,0.9960338473320007,0.003966152667999268,0.029302231967449188,0.9938159584999084,0.12313136458396912,0.3387147909961641,0.7834698930382729
data/raw/images/Нц-33-0068_orig.jpg,Нц-33-0068,тарелка,0.990820586681366,0.009179413318634033,0.05492890998721123,0.9822707176208496,донце,0.9459596276283264,0.054040372371673584,0.24807575345039368,0.9046662449836731,фрагмент,0.9995971322059631,0.00040286779403686523,0.003552251262590289,0.9991942048072815,фаянс,0.9274497032165527,0.07255029678344727,0.27662402391433716,0.8585864901542664,0.03404323756694794,0.1457952346536331,0.9361794143915176
data/raw/images/Нц-33-0072_orig.jpg,Нц-33-0072,изразец,0.9472827315330505,0.05271726846694946,0.2434931993484497,0.9146299362182617,венчик,0.36402231454849243,0.6359776854515076,1.3824814558029175,0.035953372716903687,фрагмент,0.9902106523513794,0.009789347648620605,0.05503125488758087,0.9804213047027588,керамика,0.9998337030410767,0.00016629695892333984,0.0017438975628465414,0.9997079968452454,0.17466264963150024,0.42068745190044865,0.7326781526207924
data/raw/images/Нц-33-0075_orig.jpg,Нц-33-0075,тарелка,0.944475531578064,0.055524468421936035,0.24697567522525787,0.901779294013977,венчик,0.7505600452423096,0.24943995475769043,0.6850529313087463,0.5413403511047363,фрагмент,0.9999681711196899,3.1828880310058594e-05,0.000361559446901083,0.9999363422393799,фаянс,0.5360289812088013,0.46397101879119873,0.7821447849273682,0.09103158116340637,0.1922418177127838,0.42863373772706836,0.6335218921303749
data/raw/images/Нц-33-0113_orig.jpg,Нц-33-0113,блюдце,0.6351802349090576,0.3648197650909424,0.7070167064666748,0.2800259590148926,профиль,0.9743479490280151,0.025652050971984863,0.1268719732761383,0.9502439498901367,фрагмент,0.9870007038116455,0.012999296188354492,0.06936834752559662,0.9740014672279358,фарфор,0.9230087399482727,0.0769912600517273,0.2868439257144928,0.8491067290306091,0.12011559307575226,0.29752523824572563,0.7633445262908936
data/raw/images/Нц-33-0179_orig.jpg,Нц-33-0179,блюдце,0.5397135615348816,0.4602864384651184,0.801393985748291,0.10108327865600586,профиль,0.988661527633667,0.011338472366333008,0.0643407478928566,0.9777698516845703,фрагмент,0.9841741323471069,0.015825867652893066,0.08131590485572815,0.9683482050895691,фарфор,0.6374114155769348,0.3625885844230652,0.6805208921432495,0.27881762385368347,0.21250984072685242,0.4068928826600313,0.5815047398209572
data/raw/images/Нц-33-0621_orig.jpg,Нц-33-0621,тарелка,0.9455908536911011,0.054409146308898926,0.2721288800239563,0.9189953207969666,донце,0.8150603771209717,0.18493962287902832,0.667661190032959,0.7166343927383423,фрагмент,0.9996435642242432,0.00035643577575683594,0.0031865211203694344,0.9992870688438416,керамика,0.6656370759010315,0.3343629240989685,0.7210445404052734,0.3509748578071594,0.14351703226566315,0.41600528289563954,0.7464729100465775
data/raw/images/Нц-33-1686_orig.jpg,Нц-33-1686,тарелка,0.5230019092559814,0.47699809074401855,1.0902814865112305,0.17763951420783997,донце,0.4103963375091553,0.5896036624908447,1.255707859992981,0.02509954571723938,фрагмент,0.9998478889465332,0.00015211105346679688,0.0014889149460941553,0.9996958374977112,керамика,0.730491042137146,0.269508957862854,0.8039170503616333,0.5353723764419556,0.334065705537796,0.7878488279529847,0.4344518184661865
data/raw/images/Нц-33-2946_orig.jpg,Нц-33-2946,тарелка,0.9975885152816772,0.002411484718322754,0.019298307597637177,0.9960163831710815,профиль,0.5067530870437622,0.4932469129562378,0.7182149887084961,0.017539024353027344,фрагмент,0.999813973903656,0.00018602609634399414,0.001783687504939735,0.999627947807312,фаянс,0.7212209105491638,0.2787790894508362,0.68995201587677,0.4730978012084961,0.19365587830543518,0.35731224992196076,0.6215702891349792
data/raw/images/Нц-33-2470_orig.jpg,Нц-33-2470,изразец,0.8872062563896179,0.11279374361038208,0.41808873414993286,0.8022050857543945,венчик,0.4430801570415497,0.5569198131561279,1.2750252485275269,0.15300476551055908,фрагмент,0.9984149932861328,0.0015850067138671875,0.01180233247578144,0.9968300461769104,керамика,0.9928902387619019,0.0071097612380981445,0.04630299657583237,0.9869134426116943,0.16960208117961884,0.4378048279322684,0.7347383350133896
data/raw/images/Нц-33-2608_orig.jpg,Нц-33-2608,тарелка,0.46679070591926575,0.5332093238830566,1.0973663330078125,0.105203777551651,донце,0.7565006017684937,0.24349939823150635,0.902972936630249,0.6737896800041199,фрагмент,0.98639976978302,0.01360023021697998,0.07195645570755005,0.9727995991706848,фарфор,0.5908249020576477,0.4091750979423523,0.7880973815917969,0.20431780815124512,0.2998710125684738,0.7150982767343521,0.4890277162194252
data/raw/images/Нц-33-2748_orig.jpg,Нц-33-2748,изразец,0.9161187410354614,0.08388125896453857,0.36026468873023987,0.8620955348014832,донце,0.48798224329948425,0.5120177268981934,1.3104944229125977,0.2181704044342041,фрагмент,0.9909546971321106,0.009045302867889404,0.05156693607568741,0.9819093942642212,керамика,0.9979572296142578,0.0020427703857421875,0.016839370131492615,0.9968118667602539,0.15174676477909088,0.4347913544625044,0.7647468000650406
data/raw/images/Нц-33-2751_orig.jpg,Нц-33-2751,миска,0.9981080293655396,0.0018919706344604492,0.015265177935361862,0.9969596862792969,венчик,0.5834383368492126,0.41656166315078735,0.8143455982208252,0.19918686151504517,фрагмент,0.9993357062339783,0.0006642937660217285,0.00552467443048954,0.9986714124679565,керамика,0.999473512172699,0.0005264878273010254,0.00498045701533556,0.9991393685340881,0.10491110384464264,0.21002897690050304,0.7984893321990967
data/raw/images/Нц-33-2813_orig.jpg,Нц-33-2813,тарелка,0.7767531871795654,0.22324681282043457,0.5577759742736816,0.5584917068481445,венчик,0.9363634586334229,0.06363654136657715,0.2772257626056671,0.8859605193138123,фрагмент,0.9999074935913086,9.250640869140625e-05,0.0009517193539068103,0.9998149871826172,керамика,0.8812277913093567,0.11877220869064331,0.37271755933761597,0.7637432813644409,0.10143701732158661,0.3021677538927179,0.8020026236772537
data/raw/images/Нц-33-2934_orig.jpg,Нц-33-2934,тарелка,0.5928954482078552,0.4071045517921448,0.6978002190589905,0.18922743201255798,венчик,0.982937753200531,0.017062246799468994,0.10756838321685791,0.9762886166572571,фрагмент,0.9994133710861206,0.0005866289138793945,0.004951442591845989,0.9988267421722412,керамика,0.9988697171211243,0.0011302828788757324,0.010004370473325253,0.998298168182373,0.10647092759609222,0.2050811038352549,0.7906602397561073
data/raw/images/Нц-33-2959_orig.jpg,Нц-33-2959,тарелка,0.9635761976242065,0.03642380237579346,0.16345690190792084,0.9286025762557983,венчик,0.9876421689987183,0.012357831001281738,0.07453946769237518,0.9784152507781982,фрагмент,0.9999698400497437,3.0159950256347656e-05,0.00034359924029558897,0.9999397397041321,керамика,0.6706233024597168,0.3293766975402832,0.6569327712059021,0.3452637195587158,0.09454712271690369,0.22381818501162343,0.8130553215742111
data/raw/images/Нц-33-2987_orig.jpg,Нц-33-2987,тарелка,0.9663569331169128,0.03364306688308716,0.18989303708076477,0.9525415897369385,донце,0.7448248863220215,0.2551751136779785,0.6925013065338135,0.5249358415603638,фрагмент,0.9916714429855347,0.008328557014465332,0.04817168787121773,0.9833428263664246,фаянс,0.9784504771232605,0.021549522876739502,0.12158478051424026,0.967913806438446,0.07967406511306763,0.26303770300000906,0.8571835160255432
data/raw/images/Нц-33-4872_orig.jpg,Нц-33-4872,тарелка,0.9901005625724792,0.009899437427520752,0.05991637706756592,0.9812489151954651,донце,0.9493632912635803,0.05063670873641968,0.21008795499801636,0.9004923701286316,фрагмент,0.9986996650695801,0.0013003349304199219,0.009940164163708687,0.9973993897438049,фаянс,0.9905754327774048,0.009424567222595215,0.05674748867750168,0.9819653034210205,0.01781526207923889,0.08417299622669816,0.9652764946222305
data/raw/images/Нц-33-5186_orig.jpg,Нц-33-5186,миска,0.5478830337524414,0.4521169662475586,1.2095768451690674,0.3830714225769043,профиль,0.7604308724403381,0.23956912755966187,0.8338451981544495,0.6514316201210022,фрагмент,0.9963208436965942,0.0036791563034057617,0.02429424598813057,0.9926416873931885,керамика,0.9925823211669922,0.0074176788330078125,0.04756951704621315,0.9862146973609924,0.1756957322359085,0.5288214515894651,0.7533398568630219
data/raw/images/Нц-33-5293_orig.jpg,Нц-33-5293,тарелка,0.7793193459510803,0.22068065404891968,0.588866114616394,0.5746238231658936,венчик,0.7681248188018799,0.23187518119812012,0.6177904605865479,0.5532126426696777,фрагмент,0.998076319694519,0.001923680305480957,0.013951556757092476,0.9961526393890381,керамика,0.982262134552002,0.017737865447998047,0.10160831362009048,0.9704605937004089,0.1180543452501297,0.3305541113950312,0.7736124247312546
data/raw/images/Нц-33-5509_orig.jpg,Нц-33-5509,изразец,0.4256020188331604,0.5743979811668396,1.2061407566070557,0.026275277137756348,донце,0.8590753674507141,0.1409246325492859,0.5696436762809753,0.7976751923561096,фрагмент,0.9542079567909241,0.04579204320907593,0.18593373894691467,0.9084158539772034,фаянс,0.7382681965827942,0.2617318034172058,0.641564667224884,0.4905795454978943,0.2557116150856018,0.6508207097649574,0.5557364672422409
data/raw/images/Нц-33-5519_orig.jpg,Нц-33-5519,тарелка,0.518444299697876,0.481555700302124,1.0199795961380005,0.19049033522605896,профиль,0.5831418633460999,0.41685813665390015,0.7330889701843262,0.17657381296157837,фрагмент,0.9995865225791931,0.00041347742080688477,0.0036348544526845217,0.9991730451583862,керамика,0.9966744184494019,0.0033255815505981445,0.023494064807891846,0.9936602711677551,0.2255382239818573,0.44504937139572576,0.5899743661284447
data/raw/images/Нц-33-5520_orig.jpg,Нц-33-5520,тарелка,0.9785715341567993,0.021428465843200684,0.1213546097278595,0.9623604416847229,профиль,0.4948612153530121,0.5051387548446655,1.0199344158172607,0.10663294792175293,фрагмент,0.9997403025627136,0.00025969743728637695,0.002403526334092021,0.9994806051254272,фаянс,0.8941388726234436,0.1058611273765564,0.4134383797645569,0.821948230266571,0.15817201137542725,0.3892827329109423,0.7226055562496185
data/raw/images/Нц-33-5599_orig.jpg,Нц-33-5599,тарелка,0.9515433311462402,0.048456668853759766,0.2171197533607483,0.9103583097457886,венчик,0.4688311815261841,0.5311688184738159,1.075810194015503,0.17082148790359497,фрагмент,0.9998966455459595,0.00010335445404052734,0.001052152132615447,0.9997932314872742,керамика,0.8623785376548767,0.1376214623451233,0.40609005093574524,0.725610077381134,0.17933757603168488,0.425018037611153,0.7016457766294479
data/raw/images/Нц-33-5728_orig.jpg,Нц-33-5728,изразец,0.6760861873626709,0.3239138126373291,0.8802682757377625,0.480151891708374,венчик,0.9196456074714661,0.08035439252853394,0.3374401926994324,0.8573329448699951,фрагмент,0.9879712462425232,0.012028753757476807,0.06512865424156189,0.9759424924850464,керамика,0.9998430013656616,0.0001569986343383789,0.0017214136896654963,0.9997839331626892,0.10411348938941956,0.32113963409210555,0.8283028155565262
data/raw/images/Нц-33-5749_orig.jpg,Нц-33-5749,тарелка,0.8081216216087341,0.19187837839126587,0.5278427004814148,0.6242799758911133,профиль,0.621415913105011,0.378584086894989,0.7860662937164307,0.2673764228820801,фрагмент,0.9977126121520996,0.0022873878479003906,0.016192996874451637,0.9954252243041992,фарфор,0.5386579632759094,0.4613420367240906,0.7520654201507568,0.08852961659431458,0.25852297246456146,0.5205418528057635,0.4939028099179268
data/raw/images/Нц-33-5758_orig.jpg,Нц-33-5758,тарелка,0.999647855758667,0.0003521442413330078,0.0033280220814049244,0.9993398785591125,донце,0.9967501163482666,0.0032498836517333984,0.023466777056455612,0.9938846826553345,фрагмент,0.9999027252197266,9.72747802734375e-05,0.00099573761690408,0.9998054504394531,фаянс,0.8987816572189331,0.1012183427810669,0.3490387201309204,0.8020980954170227,0.026229411363601685,0.09420731422142126,0.9487820267677307
data/raw/images/Нц-33-5782_orig.jpg,Нц-33-5782,миска,0.7912341952323914,0.20876580476760864,0.6585823893547058,0.6437973976135254,венчик,0.9922312498092651,0.007768750190734863,0.052617937326431274,0.9879658818244934,фрагмент,0.9969184398651123,0.0030815601348876953,0.020895447582006454,0.9938368797302246,керамика,0.9989644289016724,0.0010355710983276367,0.008716738782823086,0.9980927109718323,0.05516292154788971,0.18520312826149166,0.9059232175350189
data/raw/images/Нц-33-5829_orig.jpg,Нц-33-5829,тарелка,0.7652058601379395,0.23479413986206055,0.559745192527771,0.5327980518341064,венчик,0.9752805233001709,0.0247194766998291,0.1296876072883606,0.9556734561920166,фрагмент,0.9994800686836243,0.0005199313163757324,0.004451938439160585,0.9989600777626038,керамика,0.9989805817604065,0.0010194182395935059,0.008443880826234818,0.9980591535568237,0.06526324152946472,0.17558215477038175,0.8713726848363876
data/raw/images/Нц-33-5842_orig.jpg,Нц-33-5842,тарелка,0.8232843279838562,0.1767156720161438,0.5815637707710266,0.705958902835846,профиль,0.6992664933204651,0.3007335066795349,0.8243664503097534,0.48870205879211426,фрагмент,0.999128520488739,0.0008714795112609863,0.007010896690189838,0.998257040977478,керамика,0.9980313181877136,0.001968681812286377,0.014945579692721367,0.9962418675422668,0.12007233500480652,0.3569716743659228,0.7972899675369263
data/raw/images/Нц-34-081_orig.jpg,Нц-34-081,изразец,0.9459946155548096,0.05400538444519043,0.21657340228557587,0.8931112289428711,венчик,0.44096237421035767,0.5590376257896423,1.183766484260559,0.12552624940872192,фрагмент,0.997826874256134,0.002173125743865967,0.015495067462325096,0.9956538081169128,керамика,0.988249659538269,0.011750340461730957,0.0732579231262207,0.9803207516670227,0.15674161911010742,0.3722732192836702,0.7486530095338821
data/raw/images/Нц-34-099_orig.jpg,Нц-34-099,изразец,0.9809460043907166,0.019053995609283447,0.09669818729162216,0.9623286724090576,венчик,0.6601392030715942,0.33986079692840576,0.9677042365074158,0.49573206901550293,фрагмент,0.881982147693634,0.11801785230636597,0.3629569411277771,0.7639643549919128,керамика,0.9928717017173767,0.007128298282623291,0.0490884855389595,0.9892466068267822,0.12101523578166962,0.36911196261644363,0.8028179258108139
data/raw/images/Нц-35-033_orig.jpg,Нц-35-033,тарелка,0.9803658127784729,0.0196341872215271,0.09879497438669205,0.9610793590545654,донце,0.9988436698913574,0.0011563301086425781,0.009436393156647682,0.9977922439575195,фрагмент,0.9920811653137207,0.007918834686279297,0.046202655881643295,0.9841623306274414,фаянс,0.9826951622962952,0.017304837703704834,0.08988593518733978,0.965852677822113,0.011503547430038452,0.0610799896530807,0.9772216528654099
data/raw/images/Нц-35-190_orig.jpg,Нц-35-190,блюдце,0.9671000838279724,0.03289991617202759,0.15688782930374146,0.9371688961982727,профиль,0.5499516129493713,0.45004838705062866,0.8809549808502197,0.15069198608398438,целый,0.7093210220336914,0.2906789779663086,0.602758526802063,0.4186421036720276,фарфор,0.8981178998947144,0.10188210010528564,0.38025233149528503,0.8118324279785156,0.21887734532356262,0.5052134171128273,0.5795838534832001
data/raw/images/Нц-35-225_orig.jpg,Нц-35-225,тарелка,0.9374784827232361,0.06252151727676392,0.24906966090202332,0.8779137134552002,профиль,0.6629975438117981,0.3370024561882019,0.6612161993980408,0.32930296659469604,фрагмент,0.9998748302459717,0.0001251697540283203,0.0012500685406848788,0.9997496604919434,фаянс,0.8820787668228149,0.11792123317718506,0.38084539771080017,0.7676143050193787,0.1293925940990448,0.3230953316378873,0.7436451613903046
data/raw/images/Нц-36-274_orig.jpg,Нц-36-274,тарелка,0.9920387268066406,0.007961273193359375,0.056206680834293365,0.9887169003486633,донце,0.9550522565841675,0.04494774341583252,0.2112269252538681,0.9169423580169678,фрагмент,0.999972939491272,2.7060508728027344e-05,0.00031163255334831774,0.999945878982544,фаянс,0.9875374436378479,0.0124625563621521,0.07908034324645996,0.9818505644798279,0.016349658370018005,0.08670639547199244,0.9718639254570007
data/raw/images/Нц-36-397_orig.jpg,Нц-36-397,тарелка,0.50534987449646,0.49465012550354004,0.8290166258811951,0.04413306713104248,профиль,0.95378577709198,0.04621422290802002,0.227003812789917,0.929040253162384,фрагмент,0.9989683628082275,0.001031637191772461,0.008125043474137783,0.9979367852210999,керамика,0.9944104552268982,0.005589544773101807,0.03565795719623566,0.9890402555465698,0.13687138259410858,0.2749508598353714,0.740037590265274
data/raw/images/Нц-36-503_orig.jpg,Нц-36-503,тарелка,0.9480997920036316,0.05190020799636841,0.268647700548172,0.9289520382881165,венчик,0.8122517466545105,0.1877482533454895,0.6087865233421326,0.6660662889480591,фрагмент,0.999609649181366,0.0003903508186340332,0.003454327816143632,0.9992192387580872,керамика,0.7882853746414185,0.21171462535858154,0.5941557884216309,0.5981938242912292,0.11293835937976837,0.36876108503201976,0.798107847571373
data/raw/images/Нц-36-704_orig.jpg,Нц-36-704,тарелка,0.9644628167152405,0.03553718328475952,0.17744509875774384,0.9392329454421997,профиль,0.7748242020606995,0.22517579793930054,0.6662755012512207,0.6059935688972473,фрагмент,0.9999263286590576,7.367134094238281e-05,0.0007744455942884088,0.99985271692276,керамика,0.9716397523880005,0.02836024761199951,0.13766951858997345,0.945428729057312,0.07228672504425049,0.2455411410483066,0.8726269900798798
data/raw/images/Нц-37-0054_orig.jpg,Нц-37-0054,изразец,0.8738176226615906,0.12618237733840942,0.38713791966438293,0.7488143444061279,профиль,0.7651685476303101,0.23483145236968994,0.6199829578399658,0.5454022884368896,фрагмент,0.9998107552528381,0.00018924474716186523,0.001812018221244216,0.9996214509010315,керамика,0.8743168711662292,0.12568312883377075,0.4238032102584839,0.7603591084480286,0.121721550822258,0.3581840264960192,0.7635492980480194
data/raw/images/Нц-37-0071_orig.jpg,Нц-37-0071,тарелка,0.5468716025352478,0.4531283974647522,0.9446460604667664,0.18745508790016174,венчик,0.828231930732727,0.17176806926727295,0.5908334255218506,0.7021295428276062,фрагмент,0.9943423271179199,0.005657672882080078,0.03491881862282753,0.9886845946311951,керамика,0.9983751773834229,0.0016248226165771484,0.013952060602605343,0.9976481199264526,0.1580447405576706,0.39608759130351245,0.7189793363213539
data/raw/images/Нц-37-0125_orig.jpg,Нц-37-0125,изразец,0.9979181885719299,0.0020818114280700684,0.017053311690688133,0.9968380331993103,профиль,0.2962048351764679,0.7037951946258545,1.547214150428772,0.07588033378124237,фрагмент,0.9790488481521606,0.020951151847839355,0.10171809047460556,0.9580976963043213,керамика,0.9973425269126892,0.002657473087310791,0.02139992266893387,0.9960874915122986,0.18237140774726868,0.4218463688157499,0.7567258886992931
data/raw/images/Нц-37-0195_orig.jpg,Нц-37-0195,изразец,0.99973064661026,0.00026935338973999023,0.0027412734925746918,0.9995537996292114,профиль,0.9380332231521606,0.061966776847839355,0.3116244673728943,0.9096056818962097,фрагмент,0.7859587073326111,0.21404129266738892,0.5192620754241943,0.5719174146652222,керамика,0.9991360306739807,0.0008639693260192871,0.007809935137629509,0.9986962676048279,0.06928534805774689,0.2103594378568232,0.8699432909488678
data/raw/images/Нц-37-0203_orig.jpg,Нц-37-0203,миска,0.7641821503639221,0.23581784963607788,0.5777791142463684,0.5337768793106079,венчик,0.669514536857605,0.330485463142395,0.6564822196960449,0.3425613343715668,фрагмент,0.9960605502128601,0.003939449787139893,0.025743266567587852,0.9921211004257202,керамика,0.9960017800331116,0.003998219966888428,0.028557512909173965,0.9926893711090088,0.1435602456331253,0.3221405283547938,0.7152871713042259
data/raw/images/Нц-37-0344_orig.jpg,Нц-37-0344,изразец,0.9998598098754883,0.00014019012451171875,0.0015403360594063997,0.9997954368591309,профиль,0.49194806814193726,0.5080519318580627,1.2355042695999146,0.21572798490524292,фрагмент,0.9935280680656433,0.0064719319343566895,0.03907114267349243,0.9870561957359314,керамика,0.9999403953552246,5.9604644775390625e-05,0.0006979488534852862,0.999904990196228,0.12868091464042664,0.31920342429657467,0.8006211519241333
data/raw/images/Нц-37-0586_orig.jpg,Нц-37-0586,изразец,0.9999595880508423,4.0411949157714844e-05,0.000499169691465795,0.9999409914016724,донце,0.31963250041007996,0.6803674697875977,1.4467943906784058,0.07118386030197144,фрагмент,0.8305955529212952,0.16940444707870483,0.4549405872821808,0.6611911654472351,керамика,0.9997758269309998,0.00022417306900024414,0.0023367241956293583,0.999642550945282,0.2125091254711151,0.4761427179619204,0.6829896420240402
data/raw/images/Нц-37-0587_orig.jpg,Нц-37-0587,изразец,0.9986748695373535,0.0013251304626464844,0.01100740022957325,0.9976531267166138,донце,0.5438121557235718,0.4561878442764282,1.1513080596923828,0.2463786005973816,фрагмент,0.9647536277770996,0.03524637222290039,0.1525307297706604,0.9295072555541992,керамика,0.9994776844978333,0.000522315502166748,0.005022133234888315,0.9992091059684753,0.12332041561603546,0.3299670807318762,0.7931870222091675
data/raw/images/Нц-37-0589_orig.jpg,Нц-37-0589,изразец,0.9951286315917969,0.004871368408203125,0.036192312836647034,0.9926208853721619,профиль,0.7531722187995911,0.24682778120040894,0.7913864254951477,0.588056206703186,целый,0.5598333477973938,0.4401666522026062,0.6859699487686157,0.11966675519943237,керамика,0.9915727376937866,0.008427262306213379,0.05820056051015854,0.9879903793334961,0.1750732660293579,0.39293731190264225,0.6720835566520691
data/raw/images/Нц-37-0590_orig.jpg,Нц-37-0590,изразец,0.9996196031570435,0.00038039684295654297,0.003674618434160948,0.99931800365448,донце,0.6759124398231506,0.32408756017684937,1.008765697479248,0.5072149038314819,фрагмент,0.8607572317123413,0.1392427682876587,0.4035864472389221,0.7215145230293274,керамика,0.9959349632263184,0.004065036773681641,0.03010690025985241,0.9932782053947449,0.11694394052028656,0.3615334158530459,0.8053314089775085
data/raw/images/Нц-37-0653_orig.jpg,Нц-37-0653,изразец,0.9974028468132019,0.0025971531867980957,0.020629771053791046,0.995698094367981,профиль,0.858022928237915,0.14197707176208496,0.5579349398612976,0.7766942381858826,фрагмент,0.9923741221427917,0.007625877857208252,0.044781897217035294,0.9847483038902283,керамика,0.9997732043266296,0.00022679567337036133,0.0023442006204277277,0.9996530413627625,0.03810672461986542,0.15642270218813792,0.9391984194517136
data/raw/images/Нц-37-0654_orig.jpg,Нц-37-0654,изразец,0.9998272061347961,0.00017279386520385742,0.0018039289861917496,0.999692976474762,профиль,0.6023354530334473,0.39766454696655273,1.059393048286438,0.36779749393463135,целый,0.6205624341964722,0.37943756580352783,0.6637880802154541,0.24112489819526672,керамика,0.9996798038482666,0.00032019615173339844,0.0032253104727715254,0.9994747638702393,0.19439877569675446,0.43205259199021384,0.6520225331187248
data/raw/images/Нц-37-0656_orig.jpg,Нц-37-0656,изразец,0.9716602563858032,0.028339743614196777,0.14786402881145477,0.9498304724693298,профиль,0.49543192982673645,0.5045680999755859,0.8424198627471924,0.019939303398132324,целый,0.8270511627197266,0.17294883728027344,0.4605312943458557,0.6541023254394531,керамика,0.9960523843765259,0.003947615623474121,0.029970692470669746,0.993834912776947,0.17745107412338257,0.37019646959379315,0.6544267535209656
data/raw/images/Нц-37-1527_orig.jpg,Нц-37-1527,изразец,0.9963732361793518,0.0036267638206481934,0.02656961977481842,0.9939311742782593,донце,0.8479584455490112,0.15204155445098877,0.6035481095314026,0.7690929770469666,фрагмент,0.9980589747428894,0.0019410252571105957,0.014060014858841896,0.9961179494857788,керамика,0.9991457462310791,0.0008542537689208984,0.007451009936630726,0.9984652400016785,0.039615899324417114,0.1629071885254234,0.9394018352031708
data/raw/images/Нц-40-067_orig.jpg,Нц-40-067,миска,0.6065315008163452,0.3934684991836548,0.9228816628456116,0.33921730518341064,донце,0.45306167006492615,0.5469383001327515,1.191699504852295,0.17772942781448364,фрагмент,0.9998550415039062,0.00014495849609375,0.0014256280846893787,0.9997101426124573,керамика,0.997166097164154,0.0028339028358459473,0.02134724333882332,0.9949913024902344,0.2358464151620865,0.5343385097803548,0.6279120445251465
data/raw/images/Нц-40-358_orig.jpg,Нц-40-358,тарелка,0.6180334687232971,0.3819665312767029,0.7653282880783081,0.2612864375114441,профиль,0.5742025971412659,0.42579740285873413,1.1690170764923096,0.3382846415042877,фрагмент,0.999057948589325,0.0009420514106750488,0.007505560759454966,0.9981158375740051,керамика,0.9969402551651001,0.0030597448348999023,0.02189703844487667,0.994141697883606,0.202941432595253,0.49093699094373733,0.6479571536183357
data/raw/images/Нц-41-0178_orig.jpg,Нц-41-0178,изразец,0.9975892305374146,0.0024107694625854492,0.017734121531248093,0.9953513145446777,профиль,0.7197520136833191,0.2802479863166809,0.7992918491363525,0.5111352205276489,фрагмент,0.991712212562561,0.008287787437438965,0.047976575791835785,0.9834244251251221,керамика,0.9999401569366455,5.984306335449219e-05,0.0007058941991999745,0.999909520149231,0.07275159657001495,0.2164271101646591,0.8724551200866699
data/raw/images/Нц-41-0620_orig.jpg,Нц-41-0620,изразец,0.9506868720054626,0.049313127994537354,0.22371290624141693,0.9097777605056763,венчик,0.7567938566207886,0.24320614337921143,0.5915336012840271,0.5201769471168518,фрагмент,0.9997342228889465,0.0002657771110534668,0.0024541367311030626,0.9994683861732483,керамика,0.9995680451393127,0.00043195486068725586,0.004067660309374332,0.9992189407348633,0.07330425083637238,0.20544207614148036,0.8571605086326599
data/raw/images/Нц-41-0782_orig.jpg,Нц-41-0782,изразец,0.8440293073654175,0.15597069263458252,0.47903677821159363,0.6978014707565308,профиль,0.7967913150787354,0.20320868492126465,0.5841779708862305,0.6134986877441406,фрагмент,0.9979956150054932,0.002004384994506836,0.014454497024416924,0.9959912300109863,керамика,0.9990242719650269,0.0009757280349731445,0.008854664862155914,0.9985908269882202,0.09053987264633179,0.27163097774609923,0.8264705538749695
data/raw/images/Нц-43-06_orig.jpg,Нц-43-06,тарелка,0.9852380156517029,0.01476198434829712,0.08626614511013031,0.9729105234146118,донце,0.7864094376564026,0.2135905623435974,0.5731117725372314,0.5836136341094971,фрагмент,0.9985576272010803,0.0014423727989196777,0.010876396670937538,0.9971153140068054,фаянс,0.5532311797142029,0.4467688202857971,0.8150980472564697,0.13917779922485352,0.16914093494415283,0.37133809039369226,0.673204317688942
data/raw/images/Нц-44-0086_orig.jpg,Нц-44-0086,изразец,0.9987986087799072,0.0012013912200927734,0.010688066482543945,0.9983278512954712,профиль,0.426298052072525,0.5737019777297974,1.1279890537261963,0.0015968382358551025,фрагмент,0.9885097146034241,0.011490285396575928,0.06274257600307465,0.9770194292068481,керамика,0.9967389702796936,0.0032610297203063965,0.025354837998747826,0.9948580265045166,0.14741367101669312,0.3066936335526407,0.7429505363106728
data/raw/images/Нц-44-0353_orig.jpg,Нц-44-0353,изразец,0.9985116124153137,0.0014883875846862793,0.012817549519240856,0.9977275729179382,профиль,0.7964001893997192,0.20359981060028076,0.7044432759284973,0.6570789813995361,фрагмент,0.9992876648902893,0.0007123351097106934,0.005874267313629389,0.9985753297805786,керамика,0.998872697353363,0.0011273026466369629,0.009652850218117237,0.9980077147483826,0.051731958985328674,0.1831969857448712,0.9128473997116089
data/raw/images/Нц-44-0458_orig.jpg,Нц-44-0458,тарелка,0.6148801445960999,0.38511985540390015,0.6785522699356079,0.23135969042778015,профиль,0.7018930912017822,0.2981069087982178,0.6194185018539429,0.4052874743938446,фрагмент,0.9983503818511963,0.001649618148803711,0.012217547744512558,0.9967007637023926,фарфор,0.9964206218719482,0.003579378128051758,0.024628689512610435,0.9930320978164673,0.17211394011974335,0.33370425226166844,0.6565950065851212
data/raw/images/Нц-44-0870_orig.jpg,Нц-44-0870,изразец,0.9993758797645569,0.0006241202354431152,0.005579756572842598,0.9988407492637634,профиль,0.36831724643707275,0.6316827535629272,1.5652344226837158,0.10325512290000916,целый,0.9538887143135071,0.04611128568649292,0.18690180778503418,0.9077774882316589,керамика,0.999541163444519,0.00045883655548095703,0.004384859465062618,0.9992217421531677,0.16971924901008606,0.4405252116266638,0.7522737756371498
data/raw/images/Нц-44-1159_orig.jpg,Нц-44-1159,изразец,0.9999439716339111,5.602836608886719e-05,0.0006773472414352,0.9999197721481323,профиль,0.4969393312931061,0.5030606985092163,1.275996446609497,0.2775416970252991,фрагмент,0.9213712811470032,0.07862871885299683,0.2754073739051819,0.8427425622940063,керамика,0.9998587369918823,0.00014126300811767578,0.0015634275041520596,0.9998013377189636,0.14547167718410492,0.38841114881506655,0.7800013422966003
data/raw/images/Нц-44-1771_orig.jpg,Нц-44-1771,тарелка,0.655117928981781,0.344882071018219,1.033208966255188,0.49232447147369385,профиль,0.9860683679580688,0.013931632041931152,0.08590330183506012,0.9776207208633423,фрагмент,0.9998646974563599,0.00013530254364013672,0.001340633723884821,0.9997293949127197,фарфор,0.7409149408340454,0.2590850591659546,0.6073459386825562,0.48854178190231323,0.15450851619243622,0.43194971012417227,0.7395540922880173
data/raw/images/Нц-45-0009_orig.jpg,Нц-45-0009,тарелка,0.8546996712684631,0.14530032873153687,0.4331001043319702,0.7126761078834534,донце,0.956502377986908,0.04349762201309204,0.20068372786045074,0.9189953207969666,фрагмент,0.9961379170417786,0.0038620829582214355,0.02531443163752556,0.9922758340835571,фарфор,0.893666684627533,0.10633331537246704,0.38509589433670044,0.7994571924209595,0.07474833726882935,0.26104853954166174,0.8558511137962341
data/raw/images/Нц-45-0018_orig.jpg,Нц-45-0018,тарелка,0.9965656399726868,0.0034343600273132324,0.027376441285014153,0.9948751330375671,донце,0.5428192615509033,0.4571807384490967,0.7169614434242249,0.08977067470550537,фрагмент,0.9999903440475464,9.655952453613281e-06,0.00012160243932157755,0.999980628490448,фаянс,0.9928233623504639,0.007176637649536133,0.049487873911857605,0.9886688590049744,0.11695034801959991,0.19848684026510455,0.7683238238096237
data/raw/images/Нц-45-0019_orig.jpg,Нц-45-0019,тарелка,0.9375228881835938,0.06247711181640625,0.2877592146396637,0.9011598229408264,донце,0.9379702806472778,0.06202971935272217,0.30954691767692566,0.9099470973014832,фрагмент,0.9999376535415649,6.23464584350586e-05,0.0006658070487901568,0.9998753070831299,фаянс,0.6881199479103088,0.31188005208969116,0.6637234091758728,0.3850577175617218,0.10911230742931366,0.3154238371353131,0.7990099862217903
data/raw/images/Нц-45-0020_orig.jpg,Нц-45-0020,тарелка,0.9890270233154297,0.010972976684570312,0.07136830687522888,0.9816126227378845,донце,0.823224663734436,0.17677533626556396,0.47373130917549133,0.6474481821060181,фрагмент,0.9999691247940063,3.0875205993652344e-05,0.0003516472061164677,0.9999382495880127,фаянс,0.9581679701805115,0.041832029819488525,0.19920501112937927,0.9245901107788086,0.057402804493904114,0.186164068596554,0.888397291302681
data/raw/images/Нц-45-0036_orig.jpg,Нц-45-0036,изразец,0.9989426732063293,0.0010573267936706543,0.009305935353040695,0.9983122944831848,профиль,0.7341052293777466,0.2658947706222534,0.6922479867935181,0.49556320905685425,фрагмент,0.9934511184692383,0.006548881530761719,0.03945833072066307,0.9869021773338318,керамика,0.9999620914459229,3.790855407714844e-05,0.00046285209828056395,0.9999396800994873,0.06838472187519073,0.1853687762413756,0.8701793402433395
data/raw/images/Нц-45-0230_orig.jpg,Нц-45-0230,тарелка,0.9873534440994263,0.01264655590057373,0.07243618369102478,0.975728452205658,донце,0.7354380488395691,0.2645619511604309,0.7767528295516968,0.5527209043502808,фрагмент,0.9943938255310059,0.005606174468994141,0.034652285277843475,0.9887876510620117,фаянс,0.6401002407073975,0.35989975929260254,0.764609694480896,0.3055533766746521,0.16067861020565033,0.41211274825036526,0.7056975960731506
data/raw/images/Нц-45-0198_orig.jpg,Нц-45-0198,изразец,0.9996861219406128,0.00031387805938720703,0.0032305140048265457,0.9995564222335815,профиль,0.7870626449584961,0.2129373550415039,0.7884702682495117,0.7099683880805969,фрагмент,0.9892674088478088,0.010732591152191162,0.05934121832251549,0.9785348773002625,керамика,0.9999164342880249,8.356571197509766e-05,0.0009377632522955537,0.9998580813407898,0.05601684749126434,0.21299494095728733,0.9219794422388077
data/raw/images/Нц-45-0273_orig.jpg,Нц-45-0273,тарелка,0.9602400660514832,0.039759933948516846,0.17519396543502808,0.9221010804176331,венчик,0.4308803975582123,0.5691195726394653,1.092064619064331,0.10602027177810669,фрагмент,0.999795138835907,0.00020486116409301758,0.0019451107364147902,0.9995902180671692,фаянс,0.7364716529846191,0.26352834701538086,0.6177919507026672,0.481570839881897,0.218153178691864,0.4717489114846103,0.6273206025362015
data/raw/images/Нц-45-0278_orig.jpg,Нц-45-0278,изразец,0.9211544394493103,0.0788455605506897,0.3123432695865631,0.8553311824798584,профиль,0.8224872350692749,0.1775127649307251,0.6353338956832886,0.7013763189315796,фрагмент,0.9969032406806946,0.00309675931930542,0.020983269438147545,0.9938064813613892,керамика,0.9996135830879211,0.0003864169120788574,0.0036775521002709866,0.999303936958313,0.06496037542819977,0.24308449670206755,0.887454479932785
data/raw/images/Нц-45-0287_orig.jpg,Нц-45-0287,тарелка,0.9918909072875977,0.008109092712402344,0.05315633863210678,0.985594630241394,профиль,0.9547421336174011,0.04525786638259888,0.21655327081680298,0.9290309548377991,фрагмент,0.9999401569366455,5.984306335449219e-05,0.0006414317176677287,0.9998803734779358,фаянс,0.8935078382492065,0.10649216175079346,0.40708035230636597,0.8202505111694336,0.03997974097728729,0.16935784836823586,0.9336891174316406
data/raw/images/Нц-45-0370_orig.jpg,Нц-45-0370,тарелка,0.9462786912918091,0.05372130870819092,0.21672271192073822,0.8939365148544312,донце,0.9246310591697693,0.07536894083023071,0.28494691848754883,0.8536941409111023,фрагмент,0.9999688863754272,3.1113624572753906e-05,0.00035428768023848534,0.9999377131462097,фаянс,0.5353397727012634,0.4646602272987366,0.725500226020813,0.07671916484832764,0.14844539761543274,0.30688103602733463,0.7060718834400177
data/raw/images/Нц-45-0371_orig.jpg,Нц-45-0371,тарелка,0.9573945999145508,0.04260540008544922,0.19644641876220703,0.9201357364654541,донце,0.9260625839233398,0.07393741607666016,0.26718246936798096,0.8525936007499695,фрагмент,0.9995598196983337,0.00044018030166625977,0.0038416709285229445,0.9991196990013123,фаянс,0.701219916343689,0.29878008365631104,0.7046992778778076,0.4266931116580963,0.10394077003002167,0.29304245923412964,0.799635536968708
data/raw/images/Нц-45-0391_orig.jpg,Нц-45-0391,тарелка,0.9242796897888184,0.07572031021118164,0.28164494037628174,0.8509823083877563,донце,0.9447984099388123,0.055201590061187744,0.22711680829524994,0.8921955823898315,фрагмент,0.9995903372764587,0.00040966272354125977,0.003605084028095007,0.9991806745529175,фаянс,0.7697731256484985,0.23022687435150146,0.5707721710205078,0.5453938841819763,0.09038960933685303,0.2707847509300336,0.8219381123781204
data/raw/images/Нц-45-0392_orig.jpg,Нц-45-0392,тарелка,0.6737266778945923,0.3262733221054077,0.8032689690589905,0.40484654903411865,донце,0.7614049911499023,0.23859500885009766,0.5946792960166931,0.5310955047607422,фрагмент,0.9990437626838684,0.0009562373161315918,0.00760381855070591,0.9980875849723816,фарфор,0.8529348969459534,0.14706510305404663,0.43804097175598145,0.7096552848815918,0.1782224178314209,0.46089826384559274,0.6609212309122086
data/raw/images/Нц-45-0409_orig.jpg,Нц-45-0409,изразец,0.9994202852249146,0.0005797147750854492,0.005461075808852911,0.999113917350769,профиль,0.4216664135456085,0.5783336162567139,1.2806141376495361,0.12328827381134033,фрагмент,0.9487248659133911,0.05127513408660889,0.20225293934345245,0.8974496722221375,керамика,0.9996659755706787,0.00033402442932128906,0.003393624909222126,0.9995366334915161,0.15763062238693237,0.3729304444277659,0.7548471242189407
data/raw/images/Нц-45-0437_orig.jpg,Нц-45-0437,изразец,0.9878048896789551,0.012195110321044922,0.0680953860282898,0.9760227203369141,донце,0.44317856431007385,0.5568214654922485,1.2676451206207275,0.0937449038028717,фрагмент,0.9927114248275757,0.007288575172424316,0.04313214495778084,0.9854229092597961,керамика,0.9976550340652466,0.002344965934753418,0.018472861498594284,0.996059238910675,0.1446625292301178,0.3493363782763481,0.7628124430775642
data/raw/images/Нц-45-0438_orig.jpg,Нц-45-0438,изразец,0.9798312783241272,0.020168721675872803,0.10719731450080872,0.9616995453834534,донце,0.5964419841766357,0.40355801582336426,1.151978850364685,0.3926246762275696,фрагмент,0.9986546039581299,0.0013453960418701172,0.01023881509900093,0.9973092675209045,керамика,0.9979116320610046,0.0020883679389953613,0.016834845766425133,0.9964970946311951,0.10679012537002563,0.32156245643272996,0.8370326459407806
data/raw/images/Нц-45-0472_orig.jpg,Нц-45-0472,изразец,0.996355414390564,0.003644585609436035,0.02581201121211052,0.9931772351264954,донце,0.4192590117454529,0.5807409882545471,1.2648965120315552,0.09804245829582214,фрагмент,0.9945970773696899,0.005402922630310059,0.03359581530094147,0.9891942143440247,керамика,0.9929565191268921,0.00704348087310791,0.04808741807937622,0.9892939925193787,0.14920799434185028,0.34309793915599585,0.7674269750714302
data/raw/images/Нц-45-0514_orig.jpg,Нц-45-0514,изразец,0.9974892139434814,0.0025107860565185547,0.01918025314807892,0.9954309463500977,донце,0.9037551283836365,0.09624487161636353,0.4310815930366516,0.8511286377906799,фрагмент,0.9828135967254639,0.017186403274536133,0.08687706291675568,0.9656272530555725,керамика,0.9959000945091248,0.004099905490875244,0.031100792810320854,0.9939076900482178,0.030010491609573364,0.14205992547795177,0.951523631811142
data/raw/images/Нц-45-0516_orig.jpg,Нц-45-0516,изразец,0.4338681101799011,0.5661318898200989,1.155251383781433,0.14920368790626526,венчик,0.39930784702301025,0.6006921529769897,1.464056372642517,0.15871436893939972,фрагмент,0.9970042109489441,0.002995789051055908,0.020398590713739395,0.9940084218978882,керамика,0.9798662066459656,0.020133793354034424,0.11252626776695251,0.9640552401542664,0.29748840630054474,0.6880581537261605,0.5664954297244549
data/raw/images/Нц-45-0532_orig.jpg,Нц-45-0532,изразец,0.9961561560630798,0.003843843936920166,0.025708872824907303,0.9924047589302063,донце,0.45500871539115906,0.5449912548065186,1.1449124813079834,0.08751007914543152,фрагмент,0.9884251356124878,0.011574864387512207,0.06311903893947601,0.9768502712249756,керамика,0.9832403063774109,0.01675969362258911,0.09579581022262573,0.9697848558425903,0.144292414188385,0.3323840508237481,0.7566374912858009
data/raw/images/Нц-45-0540_orig.jpg,Нц-45-0540,изразец,0.9905397891998291,0.009460210800170898,0.05551555007696152,0.9814794063568115,венчик,0.4006900489330292,0.5993099212646484,1.1857030391693115,0.07109063863754272,фрагмент,0.9999078512191772,9.21487808227539e-05,0.0009478513966314495,0.9998157620429993,керамика,0.9934472441673279,0.006552755832672119,0.04030585661530495,0.9870428442955017,0.15385375916957855,0.32061807431455236,0.7598571628332138
data/raw/images/Нц-45-0550_orig.jpg,Нц-45-0550,блюдце,0.897095799446106,0.10290420055389404,0.3913790285587311,0.8143315315246582,профиль,0.9761602878570557,0.023839712142944336,0.11841478943824768,0.9535287618637085,фрагмент,0.9993114471435547,0.0006885528564453125,0.005701613612473011,0.9986228942871094,фарфор,0.968830943107605,0.03116905689239502,0.14912863075733185,0.9400280714035034,0.03965038061141968,0.1661560155916959,0.9266278147697449
data/raw/images/Нц-45-0558_orig.jpg,Нц-45-0558,тарелка,0.9440425038337708,0.05595749616622925,0.2825198769569397,0.9153804183006287,профиль,0.9848009347915649,0.015199065208435059,0.0914609357714653,0.9763655066490173,фрагмент,0.9999697208404541,3.0279159545898438e-05,0.0003450050426181406,0.999939501285553,фаянс,0.9344203472137451,0.06557965278625488,0.2619185447692871,0.8739911913871765,0.03419162333011627,0.15906109063507756,0.9414191544055939
data/raw/images/Нц-45-0567_orig.jpg,Нц-45-0567,тарелка,0.6544784307479858,0.34552156925201416,0.6709733009338379,0.3133609890937805,донце,0.9422463178634644,0.057753682136535645,0.2333289086818695,0.8868889212608337,фрагмент,0.9995999932289124,0.0004000067710876465,0.0035300494637340307,0.9991999268531799,фарфор,0.7131755948066711,0.28682440519332886,0.6057858467102051,0.42720067501068115,0.17262491583824158,0.3784045264474116,0.6566626280546188
data/raw/images/Нц-45-0599_orig.jpg,Нц-45-0599,изразец,0.9463623762130737,0.05363762378692627,0.23438303172588348,0.9003322720527649,венчик,0.7157922387123108,0.2842077612876892,0.7224527597427368,0.4670817255973816,фрагмент,0.9668328166007996,0.03316718339920044,0.14558488130569458,0.9336656332015991,керамика,0.999733030796051,0.0002669692039489746,0.0026953942142426968,0.9995548725128174,0.09281988441944122,0.2762790167471394,0.8251586258411407
data/raw/images/Нц-45-0600_orig.jpg,Нц-45-0600,тарелка,0.9773311018943787,0.022668898105621338,0.11824411153793335,0.9581042528152466,венчик,0.7340410947799683,0.26595890522003174,0.789279580116272,0.5824325084686279,фрагмент,0.9999690055847168,3.0994415283203125e-05,0.000352735398337245,0.9999380111694336,керамика,0.9757153391838074,0.024284660816192627,0.11747859418392181,0.9520784616470337,0.07823586463928223,0.2563387553091161,0.8731383085250854
data/raw/images/Нц-45-0612_orig.jpg,Нц-45-0612,тарелка,0.8331700563430786,0.1668299436569214,0.48231270909309387,0.6725236773490906,донце,0.9040317535400391,0.09596824645996094,0.40651464462280273,0.8358889222145081,фрагмент,0.9994015693664551,0.0005984306335449219,0.005039285868406296,0.9988031387329102,фаянс,0.8642671704292297,0.13573282957077026,0.4466401934623718,0.7404093742370605,0.09978236258029938,0.3351267082616687,0.8119062781333923
data/raw/images/Нц-45-0850_orig.jpg,Нц-45-0850,тарелка,0.9573260545730591,0.04267394542694092,0.20377421379089355,0.9238542914390564,донце,0.6221503019332886,0.3778496980667114,0.7308964729309082,0.25665226578712463,фрагмент,0.9979450106620789,0.0020549893379211426,0.014768334105610847,0.9958899617195129,керамика,0.9139533042907715,0.08604669570922852,0.3071335554122925,0.8308302164077759,0.1271563321352005,0.31414314405992627,0.7518066838383675
data/raw/images/Нц-45-0863_orig.jpg,Нц-45-0863,крышка,0.8463147878646851,0.15368521213531494,0.5835252404212952,0.7714807391166687,донце,0.45083552598953247,0.5491644740104675,1.0786426067352295,0.01700812578201294,фрагмент,0.9996412992477417,0.0003587007522583008,0.0032041328959167004,0.9992825984954834,стекло,0.3635186553001404,0.6364813446998596,1.3493140935897827,0.09834998846054077,0.3349224328994751,0.753671518410556,0.47153036296367645
data/raw/images/Нц-45-0907_orig.jpg,Нц-45-0907,тарелка,0.8307051062583923,0.16929489374160767,0.49954670667648315,0.6725966334342957,донце,0.49366891384124756,0.5063310861587524,1.0661818981170654,0.16390997171401978,фрагмент,0.9999266862869263,7.331371307373047e-05,0.0007708213524892926,0.9998534321784973,керамика,0.9858621954917908,0.014137804508209229,0.07537131011486053,0.9719114303588867,0.17245927453041077,0.4104676840652246,0.7020678669214249
data/raw/images/Нц-45-1079_orig.jpg,Нц-45-1079,тарелка,0.889576256275177,0.110423743724823,0.36634400486946106,0.7826241254806519,профиль,0.5126203298568726,0.48737967014312744,0.7031869888305664,0.026608198881149292,фрагмент,0.9977030158042908,0.0022969841957092285,0.016251159831881523,0.9954060316085815,фаянс,0.5582748055458069,0.4417251944541931,0.7274379730224609,0.12357670068740845,0.2604563981294632,0.4533050316385925,0.4820537641644478
data/raw/images/Нц-45-1085_orig.jpg,Нц-45-1085,тарелка,0.6969277858734131,0.3030722141265869,0.9090762734413147,0.5377741456031799,донце,0.9862573742866516,0.013742625713348389,0.08993162214756012,0.978995144367218,фрагмент,0.9962465167045593,0.003753483295440674,0.024709593504667282,0.9924930930137634,фаянс,0.9538127779960632,0.04618722200393677,0.23969845473766327,0.9341520667076111,0.09168888628482819,0.31585398595780134,0.8608536124229431
data/raw/images/Нц-45-1239_orig.jpg,Нц-45-1239,миска,0.7202060222625732,0.27979397773742676,0.7369285225868225,0.4966443181037903,венчик,0.6734486222267151,0.3265513777732849,0.7127416133880615,0.36336299777030945,фрагмент,0.9898757338523865,0.010124266147613525,0.05657190829515457,0.9797514081001282,керамика,0.9993271827697754,0.0006728172302246094,0.006289263721555471,0.9989550113677979,0.15428560972213745,0.3781328269978985,0.7096784338355064
data/raw/images/Нц-45-1243_orig.jpg,Нц-45-1243,изразец,0.9970816969871521,0.0029183030128479004,0.022134825587272644,0.9948585629463196,венчик,0.39898374676704407,0.6010162830352783,1.3152883052825928,0.01144343614578247,фрагмент,0.5661509037017822,0.4338490962982178,0.6843695640563965,0.13230180740356445,керамика,0.9909610152244568,0.009038984775543213,0.062172263860702515,0.9869704842567444,0.2617056667804718,0.5209912396967411,0.5313935726881027
data/raw/images/Нц-45-1257_orig.jpg,Нц-45-1257,крышка,0.7206978797912598,0.27930212020874023,0.8427449464797974,0.5285269021987915,профиль,0.721005916595459,0.278994083404541,0.6809476613998413,0.46148672699928284,фрагмент,0.9996544122695923,0.00034558773040771484,0.0030997078865766525,0.9993088841438293,керамика,0.9758186936378479,0.0241813063621521,0.13169045746326447,0.9571357369422913,0.14570577442646027,0.41462069330736995,0.7366145625710487
data/raw/images/Нц-45-1259_orig.jpg,Нц-45-1259,изразец,0.9998413324356079,0.00015866756439208984,0.001745331916026771,0.9997668266296387,профиль,0.4744844436645508,0.5255155563354492,1.2813708782196045,0.22731851041316986,фрагмент,0.5768744945526123,0.4231255054473877,0.6812807321548462,0.1537489891052246,керамика,0.9996565580368042,0.0003434419631958008,0.0034364392049610615,0.999465823173523,0.2372857928276062,0.49195834537385963,0.595075037330389
data/raw/images/Нц-45-1267_orig.jpg,Нц-45-1267,изразец,0.9996976852416992,0.00030231475830078125,0.0029973043128848076,0.999468207359314,венчик,0.4688042104244232,0.5311957597732544,1.2093560695648193,0.11259019374847412,целый,0.7881847023963928,0.21181529760360718,0.5163518786430359,0.5763694047927856,керамика,0.9993351101875305,0.0006648898124694824,0.006229915656149387,0.9990097284317017,0.18599456548690796,0.43373379204422235,0.6718593835830688
data/raw/images/Нц-45-1434_orig.jpg,Нц-45-1434,изразец,0.8639435172080994,0.13605648279190063,0.47698503732681274,0.7587651014328003,донце,0.8915227055549622,0.10847729444503784,0.48544448614120483,0.8509893417358398,фрагмент,0.9911032915115356,0.008896708488464355,0.05086800456047058,0.9822065830230713,керамика,0.9516268968582153,0.04837310314178467,0.19801150262355804,0.90398108959198,0.07545089721679688,0.30282725766301155,0.8739855289459229
data/raw/images/Нц-45-1441_orig.jpg,Нц-45-1441,изразец,0.9947931170463562,0.005206882953643799,0.035334110260009766,0.990512490272522,венчик,0.6183381676673889,0.3816618323326111,0.8324328064918518,0.2802608907222748,фрагмент,0.9995793700218201,0.00042062997817993164,0.0036906502209603786,0.9991586804389954,керамика,0.9925988912582397,0.007401108741760254,0.0478101521730423,0.9867280125617981,0.09867261350154877,0.22981692978646606,0.8141650184988976
data/raw/images/Нц-45-1445_orig.jpg,Нц-45-1445,крышка,0.6236366033554077,0.3763633966445923,1.1266037225723267,0.46377673745155334,ручка,0.44178056716918945,0.5582194328308105,1.3012158870697021,0.1499972641468048,фрагмент,0.997111439704895,0.0028885602951049805,0.019773853942751884,0.99422287940979,керамика,0.692581057548523,0.30741894245147705,0.8728988766670227,0.48610812425613403,0.3112225830554962,0.8301230850629508,0.5235262513160706
data/raw/images/Нц-45-1466_orig.jpg,Нц-45-1466,изразец,0.9995723366737366,0.00042766332626342773,0.004265876486897469,0.999396800994873,венчик,0.6700286865234375,0.3299713134765625,1.07548987865448,0.5479087829589844,фрагмент,0.9622668027877808,0.03773319721221924,0.1606718897819519,0.9245336651802063,керамика,0.9985846281051636,0.0014153718948364258,0.011537851765751839,0.9974111914634705,0.0923868864774704,0.3129913741722703,0.8673126101493835
data/raw/images/Нц-45-1467_orig.jpg,Нц-45-1467,изразец,0.9976441264152527,0.0023558735847473145,0.018110021948814392,0.9956738352775574,профиль,0.597049355506897,0.402950644493103,1.1530864238739014,0.3863300085067749,фрагмент,0.9941032528877258,0.00589674711227417,0.036149341613054276,0.9882065057754517,керамика,0.9981556534767151,0.0018443465232849121,0.015777945518493652,0.9974650740623474,0.10326190292835236,0.3057809332385659,0.8419188559055328
data/raw/images/Нц-45-1529_orig.jpg,Нц-45-1529,тарелка,0.5361565351486206,0.4638434648513794,0.7731039524078369,0.08803573250770569,венчик,0.4502270221710205,0.5497729778289795,1.0093836784362793,0.03960654139518738,фрагмент,0.9999563694000244,4.363059997558594e-05,0.00048122304724529386,0.9999127984046936,керамика,0.6440308690071106,0.3559691309928894,0.668237030506134,0.2907537519931793,0.34240730106830597,0.6128014710993739,0.3545772060751915
data/raw/images/Нц-45-1531_orig.jpg,Нц-45-1531,крышка,0.5244801044464111,0.47551989555358887,1.260857105255127,0.2907073199748993,венчик,0.5162000060081482,0.4837999939918518,0.9998906850814819,0.11426854133605957,фрагмент,0.9972904920578003,0.002709507942199707,0.018721632659435272,0.9945809841156006,керамика,0.9448387026786804,0.05516129732131958,0.2840903401374817,0.9248462915420532,0.25429767370224,0.6408899407833815,0.5811007842421532
data/raw/images/Нц-45-1537_orig.jpg,Нц-45-1537,изразец,0.8527932167053223,0.14720678329467773,0.5163679122924805,0.7435925006866455,венчик,0.9734106659889221,0.02658933401107788,0.14879877865314484,0.9557394981384277,фрагмент,0.9992282390594482,0.0007717609405517578,0.006302525755017996,0.9984564781188965,керамика,0.9987797141075134,0.0012202858924865723,0.01041707769036293,0.9978986978530884,0.043947041034698486,0.17047157359775156,0.9239217936992645
data/raw/images/Нц-45-1562_orig.jpg,Нц-45-1562,изразец,0.9745921492576599,0.025407850742340088,0.13696952164173126,0.956631064414978,венчик,0.46594908833503723,0.5340509414672852,1.1581419706344604,0.10261407494544983,фрагмент,0.9819704294204712,0.01802957057952881,0.09026821702718735,0.9639408588409424,керамика,0.9999291896820068,7.081031799316406e-05,0.0008329141419380903,0.9999040365219116,0.1443897932767868,0.3465531558613293,0.7557725086808205
data/raw/images/Нц-45-1579_orig.jpg,Нц-45-1579,тарелка,0.577643871307373,0.42235612869262695,0.7625160217285156,0.17010515928268433,донце,0.8834299445152283,0.11657005548477173,0.48793572187423706,0.8180627822875977,фрагмент,0.9994857311248779,0.0005142688751220703,0.004408057779073715,0.9989715218544006,керамика,0.600557804107666,0.399442195892334,0.7508763074874878,0.21769803762435913,0.23472066223621368,0.5014340272173285,0.5512093752622604
data/raw/images/Нц-46-067_orig.jpg,Нц-46-067,тарелка,0.9957723021507263,0.004227697849273682,0.031779564917087555,0.993556022644043,донце,0.6743098497390747,0.3256901502609253,0.8410755395889282,0.4386982023715973,фрагмент,0.998080849647522,0.0019191503524780273,0.01392325945198536,0.996161699295044,фаянс,0.950485110282898,0.04951488971710205,0.22090405225753784,0.9082510471343994,0.09533797204494476,0.27692060405388474,0.8341667428612709
data/raw/images/Нц-46-162_orig.jpg,Нц-46-162,тарелка,0.9126116037368774,0.08738839626312256,0.3234882354736328,0.8309131860733032,донце,0.9351642727851868,0.06483572721481323,0.28358423709869385,0.8817816376686096,фрагмент,0.9962158799171448,0.0037841200828552246,0.02488052099943161,0.9924318194389343,фарфор,0.623226523399353,0.376773476600647,0.8024533987045288,0.279092937707901,0.1331954300403595,0.35860159806907177,0.746054895222187
data/raw/images/Нц-46-211_orig.jpg,Нц-46-211,тарелка,0.9957923889160156,0.004207611083984375,0.03215671330690384,0.9940294027328491,донце,0.9838854074478149,0.01611459255218506,0.09919142723083496,0.9765322208404541,фрагмент,0.9990228414535522,0.000977158546447754,0.007749564945697784,0.9980456233024597,фаянс,0.9890405535697937,0.010959446430206299,0.07044392824172974,0.9831689596176147,0.008064702153205872,0.05238540843129158,0.9879440516233444
data/raw/images/Нц-46-221_orig.jpg,Нц-46-221,тарелка,0.9930807948112488,0.006919205188751221,0.04551345854997635,0.9872822761535645,донце,0.8948661088943481,0.10513389110565186,0.35295921564102173,0.7927134037017822,фрагмент,0.9999861717224121,1.3828277587890625e-05,0.0001688485499471426,0.9999723434448242,фаянс,0.8643366098403931,0.13566339015960693,0.43304991722106934,0.7383184432983398,0.061932578682899475,0.20792285999050364,0.8795716166496277
data/raw/images/Нц-46-228_orig.jpg,Нц-46-228,тарелка,0.9846351742744446,0.01536482572555542,0.08984796702861786,0.9729779958724976,донце,0.8604534268379211,0.13954657316207886,0.4345662593841553,0.7275028228759766,фрагмент,0.9999102354049683,8.976459503173828e-05,0.0009265024564228952,0.9998204112052917,фаянс,0.6698429584503174,0.3301570415496826,0.658470869064331,0.3439406454563141,0.12128955125808716,0.29595289948338177,0.76106046885252
data/raw/images/Нц-46-230_orig.jpg,Нц-46-230,тарелка,0.895224392414093,0.10477560758590698,0.34822383522987366,0.7927365899085999,донце,0.9873977303504944,0.012602269649505615,0.07521800696849823,0.9767380952835083,фрагмент,0.9995885491371155,0.0004114508628845215,0.003619281342253089,0.9991770386695862,фаянс,0.8399118781089783,0.16008812189102173,0.47868695855140686,0.6888411641120911,0.06946936249732971,0.22643702052300796,0.8643732219934464
data/raw/images/Нц-46-320_orig.jpg,Нц-46-320,тарелка,0.9821442365646362,0.01785576343536377,0.1065678596496582,0.9700081944465637,донце,0.5323284268379211,0.46767157316207886,0.8012912273406982,0.08637943863868713,фрагмент,0.9998053908348083,0.0001946091651916504,0.0018577489536255598,0.9996107220649719,фаянс,0.9827127456665039,0.017287254333496094,0.09981270134449005,0.9699382185935974,0.1257523000240326,0.252382384322118,0.756484143435955
data/raw/images/Нц-46-369_orig.jpg,Нц-46-369,изразец,0.9904912114143372,0.009508788585662842,0.06006654351949692,0.9839884638786316,профиль,0.580864667892456,0.41913533210754395,0.9923756718635559,0.25751209259033203,фрагмент,0.9991512298583984,0.0008487701416015625,0.0068509578704833984,0.9983024001121521,керамика,0.9993090629577637,0.0006909370422363281,0.006104012951254845,0.9987329244613647,0.10754595696926117,0.26634929655119777,0.8096339702606201
data/raw/images/Нц-46-370_orig.jpg,Нц-46-370,тарелка,0.8719086647033691,0.12809133529663086,0.5115950107574463,0.7937328815460205,профиль,0.8422602415084839,0.1577397584915161,0.6667708158493042,0.7900877594947815,фрагмент,0.9997348189353943,0.0002651810646057129,0.0024487213231623173,0.9994696974754333,керамика,0.9981389045715332,0.0018610954284667969,0.01435774564743042,0.9964667558670044,0.07198934257030487,0.2987930733943358,0.8949392735958099
data/raw/images/Нц-46-375_orig.jpg,Нц-46-375,тарелка,0.9931432008743286,0.006856799125671387,0.04864175245165825,0.9894643425941467,донце,0.5455507040023804,0.45444929599761963,0.9613038301467896,0.21095848083496094,фрагмент,0.9996695518493652,0.0003304481506347656,0.0029787670355290174,0.9993391036987305,фаянс,0.9078786373138428,0.09212136268615723,0.37124326825141907,0.8526996374130249,0.13843947649002075,0.34604190447134897,0.7631153911352158
data/raw/images/Нц-46-385_orig.jpg,Нц-46-385,тарелка,0.9936590790748596,0.006340920925140381,0.04484632611274719,0.9902313947677612,донце,0.8363849520683289,0.16361504793167114,0.45079049468040466,0.6735260486602783,фрагмент,0.9687801003456116,0.031219899654388428,0.13895738124847412,0.9375602006912231,фаянс,0.90973961353302,0.09026038646697998,0.32439544796943665,0.8244107365608215,0.07285906374454498,0.23974741250276566,0.8564320951700211
data/raw/images/Нц-46-499_orig.jpg,Нц-46-499,изразец,0.8091579675674438,0.19084203243255615,0.6807510852813721,0.7263283133506775,профиль,0.8714821934700012,0.12851780652999878,0.46943122148513794,0.7731316089630127,фрагмент,0.9664775729179382,0.03352242708206177,0.14678075909614563,0.9329552054405212,керамика,0.9994632601737976,0.0005367398262023926,0.0049713109619915485,0.9990811944007874,0.08835475146770477,0.3254835942061618,0.8578740805387497
data/raw/images/Нц-46-560_orig.jpg,Нц-46-560,изразец,0.9962788224220276,0.003721177577972412,0.02721930295228958,0.9934074878692627,донце,0.56351637840271,0.43648362159729004,1.0689618587493896,0.24785453081130981,фрагмент,0.9844235777854919,0.015576422214508057,0.08028364181518555,0.9688470959663391,керамика,0.9999394416809082,6.0558319091796875e-05,0.0006921837339177728,0.9998916387557983,0.11396044492721558,0.29428924681269564,0.8025001883506775
data/raw/images/Нц-46-727_orig.jpg,Нц-46-727,тарелка,0.9832239151000977,0.016776084899902344,0.08615683764219284,0.9665853381156921,донце,0.861230194568634,0.13876980543136597,0.4462205469608307,0.7336398363113403,фрагмент,0.9999674558639526,3.254413604736328e-05,0.0003687326970975846,0.9999349117279053,фаянс,0.7033305764198303,0.2966694235801697,0.6335046291351318,0.4109126627445221,0.11306196451187134,0.29156268660881324,0.777768187224865
data/raw/images/Нц-46-736_orig.jpg,Нц-46-736,тарелка,0.7883264422416687,0.2116735577583313,0.5614738464355469,0.5853790640830994,профиль,0.7946828007698059,0.2053171992301941,0.643090009689331,0.645171582698822,фрагмент,0.9958384037017822,0.0041615962982177734,0.026966392993927002,0.9916767477989197,фарфор,0.9616066217422485,0.038393378257751465,0.18023422360420227,0.9273728132247925,0.11488643288612366,0.3529411181807518,0.7874000519514084
data/raw/images/Нц-48-041_orig.jpg,Нц-48-041,изразец,0.994297444820404,0.005702555179595947,0.03859300911426544,0.9894911050796509,профиль,0.585236668586731,0.41476333141326904,1.1746447086334229,0.36944055557250977,фрагмент,0.9881412982940674,0.011858701705932617,0.06437790393829346,0.9762825965881348,керамика,0.9915129542350769,0.008487045764923096,0.053249750286340714,0.9841403961181641,0.11020290851593018,0.3327163429930806,0.8298386633396149
data/raw/images/Нц-48-054_orig.jpg,Нц-48-054,изразец,0.8767075538635254,0.12329244613647461,0.4821152687072754,0.7975525259971619,ручка,0.5681711435317993,0.4318288564682007,1.1841678619384766,0.34438157081604004,фрагмент,0.9938145875930786,0.006185412406921387,0.03762246295809746,0.9876291751861572,керамика,0.9987860321998596,0.0012139678001403809,0.010701833292841911,0.9981215596199036,0.14063017070293427,0.42865185672417283,0.7819212079048157
data/raw/images/Нц-48-073_orig.jpg,Нц-48-073,изразец,0.8627815842628479,0.1372184157371521,0.4963562786579132,0.754671573638916,профиль,0.863701343536377,0.13629865646362305,0.5673442482948303,0.7906811237335205,фрагмент,0.9998589754104614,0.00014102458953857422,0.0013912731083109975,0.9997179508209229,керамика,0.9682232737541199,0.03177672624588013,0.1456189751625061,0.9373173117637634,0.07635870575904846,0.30267769380589016,0.8705969899892807
data/raw/images/Нц-48-074_orig.jpg,Нц-48-074,изразец,0.997930645942688,0.0020693540573120117,0.017131811007857323,0.996971070766449,венчик,0.8280088305473328,0.17199116945266724,0.6608726978302002,0.7399294972419739,фрагмент,0.9427970051765442,0.05720299482345581,0.21920102834701538,0.8855940103530884,керамика,0.9991257786750793,0.0008742213249206543,0.007887574844062328,0.9986550807952881,0.05803443491458893,0.2262732780072838,0.9052874147891998
data/raw/images/Нц-48-304_orig.jpg,Нц-48-304,изразец,0.9932469129562378,0.006753087043762207,0.042151160538196564,0.9868889451026917,профиль,0.6612672805786133,0.3387327194213867,0.8877551555633545,0.3917578160762787,фрагмент,0.999408483505249,0.0005915164947509766,0.004988319706171751,0.9988169074058533,керамика,0.9995179176330566,0.0004820823669433594,0.004436109680682421,0.9991112947463989,0.08663985133171082,0.2348326863721013,0.8441437408328056
data/raw/images/Нц-48-326_orig.jpg,Нц-48-326,тарелка,0.9956474900245667,0.00435250997543335,0.030841492116451263,0.9920710921287537,профиль,0.6374370455741882,0.36256295442581177,0.6648588180541992,0.27618104219436646,фрагмент,0.9992396831512451,0.0007603168487548828,0.006220746785402298,0.9984793066978455,фаянс,0.9980419874191284,0.001958012580871582,0.01574651151895523,0.9968130588531494,0.0924084484577179,0.179416892118752,0.8158861249685287
data/raw/images/Нц-48-334_orig.jpg,Нц-48-334,тарелка,0.9692602157592773,0.030739784240722656,0.16316008567810059,0.9483319520950317,донце,0.8970476388931274,0.10295236110687256,0.3456640839576721,0.796410322189331,фрагмент,0.9990656971931458,0.000934302806854248,0.007451540790498257,0.9981313347816467,фаянс,0.9852226376533508,0.01477736234664917,0.0874825268983841,0.9746164679527283,0.03735095262527466,0.15093955933116376,0.9293725192546844
data/raw/images/Нц-48-341_orig.jpg,Нц-48-341,миска,0.6102213263511658,0.38977867364883423,1.1814608573913574,0.4509499669075012,профиль,0.38434508442878723,0.6156549453735352,1.2951533794403076,0.0762987732887268,фрагмент,0.9952848553657532,0.004715144634246826,0.029962953180074692,0.9905697107315063,фаянс,0.8702607750892639,0.12973922491073608,0.5024625062942505,0.7891637086868286,0.2849719971418381,0.7522599240764976,0.5767455399036407
data/raw/images/Нц-48-360_orig.jpg,Нц-48-360,изразец,0.7576277852058411,0.24237221479415894,0.6863008737564087,0.5511470437049866,венчик,0.4726896286010742,0.5273103713989258,1.2955098152160645,0.1839558482170105,фрагмент,0.9959712624549866,0.004028737545013428,0.026236271485686302,0.9919425249099731,керамика,0.9983100891113281,0.001689910888671875,0.014368770644068718,0.99733567237854,0.1938503086566925,0.505603932775557,0.6810952723026276
data/raw/images/Нц-48-375_orig.jpg,Нц-48-375,изразец,0.5176808834075928,0.4823191165924072,0.8898349404335022,0.08142852783203125,донце,0.45301952958106995,0.5469805002212524,1.2130427360534668,0.10059657692909241,фрагмент,0.9917593598365784,0.00824064016342163,0.04775060713291168,0.9835187792778015,керамика,0.9894008040428162,0.010599195957183838,0.06913898140192032,0.9827187657356262,0.2620348632335663,0.5549418162554502,0.5370656624436378
data/raw/images/Нц-49-010_orig.jpg,Нц-49-010,изразец,0.9511074423789978,0.0488925576210022,0.22133299708366394,0.9123417735099792,профиль,0.5263831615447998,0.4736168384552002,0.8447278141975403,0.08510258793830872,фрагмент,0.9984363913536072,0.0015636086463928223,0.011664198711514473,0.9968728423118591,керамика,0.999951958656311,4.8041343688964844e-05,0.0005767732509411871,0.9999253749847412,0.13103026151657104,0.26957544581091497,0.7485606446862221
data/raw/images/Нц-49-074_orig.jpg,Нц-49-074,миска,0.40820765495300293,0.5917923450469971,1.097614049911499,0.020317822694778442,профиль,0.9364773035049438,0.06352269649505615,0.3063080906867981,0.9008390307426453,фрагмент,0.9970760345458984,0.0029239654541015625,0.019980717450380325,0.9941520094871521,керамика,0.9937189817428589,0.006281018257141113,0.043857820332050323,0.9900866150856018,0.16613000631332397,0.36694016959518194,0.7263488695025444
data/raw/images/Нц-49-111_orig.jpg,Нц-49-111,миска,0.5802586078643799,0.4197413921356201,0.9672493934631348,0.33127009868621826,венчик,0.9529841542243958,0.04701584577560425,0.22041577100753784,0.9175787568092346,фрагмент,0.9991382360458374,0.0008617639541625977,0.006942106410861015,0.9982765316963196,керамика,0.9999300241470337,6.99758529663086e-05,0.0007896096794866025,0.999876081943512,0.11692224442958832,0.29884922014025506,0.8117503672838211
data/raw/images/Нц-49-166_orig.jpg,Нц-49-166,изразец,0.4724692702293396,0.5275307297706604,0.9128031134605408,0.0015064775943756104,донце,0.6508674025535583,0.34913259744644165,0.9643287658691406,0.41773492097854614,фрагмент,0.9982209801673889,0.001779019832611084,0.013041723519563675,0.9964419603347778,керамика,0.9928786158561707,0.007121384143829346,0.048138655722141266,0.9876895546913147,0.22139093279838562,0.4845780646428466,0.6008432283997536
data/raw/images/Нц-52-016_orig.jpg,Нц-52-016,изразец,0.9975512623786926,0.002448737621307373,0.01900499314069748,0.9957116842269897,донце,0.7187560796737671,0.2812439203262329,0.9482580423355103,0.5987544059753418,фрагмент,0.9403172731399536,0.05968272686004639,0.22609373927116394,0.8806344866752625,керамика,0.998214840888977,0.0017851591110229492,0.01466657966375351,0.9970871806144714,0.0862901359796524,0.3020058386027813,0.8680469393730164
data/raw/images/Нц-52-161_orig.jpg,Нц-52-161,изразец,0.9725682139396667,0.027431786060333252,0.13560834527015686,0.9472787380218506,венчик,0.33744433522224426,0.6625556945800781,1.3736255168914795,0.04259335994720459,фрагмент,0.9996932744979858,0.00030672550201416016,0.0027878317050635815,0.9993865489959717,керамика,0.9971730709075928,0.0028269290924072266,0.021911049261689186,0.9951911568641663,0.1732802838087082,0.3834831857820973,0.7461124509572983
data/raw/images/Нц-52-164_orig.jpg,Нц-52-164,изразец,0.9942499399185181,0.005750060081481934,0.03982165455818176,0.9897457361221313,профиль,0.479412317276001,0.520587682723999,1.251771330833435,0.202517569065094,фрагмент,0.9801529049873352,0.019847095012664795,0.09744351357221603,0.9603058099746704,керамика,0.9471803307533264,0.052819669246673584,0.22215622663497925,0.8975396156311035,0.14975112676620483,0.402798181399703,0.7625271826982498
data/raw/images/Нц-52-170_orig.jpg,Нц-52-170,изразец,0.9928204417228699,0.007179558277130127,0.04859137535095215,0.9877356886863708,прочее,0.44273242354393005,0.5572675466537476,1.2599200010299683,0.163601815700531,фрагмент,0.8736568093299866,0.12634319067001343,0.3793756067752838,0.7473136782646179,керамика,0.9758142828941345,0.02418571710586548,0.13953402638435364,0.9623478055000305,0.17874400317668915,0.45685525238513947,0.7152497470378876
data/raw/images/Нц-52-171_orig.jpg,Нц-52-171,изразец,0.9999206066131592,7.939338684082031e-05,0.0009320209501311183,0.9998847246170044,профиль,0.5506631731987,0.44933682680130005,0.976604700088501,0.17398208379745483,фрагмент,0.5649175047874451,0.43508249521255493,0.684694766998291,0.12983503937721252,керамика,0.9970353841781616,0.002964615821838379,0.02312813512980938,0.9952618479728699,0.22186583280563354,0.4213399057916831,0.5747409239411354
data/raw/images/Нц-52-181_orig.jpg,Нц-52-181,изразец,0.9464142322540283,0.05358576774597168,0.2620810866355896,0.9123610258102417,профиль,0.7009734511375427,0.2990265488624573,0.9764639139175415,0.5378482341766357,фрагмент,0.9818062782287598,0.018193721771240234,0.09092357754707336,0.9636125564575195,керамика,0.9833168387413025,0.01668316125869751,0.0935029536485672,0.9689503908157349,0.09687229990959167,0.3557428829371929,0.845693051815033
data/raw/images/Нц-52-220_orig.jpg,Нц-52-220,изразец,0.9992522597312927,0.0007477402687072754,0.00679340586066246,0.9987010359764099,венчик,0.4429989159107208,0.5570011138916016,1.5365304946899414,0.24131126701831818,фрагмент,0.6000962257385254,0.3999037742614746,0.672972559928894,0.200192391872406,керамика,0.9914257526397705,0.008574247360229492,0.05451253801584244,0.9843534827232361,0.24155671894550323,0.5677022496238351,0.6061395443975925
data/raw/images/Нц-52-505_orig.jpg,Нц-52-505,тарелка,0.7818760275840759,0.21812397241592407,0.6713676452636719,0.6423888206481934,венчик,0.521400511264801,0.478599488735199,1.139205813407898,0.2748038172721863,фрагмент,0.9996601343154907,0.00033986568450927734,0.0030540144070982933,0.9993203282356262,керамика,0.9948714971542358,0.00512850284576416,0.0329430028796196,0.9898868203163147,0.17554795742034912,0.46164261898957193,0.7265999466180801
data/raw/images/Нц-52-506_orig.jpg,Нц-52-506,тарелка,0.3851121664047241,0.6148878335952759,1.2634215354919434,0.01774558424949646,профиль,0.7602975964546204,0.23970240354537964,0.7049365639686584,0.566899299621582,фрагмент,0.99979168176651,0.00020831823348999023,0.001974071841686964,0.99958336353302,керамика,0.9989225268363953,0.0010774731636047363,0.008609048090875149,0.9978768229484558,0.21396900713443756,0.494735304848291,0.6455262675881386
data/raw/images/Нц-53-021_orig.jpg,Нц-53-021,изразец,0.9995023012161255,0.0004976987838745117,0.004744871519505978,0.9992054104804993,профиль,0.6644536256790161,0.3355463743209839,1.032232403755188,0.5279518365859985,фрагмент,0.997363269329071,0.002636730670928955,0.01829053834080696,0.9947265982627869,керамика,0.9999500513076782,4.9948692321777344e-05,0.0005950566846877337,0.9999200105667114,0.08468268811702728,0.26396571757504717,0.880450963973999
data/raw/images/Нц-53-066_orig.jpg,Нц-53-066,изразец,0.9907874464988708,0.00921255350112915,0.05403581261634827,0.9819313883781433,профиль,0.930414080619812,0.06958591938018799,0.31620505452156067,0.8802712559700012,фрагмент,0.9985936284065247,0.0014063715934753418,0.010640904307365417,0.9971871972084045,керамика,0.9995446801185608,0.000455319881439209,0.004251815378665924,0.9991894960403442,0.020165041089057922,0.09628339670598507,0.9646448343992233
data/raw/images/Нц-53-349_orig.jpg,Нц-53-349,тарелка,0.9522282481193542,0.04777175188064575,0.23955024778842926,0.9237022995948792,профиль,0.589444100856781,0.410555899143219,0.744844913482666,0.19433605670928955,фрагмент,0.9998575448989868,0.0001424551010131836,0.0014043190749362111,0.9997150897979736,фаянс,0.9969882369041443,0.003011763095855713,0.023073503747582436,0.9954639077186584,0.11537046730518341,0.2522182460234035,0.7783043384552002
data/raw/images/Нейш3А-2018-0102_orig.jpg,Нейш3А-2018-0102,крышка,0.9354730844497681,0.06452691555023193,0.24709361791610718,0.8723297119140625,профиль,0.7169370055198669,0.28306299448013306,0.8958741426467896,0.565479040145874,целый,0.6380285620689392,0.3619714379310608,0.6545440554618835,0.2760571539402008,фарфор,0.970560610294342,0.02943938970565796,0.148701012134552,0.9464479684829712,0.18475018441677094,0.48655320703983307,0.6650784686207771
data/raw/images/Нейш3А-2018-0105_orig.jpg,Нейш3А-2018-0105,тарелка,0.6919148564338684,0.3080851435661316,0.6579607725143433,0.39122363924980164,донце,0.7585230469703674,0.24147695302963257,0.6027582287788391,0.5265951752662659,фрагмент,0.9990672469139099,0.0009327530860900879,0.007440283428877592,0.9981345534324646,фарфор,0.9756742119789124,0.024325788021087646,0.13608740270137787,0.9593668580055237,0.14370515942573547,0.35106167185585946,0.718830056488514
data/raw/images/Нейш3А-2018-0111_orig.jpg,Нейш3А-2018-0111,тарелка,0.9952365756034851,0.004763424396514893,0.035526376217603683,0.9925132989883423,профиль,0.8962336182594299,0.10376638174057007,0.37403592467308044,0.8047739863395691,фрагмент,0.9994357228279114,0.000564277172088623,0.004784407559782267,0.9988715052604675,фаянс,0.9787453413009644,0.021254658699035645,0.11720213294029236,0.9635882377624512,0.03258718550205231,0.1328872103476897,0.9399367570877075
data/raw/images/Нейш3А-2018-0206_orig.jpg,Нейш3А-2018-0206,блюдце,0.5081126093864441,0.4918873906135559,0.8830939531326294,0.0680931806564331,венчик,0.5548421740531921,0.44515782594680786,0.9389193654060364,0.1738046407699585,фрагмент,0.9997087121009827,0.000291287899017334,0.0026623245794326067,0.9994174838066101,фаянс,0.7782142758369446,0.22178572416305542,0.7072404623031616,0.6189568042755127,0.28978055715560913,0.632979026355315,0.4650680273771286
data/raw/images/Нейш3А-2018-0210_orig.jpg,Нейш3А-2018-0210,блюдце,0.8636645674705505,0.13633543252944946,0.5010937452316284,0.7853369116783142,профиль,0.7585988640785217,0.24140113592147827,0.7024893760681152,0.5574185252189636,фрагмент,0.9566252827644348,0.043374717235565186,0.17852473258972168,0.9132505655288696,фарфор,0.4830426871776581,0.5169572830200195,1.1335474252700806,0.23192861676216125,0.2345171421766281,0.6289138197898865,0.6219836547970772
data/raw/images/Нейш3А-2018-0255_orig.jpg,Нейш3А-2018-0255,тарелка,0.9708279967308044,0.029172003269195557,0.14837221801280975,0.9478581547737122,донце,0.9815630912780762,0.018436908721923828,0.09922170639038086,0.9647411108016968,фрагмент,0.9962309002876282,0.003769099712371826,0.024797087535262108,0.9924618005752563,фаянс,0.9232415556907654,0.07675844430923462,0.2744186222553253,0.8470315933227539,0.03203411400318146,0.1367024085484445,0.9380231648683548
data/raw/images/Нейш3А-2018-0259_orig.jpg,Нейш3А-2018-0259,тарелка,0.8374385237693787,0.16256147623062134,0.6573508977890015,0.7578538060188293,профиль,0.8647411465644836,0.13525885343551636,0.513515293598175,0.7983282804489136,фрагмент,0.9961663484573364,0.0038336515426635742,0.025156501680612564,0.9923326969146729,фарфор,0.5239407420158386,0.4760592579841614,1.0589226484298706,0.17402383685112,0.19442830979824066,0.5637363353744149,0.6806346550583839
data/raw/images/Нейш3А-2018-0276_orig.jpg,Нейш3А-2018-0276,крышка,0.9998743534088135,0.00012564659118652344,0.001355424989014864,0.9997846484184265,ручка,0.9633631706237793,0.0366368293762207,0.20949502289295197,0.9488939642906189,фрагмент,0.7809768915176392,0.21902310848236084,0.525668740272522,0.5619537830352783,фарфор,0.9739999771118164,0.026000022888183594,0.14457917213439941,0.9591996073722839,0.07044640183448792,0.22027459007222205,0.8674580007791519
data/raw/images/Нейш3А-2018-0350_orig.jpg,Нейш3А-2018-0350,тарелка,0.9756067395210266,0.02439326047897339,0.14214350283145905,0.9623829126358032,профиль,0.8183530569076538,0.1816469430923462,0.5003440380096436,0.6412967443466187,фрагмент,0.9997846484184265,0.00021535158157348633,0.0020333616994321346,0.9995693564414978,фаянс,0.7824678421020508,0.21753215789794922,0.5431946516036987,0.5681731104850769,0.10594692826271057,0.29692888853605837,0.7928555309772491
data/raw/images/Нейш3А-2018-0374_orig.jpg,Нейш3А-2018-0374,тарелка,0.9955781102180481,0.004421889781951904,0.03431588038802147,0.9940133094787598,донце,0.7433934211730957,0.2566065788269043,0.7595832347869873,0.6022638082504272,фрагмент,0.9996373653411865,0.00036263465881347656,0.003234990406781435,0.9992747902870178,фаянс,0.9920701384544373,0.007929861545562744,0.05316579341888428,0.9881093502044678,0.0673302412033081,0.21257497475016862,0.8959153145551682
data/raw/images/Нейш3А-2018-0397_orig.jpg,Нейш3А-2018-0397,тарелка,0.9976134300231934,0.0023865699768066406,0.019490011036396027,0.9963277578353882,донце,0.47846996784210205,0.521530032157898,1.0568082332611084,0.1279025375843048,фрагмент,0.9998302459716797,0.0001697540283203125,0.00164337910246104,0.9996604919433594,фаянс,0.9870356917381287,0.012964308261871338,0.0795409306883812,0.9790599346160889,0.13426266610622406,0.28937063852208667,0.7757376804947853
data/raw/images/Нейш3А-2018-0572_orig.jpg,Нейш3А-2018-0572,крышка,0.975009560585022,0.024990439414978027,0.13020819425582886,0.9549500346183777,ручка,0.6399416923522949,0.3600583076477051,0.8391450047492981,0.32464465498924255,целый,0.8961348533630371,0.10386514663696289,0.3334934711456299,0.7922697067260742,стекло,0.6563218235969543,0.34367817640304565,0.9176448583602905,0.4321228861808777,0.2081480175256729,0.5551228821277618,0.625996820628643
data/raw/images/Нейш3А-2018-0625_orig.jpg,Нейш3А-2018-0625,блюдце,0.5847876667976379,0.41521233320236206,0.7753230333328247,0.18984287977218628,профиль,0.9707956314086914,0.029204368591308594,0.14607922732830048,0.945732831954956,фрагмент,0.9998785257339478,0.0001214742660522461,0.001216293079778552,0.9997571110725403,фарфор,0.7805917859077454,0.21940821409225464,0.5761244297027588,0.5713085532188416,0.16598659753799438,0.37468574586091563,0.676660344004631
data/raw/images/Нейш3А-2018-0629_orig.jpg,Нейш3А-2018-0629,тарелка,0.6654813289642334,0.3345186710357666,0.6858841776847839,0.33952704071998596,донце,0.585101306438446,0.41489869356155396,0.7460736036300659,0.18252405524253845,фрагмент,0.9995868802070618,0.0004131197929382324,0.0036321061197668314,0.9991737604141235,фарфор,0.9750955104827881,0.024904489517211914,0.14238470792770386,0.961508572101593,0.19368374347686768,0.39449364884058014,0.6206833571195602
data/raw/images/Нейш3А-2018-0726_orig.jpg,Нейш3А-2018-0726,блюдце,0.5903537273406982,0.40964627265930176,0.9377085566520691,0.24775174260139465,профиль,0.9167273640632629,0.08327263593673706,0.3522075414657593,0.8578236699104309,фрагмент,0.9996287822723389,0.0003712177276611328,0.0033033648505806923,0.9992575645446777,фарфор,0.783439040184021,0.216560959815979,0.7287039756774902,0.663987398147583,0.17746277153491974,0.5054808596614748,0.6922050938010216
data/raw/images/Нейш3А-2018-0737_orig.jpg,Нейш3А-2018-0737,блюдце,0.8987054824829102,0.10129451751708984,0.36022451519966125,0.8058819770812988,профиль,0.7136932015419006,0.28630679845809937,0.698908269405365,0.452474445104599,фрагмент,0.9918212890625,0.0081787109375,0.047454021871089935,0.9836425185203552,фарфор,0.6647439002990723,0.33525609970092773,0.711832582950592,0.34459903836250305,0.18275903165340424,0.45460484735667706,0.646649494767189
data/raw/images/Нейш3А-2018-0740_orig.jpg,Нейш3А-2018-0740,миска,0.6139159798622131,0.38608402013778687,1.0072736740112305,0.3595763146877289,профиль,0.9184728264808655,0.08152717351913452,0.29260534048080444,0.8389169573783875,фрагмент,0.9997046589851379,0.00029534101486206055,0.0026954207569360733,0.9994093775749207,фарфор,0.3686094880104065,0.6313905119895935,1.245945930480957,0.04763859510421753,0.27482426166534424,0.637130091432482,0.5613853111863136
data/raw/images/Нейш3А-2018-0742_orig.jpg,Нейш3А-2018-0742,тарелка,0.945153534412384,0.05484646558761597,0.24065440893173218,0.8966497778892517,донце,0.6295641660690308,0.37043583393096924,0.6817222833633423,0.2623283565044403,фрагмент,0.9998660087585449,0.00013399124145507812,0.0013284647138789296,0.9997320771217346,фаянс,0.5840701460838318,0.4159298539161682,0.7795631885528564,0.18942317366600037,0.21033653616905212,0.42581708639045246,0.5870333462953568
data/raw/images/Нейш3А-2018-0855_orig.jpg,Нейш3А-2018-0855,тарелка,0.9677352905273438,0.03226470947265625,0.1556704342365265,0.9390583038330078,профиль,0.8189877867698669,0.18101221323013306,0.53590989112854,0.6575182676315308,фрагмент,0.9999086856842041,9.131431579589844e-05,0.000940980389714241,0.9998173117637634,фаянс,0.9661128520965576,0.03388714790344238,0.1731305569410324,0.9459286332130432,0.0618138462305069,0.2164129656739533,0.8855806291103363
data/raw/images/Нейш3А-2018-0806_orig.jpg,Нейш3А-2018-0806,крышка,0.814410388469696,0.18558961153030396,0.6414648294448853,0.7048140168190002,профиль,0.9366494417190552,0.06335055828094482,0.3089449405670166,0.9025970697402954,фрагмент,0.5395971536636353,0.46040284633636475,0.6900080442428589,0.07919430732727051,фарфор,0.7115020751953125,0.2884979248046875,0.8219318389892578,0.498675674200058,0.24946023523807526,0.6155874133110046,0.546320267021656
data/raw/images/Нейш3А-2018-0810_orig.jpg,Нейш3А-2018-0810,блюдце,0.8577207922935486,0.14227920770645142,0.5083092451095581,0.7400861978530884,профиль,0.7868919968605042,0.21310800313949585,0.6045419573783875,0.5948622226715088,фрагмент,0.9938165545463562,0.006183445453643799,0.037612657994031906,0.9876331090927124,фарфор,0.9934965372085571,0.006503462791442871,0.04619781672954559,0.9903009533882141,0.09201852977275848,0.29916541930288076,0.8282206207513809
data/raw/images/Нейш3А-2018-0821_orig.jpg,Нейш3А-2018-0821,тарелка,0.985912024974823,0.014087975025177002,0.08412176370620728,0.9766192436218262,профиль,0.5032596588134766,0.49674034118652344,0.8400716781616211,0.041843920946121216,фрагмент,0.9999637603759766,3.62396240234375e-05,0.00040724565042182803,0.9999274611473083,фаянс,0.7258700132369995,0.2741299867630005,0.6402419805526733,0.4625183045864105,0.1962486356496811,0.3912106670177309,0.6202272325754166
data/raw/images/Нейш3А-2018-0831_orig.jpg,Нейш3А-2018-0831,блюдце,0.7039927840232849,0.2960072159767151,0.8954338431358337,0.5271052122116089,венчик,0.8529342412948608,0.14706575870513916,0.46441853046417236,0.7173938751220703,фрагмент,0.996852457523346,0.0031475424766540527,0.021275853738188744,0.9937049150466919,фарфор,0.7728745937347412,0.2271254062652588,0.7167571783065796,0.6071234941482544,0.16833648085594177,0.5244713514111936,0.7113318741321564
data/raw/images/Нейш3А-2018-0837_orig.jpg,Нейш3А-2018-0837,блюдце,0.9125364422798157,0.08746355772018433,0.32484185695648193,0.8311249017715454,профиль,0.5443089008331299,0.4556910991668701,0.9706223607063293,0.20671728253364563,фрагмент,0.9926127195358276,0.007387280464172363,0.04361662641167641,0.9852254390716553,фарфор,0.9867421984672546,0.013257801532745361,0.08153818547725677,0.9785370826721191,0.14094993472099304,0.3551547573879361,0.7504011765122414
data/raw/images/Нейш3А-2018-0839_orig.jpg,Нейш3А-2018-0839,блюдце,0.9178211092948914,0.08217889070510864,0.3034677803516388,0.8396062850952148,профиль,0.8929978013038635,0.10700219869613647,0.42121031880378723,0.8364725112915039,фрагмент,0.9945384860038757,0.005461513996124268,0.03390096127986908,0.9890770316123962,фарфор,0.9971141815185547,0.0028858184814453125,0.02107256092131138,0.9945750832557678,0.049382105469703674,0.19491290533915162,0.9149327278137207
data/raw/images/Нейш3А-2018-0850_orig.jpg,Нейш3А-2018-0850,тарелка,0.9354378581047058,0.06456214189529419,0.30837714672088623,0.8954011797904968,профиль,0.9511073231697083,0.04889267683029175,0.24755647778511047,0.9206352829933167,фрагмент,0.9998983144760132,0.0001016855239868164,0.0010368921793997288,0.9997965693473816,фаянс,0.8759588003158569,0.12404119968414307,0.465320885181427,0.7887246608734131,0.059399425983428955,0.25557285046670586,0.901139423251152
data/raw/images/Нейш3А-2018-0851_orig.jpg,Нейш3А-2018-0851,тарелка,0.9831399321556091,0.01686006784439087,0.10066556930541992,0.9721754789352417,профиль,0.8243743777275085,0.17562562227249146,0.5037004947662354,0.6578461527824402,фрагмент,0.9999558925628662,4.410743713378906e-05,0.00048631912795826793,0.9999117851257324,фаянс,0.9549722671508789,0.045027732849121094,0.22263818979263306,0.933120846748352,0.0593893826007843,0.20687264324806165,0.8907635658979416
data/raw/images/Нейш3А-2018-0856_orig.jpg,Нейш3А-2018-0856,тарелка,0.944525957107544,0.055474042892456055,0.23020829260349274,0.892327606678009,профиль,0.47500988841056824,0.5249900817871094,1.0273878574371338,0.11856681108474731,фрагмент,0.9989402890205383,0.00105971097946167,0.008317767642438412,0.9978805780410767,фаянс,0.8017433881759644,0.19825661182403564,0.6707985401153564,0.7047975063323975,0.19494511187076569,0.48417811444960535,0.6783931255340576
data/raw/images/Нейш3А-2018-0868_orig.jpg,Нейш3А-2018-0868,изразец,0.9936946034431458,0.006305396556854248,0.041539523750543594,0.9884490966796875,донце,0.4837385416030884,0.5162614583969116,1.4187943935394287,0.2871808409690857,фрагмент,0.9961698651313782,0.003830134868621826,0.025136834010481834,0.9923397302627563,керамика,0.9937869310379028,0.006213068962097168,0.039548635482788086,0.9879519939422607,0.13315251469612122,0.38125484669581056,0.8139804154634476
data/raw/images/Нейш3А-2018-0949_orig.jpg,Нейш3А-2018-0949,тарелка,0.7768822908401489,0.22311770915985107,0.6678127646446228,0.5988547801971436,донце,0.9882757663726807,0.011724233627319336,0.07882040739059448,0.9822256565093994,фрагмент,0.9986043572425842,0.0013956427574157715,0.010570522397756577,0.9972086548805237,фарфор,0.778286874294281,0.221713125705719,0.7608309984207153,0.671603262424469,0.1144876778125763,0.3795086732134223,0.8124730885028839
data/raw/images/Нейш3А-2018-0954_orig.jpg,Нейш3А-2018-0954,изразец,0.9306361079216003,0.06936389207839966,0.30815285444259644,0.8843636512756348,венчик,0.7383785247802734,0.26162147521972656,0.6691068410873413,0.4972293972969055,фрагмент,0.9978365302085876,0.0021634697914123535,0.015436292625963688,0.9956730604171753,керамика,0.9994111061096191,0.0005888938903808594,0.005528677720576525,0.9990450143814087,0.08343443274497986,0.2495561664691195,0.8440777808427811
data/raw/images/Нейш3А-2018-1042_orig.jpg,Нейш3А-2018-1042,тарелка,0.9549239873886108,0.04507601261138916,0.20076104998588562,0.9138281941413879,профиль,0.5826241970062256,0.4173758029937744,0.9615248441696167,0.2502272427082062,фрагмент,0.9896987080574036,0.010301291942596436,0.057381682097911835,0.9793973565101624,фарфор,0.9213102459907532,0.07868975400924683,0.3285677433013916,0.8615690469741821,0.1378607153892517,0.38705882988870144,0.7512554600834846
data/raw/images/Нейш3А-2018-1101_orig.jpg,Нейш3А-2018-1101,тарелка,0.6810548901557922,0.31894510984420776,0.6657704710960388,0.36884403228759766,профиль,0.9561442136764526,0.04385578632354736,0.21014493703842163,0.9246836304664612,фрагмент,0.9999645948410034,3.540515899658203e-05,0.00039772753370925784,0.9999292492866516,фарфор,0.5624425411224365,0.4375574588775635,0.7086577415466309,0.1285526156425476,0.2000984400510788,0.39624271930370014,0.6055023819208145
data/raw/images/Нейш3А-2018-1137_orig.jpg,Нейш3А-2018-1137,тарелка,0.6997023224830627,0.30029767751693726,0.6431012153625488,0.4052465558052063,профиль,0.91971355676651,0.08028644323348999,0.30434295535087585,0.8463095426559448,фрагмент,0.9999445676803589,5.543231964111328e-05,0.0005982986185699701,0.9998891949653625,фарфор,0.8539007306098938,0.1460992693901062,0.4359135329723358,0.7114825248718262,0.13168470561504364,0.3459890005760826,0.740731954574585
data/raw/images/Нейш3А-2018-1138_orig.jpg,Нейш3А-2018-1138,тарелка,0.878766655921936,0.12123334407806396,0.4381466209888458,0.7780762314796448,профиль,0.9029647707939148,0.0970352292060852,0.3682571053504944,0.8204424977302551,фрагмент,0.9999531507492065,4.684925079345703e-05,0.0005138828419148922,0.9999063014984131,фарфор,0.8485155701637268,0.1514844298362732,0.4524766802787781,0.7025675773620605,0.09244996309280396,0.3148485723650083,0.8252481520175934
data/raw/images/Нейш3А-2018-1186_orig.jpg,Нейш3А-2018-1186,тарелка,0.6881257891654968,0.3118742108345032,0.7801428437232971,0.4172566533088684,донце,0.6990666389465332,0.3009333610534668,0.9000494480133057,0.49758583307266235,фрагмент,0.9991663694381714,0.0008336305618286133,0.006743373349308968,0.9983327388763428,керамика,0.7827574610710144,0.2172425389289856,0.5445808172225952,0.5691649317741394,0.20772093534469604,0.5578791205771267,0.6205850392580032
data/raw/images/Нейш3А-2018-1284_orig.jpg,Нейш3А-2018-1284,тарелка,0.9398465752601624,0.060153424739837646,0.24870064854621887,0.8854682445526123,донце,0.4095500111579895,0.5904499888420105,1.1913681030273438,0.09991121292114258,фрагмент,0.9995717406272888,0.00042825937271118164,0.0037493205163627863,0.9991435408592224,фаянс,0.6712504625320435,0.32874953746795654,0.7150883674621582,0.3600247800350189,0.24494530260562897,0.5397266098880209,0.586136944591999
data/raw/images/Нейш3А-2018-1372_orig.jpg,Нейш3А-2018-1372,изразец,0.951964259147644,0.04803574085235596,0.22821243107318878,0.9157919883728027,венчик,0.4586275517940521,0.5413724184036255,1.0809353590011597,0.04226630926132202,фрагмент,0.9946327209472656,0.005367279052734375,0.033409975469112396,0.9892654418945312,керамика,0.9967316389083862,0.0032683610916137695,0.025458967313170433,0.995328962802887,0.1495109498500824,0.3420041832141578,0.7356631755828857
data/raw/images/Нейш3А-2018-1379_orig.jpg,Нейш3А-2018-1379,крышка,0.9838473200798035,0.016152679920196533,0.09539659321308136,0.9717163443565369,профиль,0.7586842775344849,0.24131572246551514,0.820009708404541,0.6218786835670471,фрагмент,0.9840723872184753,0.015927612781524658,0.081735759973526,0.9681447148323059,фарфор,0.9528548121452332,0.047145187854766846,0.23706765472888947,0.9252393245697021,0.0801353007555008,0.30855242908000946,0.871744766831398
data/raw/images/Нейш3А-2018-1390_orig.jpg,Нейш3А-2018-1390,миска,0.984845757484436,0.015154242515563965,0.09301058948040009,0.9767006635665894,профиль,0.7186921834945679,0.28130781650543213,0.6369816660881042,0.44542816281318665,фрагмент,0.999451220035553,0.0005487799644470215,0.004669001791626215,0.9989023804664612,керамика,0.9973904490470886,0.002609550952911377,0.02094230055809021,0.9960535764694214,0.07490509748458862,0.1889008894795552,0.8542711958289146
data/raw/images/Нейш3А-2018-1509_orig.jpg,Нейш3А-2018-1509,тарелка,0.9959367513656616,0.004063248634338379,0.026969008147716522,0.991966187953949,профиль,0.8768411874771118,0.12315881252288818,0.45611119270324707,0.7879607081413269,фрагмент,0.9996022582054138,0.00039774179458618164,0.0035123545676469803,0.9992044568061829,фарфор,0.7844346761703491,0.21556532382965088,0.5407276749610901,0.5721632838249207,0.0857962816953659,0.25683005759492517,0.8378236591815948
data/raw/images/Нейш3А-2018-1527_orig.jpg,Нейш3А-2018-1527,блюдце,0.49776574969291687,0.5022342205047607,1.043427586555481,0.20627647638320923,венчик,0.5764220356941223,0.4235779643058777,0.8464076519012451,0.19662556052207947,фрагмент,0.9993948936462402,0.0006051063537597656,0.005089077167212963,0.9987897276878357,фарфор,0.8244097828865051,0.17559021711349487,0.5043004751205444,0.6568467020988464,0.27550187706947327,0.5998061976861209,0.5146346166729927
data/raw/images/Нейш3А-2018-1533_orig.jpg,Нейш3А-2018-1533,изразец,0.9932299852371216,0.006770014762878418,0.048762865364551544,0.9906959533691406,венчик,0.5627515316009521,0.43724846839904785,1.1546634435653687,0.33215153217315674,фрагмент,0.9956455230712891,0.0043544769287109375,0.028018424287438393,0.9912910461425781,керамика,0.9995757937431335,0.0004242062568664551,0.00404147244989872,0.999276340007782,0.11219929158687592,0.3088715514168143,0.8283537179231644
data/raw/images/Нейш3А-2018-1642_orig.jpg,Нейш3А-2018-1642,тарелка,0.6943127512931824,0.3056872487068176,0.906216025352478,0.4839000701904297,профиль,0.909737765789032,0.09026223421096802,0.39910852909088135,0.8585238456726074,фрагмент,0.9999382495880127,6.175041198730469e-05,0.000660712830722332,0.9998764395713806,керамика,0.9959049820899963,0.004095017910003662,0.029540447518229485,0.9926974773406982,0.10002656280994415,0.3338814286980778,0.833749458193779
data/raw/images/Нейш3А-2018-1685_orig.jpg,Нейш3А-2018-1685,тарелка,0.9975436329841614,0.002456367015838623,0.019473444670438766,0.9960341453552246,донце,0.9673826098442078,0.032617390155792236,0.17439359426498413,0.9467083215713501,фрагмент,0.992833137512207,0.007166862487792969,0.04253295809030533,0.9856663346290588,фаянс,0.9623157978057861,0.03768420219421387,0.18546447157859802,0.9337306022644043,0.019981205463409424,0.10546611715108156,0.9655348509550095
data/raw/images/Нейш3А-2018-1764_orig.jpg,Нейш3А-2018-1764,тарелка,0.7561551332473755,0.2438448667526245,0.6233053803443909,0.5269306898117065,венчик,0.6356499195098877,0.3643500804901123,0.6949959397315979,0.27774423360824585,фрагмент,0.9996341466903687,0.00036585330963134766,0.0032606725580990314,0.9992683529853821,фарфор,0.6905287504196167,0.3094712495803833,0.7071787118911743,0.40032726526260376,0.22950801253318787,0.5071851761313155,0.5510676354169846
data/raw/images/Нейш3А-2018-1980_orig.jpg,Нейш3А-2018-1980,тарелка,0.8630040884017944,0.13699591159820557,0.4378666579723358,0.7342244386672974,профиль,0.9838154911994934,0.016184508800506592,0.09179922193288803,0.9700636863708496,фрагмент,0.9991771578788757,0.0008228421211242676,0.006666789297014475,0.9983543157577515,фарфор,0.5557011365890503,0.4442988634109497,0.74469393491745,0.12156304717063904,0.14957553148269653,0.32025665102992207,0.7060513719916344
data/raw/images/Нейш3А-2018-2040_orig.jpg,Нейш3А-2018-2040,тарелка,0.9402933716773987,0.05970662832260132,0.23107445240020752,0.8813546895980835,венчик,0.9849829077720642,0.015017092227935791,0.08178715407848358,0.9708492159843445,фрагмент,0.9999715089797974,2.849102020263672e-05,0.0003263793187215924,0.9999430775642395,керамика,0.9354892373085022,0.0645107626914978,0.2633548378944397,0.8779420852661133,0.03481574356555939,0.1441357059229631,0.9325222671031952
data/raw/images/Нейш3А-2018-2068_orig.jpg,Нейш3А-2018-2068,изразец,0.9854302406311035,0.014569759368896484,0.07735355943441391,0.9710596799850464,донце,0.5956973433494568,0.4043026566505432,0.7653548717498779,0.2082819938659668,фрагмент,0.9657937288284302,0.034206271171569824,0.14907251298427582,0.9315874576568604,керамика,0.9677396416664124,0.032260358333587646,0.1569034457206726,0.9398844838142395,0.12133476138114929,0.28717109747231007,0.7627034038305283
data/raw/images/Нейш3А-2018-2142_orig.jpg,Нейш3А-2018-2142,тарелка,0.5374252796173096,0.46257472038269043,0.7756322622299194,0.09336727857589722,профиль,0.9792802929878235,0.020719707012176514,0.11730379611253738,0.9688827395439148,фрагмент,0.999993085861206,6.9141387939453125e-06,8.909321331884712e-05,0.9999861717224121,фаянс,0.5223509669303894,0.4776490330696106,0.7567477226257324,0.05708056688308716,0.24023759365081787,0.412443218545377,0.5298291891813278
data/raw/images/Нейш3А-2018-2145_orig.jpg,Нейш3А-2018-2145,тарелка,0.9946428537368774,0.005357146263122559,0.04082772508263588,0.9927089810371399,венчик,0.600235641002655,0.39976435899734497,0.781753659248352,0.2286992371082306,фрагмент,0.9999881982803345,1.1801719665527344e-05,0.00014516657392960042,0.9999764561653137,фаянс,0.561722993850708,0.438277006149292,0.843544602394104,0.17026251554489136,0.21085257828235626,0.4165677883247554,0.5979117974638939
data/raw/images/Нейш3А-2018-2170_orig.jpg,Нейш3А-2018-2170,тарелка,0.9955547451972961,0.004445254802703857,0.03127096965909004,0.9918031096458435,донце,0.9514536261558533,0.04854637384414673,0.23408649861812592,0.9270101189613342,фрагмент,0.9985238909721375,0.0014761090278625488,0.011097008362412453,0.9970477223396301,фаянс,0.9049062728881836,0.0950937271118164,0.3723291754722595,0.8351513743400574,0.037390366196632385,0.16219591302797198,0.9377530813217163
data/raw/images/Нейш3А-2018-2216_orig.jpg,Нейш3А-2018-2216,тарелка,0.8877789378166199,0.11222106218338013,0.3986705541610718,0.7869234085083008,профиль,0.9673547148704529,0.03264528512954712,0.16377520561218262,0.9438046216964722,фрагмент,0.9996798038482666,0.00032019615173339844,0.002897046273574233,0.9993595480918884,фаянс,0.8551437854766846,0.14485621452331543,0.510964035987854,0.7613846063613892,0.07251068949699402,0.26907671050867066,0.8728680461645126
data/raw/images/Нейш3А-2018-2330_orig.jpg,Нейш3А-2018-2330,крышка,0.9935747981071472,0.006425201892852783,0.046031441539525986,0.9906662702560425,ручка,0.9237866401672363,0.07621335983276367,0.35342931747436523,0.8888785243034363,фрагмент,0.995725154876709,0.004274845123291016,0.027584891766309738,0.991450309753418,керамика,0.9091476202011108,0.09085237979888916,0.41011232137680054,0.8734896779060364,0.04444144666194916,0.20928949303925037,0.9361211955547333
data/raw/images/Нейш3А-2018-2331_orig.jpg,Нейш3А-2018-2331,крышка,0.9843528866767883,0.01564711332321167,0.09299241006374359,0.9726099371910095,донце,0.4779914319515228,0.5220085382461548,1.1707382202148438,0.14862346649169922,фрагмент,0.9989066123962402,0.0010933876037597656,0.00854769442230463,0.9978132843971252,керамика,0.9138504266738892,0.08614957332611084,0.35632604360580444,0.8476555347442627,0.15622465312480927,0.4071510920766741,0.7416755557060242
data/raw/images/Нейш3А-2018-2435_orig.jpg,Нейш3А-2018-2435,миска,0.6382346749305725,0.3617653250694275,1.0150197744369507,0.4209979772567749,венчик,0.536374568939209,0.463625431060791,0.8541346788406372,0.10986235737800598,фрагмент,0.9992658495903015,0.0007341504096984863,0.0060319239273667336,0.998531699180603,керамика,0.9989652633666992,0.0010347366333007812,0.008849376812577248,0.998137891292572,0.20678991079330444,0.47100893850438297,0.631882481276989
data/raw/images/Нейш3А-2018-2476_orig.jpg,Нейш3А-2018-2476,тарелка,0.7530711889266968,0.24692881107330322,0.601635754108429,0.5145274996757507,венчик,0.9690929651260376,0.030907034873962402,0.14737030863761902,0.9403454661369324,фрагмент,0.9995878338813782,0.00041216611862182617,0.003624910255894065,0.9991756081581116,керамика,0.8739069104194641,0.1260930895805359,0.3910246193408966,0.7499193549156189,0.10108527541160583,0.28591389808570966,0.8009919822216034
data/raw/images/Нейш3А-2018-2548_orig.jpg,Нейш3А-2018-2548,крышка,0.9988802075386047,0.0011197924613952637,0.009285221807658672,0.9979118704795837,ручка,0.6743229031562805,0.3256770968437195,1.018962025642395,0.4936893582344055,целый,0.819019615650177,0.180980384349823,0.47287678718566895,0.638039231300354,фарфор,0.9527285099029541,0.0472714900970459,0.23448361456394196,0.9245826601982117,0.1387621909379959,0.43390191229991615,0.7635557800531387
data/raw/images/Нейш3А-2018-2549_orig.jpg,Нейш3А-2018-2549,крышка,0.9997965693473816,0.0002034306526184082,0.002125893719494343,0.9996553063392639,ручка,0.9795472025871277,0.020452797412872314,0.12755683064460754,0.9723273515701294,фрагмент,0.7679876685142517,0.2320123314857483,0.5416964292526245,0.5359753370285034,фарфор,0.9048956632614136,0.09510433673858643,0.42071789503097534,0.8548515439033508,0.08694322407245636,0.27302426216192544,0.8407023847103119
data/raw/images/Нейш3А-2018-2551_orig.jpg,Нейш3А-2018-2551,крышка,0.9996898174285889,0.0003101825714111328,0.003183708991855383,0.9995183944702148,ручка,0.9670010209083557,0.03299897909164429,0.18744425475597382,0.9495327472686768,целый,0.5458681583404541,0.4541318416595459,0.6889334917068481,0.09173634648323059,фарфор,0.7391537427902222,0.26084625720977783,0.8753452301025391,0.6229096055030823,0.1870718151330948,0.4387266713893041,0.6659242734313011
data/raw/images/Нейш3А-2018-2554_orig.jpg,Нейш3А-2018-2554,крышка,0.9995961785316467,0.0004038214683532715,0.0038110632449388504,0.9992535710334778,ручка,0.9897009134292603,0.010299086570739746,0.07245820760726929,0.9858303666114807,фрагмент,0.8827933669090271,0.1172066330909729,0.36132222414016724,0.7655866742134094,фарфор,0.6878116726875305,0.3121883273124695,0.9447855353355408,0.5321365594863892,0.11002446711063385,0.34559425758197904,0.8207017928361893
data/raw/images/Нейш3А-2018-2555_orig.jpg,Нейш3А-2018-2555,крышка,0.9998372793197632,0.0001627206802368164,0.001751444418914616,0.9997269511222839,ручка,0.9854745864868164,0.014525413513183594,0.09844507277011871,0.9810066223144531,целый,0.6680341958999634,0.3319658041000366,0.6355620622634888,0.336068332195282,фарфор,0.8787133693695068,0.12128663063049316,0.4811694622039795,0.7984418869018555,0.11698514223098755,0.3042320104141254,0.7788109481334686
data/raw/images/Нейш3А-2018-2556_orig.jpg,Нейш3А-2018-2556,крышка,0.9995779395103455,0.000422060489654541,0.0038486686535179615,0.9991858005523682,ручка,0.9877086877822876,0.012291312217712402,0.08517530560493469,0.9838688969612122,фрагмент,0.8134531378746033,0.18654686212539673,0.4811769127845764,0.6269063353538513,фарфор,0.9620989561080933,0.03790104389190674,0.19862867891788483,0.938417911529541,0.0592903196811676,0.19220739149022847,0.8870947360992432
data/raw/images/Нейш3А-2018-2759_orig.jpg,Нейш3А-2018-2759,крышка,0.9951106905937195,0.004889309406280518,0.03606931120157242,0.9925304055213928,ручка,0.8802234530448914,0.11977654695510864,0.48710477352142334,0.805164098739624,фрагмент,0.8338330984115601,0.16616690158843994,0.4497559666633606,0.6676661968231201,фарфор,0.9199874997138977,0.0800125002861023,0.34374499320983887,0.8676289319992065,0.09271131455898285,0.3291687611490488,0.8332474082708359
data/raw/images/Нейш3А-2018-2807_orig.jpg,Нейш3А-2018-2807,тарелка,0.6184674501419067,0.38153254985809326,0.8706446290016174,0.29701873660087585,венчик,0.5910782814025879,0.4089217185974121,1.0028756856918335,0.29374876618385315,фрагмент,0.9994196891784668,0.0005803108215332031,0.004904499277472496,0.9988393783569336,керамика,0.65236496925354,0.34763503074645996,0.6849616169929504,0.31172266602516174,0.28466740250587463,0.6408466077409685,0.4753323867917061
data/raw/images/Нейш3А-2018-2841_orig.jpg,Нейш3А-2018-2841,тарелка,0.9154243469238281,0.08457565307617188,0.3294561803340912,0.8413316607475281,профиль,0.8931474685668945,0.10685253143310547,0.41042229533195496,0.8153388500213623,фрагмент,0.9999939203262329,6.079673767089844e-06,7.893797010183334e-05,0.9999878406524658,фарфор,0.4967036843299866,0.5032963156700134,0.7924646735191345,0.012481719255447388,0.17368264496326447,0.3831055217888206,0.6672850176692009
data/raw/images/Нейш3А-2018-2926_orig.jpg,Нейш3А-2018-2926,тарелка,0.8065385818481445,0.19346141815185547,0.49574917554855347,0.6136745810508728,профиль,0.9390810132026672,0.060918986797332764,0.266520231962204,0.8941292762756348,фрагмент,0.9999812841415405,1.8715858459472656e-05,0.00022274178627412766,0.999962568283081,фарфор,0.6875590085983276,0.31244099140167236,0.6677694916725159,0.38538822531700134,0.14171002805233002,0.35756541024238686,0.7232886627316475
data/raw/images/Нейш3А-2018-2953_orig.jpg,Нейш3А-2018-2953,тарелка,0.6250560283660889,0.37494397163391113,0.8963295221328735,0.3235923647880554,венчик,0.7797481417655945,0.22025185823440552,0.5431913733482361,0.5618953108787537,фрагмент,0.9998465776443481,0.00015342235565185547,0.0015003439038991928,0.9996932148933411,керамика,0.6071503758430481,0.3928496241569519,0.8591156005859375,0.2661777138710022,0.2470497190952301,0.5750342099927366,0.5378396511077881
data/raw/images/Нейш3А-2018-3010_orig.jpg,Нейш3А-2018-3010,тарелка,0.4135812819004059,0.5864187479019165,1.301839828491211,0.12457862496376038,профиль,0.8978846669197083,0.10211533308029175,0.3409639298915863,0.797612190246582,фрагмент,0.9999097585678101,9.02414321899414e-05,0.0009309666347689927,0.9998194575309753,фаянс,0.7583093047142029,0.24169069528579712,0.7602908611297607,0.6381878852844238,0.23257875442504883,0.6010063965368317,0.6400495395064354
data/raw/images/Нейш3А-2018-3039_orig.jpg,Нейш3А-2018-3039,тарелка,0.918807327747345,0.08119267225265503,0.3247758746147156,0.8479291200637817,профиль,0.5774961113929749,0.42250388860702515,0.9902657270431519,0.33908194303512573,фрагмент,0.9998835325241089,0.00011646747589111328,0.0011715569999068975,0.9997670650482178,фаянс,0.8801785111427307,0.11982148885726929,0.4443700313568115,0.7854411005973816,0.15590862929821014,0.44014579750364646,0.7430548071861267
data/raw/images/Нейш3А-2018-3060_orig.jpg,Нейш3А-2018-3060,тарелка,0.7664329409599304,0.23356705904006958,0.5732269883155823,0.5383720993995667,профиль,0.5315516591072083,0.46844834089279175,0.847370982170105,0.1090223491191864,фрагмент,0.9999847412109375,1.52587890625e-05,0.0001845656952355057,0.999969482421875,фаянс,0.556399405002594,0.443600594997406,0.7953423857688904,0.13989582657814026,0.28640781342983246,0.5540312304874533,0.4468149393796921
data/raw/images/Нейш3А-2018-3712_orig.jpg,Нейш3А-2018-3712,изразец,0.9059644937515259,0.09403550624847412,0.37381649017333984,0.8285966515541077,донце,0.829650342464447,0.17034965753555298,0.6417014598846436,0.7268572449684143,фрагмент,0.9949283599853516,0.0050716400146484375,0.03185775503516197,0.9898567199707031,керамика,0.9407034516334534,0.05929654836654663,0.2550707757472992,0.8895807266235352,0.08218833804130554,0.32561162021011114,0.8587228357791901
data/raw/images/Нейш3А-2018-3748_orig.jpg,Нейш3А-2018-3748,блюдце,0.839447557926178,0.16055244207382202,0.4604291617870331,0.6829583644866943,донце,0.9925366640090942,0.007463335990905762,0.04826691001653671,0.9862305521965027,фрагмент,0.9910577535629272,0.008942246437072754,0.05108256638050079,0.9821154475212097,фарфор,0.9796432852745056,0.020356714725494385,0.10917195677757263,0.9622564911842346,0.04932868480682373,0.1672376487404108,0.9033902138471603
data/raw/images/Нейш3А-2018-3996_orig.jpg,Нейш3А-2018-3996,блюдце,0.5673739910125732,0.43262600898742676,0.9449397325515747,0.21647858619689941,профиль,0.7081327438354492,0.2918672561645508,0.8067402839660645,0.4817903935909271,целый,0.537383496761322,0.462616503238678,0.6903494596481323,0.07476696372032166,стекло,0.8448371887207031,0.15516281127929688,0.5542735457420349,0.7365127801895142,0.3355681449174881,0.7490757554769516,0.3773871809244156
data/raw/images/Нейш3А-2018-4068_orig.jpg,Нейш3А-2018-4068,крышка,0.9998871088027954,0.00011289119720458984,0.0012819354888051748,0.9998375177383423,ручка,0.9825416803359985,0.017458319664001465,0.10681174695491791,0.970886766910553,фрагмент,0.6161759495735168,0.38382405042648315,0.6659051775932312,0.23235192894935608,фаянс,0.4388970136642456,0.5611029863357544,1.162240982055664,0.13403019309043884,0.2406245619058609,0.4840599605231546,0.5842766016721725
data/raw/images/Нейш3А-2018-4085_orig.jpg,Нейш3А-2018-4085,изразец,0.9986565113067627,0.0013434886932373047,0.011058740317821503,0.9975668787956238,профиль,0.8045256733894348,0.19547432661056519,0.7265505790710449,0.7072612047195435,фрагмент,0.7207927703857422,0.2792072296142578,0.5922030210494995,0.441585510969162,керамика,0.9993321299552917,0.000667870044708252,0.0061889709904789925,0.9989187121391296,0.11917322874069214,0.33400032785721123,0.7863330766558647
data/raw/images/Нейш3А-2018-4094_orig.jpg,Нейш3А-2018-4094,тарелка,0.8049575686454773,0.1950424313545227,0.5827608108520508,0.6311591267585754,профиль,0.886924684047699,0.11307531595230103,0.4082326292991638,0.788461446762085,фрагмент,0.9999020099639893,9.799003601074219e-05,0.001002803212031722,0.9998039603233337,фаянс,0.6443039178848267,0.35569608211517334,0.9426569938659668,0.43323978781700134,0.16597795486450195,0.4836633093073033,0.7131660804152489
data/raw/images/Нейш3А-2018-4342_orig.jpg,Нейш3А-2018-4342,изразец,0.6396448016166687,0.3603551983833313,0.8655719757080078,0.34836816787719727,венчик,0.6669788956642151,0.3330211043357849,0.7949270009994507,0.3740507662296295,фрагмент,0.9978354573249817,0.0021645426750183105,0.015442926436662674,0.9956709146499634,керамика,0.9744396805763245,0.025560319423675537,0.14518585801124573,0.9586124420166016,0.18027529120445251,0.4552819402888417,0.6691755726933479
data/raw/images/Нейш3А-2018-4582_orig.jpg,Нейш3А-2018-4582,тарелка,0.7271810173988342,0.27281898260116577,0.6102083921432495,0.4584139287471771,донце,0.5307750105857849,0.4692249894142151,0.7357550263404846,0.06828564405441284,фрагмент,0.9191110730171204,0.08088892698287964,0.2809351086616516,0.8382221460342407,фарфор,0.9871293902397156,0.012870609760284424,0.07350664585828781,0.9754900932312012,0.20895087718963623,0.4251012932509184,0.585102953016758
data/raw/images/Нейш3А-2018-4603_orig.jpg,Нейш3А-2018-4603,блюдце,0.7997745871543884,0.20022541284561157,0.5230718851089478,0.6031473278999329,профиль,0.9244011044502258,0.07559889554977417,0.2800878882408142,0.850936770439148,фрагмент,0.9821940660476685,0.017805933952331543,0.08937296271324158,0.9643880724906921,фарфор,0.9799343943595886,0.020065605640411377,0.11566811800003052,0.9651677012443542,0.07842396199703217,0.2520502135157585,0.8459099680185318
data/raw/images/Нейш3А-2018-4604_orig.jpg,Нейш3А-2018-4604,тарелка,0.6392948031425476,0.3607051968574524,0.8138627409934998,0.31800904870033264,профиль,0.8000640869140625,0.1999359130859375,0.5435438752174377,0.6087006330490112,фрагмент,0.9387814998626709,0.0612185001373291,0.2303071767091751,0.8775629997253418,фарфор,0.8083980083465576,0.19160199165344238,0.6431992053985596,0.6715560555458069,0.20336540043354034,0.557728249579668,0.6189571842551231
data/raw/images/Нейш3А-2018-4678_orig.jpg,Нейш3А-2018-4678,тарелка,0.9683412909507751,0.031658709049224854,0.16570767760276794,0.9444148540496826,профиль,0.893952488899231,0.10604751110076904,0.4141717553138733,0.8299586176872253,фрагмент,0.9999451637268066,5.4836273193359375e-05,0.000592328084167093,0.9998903870582581,фаянс,0.7601111531257629,0.23988884687423706,0.7112727165222168,0.5748054385185242,0.09441247582435608,0.3229361193807563,0.8372673243284225
data/raw/images/Нейш3А-2018-4680_orig.jpg,Нейш3А-2018-4680,тарелка,0.7394502758979797,0.26054972410202026,0.6650997400283813,0.5013291835784912,профиль,0.4494822323322296,0.5505177974700928,1.2790368795394897,0.20652581751346588,фрагмент,0.9998437166213989,0.00015628337860107422,0.0015255388570949435,0.9996874928474426,керамика,0.9648331999778748,0.035166800022125244,0.16493342816829681,0.93243807554245,0.21159765124320984,0.5276488966483157,0.6599951423704624
data/raw/images/Нейш3А-2018-4749_orig.jpg,Нейш3А-2018-4749,блюдце,0.7225627899169922,0.2774372100830078,0.6270595788955688,0.45158401131629944,профиль,0.8804929852485657,0.11950701475143433,0.45901891589164734,0.8141444325447083,фрагмент,0.9993796348571777,0.0006203651428222656,0.005201399326324463,0.9987593293190002,фарфор,0.981988251209259,0.018011748790740967,0.09720902144908905,0.9658039808273315,0.10389408469200134,0.2971222288906574,0.8075729385018349
data/raw/images/Нейш3А-2018-4912_orig.jpg,Нейш3А-2018-4912,тарелка,0.9745789170265198,0.025421082973480225,0.14076265692710876,0.9578872323036194,венчик,0.7402662634849548,0.25973373651504517,0.6954488158226013,0.5214265584945679,фрагмент,0.9992325305938721,0.0007674694061279297,0.006271648220717907,0.9984650611877441,фаянс,0.935842752456665,0.06415724754333496,0.2642509639263153,0.8785902857780457,0.08751988410949707,0.2766835212241858,0.8390922844409943
data/raw/images/Нейш3А-2018-4942_orig.jpg,Нейш3А-2018-4942,блюдце,0.9367315173149109,0.06326848268508911,0.2638971209526062,0.8817934393882751,профиль,0.640791654586792,0.359208345413208,0.8804495334625244,0.3522868752479553,фрагмент,0.9416117072105408,0.05838829278945923,0.222509503364563,0.8832234740257263,фарфор,0.9978711605072021,0.0021288394927978516,0.01691005937755108,0.9964444041252136,0.12074849009513855,0.34594155428931117,0.7784370481967926
data/raw/images/Нейш3А-2018-4950_orig.jpg,Нейш3А-2018-4950,тарелка,0.9909957051277161,0.009004294872283936,0.05409841239452362,0.9825645089149475,профиль,0.8392701745033264,0.16072982549667358,0.4752481281757355,0.685437798500061,фрагмент,0.999984622001648,1.537799835205078e-05,0.00018573216220829636,0.9999692440032959,фаянс,0.8889833688735962,0.11101663112640381,0.414393812417984,0.8004078269004822,0.07019153237342834,0.23598152128761285,0.8670948445796967
data/raw/images/Нейш3А-2018-4976_orig.jpg,Нейш3А-2018-4976,тарелка,0.9105310440063477,0.08946895599365234,0.33759963512420654,0.8287469744682312,профиль,0.7664099335670471,0.23359006643295288,0.6569817066192627,0.5635547637939453,фрагмент,0.9895257949829102,0.010474205017089844,0.05816926807165146,0.9790516495704651,фаянс,0.9547973275184631,0.045202672481536865,0.21489477157592773,0.9217840433120728,0.09468397498130798,0.3169113453477621,0.8232843577861786
data/raw/images/Нейш3А-2018-5002_orig.jpg,Нейш3А-2018-5002,тарелка,0.9843233227729797,0.015676677227020264,0.0917222872376442,0.9720709323883057,профиль,0.9174889326095581,0.0825110673904419,0.2936735451221466,0.8363766670227051,фрагмент,0.9984733462333679,0.00152665376663208,0.01142560038715601,0.9969466328620911,фарфор,0.6232973337173462,0.3767026662826538,0.7245038747787476,0.2579188644886017,0.11910426616668701,0.2803313268814236,0.7658282741904259
data/raw/images/Нейш3А-2018-5003_orig.jpg,Нейш3А-2018-5003,тарелка,0.8571467995643616,0.14285320043563843,0.4374675154685974,0.7192349433898926,профиль,0.8965973854064941,0.10340261459350586,0.36568552255630493,0.8010334372520447,фрагмент,0.9668387174606323,0.033161282539367676,0.145565003156662,0.9336774349212646,фарфор,0.8434284925460815,0.15657150745391846,0.4701363444328308,0.6942974328994751,0.1089971512556076,0.3547135964035988,0.7870608121156693
data/raw/images/Нейш3А-2018-5132_orig.jpg,Нейш3А-2018-5132,тарелка,0.9787992238998413,0.02120077610015869,0.13061776757240295,0.9709813594818115,венчик,0.9392922520637512,0.06070774793624878,0.2640290856361389,0.8873714208602905,фрагмент,0.9997128844261169,0.00028711557388305664,0.0026288838125765324,0.9994257688522339,керамика,0.9037288427352905,0.09627115726470947,0.32768452167510986,0.8092751502990723,0.04461669921875,0.18124006467405707,0.916763424873352
data/raw/images/Нейш3А-2018-5182_orig.jpg,Нейш3А-2018-5182,тарелка,0.9581504464149475,0.04184955358505249,0.17562344670295715,0.916569173336029,донце,0.9068299531936646,0.09317004680633545,0.3160775899887085,0.8146408796310425,фрагмент,0.9998643398284912,0.00013566017150878906,0.0013435017317533493,0.9997287392616272,фаянс,0.5650300979614258,0.4349699020385742,0.6906459331512451,0.13076302409172058,0.14253129065036774,0.29592261789366603,0.7154254540801048
data/raw/images/Нейш3А-2018-5232_orig.jpg,Нейш3А-2018-5232,тарелка,0.590573787689209,0.409426212310791,0.6959162950515747,0.1843608319759369,профиль,0.7907307744026184,0.2092692255973816,0.686689019203186,0.6748085021972656,фрагмент,0.9999711513519287,2.8848648071289062e-05,0.00032993886270560324,0.9999423623085022,фарфор,0.8318474888801575,0.16815251111984253,0.48326054215431213,0.6705318689346313,0.1967191994190216,0.4665489488179446,0.632410891354084
data/raw/images/Нейш3А-2018-5233_orig.jpg,Нейш3А-2018-5233,блюдце,0.5420892834663391,0.4579107165336609,0.7275218367576599,0.09058487415313721,профиль,0.8237637877464294,0.17623621225357056,0.4872584640979767,0.6512769460678101,фрагмент,0.9879345893859863,0.012065410614013672,0.06529032438993454,0.9758691787719727,фарфор,0.9699130058288574,0.030086994171142578,0.14697282016277313,0.9428012371063232,0.16907483339309692,0.35676086135208607,0.6651330590248108
data/raw/images/Нейш3А-2018-5303_orig.jpg,Нейш3А-2018-5303,миска,0.8633145093917847,0.13668549060821533,0.5094833970069885,0.766605019569397,венчик,0.6272649765014648,0.37273502349853516,1.0177969932556152,0.3957194685935974,фрагмент,0.9940869808197021,0.0059130191802978516,0.036232877522706985,0.9881739616394043,керамика,0.9990384578704834,0.0009615421295166016,0.008780454285442829,0.9985605478286743,0.12907376885414124,0.3930734305176884,0.7872647494077682
data/raw/images/Нейш3А-2018-5597_orig.jpg,Нейш3А-2018-5597,тарелка,0.42438897490501404,0.5756109952926636,1.457631230354309,0.2329566329717636,донце,0.6025103330612183,0.39748966693878174,0.7694144248962402,0.2247193455696106,фрагмент,0.9932855367660522,0.006714463233947754,0.04028768464922905,0.9865710735321045,керамика,0.5854487419128418,0.4145512580871582,1.1089048385620117,0.3345002830028534,0.3485915958881378,0.8440595446154475,0.444686833769083
data/raw/images/Нейш3А-2018-5618_orig.jpg,Нейш3А-2018-5618,тарелка,0.8611042499542236,0.13889575004577637,0.4811057150363922,0.7480002641677856,профиль,0.9034488797187805,0.09655112028121948,0.4027796983718872,0.8385726809501648,фрагмент,0.9999929666519165,7.033348083496094e-06,9.017009142553434e-05,0.999985933303833,керамика,0.9590505361557007,0.040949463844299316,0.17926232516765594,0.9197205901145935,0.06910084187984467,0.2658094771668402,0.8765698671340942
data/raw/images/Нейш3А-2018-5619_orig.jpg,Нейш3А-2018-5619,миска,0.9156295657157898,0.0843704342842102,0.3946551978588104,0.875568151473999,венчик,0.8389697670936584,0.16103023290634155,0.48694926500320435,0.6885308623313904,фрагмент,0.9924725294113159,0.007527470588684082,0.044302187860012054,0.9849451184272766,керамика,0.9986386895179749,0.0013613104820251465,0.012014435604214668,0.998130202293396,0.06357236206531525,0.23448027158156037,0.8867935836315155
data/raw/images/Нейш3А-2018-5661_orig.jpg,Нейш3А-2018-5661,тарелка,0.9300454258918762,0.06995457410812378,0.2804456353187561,0.8665742874145508,профиль,0.9928845167160034,0.007115483283996582,0.047211430966854095,0.9880074262619019,фрагмент,0.9998793601989746,0.00012063980102539062,0.0012089775409549475,0.9997587203979492,фаянс,0.7187538146972656,0.2812461853027344,0.6181825995445251,0.44209960103034973,0.08960922062397003,0.23676216084277257,0.8241100087761879
data/raw/images/Нейш3А-2018-5708_orig.jpg,Нейш3А-2018-5708,тарелка,0.9959588646888733,0.004041135311126709,0.027904454618692398,0.9923508167266846,донце,0.9514449834823608,0.04855501651763916,0.21636207401752472,0.9092398285865784,фрагмент,0.9963251948356628,0.003674805164337158,0.024270087480545044,0.9926503300666809,фаянс,0.9499428272247314,0.050057172775268555,0.2044115662574768,0.9009159207344055,0.026582032442092896,0.11823704559355974,0.9487892240285873
data/raw/images/Нейш3А-2018-5721_orig.jpg,Нейш3А-2018-5721,тарелка,0.5598167777061462,0.44018322229385376,0.6996747851371765,0.12151604890823364,профиль,0.6036170721054077,0.3963829278945923,0.6948477029800415,0.21072953939437866,фрагмент,0.9999483823776245,5.161762237548828e-05,0.0005613980465568602,0.999896764755249,фарфор,0.9373183250427246,0.06268167495727539,0.23793509602546692,0.8752107620239258,0.22482486069202423,0.40825474554731045,0.5518382787704468
data/raw/images/Нейш3А-2018-5763_orig.jpg,Нейш3А-2018-5763,тарелка,0.985160231590271,0.014839768409729004,0.08544047176837921,0.9724839329719543,донце,0.9919894337654114,0.008010566234588623,0.054318152368068695,0.9866830110549927,фрагмент,0.9997231364250183,0.00027686357498168945,0.0025446107611060143,0.9994463324546814,фаянс,0.762861967086792,0.237138032913208,0.5821794271469116,0.5327935218811035,0.06506630778312683,0.18112066551111639,0.872851699590683
data/raw/images/Нейш3А-2018-5886_orig.jpg,Нейш3А-2018-5886,миска,0.9902539849281311,0.009746015071868896,0.06154106184840202,0.9825728535652161,венчик,0.5767062902450562,0.42329370975494385,0.7504081726074219,0.16676771640777588,фрагмент,0.9997807145118713,0.0002192854881286621,0.002066747285425663,0.9995614290237427,керамика,0.9990084767341614,0.000991523265838623,0.008583935908973217,0.9982317090034485,0.10856263339519501,0.2056499794125557,0.7867834270000458
data/raw/images/Нейш3А-2018-5893_orig.jpg,Нейш3А-2018-5893,тарелка,0.5338609218597412,0.4661390781402588,1.1783246994018555,0.2723967432975769,профиль,0.48634979128837585,0.5136501789093018,1.1853052377700806,0.13187554478645325,фрагмент,0.9996669292449951,0.0003330707550048828,0.0029999290127307177,0.9993338584899902,керамика,0.7677208781242371,0.23227912187576294,0.5826225280761719,0.5428786277770996,0.3031003624200821,0.7373130985652097,0.48662119358778
data/raw/images/Нейш3А-2018-5912_orig.jpg,Нейш3А-2018-5912,миска,0.9928104281425476,0.007189571857452393,0.05185853689908981,0.98902428150177,профиль,0.9659820199012756,0.034017980098724365,0.18164190649986267,0.9451189637184143,фрагмент,0.9996345043182373,0.0003654956817626953,0.0032583102583885193,0.9992689490318298,керамика,0.9819429516792297,0.018057048320770264,0.10945779085159302,0.971992015838623,0.01490752398967743,0.0865541361272335,0.9763510525226593
data/raw/images/Нейш3А-2018-5970_orig.jpg,Нейш3А-2018-5970,крышка,0.9562962651252747,0.04370373487472534,0.22128552198410034,0.9347501993179321,ручка,0.6279205083847046,0.3720794916152954,0.9816654324531555,0.356353223323822,фрагмент,0.935789942741394,0.06421005725860596,0.23839795589447021,0.8715798258781433,фаянс,0.630352795124054,0.36964720487594604,1.006467342376709,0.3836500942707062,0.2124101221561432,0.6119540631771088,0.6365833356976509
data/raw/images/Нейш3А-2018-5986_orig.jpg,Нейш3А-2018-5986,крышка,0.9904941916465759,0.009505808353424072,0.05917080491781235,0.9824800491333008,ручка,0.7284364104270935,0.2715635895729065,0.755692720413208,0.5063262581825256,фрагмент,0.9696412682533264,0.030358731746673584,0.13598690927028656,0.9392825365066528,керамика,0.9766849279403687,0.023315072059631348,0.13239213824272156,0.9610356688499451,0.08368580043315887,0.2708106432110071,0.8472811281681061
data/raw/images/Нейш3А-2018-6055_orig.jpg,Нейш3А-2018-6055,крышка,0.972985029220581,0.027014970779418945,0.14817747473716736,0.9539473056793213,профиль,0.8694071769714355,0.13059282302856445,0.43298429250717163,0.7490560412406921,фрагмент,0.9545496106147766,0.04545038938522339,0.18489477038383484,0.9090992212295532,керамика,0.7693487405776978,0.23065125942230225,0.6133458614349365,0.5545840263366699,0.10842736065387726,0.3448505997657776,0.7916716486215591
data/raw/images/Нейш3А-2018-6297_orig.jpg,Нейш3А-2018-6297,миска,0.9775216579437256,0.022478342056274414,0.13108950853347778,0.9640043377876282,профиль,0.8260351419448853,0.17396485805511475,0.5957772135734558,0.7034478187561035,фрагмент,0.999775230884552,0.00022476911544799805,0.0021133129484951496,0.9995504021644592,керамика,0.9939504861831665,0.006049513816833496,0.044289588928222656,0.9909647703170776,0.050679370760917664,0.19331740599591285,0.9144918322563171
data/raw/images/Нейш3А-2018-7127_orig.jpg,Нейш3А-2018-7127,тарелка,0.9126336574554443,0.08736634254455566,0.3742385506629944,0.8584535121917725,венчик,0.6298377513885498,0.3701622486114502,0.8177700638771057,0.3106645941734314,фрагмент,0.9997894167900085,0.00021058320999145508,0.00199355510994792,0.9995787739753723,керамика,0.5689217448234558,0.4310782551765442,0.7263795733451843,0.14539983868598938,0.22220435738563538,0.4800954357488081,0.5785241797566414
data/raw/images/Нейш3А-2018-7177_orig.jpg,Нейш3А-2018-7177,миска,0.40572014451026917,0.5942798852920532,1.0944181680679321,0.012328535318374634,профиль,0.7925704121589661,0.20742958784103394,0.6892907619476318,0.6757177114486694,фрагмент,0.9998854398727417,0.00011456012725830078,0.001154432655312121,0.9997708201408386,керамика,0.9970371723175049,0.002962827682495117,0.02117241732776165,0.9942873120307922,0.20119671523571014,0.45150894499965943,0.6705260947346687
data/raw/images/Нейш3А-2018-7185_orig.jpg,Нейш3А-2018-7185,тарелка,0.8807728886604309,0.11922711133956909,0.3683106005191803,0.7619290947914124,профиль,0.9472775459289551,0.05272245407104492,0.23356227576732635,0.904015064239502,фрагмент,0.9996597766876221,0.0003402233123779297,0.0030569059308618307,0.9993196129798889,фарфор,0.7874594330787659,0.21254056692123413,0.5231459140777588,0.575720489025116,0.09620758891105652,0.2820189240737818,0.8102460652589798
data/raw/images/Нейш3А-2018-7207_orig.jpg,Нейш3А-2018-7207,тарелка,0.9858805537223816,0.014119446277618408,0.09210066497325897,0.9792580604553223,венчик,0.5516801476478577,0.44831985235214233,0.8877403140068054,0.15663620829582214,фрагмент,0.9999767541885376,2.3245811462402344e-05,0.00027073887758888304,0.99995356798172,фаянс,0.968834638595581,0.031165361404418945,0.14717955887317657,0.9396541714668274,0.12340697646141052,0.28182281918270746,0.7688755020499229
data/raw/images/Нейш3А-2018-7215_orig.jpg,Нейш3А-2018-7215,тарелка,0.785245418548584,0.21475458145141602,0.5368595719337463,0.5731043815612793,профиль,0.782044529914856,0.21795547008514404,0.6004284620285034,0.583614706993103,фрагмент,0.9999085664749146,9.143352508544922e-05,0.0009414335945621133,0.9998171925544739,фаянс,0.9101559519767761,0.08984404802322388,0.33502310514450073,0.8301597833633423,0.13066138327121735,0.36831314317532815,0.7466740161180496
data/raw/images/Нейш3А-2018-7216_orig.jpg,Нейш3А-2018-7216,тарелка,0.977557897567749,0.022442102432250977,0.1286643147468567,0.9638258814811707,донце,0.770348310470581,0.22965168952941895,0.6375896334648132,0.5705335140228271,фрагмент,0.999961256980896,3.8743019104003906e-05,0.0004324629844632,0.999922513961792,фаянс,0.9794593453407288,0.02054065465927124,0.11843375861644745,0.9670030474662781,0.06816829741001129,0.22128004245314514,0.875321239233017
data/raw/images/Нейш3А-2019-113_orig.jpg,Нейш3А-2019-113,миска,0.9729285836219788,0.02707141637802124,0.13863632082939148,0.9508803486824036,венчик,0.8977452516555786,0.10225474834442139,0.3570946753025055,0.8012478947639465,фрагмент,0.999797523021698,0.00020247697830200195,0.0019246044103056192,0.999595046043396,керамика,0.9995681643486023,0.0004318356513977051,0.003962162882089615,0.9991812109947205,0.032490119338035583,0.12540444085607305,0.9377261251211166
data/raw/images/Нейш3А-2019-097_orig.jpg,Нейш3А-2019-097,крышка,0.9997612833976746,0.00023871660232543945,0.002381645143032074,0.9995626211166382,ручка,0.9852057099342346,0.01479429006576538,0.0996304452419281,0.9803399443626404,целый,0.6099593043327332,0.39004069566726685,0.6687662601470947,0.2199186384677887,фарфор,0.8011829257011414,0.19881707429885864,0.6577560305595398,0.679280161857605,0.15097269415855408,0.3571335952728987,0.7197753414511681
data/raw/images/Т-12-Р2-1418_orig.jpg,Т-12-Р2-1418,изразец,0.6441185474395752,0.3558814525604248,0.8426789045333862,0.34161683917045593,донце,0.7722668647766113,0.22773313522338867,0.8124154806137085,0.6650771498680115,фрагмент,0.9836398959159851,0.016360104084014893,0.08351322263479233,0.9672797918319702,керамика,0.8431931138038635,0.15680688619613647,0.5648441314697266,0.7272688150405884,0.1891953945159912,0.5758629348129034,0.6753106489777565
data/raw/images/Т-12-Р2-1716_orig.jpg,Т-12-Р2-1716,тарелка,0.5560670495033264,0.4439329504966736,0.7843378782272339,0.1322338581085205,профиль,0.9555503129959106,0.044449687004089355,0.19858664274215698,0.9147671461105347,фрагмент,0.9881216287612915,0.011878371238708496,0.06446488201618195,0.976243257522583,фаянс,0.8969702124595642,0.10302978754043579,0.41489672660827637,0.8249170780181885,0.1508226990699768,0.3655715323984623,0.7120403349399567
data/raw/images/Т-12-Р2-1783_orig.jpg,Т-12-Р2-1783,изразец,0.9983207583427429,0.00167924165725708,0.013550475239753723,0.9969667196273804,профиль,0.676166832447052,0.323833167552948,1.0386747121810913,0.518091082572937,фрагмент,0.9886503219604492,0.011349678039550781,0.06211518496274948,0.9773007035255432,керамика,0.9879696369171143,0.012030363082885742,0.07718890905380249,0.9821097254753113,0.0872231125831604,0.29788232035934925,0.868617057800293
data/raw/images/Т-12-Р2-1972_orig.jpg,Т-12-Р2-1972,миска,0.6248852014541626,0.3751147985458374,0.9484997987747192,0.42523685097694397,профиль,0.9013513922691345,0.09864860773086548,0.42099928855895996,0.8492076992988586,фрагмент,0.9998109936714172,0.00018900632858276367,0.0018100518500432372,0.9996219277381897,керамика,0.9555892944335938,0.04441070556640625,0.19281378388404846,0.9136779308319092,0.12959077954292297,0.3910307307669427,0.7969361022114754
data/raw/images/Т-12-Р2-1974_orig.jpg,Т-12-Р2-1974,миска,0.9631182551383972,0.03688174486160278,0.1947794258594513,0.9429137110710144,профиль,0.8783676624298096,0.12163233757019043,0.4917427897453308,0.8077184557914734,фрагмент,0.9944082498550415,0.005591750144958496,0.03457769751548767,0.9888164401054382,керамика,0.9937666654586792,0.006233334541320801,0.04340077191591263,0.9906412363052368,0.04258479177951813,0.1911251712590456,0.9325224608182907
data/raw/images/Т-12-Р2-2347_orig.jpg,Т-12-Р2-2347,блюдце,0.99184650182724,0.00815349817276001,0.04974979907274246,0.9842537045478821,профиль,0.8848634362220764,0.11513656377792358,0.36374151706695557,0.770652711391449,фрагмент,0.9945870637893677,0.005412936210632324,0.0336483009159565,0.9891741275787354,фарфор,0.9104946851730347,0.08950531482696533,0.31609344482421875,0.8237709999084473,0.05455207824707031,0.19080826546996832,0.8919628858566284
data/raw/images/Т-12-Р2-2714_orig.jpg,Т-12-Р2-2714,тарелка,0.7185688018798828,0.2814311981201172,0.8078945875167847,0.5008792877197266,венчик,0.42488640546798706,0.5751135945320129,1.2029728889465332,0.13011768460273743,фрагмент,0.9981617331504822,0.0018382668495178223,0.013415500521659851,0.9963235259056091,фаянс,0.8340702056884766,0.16592979431152344,0.514943540096283,0.6839718222618103,0.25607821345329285,0.6348066292703152,0.5778230801224709
data/raw/images/Т-12-Р2-2780_orig.jpg,Т-12-Р2-2780,блюдце,0.8267272710800171,0.1732727289199829,0.4920821785926819,0.6589519381523132,профиль,0.8092747926712036,0.1907252073287964,0.5135358572006226,0.6230496764183044,фрагмент,0.9892715215682983,0.01072847843170166,0.05932280793786049,0.9785430431365967,фарфор,0.7366366386413574,0.2633633613586426,0.6467856168746948,0.4874304533004761,0.15952244400978088,0.42793161515146494,0.6869937777519226
data/raw/images/Т-12-Р2-2897_orig.jpg,Т-12-Р2-2897,миска,0.988150954246521,0.011849045753479004,0.07083648443222046,0.9779926538467407,профиль,0.7100834846496582,0.2899165153503418,0.933721661567688,0.5897271037101746,фрагмент,0.9991371035575867,0.0008628964424133301,0.006950650364160538,0.9982741475105286,керамика,0.999148964881897,0.0008510351181030273,0.007609195075929165,0.9985350370407104,0.07586987316608429,0.25477949785999954,0.8911322355270386
data/raw/images/Т-12-Р2-2924_orig.jpg,Т-12-Р2-2924,миска,0.935447633266449,0.06455236673355103,0.26066526770591736,0.8755108118057251,профиль,0.9827257394790649,0.01727426052093506,0.10345682501792908,0.9723164439201355,фрагмент,0.998916745185852,0.0010832548141479492,0.008478880859911442,0.9978334903717041,керамика,0.998685896396637,0.0013141036033630371,0.011256475001573563,0.9978067278862,0.021055996417999268,0.09596436214633286,0.9608668684959412
data/raw/images/Т-12-Р2-3013_orig.jpg,Т-12-Р2-3013,крышка,0.6305508017539978,0.3694491982460022,1.0126612186431885,0.4020218849182129,профиль,0.6789560317993164,0.3210439682006836,0.9264014959335327,0.46273958683013916,фрагмент,0.8840451240539551,0.11595487594604492,0.35878708958625793,0.7680902481079102,керамика,0.9358227252960205,0.06417727470397949,0.25697240233421326,0.8755885362625122,0.21765632927417755,0.6387055516242981,0.6271100640296936
data/raw/images/Т-12-Р2-3015_orig.jpg,Т-12-Р2-3015,крышка,0.800973653793335,0.19902634620666504,0.6606683135032654,0.6659160852432251,профиль,0.9200382828712463,0.07996171712875366,0.388481080532074,0.8906077146530151,фрагмент,0.9737808704376221,0.02621912956237793,0.12134330719709396,0.9475616812705994,керамика,0.8244646787643433,0.17553532123565674,0.5019977688789368,0.6562490463256836,0.12018562853336334,0.4181226175278425,0.7900836318731308
data/raw/images/Т-12-Р2-3017_orig.jpg,Т-12-Р2-3017,крышка,0.430004745721817,0.5699952840805054,1.241145372390747,0.10631954669952393,профиль,0.7227053046226501,0.27729469537734985,0.8762279748916626,0.5316073894500732,фрагмент,0.9649166464805603,0.0350833535194397,0.15199074149131775,0.9298333525657654,керамика,0.9844635725021362,0.01553642749786377,0.08353068679571152,0.9695804715156555,0.22447744011878967,0.5882236938923597,0.6343351900577545
data/raw/images/Т-12-Р2-3023_orig.jpg,Т-12-Р2-3023,изразец,0.5392696261405945,0.4607303738594055,1.1070072650909424,0.22854599356651306,профиль,0.7706455588340759,0.22935444116592407,0.7213493585586548,0.591483473777771,фрагмент,0.9110384583473206,0.08896154165267944,0.30012863874435425,0.8220769166946411,керамика,0.9289098978042603,0.07109010219573975,0.2917173504829407,0.8671639561653137,0.2125341147184372,0.605050653219223,0.6273175850510597
data/raw/images/Т-12-Р3-1031_orig.jpg,Т-12-Р3-1031,тарелка,0.9952056407928467,0.00479435920715332,0.034613899886608124,0.9918516874313354,профиль,0.5935423970222473,0.4064576029777527,0.7119104862213135,0.19269868731498718,фрагмент,0.9997144341468811,0.0002855658531188965,0.0026158068794757128,0.999428927898407,фаянс,0.9368126392364502,0.0631873607635498,0.26588913798332214,0.8825428485870361,0.11868122220039368,0.25375733274267986,0.7666305378079414
data/raw/images/Т-12-Р3-1065_orig.jpg,Т-12-Р3-1065,тарелка,0.9356490969657898,0.0643509030342102,0.25114744901657104,0.8736454248428345,донце,0.9851512312889099,0.014848768711090088,0.08047157526016235,0.9708888530731201,фрагмент,0.9995054006576538,0.0004945993423461914,0.004259283188730478,0.9990108013153076,фаянс,0.5853247046470642,0.4146752953529358,0.7051738500595093,0.17482465505599976,0.12359239161014557,0.2602630393812433,0.7545924335718155
data/raw/images/Т-12-Р3-1093_orig.jpg,Т-12-Р3-1093,блюдце,0.6784535646438599,0.32154643535614014,0.7972692251205444,0.41728001832962036,донце,0.8843990564346313,0.11560094356536865,0.4860071837902069,0.8345804214477539,фрагмент,0.9351831674575806,0.06481683254241943,0.24002037942409515,0.8703663945198059,фаянс,0.8177051544189453,0.1822948455810547,0.5612447261810303,0.6615880727767944,0.17106476426124573,0.5211353786289692,0.6959537267684937
data/raw/images/Т-12-Р3-1541_orig.jpg,Т-12-Р3-1541,миска,0.9374141693115234,0.06258583068847656,0.30815139412879944,0.9125791788101196,профиль,0.7277829647064209,0.2722170352935791,0.6890330910682678,0.4798690676689148,фрагмент,0.9934622049331665,0.006537795066833496,0.03940243646502495,0.986924409866333,керамика,0.9405575394630432,0.05944246053695679,0.28041520714759827,0.9011565446853638,0.10019578039646149,0.3292505322024226,0.8201323002576828
data/raw/images/Т-12-Р3-1567_orig.jpg,Т-12-Р3-1567,изразец,0.9986003041267395,0.001399695873260498,0.011641625314950943,0.9975458979606628,профиль,0.4206324815750122,0.5793675184249878,1.5120331048965454,0.2577284574508667,фрагмент,0.9949696660041809,0.005030333995819092,0.03163976967334747,0.989939272403717,керамика,0.999638557434082,0.00036144256591796875,0.0036001813132315874,0.9994169473648071,0.14653974771499634,0.38972867029951885,0.8111576437950134
data/raw/images/Т-12-Р3-1568_orig.jpg,Т-12-Р3-1568,изразец,0.9989499449729919,0.0010500550270080566,0.009347904473543167,0.9983965158462524,донце,0.44756028056144714,0.5524396896362305,1.3456768989562988,0.14368677139282227,фрагмент,0.9857354760169983,0.014264523983001709,0.07478605210781097,0.9714710116386414,керамика,0.9980042576789856,0.0019957423210144043,0.016058756038546562,0.9966826438903809,0.14243750274181366,0.3614674028940499,0.7775592356920242
data/raw/images/Т-12-Р3-1569_orig.jpg,Т-12-Р3-1569,изразец,0.9989387392997742,0.00106126070022583,0.009422638453543186,0.9983808398246765,профиль,0.44460710883140564,0.555392861366272,1.4643476009368896,0.2552697956562042,фрагмент,0.9368798136711121,0.06312018632888794,0.23546791076660156,0.8737596273422241,керамика,0.9984477758407593,0.0015522241592407227,0.012785026803612709,0.9972566962242126,0.15528163313865662,0.4305057942401618,0.7811667397618294
data/raw/images/Т-12-Р3-1574_orig.jpg,Т-12-Р3-1574,изразец,0.9775375127792358,0.02246248722076416,0.12719504535198212,0.9667614102363586,профиль,0.532437801361084,0.467562198638916,1.3162790536880493,0.3161696791648865,фрагмент,0.9960728883743286,0.003927111625671387,0.02567513845860958,0.9921457767486572,керамика,0.9935551285743713,0.006444871425628662,0.04102830961346626,0.9875723123550415,0.12509916722774506,0.3775443867780268,0.815662294626236
data/raw/images/Т-12-Р3-1575_orig.jpg,Т-12-Р3-1575,изразец,0.9998700618743896,0.00012993812561035156,0.0014170213835313916,0.999789297580719,донце,0.4301742613315582,0.5698257684707642,1.3368537425994873,0.14389127492904663,фрагмент,0.9889609217643738,0.01103907823562622,0.06072358787059784,0.9779217839241028,керамика,0.9996050000190735,0.00039499998092651367,0.003606742713600397,0.9992339611053467,0.1453474462032318,0.35065027364180423,0.7802090793848038
data/raw/images/Т-12-Р3-1690_orig.jpg,Т-12-Р3-1690,тарелка,0.9221874475479126,0.0778125524520874,0.2795059382915497,0.8452949523925781,профиль,0.901796817779541,0.09820318222045898,0.32332736253738403,0.8038741946220398,фрагмент,0.9953860640525818,0.004613935947418213,0.029420368373394012,0.9907720685005188,фарфор,0.9583138823509216,0.04168611764907837,0.17644494771957397,0.9171224236488342,0.05557894706726074,0.20217465423047543,0.8892659097909927
data/raw/images/Т-12-Р3-1985_orig.jpg,Т-12-Р3-1985,миска,0.5858091115951538,0.4141908884048462,0.8182823061943054,0.20531213283538818,венчик,0.6894296407699585,0.3105703592300415,0.6858130693435669,0.39261430501937866,фрагмент,0.9985407590866089,0.0014592409133911133,0.010986941866576672,0.9970815181732178,керамика,0.9960126876831055,0.003987312316894531,0.02952137589454651,0.9931960105895996,0.18255195021629333,0.3861509233247489,0.6470509916543961
data/raw/images/Т-12-Р3-2035_orig.jpg,Т-12-Р3-2035,миска,0.9007784128189087,0.09922158718109131,0.38956892490386963,0.8199744820594788,профиль,0.9883819222450256,0.011618077754974365,0.07653720676898956,0.9835993647575378,фрагмент,0.9740877747535706,0.025912225246429443,0.12023217231035233,0.9481754899024963,керамика,0.8030518889427185,0.1969481110572815,0.5357069373130798,0.6145132780075073,0.08342500030994415,0.28051131032407284,0.8415656536817551
data/raw/images/Т-12-Р3-2036_orig.jpg,Т-12-Р3-2036,тарелка,0.9652540683746338,0.03474593162536621,0.2025667428970337,0.9550272226333618,профиль,0.5296576619148254,0.47034233808517456,0.9732507467269897,0.16555872559547424,фрагмент,0.9996192455291748,0.0003807544708251953,0.003378616413101554,0.9992384910583496,фаянс,0.9612644910812378,0.03873550891876221,0.19954919815063477,0.9363046884536743,0.13605113327503204,0.34468632604693994,0.764032281935215
data/raw/images/Т-12-Р3-2245_orig.jpg,Т-12-Р3-2245,миска,0.9820241928100586,0.017975807189941406,0.11189934611320496,0.9748114943504333,профиль,0.65283203125,0.34716796875,0.8397465348243713,0.3578857183456421,целый,0.5448139905929565,0.45518600940704346,0.6891251802444458,0.08962798118591309,керамика,0.999441921710968,0.0005580782890319824,0.005428328178822994,0.9991634488105774,0.2052219659090042,0.41154984734021127,0.6053721606731415
data/raw/images/Т-12-Р3-2256_orig.jpg,Т-12-Р3-2256,блюдце,0.9359678626060486,0.06403213739395142,0.2844742238521576,0.8999890089035034,профиль,0.5520371198654175,0.4479628801345825,0.8765977621078491,0.15259632468223572,фрагмент,0.609355628490448,0.390644371509552,0.6690354347229004,0.218711256980896,фарфор,0.9913656711578369,0.008634328842163086,0.057437874376773834,0.9864569902420044,0.22781842947006226,0.47188632376492023,0.5644383952021599
data/raw/images/Т-12-Р3-2365_orig.jpg,Т-12-Р3-2365,миска,0.8423476219177246,0.1576523780822754,0.599425196647644,0.7417619824409485,профиль,0.9461734294891357,0.05382657051086426,0.26950928568840027,0.9144286513328552,фрагмент,0.8360855579376221,0.16391444206237793,0.4461042284965515,0.6721711754798889,керамика,0.9232125282287598,0.07678747177124023,0.32157450914382935,0.8612092137336731,0.11304521560668945,0.4091533049941063,0.7973927557468414
data/raw/images/Т-12-Р3-2642_orig.jpg,Т-12-Р3-2642,изразец,0.9975453019142151,0.002454698085784912,0.020081324502825737,0.9964381456375122,профиль,0.7188766598701477,0.2811233401298523,0.9746572971343994,0.6082270741462708,фрагмент,0.9878323078155518,0.012167692184448242,0.06574022024869919,0.9756646752357483,керамика,0.9996052384376526,0.0003947615623474121,0.003797672688961029,0.999316930770874,0.07403512299060822,0.26606912864372134,0.8949117064476013
data/raw/images/Т-12-Р3-2647_orig.jpg,Т-12-Р3-2647,изразец,0.9996803998947144,0.00031960010528564453,0.0032426207326352596,0.9995282292366028,профиль,0.8037429451942444,0.19625705480575562,0.6499699354171753,0.6485310792922974,целый,0.6709737181663513,0.3290262818336487,0.6334868669509888,0.341947466135025,керамика,0.9976145029067993,0.0023854970932006836,0.019115813076496124,0.9963567852973938,0.13199710845947266,0.32645380904432386,0.7465908899903297
data/raw/images/Т-12-Р3-2658_orig.jpg,Т-12-Р3-2658,изразец,0.9640244245529175,0.03597557544708252,0.1898990273475647,0.9457725286483765,профиль,0.6597447395324707,0.3402552604675293,0.9124300479888916,0.3945100009441376,фрагмент,0.9942947030067444,0.005705296993255615,0.035164445638656616,0.9885894656181335,керамика,0.9872670769691467,0.012732923030853271,0.0733783021569252,0.9758270978927612,0.09866726398468018,0.30271795578300953,0.8261747732758522
data/raw/images/Т-12-Р3-2659_orig.jpg,Т-12-Р3-2659,изразец,0.9937211275100708,0.006278872489929199,0.04291119426488876,0.98902428150177,профиль,0.6055609583854675,0.39443904161453247,1.0717291831970215,0.3652256727218628,фрагмент,0.998261034488678,0.0017389655113220215,0.012787619605660439,0.996522068977356,керамика,0.9990111589431763,0.0009888410568237305,0.008410918526351452,0.9981757402420044,0.10086143016815186,0.28395972889848053,0.8372369408607483
data/raw/images/Т-12-Р3-2660_orig.jpg,Т-12-Р3-2660,изразец,0.9989058971405029,0.0010941028594970703,0.009643204510211945,0.9982127547264099,профиль,0.3941197395324707,0.6058802604675293,1.494613766670227,0.15545377135276794,целый,0.618732213973999,0.381267786026001,0.6646813154220581,0.23746442794799805,керамика,0.9991642236709595,0.0008357763290405273,0.007754384074360132,0.9988337159156799,0.24726948142051697,0.5441731676692143,0.597491167485714
data/raw/images/Т-12-Р4-1075_orig.jpg,Т-12-Р4-1075,крышка,0.988093912601471,0.011906087398529053,0.07734572142362595,0.9821040034294128,ручка,0.8241040110588074,0.17589598894119263,0.6437375545501709,0.7036736011505127,фрагмент,0.9065451622009277,0.09345483779907227,0.3104590177536011,0.8130903244018555,фаянс,0.6521546244621277,0.3478453755378723,1.0431511402130127,0.5150535106658936,0.15727557241916656,0.5186733584851027,0.7534803599119186
data/raw/images/Т-12-Р4-1086_orig.jpg,Т-12-Р4-1086,тарелка,0.8971008658409119,0.10289913415908813,0.35279691219329834,0.7989168167114258,донце,0.9264856576919556,0.07351434230804443,0.274217814207077,0.8550369739532471,фрагмент,0.9929143190383911,0.007085680961608887,0.04213247448205948,0.9858286380767822,фаянс,0.69212406873703,0.30787593126296997,0.6662508249282837,0.39445409178733826,0.12284377217292786,0.33384950645267963,0.7585591301321983
data/raw/images/Т-12-Р4-1102_orig.jpg,Т-12-Р4-1102,миска,0.975827693939209,0.024172306060791016,0.13874541223049164,0.960787832736969,профиль,0.5897490978240967,0.4102509021759033,0.9242202043533325,0.2495006024837494,фрагмент,0.7234537601470947,0.2765462398529053,0.589661717414856,0.44690755009651184,керамика,0.9966973066329956,0.0033026933670043945,0.02600134164094925,0.9951606392860413,0.178568035364151,0.41965716890990734,0.6630891561508179
data/raw/images/Т-12-Р4-1107_orig.jpg,Т-12-Р4-1107,изразец,0.8483949899673462,0.1516050100326538,0.4557661712169647,0.7022970914840698,профиль,0.6210694909095764,0.3789305090904236,0.9381991624832153,0.3221665620803833,фрагмент,0.9978545308113098,0.0021454691886901855,0.01532558724284172,0.9957091212272644,керамика,0.7544344067573547,0.24556559324264526,0.6647466421127319,0.538543164730072,0.1945616453886032,0.5185093907639384,0.6396789848804474
data/raw/images/Т-12-Р4-1118_orig.jpg,Т-12-Р4-1118,изразец,0.9392439126968384,0.06075608730316162,0.2716173529624939,0.8998814821243286,профиль,0.7849406599998474,0.2150593400001526,0.7219034433364868,0.6520841121673584,фрагмент,0.9853299856185913,0.014670014381408691,0.07649778574705124,0.9706600308418274,керамика,0.9997816681861877,0.00021833181381225586,0.00230434350669384,0.9996899366378784,0.07267594337463379,0.26808073138818145,0.8805788904428482
data/raw/images/Т-12-Р4-1150_orig.jpg,Т-12-Р4-1150,миска,0.9799039363861084,0.0200960636138916,0.11699693650007248,0.9702529907226562,профиль,0.8616045713424683,0.13839542865753174,0.4310811758041382,0.7286480665206909,фрагмент,0.9944601058959961,0.005539894104003906,0.03430863469839096,0.9889202117919922,керамика,0.9927768707275391,0.0072231292724609375,0.048077307641506195,0.9873304963111877,0.042813628911972046,0.15761601366102695,0.9187879413366318
data/raw/images/Т-12-Р4-1161_orig.jpg,Т-12-Р4-1161,миска,0.997771680355072,0.0022283196449279785,0.017949458211660385,0.9963714480400085,профиль,0.9064190983772278,0.09358090162277222,0.32943832874298096,0.816429078578949,фрагмент,0.9989044666290283,0.0010955333709716797,0.008562678471207619,0.9978089332580566,керамика,0.9783475399017334,0.0216524600982666,0.12270544469356537,0.9645046591758728,0.02963930368423462,0.11966397752985358,0.9437785297632217
data/raw/images/Т-12-Р4-1205_orig.jpg,Т-12-Р4-1205,блюдце,0.3751097023487091,0.6248903274536133,1.142866611480713,0.0391366183757782,профиль,0.7070373296737671,0.2929626703262329,0.9280604124069214,0.5826531648635864,фрагмент,0.9991806149482727,0.0008193850517272949,0.0066422754898667336,0.9983612298965454,фаянс,0.6455662846565247,0.35443371534347534,0.9039117097854614,0.3755476772785187,0.3182765245437622,0.7453702522907406,0.4989246726036072
data/raw/images/Т-12-Р4-1211_orig.jpg,Т-12-Р4-1211,миска,0.8376867771148682,0.16231322288513184,0.539684534072876,0.7096884250640869,профиль,0.8638979196548462,0.1361020803451538,0.4604395031929016,0.7438068389892578,фрагмент,0.9988322854042053,0.0011677145957946777,0.009052285924553871,0.9976645708084106,керамика,0.9984351992607117,0.00156480073928833,0.012726398184895515,0.9971818923950195,0.07528695464134216,0.25547568034380674,0.8620854318141937
data/raw/images/Т-12-Р4-1218_orig.jpg,Т-12-Р4-1218,блюдце,0.8168734908103943,0.1831265091896057,0.569212794303894,0.6675798296928406,донце,0.9630231857299805,0.03697681427001953,0.20634600520133972,0.9467512369155884,фрагмент,0.9924288392066956,0.007571160793304443,0.04451557621359825,0.9848576784133911,фаянс,0.6753494143486023,0.3246505856513977,0.7557299137115479,0.3843045234680176,0.13808126747608185,0.39395107235759497,0.7458733171224594
data/raw/images/Т-12-Р4-1224_orig.jpg,Т-12-Р4-1224,тарелка,0.5048425793647766,0.4951574206352234,1.0794453620910645,0.13834521174430847,профиль,0.8590326905250549,0.14096730947494507,0.5626938343048096,0.7821159362792969,фрагмент,0.9948837161064148,0.005116283893585205,0.03209303691983223,0.9897674918174744,керамика,0.9934377074241638,0.006562292575836182,0.04697009548544884,0.990742027759552,0.16195082664489746,0.4303005822002888,0.7252426669001579
data/raw/images/Т-12-Р4-1246_orig.jpg,Т-12-Р4-1246,крышка,0.7527449131011963,0.2472550868988037,0.8252911567687988,0.6279580593109131,профиль,0.5419593453407288,0.45804065465927124,1.0622453689575195,0.2378358542919159,фрагмент,0.843785285949707,0.15621471405029297,0.43333929777145386,0.6875706315040588,фаянс,0.693491518497467,0.30650848150253296,0.8886186480522156,0.5464116334915161,0.2920047342777252,0.802373617887497,0.524944044649601
data/raw/images/ВО-1л58-2017-0011_orig.jpg,ВО-1л58-2017-0011,изразец,0.9996700286865234,0.0003299713134765625,0.0034034904092550278,0.9995378851890564,донце,0.43295830488204956,0.5670416951179504,1.1927106380462646,0.022009462118148804,фрагмент,0.7793053388595581,0.2206946611404419,0.5277857184410095,0.558610737323761,керамика,0.9997418522834778,0.0002581477165222168,0.0026752804405987263,0.9996209144592285,0.19708111882209778,0.431643781834282,0.6449447497725487
data/raw/images/ВО-1л58-2017-0012_orig.jpg,ВО-1л58-2017-0012,изразец,0.9993321299552917,0.000667870044708252,0.006233568768948317,0.9989274144172668,профиль,0.7675755023956299,0.23242449760437012,0.7663742899894714,0.6268684267997742,фрагмент,0.997441291809082,0.0025587081909179688,0.017826123163104057,0.9948826432228088,керамика,0.9998842477798462,0.0001157522201538086,0.0012844783486798406,0.9998177289962769,0.05894170701503754,0.1979296150675509,0.9051240533590317
data/raw/images/ВО-1л58-2017-0014_orig.jpg,ВО-1л58-2017-0014,изразец,0.991587221622467,0.008412778377532959,0.058650583028793335,0.987927258014679,профиль,0.9353388547897339,0.06466114521026611,0.3147883117198944,0.9052920341491699,фрагмент,0.6606453657150269,0.33935463428497314,0.6406064629554749,0.3212907314300537,керамика,0.9954960346221924,0.004503965377807617,0.03281838446855545,0.9925038814544678,0.10423313081264496,0.2617159355431795,0.8017534762620926
data/raw/images/ВО-1л58-2017-0016_orig.jpg,ВО-1л58-2017-0016,изразец,0.9973430037498474,0.002656996250152588,0.021418647840619087,0.9960286617279053,профиль,0.7523968815803528,0.24760311841964722,0.8361148238182068,0.6370626091957092,фрагмент,0.9996078610420227,0.0003921389579772949,0.003467986825853586,0.9992157220840454,керамика,0.9998887777328491,0.0001112222671508789,0.0012259448412805796,0.9998147487640381,0.062690868973732,0.21555685083149,0.9080304354429245
data/raw/images/ВО-1л58-2017-0017_orig.jpg,ВО-1л58-2017-0017,изразец,0.9993252754211426,0.0006747245788574219,0.006372096017003059,0.9989887475967407,профиль,0.9643717408180237,0.03562825918197632,0.18029622733592987,0.9367619752883911,фрагмент,0.9437947273254395,0.05620527267456055,0.21639582514762878,0.8875895142555237,керамика,0.9995853304862976,0.0004146695137023926,0.00393745768815279,0.9992758631706238,0.02323073148727417,0.10175040154717863,0.9556540250778198
data/raw/images/ВО-1л58-2017-0018_orig.jpg,ВО-1л58-2017-0018,изразец,0.9991766810417175,0.0008233189582824707,0.007765170186758041,0.9988516569137573,профиль,0.5204955339431763,0.47950446605682373,1.0051525831222534,0.13064491748809814,фрагмент,0.9831885695457458,0.01681143045425415,0.0853557363152504,0.9663771390914917,керамика,0.999232292175293,0.0007677078247070312,0.006828903220593929,0.9986544251441956,0.12447673082351685,0.27627559821121395,0.7736320346593857
data/raw/images/ВО-1л58-2017-0020_orig.jpg,ВО-1л58-2017-0020,изразец,0.7988924384117126,0.20110756158828735,0.6462591290473938,0.6449607014656067,профиль,0.5552695989608765,0.44473040103912354,0.9938331842422485,0.1936306655406952,фрагмент,0.9999351501464844,6.4849853515625e-05,0.0006899620639160275,0.9998703598976135,керамика,0.8971773982048035,0.10282260179519653,0.36224958300590515,0.8013472557067871,0.18718135356903076,0.5007579645898659,0.6599522456526756
data/raw/images/ВО-1л58-2017-0038_orig.jpg,ВО-1л58-2017-0038,тарелка,0.8932822346687317,0.10671776533126831,0.4345834255218506,0.8227061629295349,венчик,0.7683296799659729,0.2316703200340271,0.8000319600105286,0.6401386260986328,фрагмент,0.9988631010055542,0.0011368989944458008,0.008843882940709591,0.9977262020111084,керамика,0.9916042685508728,0.008395731449127197,0.05384225398302078,0.9847903251647949,0.0869801789522171,0.3243253806140274,0.8613403290510178
data/raw/images/ВО-1л58-2017-0047_orig.jpg,ВО-1л58-2017-0047,миска,0.6573830842971802,0.3426169157028198,0.757744550704956,0.3419455587863922,венчик,0.7925418615341187,0.20745813846588135,0.6505253314971924,0.6321216821670532,фрагмент,0.9988706707954407,0.0011293292045593262,0.008792072534561157,0.9977414011955261,керамика,0.9792419672012329,0.02075803279876709,0.11218447983264923,0.9616680145263672,0.1429906040430069,0.3823116086423397,0.7333691641688347
data/raw/images/ВО-1л58-2017-0053_orig.jpg,ВО-1л58-2017-0053,тарелка,0.8855481147766113,0.11445188522338867,0.42915308475494385,0.7933450937271118,профиль,0.5658913254737854,0.4341086745262146,1.0004464387893677,0.2522008717060089,фрагмент,0.9994326233863831,0.0005673766136169434,0.004808191675692797,0.9988652467727661,фаянс,0.8774532079696655,0.12254679203033447,0.47004562616348267,0.8164369463920593,0.16791868209838867,0.47611333534587175,0.7152120396494865
data/raw/images/ВО-1л58-2017-0055_orig.jpg,ВО-1л58-2017-0055,тарелка,0.957231879234314,0.042768120765686035,0.2085779458284378,0.9282740950584412,венчик,0.8706300258636475,0.12936997413635254,0.444373220205307,0.762542724609375,фрагмент,0.9995286464691162,0.00047135353088378906,0.004081672057509422,0.9990572929382324,фаянс,0.6977531313896179,0.3022468686103821,0.8994781374931335,0.554382860660553,0.11871407926082611,0.38912774389609694,0.8110642433166504
data/raw/images/ВО-1л58-2017-0056_orig.jpg,ВО-1л58-2017-0056,тарелка,0.8818649649620056,0.11813503503799438,0.4029152989387512,0.772468090057373,профиль,0.6551327705383301,0.3448672294616699,0.8725975751876831,0.38967931270599365,фрагмент,0.999933123588562,6.687641143798828e-05,0.0007099835784174502,0.999866247177124,фаянс,0.6355587244033813,0.36444127559661865,0.9715718030929565,0.4422861933708191,0.20687760412693024,0.5619486651994521,0.6510749608278275
data/raw/images/ВО-1л58-2017-0058_orig.jpg,ВО-1л58-2017-0058,крышка,0.9288313984870911,0.07116860151290894,0.33358192443847656,0.8891721367835999,ручка,0.6917648315429688,0.30823516845703125,0.9909839630126953,0.5263722538948059,фрагмент,0.999586284160614,0.00041371583938598633,0.0036366255953907967,0.999172568321228,фаянс,0.6505718231201172,0.3494281768798828,0.94631427526474,0.41427573561668396,0.18231141567230225,0.5686291970778257,0.7072481736540794
data/raw/images/ВО-1л58-2017-0059_orig.jpg,ВО-1л58-2017-0059,тарелка,0.7376177310943604,0.26238226890563965,0.7540606260299683,0.5269970893859863,донце,0.9220912456512451,0.07790875434875488,0.316800594329834,0.8542928099632263,фрагмент,0.9754641056060791,0.0245358943939209,0.11520204693078995,0.9509282112121582,стекло,0.33867818117141724,0.6613218188285828,1.23330819606781,0.00962156057357788,0.25653718411922455,0.6048428658396006,0.5854599177837372
data/raw/images/ВО-1л58-2017-0075_orig.jpg,ВО-1л58-2017-0075,блюдце,0.8214179277420044,0.1785820722579956,0.49024346470832825,0.6463186740875244,профиль,0.8261343836784363,0.17386561632156372,0.5684681534767151,0.6964324712753296,фрагмент,0.9909085631370544,0.009091436862945557,0.05178343132138252,0.9818171858787537,фарфор,0.9852542281150818,0.014745771884918213,0.08242879807949066,0.9718548059463501,0.09407122433185577,0.29823096189647913,0.8241057842969894
data/raw/images/ВО-1л58-2017-0089_orig.jpg,ВО-1л58-2017-0089,тарелка,0.9727516174316406,0.027248382568359375,0.157321035861969,0.9611177444458008,донце,0.6730983853340149,0.3269016146659851,0.6619424819946289,0.3508550524711609,фрагмент,0.9963228702545166,0.0036771297454833984,0.024283215403556824,0.9926456809043884,фарфор,0.773396909236908,0.22660309076309204,0.5468714237213135,0.5485753417015076,0.14610755443572998,0.34760453924536705,0.7132984548807144
data/raw/images/ВО-1л58-2017-0091_orig.jpg,ВО-1л58-2017-0091,тарелка,0.9841449856758118,0.015855014324188232,0.08488090336322784,0.9689308404922485,профиль,0.8935834765434265,0.10641652345657349,0.35094383358955383,0.7891037464141846,фрагмент,0.9999246597290039,7.534027099609375e-05,0.0007909258711151779,0.999849259853363,фарфор,0.8120790123939514,0.18792098760604858,0.5083247423171997,0.6291773319244385,0.0775669664144516,0.23623510128527414,0.8467652946710587
data/raw/images/ВО-1л58-2017-0103_orig.jpg,ВО-1л58-2017-0103,изразец,0.9498010873794556,0.050198912620544434,0.2144699990749359,0.9027912020683289,профиль,0.8819471597671509,0.11805284023284912,0.44878339767456055,0.7934232354164124,фрагмент,0.9912039041519165,0.008796095848083496,0.05039331316947937,0.9824077486991882,керамика,0.9993699193000793,0.0006300806999206543,0.005841139703989029,0.9990112781524658,0.044419482350349426,0.17987196240574121,0.9194083660840988
data/raw/images/ВО-1л58-2017-0124_orig.jpg,ВО-1л58-2017-0124,миска,0.6256589293479919,0.37434107065200806,0.7624637484550476,0.27381885051727295,профиль,0.8484911918640137,0.15150880813598633,0.5576084852218628,0.7710928916931152,фрагмент,0.9996744394302368,0.0003255605697631836,0.002939451951533556,0.9993489384651184,керамика,0.9987691044807434,0.0012308955192565918,0.00984308123588562,0.9976184964179993,0.13185158371925354,0.3332136917160824,0.7604697942733765
data/raw/images/ВО-1л58-2017-0141_orig.jpg,ВО-1л58-2017-0141,тарелка,0.9948886036872864,0.005111396312713623,0.03462628275156021,0.9905104637145996,донце,0.9913924932479858,0.00860750675201416,0.054297659546136856,0.9840812683105469,фрагмент,0.9994989633560181,0.0005010366439819336,0.004307985305786133,0.9989979863166809,фаянс,0.9413496851921082,0.058650314807891846,0.25734007358551025,0.8926255106925964,0.01821756362915039,0.08764300029724836,0.966553807258606
data/raw/images/ВО-1л58-2017-0161_orig.jpg,ВО-1л58-2017-0161,изразец,0.603682279586792,0.396317720413208,1.1153172254562378,0.35631388425827026,профиль,0.8612852096557617,0.13871479034423828,0.5713142156600952,0.8011923432350159,фрагмент,0.9691740870475769,0.030825912952423096,0.1376015543937683,0.9383481740951538,керамика,0.834368884563446,0.16563111543655396,0.6021901369094849,0.7296730875968933,0.18287238478660583,0.6066057831048965,0.7063818722963333
data/raw/images/ВО-1л58-2017-0242_orig.jpg,ВО-1л58-2017-0242,миска,0.6473396420478821,0.3526603579521179,0.9481270909309387,0.3935113847255707,венчик,0.9865017533302307,0.013498246669769287,0.07850118726491928,0.9749106168746948,фрагмент,0.9982865452766418,0.0017134547233581543,0.012625044211745262,0.9965731501579285,керамика,0.9942406415939331,0.0057593584060668945,0.040669701993465424,0.9905152320861816,0.09340785443782806,0.26998075610026717,0.8388775959610939
data/raw/images/ВО-1л58-2017-0275_orig.jpg,ВО-1л58-2017-0275,тарелка,0.942206621170044,0.057793378829956055,0.28344783186912537,0.9117347002029419,донце,0.5637633204460144,0.4362366795539856,1.031615972518921,0.2618711292743683,фрагмент,0.9987894892692566,0.0012105107307434082,0.009340604767203331,0.9975789189338684,керамика,0.7876607775688171,0.21233922243118286,0.6017655730247498,0.596993088722229,0.17689494788646698,0.48154249554499984,0.6920444592833519
data/raw/images/ВО-1л58-2017-0284_orig.jpg,ВО-1л58-2017-0284,тарелка,0.931037187576294,0.06896281242370605,0.27724844217300415,0.8685332536697388,донце,0.9813693761825562,0.018630623817443848,0.11637017130851746,0.9730321168899536,фрагмент,0.9992746710777283,0.0007253289222717285,0.005968121811747551,0.9985494017601013,фаянс,0.8179623484611511,0.18203765153884888,0.6568074226379395,0.7221473455429077,0.06758910417556763,0.26409853948280215,0.8905655294656754
data/raw/images/ВО-1л58-2017-0286_orig.jpg,ВО-1л58-2017-0286,тарелка,0.9902083873748779,0.00979161262512207,0.06777011603116989,0.9868215918540955,донце,0.49558576941490173,0.5044142007827759,1.072176218032837,0.22164422273635864,фрагмент,0.9988619089126587,0.0011380910873413086,0.008852305822074413,0.9977237582206726,керамика,0.5776710510253906,0.4223289489746094,0.8103384971618652,0.18730759620666504,0.23441821336746216,0.4897842842619866,0.5983742922544479
data/raw/images/ВО-1л58-2017-0294_orig.jpg,ВО-1л58-2017-0294,блюдце,0.7413652539253235,0.2586347460746765,0.6702792644500732,0.514517605304718,профиль,0.7496786117553711,0.2503213882446289,0.7148831486701965,0.5457500219345093,фрагмент,0.9999449253082275,5.507469177246094e-05,0.0005954077350907028,0.9998898506164551,фарфор,0.9124892950057983,0.08751070499420166,0.32622215151786804,0.8322317600250244,0.14913047850131989,0.42799499309330713,0.7230973094701767
data/raw/images/ВО-1л58-2017-0397_orig.jpg,ВО-1л58-2017-0397,изразец,0.6289532780647278,0.3710467219352722,0.9350236654281616,0.39885610342025757,венчик,0.9106808304786682,0.08931916952133179,0.40689247846603394,0.8624386787414551,фрагмент,0.9996306896209717,0.0003693103790283203,0.0032880844082683325,0.9992613792419434,керамика,0.9992456436157227,0.0007543563842773438,0.006550909485667944,0.9985933899879456,0.11537238955497742,0.33793878444703296,0.8147873878479004
data/raw/images/ВО-1л58-2017-0425_orig.jpg,ВО-1л58-2017-0425,тарелка,0.5297386050224304,0.4702613949775696,0.9058587551116943,0.11378276348114014,профиль,0.8787037134170532,0.12129628658294678,0.5149952173233032,0.8146758675575256,фрагмент,0.9999731779098511,2.682209014892578e-05,0.000309169729007408,0.9999463558197021,фаянс,0.6600379943847656,0.3399620056152344,0.8387970328330994,0.394189715385437,0.23288662731647491,0.5649900437492761,0.5806486755609512
data/raw/images/ВО-1л58-2017-0426_orig.jpg,ВО-1л58-2017-0426,тарелка,0.9967830181121826,0.003216981887817383,0.023822998628020287,0.9942138195037842,профиль,0.5476509928703308,0.4523490071296692,1.0323407649993896,0.26059016585350037,фрагмент,0.99998939037323,1.0609626770019531e-05,0.0001318319555139169,0.99997878074646,фаянс,0.9883486032485962,0.011651396751403809,0.07511581480503082,0.9820100665092468,0.1168069988489151,0.28285285259698867,0.8091982081532478
data/raw/images/ВО-1л58-2017-0480_orig.jpg,ВО-1л58-2017-0480,крышка,0.9958771467208862,0.0041228532791137695,0.031194383278489113,0.9937334060668945,ручка,0.5545645356178284,0.44543546438217163,1.1208525896072388,0.31732094287872314,целый,0.8042313456535339,0.19576865434646606,0.49448028206825256,0.6084626913070679,фарфор,0.8758065104484558,0.12419348955154419,0.42599087953567505,0.7644420266151428,0.1923801153898239,0.5181295336224139,0.6709897667169571
data/raw/images/ВО-1л58-2017-0487_orig.jpg,ВО-1л58-2017-0487,тарелка,0.9771997332572937,0.0228002667427063,0.12605373561382294,0.960448682308197,профиль,0.579619288444519,0.42038071155548096,0.9883005619049072,0.3623110055923462,фрагмент,0.9999920129776001,7.987022399902344e-06,0.0001018477778416127,0.9999840259552002,фаянс,0.8414602279663086,0.1585397720336914,0.4531140625476837,0.6859971284866333,0.15043218433856964,0.3918925519610639,0.7521852105855942
data/raw/images/ВО-1л58-2017-0488_orig.jpg,ВО-1л58-2017-0488,тарелка,0.9871630072593689,0.012836992740631104,0.07348498702049255,0.9753560423851013,донце,0.7504535913467407,0.24954640865325928,0.706343412399292,0.5492768287658691,фрагмент,0.9997764229774475,0.00022357702255249023,0.002103030914440751,0.999552845954895,фаянс,0.96210116147995,0.03789883852005005,0.1896272897720337,0.9400458931922913,0.07512645423412323,0.24288968002656475,0.8660579025745392
data/raw/images/ВО-1л58-2017-0503_orig.jpg,ВО-1л58-2017-0503,крышка,0.8459194302558899,0.1540805697441101,0.5620968341827393,0.7369537353515625,ручка,0.8219984769821167,0.1780015230178833,0.6570039987564087,0.7171978950500488,фрагмент,0.8682045340538025,0.1317954659461975,0.389785498380661,0.7364091277122498,фарфор,0.7535721063613892,0.24642789363861084,0.7689491510391235,0.5792298316955566,0.17757636308670044,0.5944588705897331,0.6924476474523544
data/raw/images/ВО-1л58-2017-0509_orig.jpg,ВО-1л58-2017-0509,изразец,0.9887548685073853,0.011245131492614746,0.06754542142152786,0.9797080755233765,венчик,0.7155901193618774,0.28440988063812256,0.8747478127479553,0.544073224067688,фрагмент,0.9981881976127625,0.0018118023872375488,0.013248605653643608,0.9963764548301697,керамика,0.9993712306022644,0.0006287693977355957,0.005721712484955788,0.9988924264907837,0.07452389597892761,0.24031588807702065,0.8797625452280045
data/raw/images/ВО-1л58-2017-0522_orig.jpg,ВО-1л58-2017-0522,тарелка,0.965477466583252,0.03452253341674805,0.15668781101703644,0.9322227835655212,донце,0.8224462270736694,0.17755377292633057,0.6046262979507446,0.6931349039077759,фрагмент,0.9999233484268188,7.665157318115234e-05,0.0008031090255826712,0.9998466968536377,фаянс,0.9831371903419495,0.016862809658050537,0.09010982513427734,0.9672854542732239,0.057253941893577576,0.21305676078191027,0.8981224596500397
data/raw/images/ВО-1л58-2017-0523_orig.jpg,ВО-1л58-2017-0523,изразец,0.9981393814086914,0.0018606185913085938,0.014817877672612667,0.9966700673103333,венчик,0.6253858208656311,0.3746141791343689,0.8689261078834534,0.30284416675567627,фрагмент,0.9841005802154541,0.0158994197845459,0.08161934465169907,0.9682011604309082,керамика,0.9998162388801575,0.0001837611198425293,0.0019444874487817287,0.9996951818466187,0.09813949465751648,0.2418269544141367,0.8168526440858841
data/raw/images/ВО-1л58-2017-0524_orig.jpg,ВО-1л58-2017-0524,тарелка,0.7413138747215271,0.2586861252784729,0.7044620513916016,0.5204579830169678,профиль,0.6400923728942871,0.3599076271057129,0.8416187167167664,0.34870225191116333,фрагмент,0.9863242506980896,0.0136757493019104,0.0722796842455864,0.972648561000824,керамика,0.9779114127159119,0.022088587284088135,0.10927998274564743,0.9564121961593628,0.16358952224254608,0.43191010877490044,0.6995552480220795
data/raw/images/ВО-1л58-2017-0528_orig.jpg,ВО-1л58-2017-0528,изразец,0.9040347337722778,0.09596526622772217,0.3381728231906891,0.8122617602348328,профиль,0.6519487500190735,0.3480512499809265,0.7160313129425049,0.31630051136016846,фрагмент,0.996890127658844,0.003109872341156006,0.02105899341404438,0.993780255317688,керамика,0.9926449060440063,0.007355093955993652,0.049949027597904205,0.9887797236442566,0.11362037062644958,0.28130303928628564,0.7777805626392365
data/raw/images/ВО-1л58-2017-0544_orig.jpg,ВО-1л58-2017-0544,тарелка,0.9678040146827698,0.032195985317230225,0.1754419207572937,0.9508222937583923,профиль,0.6539435982704163,0.34605640172958374,0.8348038792610168,0.3736552298069,фрагмент,0.99998939037323,1.0609626770019531e-05,0.00013159647642169148,0.9999788403511047,керамика,0.9654343724250793,0.034565627574920654,0.1559053659439087,0.9319612383842468,0.10320715606212616,0.29157069060966023,0.814104400575161
data/raw/images/ВО-1л58-2017-0553_orig.jpg,ВО-1л58-2017-0553,изразец,0.9935451745986938,0.006454825401306152,0.042299844324588776,0.9879279136657715,профиль,0.7626261115074158,0.23737388849258423,0.7290370464324951,0.5848869681358337,фрагмент,0.996817946434021,0.003182053565979004,0.021474312990903854,0.9936359524726868,керамика,0.9973970651626587,0.0026029348373413086,0.018726563081145287,0.9949348568916321,0.06240342557430267,0.20288444170728326,0.890346422791481
data/raw/images/ВО-1л58-2017-0554_orig.jpg,ВО-1л58-2017-0554,изразец,0.7914047837257385,0.20859521627426147,0.5609610080718994,0.5942120552062988,венчик,0.7605867385864258,0.23941326141357422,0.6591530442237854,0.5472224950790405,фрагмент,0.9814584851264954,0.01854151487350464,0.0923074409365654,0.962916910648346,керамика,0.9602624773979187,0.0397375226020813,0.17267751693725586,0.921547532081604,0.1265718787908554,0.3712747525423765,0.7564747482538223
data/raw/images/ВО-1л58-2017-0572_orig.jpg,ВО-1л58-2017-0572,крышка,0.8468478322029114,0.15315216779708862,0.5435692667961121,0.732915997505188,ручка,0.9546153545379639,0.04538464546203613,0.23396652936935425,0.935576856136322,фрагмент,0.8814441561698914,0.11855584383010864,0.36403772234916687,0.7628883123397827,керамика,0.997921884059906,0.002078115940093994,0.01689901575446129,0.9967021942138672,0.07979269325733185,0.2896181335672736,0.85702084004879
data/raw/images/ВО-1л58-2017-0574_orig.jpg,ВО-1л58-2017-0574,тарелка,0.9814584851264954,0.01854151487350464,0.10631182789802551,0.9717715978622437,донце,0.5437991619110107,0.45620083808898926,0.9552812576293945,0.17137497663497925,фрагмент,0.9998558759689331,0.00014412403106689453,0.0014187615597620606,0.9997117519378662,фаянс,0.8027306795120239,0.19726932048797607,0.5834448337554932,0.6341996788978577,0.16803894937038422,0.4116141702106688,0.6942645013332367
data/raw/images/ВО-1л58-2017-0595_orig.jpg,ВО-1л58-2017-0595,миска,0.5613281726837158,0.4386718273162842,0.706118106842041,0.12570300698280334,венчик,0.5989763736724854,0.40102362632751465,0.6812472939491272,0.1989479660987854,фрагмент,0.999634861946106,0.00036513805389404297,0.0032554741483181715,0.9992696642875671,керамика,0.9906463623046875,0.0093536376953125,0.056095123291015625,0.9821296334266663,0.21235355734825134,0.3616789995576255,0.5765125676989555
data/raw/images/ВО-1л58-2017-0596_orig.jpg,ВО-1л58-2017-0596,крышка,0.9717352986335754,0.02826470136642456,0.1452811360359192,0.9487881660461426,ручка,0.9909219145774841,0.00907808542251587,0.06130363792181015,0.9850871562957764,фрагмент,0.968792200088501,0.031207799911499023,0.1389157623052597,0.9375844597816467,керамика,0.9934913516044617,0.00650864839553833,0.046693768352270126,0.9907585382461548,0.018764808773994446,0.09804857615381479,0.9655545800924301
data/raw/images/ВО-1л58-2017-0603_orig.jpg,ВО-1л58-2017-0603,изразец,0.9987689852714539,0.0012310147285461426,0.010781207121908665,0.9979740381240845,профиль,0.4862634241580963,0.5137366056442261,1.1651448011398315,0.14333799481391907,фрагмент,0.9979526996612549,0.002047300338745117,0.01472055446356535,0.9959053993225098,керамика,0.9995667338371277,0.00043326616287231445,0.004124538507312536,0.9992485046386719,0.1293620467185974,0.2986927753081545,0.7841164842247963
data/raw/images/ВО-1л58-2017-0604_orig.jpg,ВО-1л58-2017-0604,изразец,0.9675686359405518,0.03243136405944824,0.16654235124588013,0.9417675137519836,донце,0.5833973288536072,0.4166026711463928,1.1116118431091309,0.3970901370048523,фрагмент,0.9770548343658447,0.022945165634155273,0.10928963124752045,0.9541097283363342,керамика,0.9821595549583435,0.017840445041656494,0.09741050750017166,0.9663407206535339,0.12245491147041321,0.3712135832756758,0.814827024936676
data/raw/images/ВО-1л58-2017-0605_orig.jpg,ВО-1л58-2017-0605,изразец,0.995411217212677,0.004588782787322998,0.032991115003824234,0.9918982982635498,венчик,0.518083930015564,0.48191606998443604,1.1040441989898682,0.1913348138332367,фрагмент,0.9669461846351624,0.033053815364837646,0.14520247280597687,0.9338923096656799,керамика,0.9941766262054443,0.005823373794555664,0.039076272398233414,0.9893157482147217,0.13134551048278809,0.33032851479947567,0.776610292494297
data/raw/images/ВО-1л58-2017-0606_orig.jpg,ВО-1л58-2017-0606,изразец,0.9958640336990356,0.0041359663009643555,0.0319267176091671,0.9938182830810547,донце,0.44592222571372986,0.5540777444839478,1.2321786880493164,0.13730421662330627,фрагмент,0.9795153737068176,0.020484626293182373,0.0999191552400589,0.95903080701828,керамика,0.9988155364990234,0.0011844635009765625,0.01011301763355732,0.9979766011238098,0.14497070014476776,0.34353439463302493,0.7720324769616127
data/raw/images/ВО-1л58-2017-0625_orig.jpg,ВО-1л58-2017-0625,тарелка,0.9619278311729431,0.038072168827056885,0.1990642547607422,0.9369800090789795,венчик,0.9676717519760132,0.032328248023986816,0.16413149237632751,0.9436579942703247,фрагмент,0.9988073110580444,0.0011926889419555664,0.009220714680850506,0.9976146221160889,керамика,0.9444892406463623,0.055510759353637695,0.25098899006843567,0.9045718908309937,0.03177596628665924,0.15585136297158897,0.9457061290740967
data/raw/images/ВО-1л58-2017-0627_orig.jpg,ВО-1л58-2017-0627,изразец,0.9879526495933533,0.012047350406646729,0.06952918320894241,0.9768386483192444,донце,0.9890690445899963,0.010930955410003662,0.07431218028068542,0.9847070574760437,фрагмент,0.9856582283973694,0.014341771602630615,0.07511329650878906,0.9713164567947388,керамика,0.9883274435997009,0.011672556400299072,0.07111383974552155,0.9790322184562683,0.01224815845489502,0.07251712493598461,0.9779735952615738
data/raw/images/ВО-1л58-2017-0631_orig.jpg,ВО-1л58-2017-0631,изразец,0.993391752243042,0.006608247756958008,0.04847758263349533,0.9905835390090942,профиль,0.9649220705032349,0.03507792949676514,0.1849459707736969,0.941267192363739,фрагмент,0.9891452193260193,0.010854780673980713,0.05989355221390724,0.9782904386520386,керамика,0.9998806715011597,0.00011932849884033203,0.0013297982513904572,0.9998315572738647,0.013165071606636047,0.07366172596812248,0.9774931818246841
data/raw/images/ВО-1л58-2017-0632_orig.jpg,ВО-1л58-2017-0632,изразец,0.9996546506881714,0.0003453493118286133,0.0035069268196821213,0.9994629621505737,профиль,0.7277604341506958,0.2722395658493042,0.8941978216171265,0.5820764303207397,фрагмент,0.8452051877975464,0.1547948122024536,0.4309368133544922,0.690410315990448,керамика,0.9997075200080872,0.0002924799919128418,0.0030106755439192057,0.999580979347229,0.10691805183887482,0.332913059333805,0.8178826719522476
data/raw/images/ВО-1л58-2017-0634_orig.jpg,ВО-1л58-2017-0634,изразец,0.9971981048583984,0.0028018951416015625,0.022030899301171303,0.9953797459602356,донце,0.45821329951286316,0.5417866706848145,1.091707468032837,0.04007136821746826,фрагмент,0.9111196994781494,0.08888030052185059,0.29993951320648193,0.8222393989562988,керамика,0.9965550899505615,0.0034449100494384766,0.0243137888610363,0.9934417605400085,0.15922844409942627,0.3594979173503816,0.7127830684185028
data/raw/images/ВО-1л58-2017-0645_orig.jpg,ВО-1л58-2017-0645,изразец,0.7902637720108032,0.20973622798919678,0.7472543120384216,0.7024515867233276,венчик,0.9441436529159546,0.05585634708404541,0.2757508456707001,0.9141747355461121,фрагмент,0.9921013712882996,0.00789862871170044,0.0461052805185318,0.9842026829719543,керамика,0.9991379976272583,0.0008620023727416992,0.007592772599309683,0.9984799027442932,0.06858830153942108,0.2691758027067408,0.8998272269964218
data/raw/images/ВО-1л58-2017-0688_orig.jpg,ВО-1л58-2017-0688,тарелка,0.9872475862503052,0.012752413749694824,0.08125278353691101,0.9809368252754211,венчик,0.4862111210823059,0.5137888789176941,0.9003740549087524,0.03572392463684082,фрагмент,0.9999239444732666,7.605552673339844e-05,0.0007971871527843177,0.9998478889465332,фаянс,0.9142130017280579,0.08578699827194214,0.36307328939437866,0.8633162379264832,0.1531010866165161,0.3363743287482066,0.7199562191963196
data/raw/images/ВО-1л58-2017-0715_orig.jpg,ВО-1л58-2017-0715,изразец,0.9892929792404175,0.01070702075958252,0.06564223766326904,0.980398416519165,донце,0.6351735591888428,0.3648264408111572,1.087541103363037,0.42453598976135254,фрагмент,0.9966574907302856,0.0033425092697143555,0.02239242196083069,0.9933150410652161,керамика,0.9989573955535889,0.0010426044464111328,0.009268547408282757,0.9984251856803894,0.09497964382171631,0.2962110775988549,0.8491686582565308
data/raw/images/ВО-1л58-2017-0718_orig.jpg,ВО-1л58-2017-0718,изразец,0.9996024966239929,0.0003975033760070801,0.004028484225273132,0.9994354248046875,профиль,0.8894930481910706,0.11050695180892944,0.47191983461380005,0.8410682082176208,фрагмент,0.9597076773643494,0.040292322635650635,0.1688721776008606,0.919415295124054,керамика,0.998817503452301,0.0011824965476989746,0.01035391353070736,0.9981728792190552,0.03809481859207153,0.16379360249266028,0.9395229518413544
data/raw/images/ВО-1л58-2017-0722_orig.jpg,ВО-1л58-2017-0722,тарелка,0.7956714630126953,0.2043285369873047,0.5214306712150574,0.5936707258224487,донце,0.9672877788543701,0.03271222114562988,0.17580462992191315,0.945351779460907,фрагмент,0.9994698166847229,0.0005301833152770996,0.004528856836259365,0.9989396333694458,керамика,0.6864014863967896,0.31359851360321045,0.6873698830604553,0.38629600405693054,0.13779236376285553,0.3472835102584213,0.731064535677433
data/raw/images/ВО-1л58-2017-0724_orig.jpg,ВО-1л58-2017-0724,изразец,0.9997320771217346,0.00026792287826538086,0.0027755945920944214,0.9995942115783691,профиль,0.6508173942565918,0.3491826057434082,0.952820360660553,0.4240019917488098,фрагмент,0.9833136200904846,0.01668637990951538,0.0848463848233223,0.9666272401809692,керамика,0.9992751479148865,0.0007248520851135254,0.006183707620948553,0.9986005425453186,0.09171544015407562,0.26165651192422956,0.8472059965133667
data/raw/images/ВО-1л58-2017-0736_orig.jpg,ВО-1л58-2017-0736,тарелка,0.5784684419631958,0.4215315580368042,0.6877402663230896,0.15778478980064392,донце,0.9377799034118652,0.062220096588134766,0.2428508847951889,0.8775062561035156,фрагмент,0.9999504089355469,4.9591064453125e-05,0.0005408837459981441,0.9999008178710938,фарфор,0.9364424347877502,0.06355756521224976,0.2387285977602005,0.873184084892273,0.13683970272541046,0.2924651581561193,0.7270939871668816
data/raw/images/ВО-1л58-2017-0769_orig.jpg,ВО-1л58-2017-0769,изразец,0.9975839853286743,0.0024160146713256836,0.01899302937090397,0.9958502650260925,профиль,0.3698517382144928,0.6301482915878296,1.314092755317688,0.06831645965576172,фрагмент,0.9256908893585205,0.07430911064147949,0.26464536786079407,0.8513817191123962,керамика,0.999735414981842,0.000264585018157959,0.0026695718988776207,0.9995481967926025,0.17678450047969818,0.4001001811120659,0.7287741601467133
data/raw/images/ВО-1л58-2017-0770_orig.jpg,ВО-1л58-2017-0770,изразец,0.9994872808456421,0.0005127191543579102,0.005023110657930374,0.9992618560791016,венчик,0.3335731029510498,0.6664268970489502,1.4932001829147339,0.03492939472198486,фрагмент,0.9893978834152222,0.010602116584777832,0.058750562369823456,0.9787957072257996,керамика,0.9981731176376343,0.0018268823623657227,0.0138463843613863,0.9964526891708374,0.16984215378761292,0.3927050600759685,0.7523599117994308
data/raw/images/ВО-1л58-2017-0779_orig.jpg,ВО-1л58-2017-0779,изразец,0.9994707703590393,0.0005292296409606934,0.005131984129548073,0.9991970658302307,венчик,0.3661183714866638,0.6338816285133362,1.284172534942627,0.004599452018737793,фрагмент,0.9936864972114563,0.006313502788543701,0.03827178478240967,0.9873729944229126,керамика,0.9996041655540466,0.00039583444595336914,0.003798177232965827,0.999314546585083,0.1602800488471985,0.33284362027188763,0.747621014714241
data/raw/images/ВО-1л58-2017-0781_orig.jpg,ВО-1л58-2017-0781,изразец,0.9948935508728027,0.005106449127197266,0.03744322434067726,0.9916902780532837,профиль,0.8891343474388123,0.11086565256118774,0.4314832091331482,0.8052800893783569,фрагмент,0.9956660270690918,0.004333972930908203,0.027906928211450577,0.9913320541381836,керамика,0.9992749094963074,0.000725090503692627,0.006611702032387257,0.9988812208175659,0.03025779128074646,0.12586126592941582,0.9467959105968475
data/raw/images/ВО-1л58-2017-0868_orig.jpg,ВО-1л58-2017-0868,изразец,0.9988362193107605,0.001163780689239502,0.00998894963413477,0.9980116486549377,венчик,0.40262824296951294,0.5973717570304871,1.3135128021240234,0.11976766586303711,фрагмент,0.9945176243782043,0.005482375621795654,0.03400973975658417,0.9890352487564087,керамика,0.9983441829681396,0.0016558170318603516,0.013606755994260311,0.9971391558647156,0.15141843259334564,0.34277956187725067,0.7759884297847748
data/raw/images/ВО-1л58-2017-0873_orig.jpg,ВО-1л58-2017-0873,миска,0.984503984451294,0.015496015548706055,0.09057105332612991,0.9720933437347412,венчик,0.4790819585323334,0.5209180116653442,0.8708356022834778,0.0010927915573120117,фрагмент,0.9999239444732666,7.605552673339844e-05,0.0007974038599058986,0.9998478889465332,керамика,0.9906436800956726,0.009356319904327393,0.061418138444423676,0.9841459393501282,0.13646160066127777,0.2559055494784843,0.7392949908971786
data/raw/images/ВО-1л58-2017-0874_orig.jpg,ВО-1л58-2017-0874,миска,0.8843725323677063,0.1156274676322937,0.42838725447654724,0.7979860305786133,венчик,0.9214181900024414,0.0785818099975586,0.3061922788619995,0.8507705926895142,фрагмент,0.9999432563781738,5.6743621826171875e-05,0.0006111653638072312,0.9998865723609924,керамика,0.9997779726982117,0.00022202730178833008,0.0021896047983318567,0.9995787739753723,0.0486220121383667,0.18434507587517146,0.912055492401123
data/raw/images/ВО-1л58-2017-0881_orig.jpg,ВО-1л58-2017-0881,тарелка,0.9862011075019836,0.013798892498016357,0.08457358181476593,0.9772844910621643,донце,0.9373863935470581,0.0626136064529419,0.28991520404815674,0.8972897529602051,фрагмент,0.9990309476852417,0.0009690523147583008,0.0076933628879487514,0.9980618357658386,фаянс,0.7032998204231262,0.2967001795768738,0.6371778845787048,0.4116837978363037,0.09352043271064758,0.25484000833239406,0.8210799694061279
data/raw/images/ВО-1л58-2017-0911_orig.jpg,ВО-1л58-2017-0911,тарелка,0.9983256459236145,0.001674354076385498,0.01412577461451292,0.9971861839294434,донце,0.6304180026054382,0.36958199739456177,0.815361499786377,0.30688658356666565,фрагмент,0.9999146461486816,8.535385131835938e-05,0.0008846427081152797,0.9998293519020081,фаянс,0.9454554915428162,0.05454450845718384,0.24777674674987793,0.9071900248527527,0.10647155344486237,0.26953716596472077,0.8027730360627174
data/raw/images/ВО-1л58-2017-0962_orig.jpg,ВО-1л58-2017-0962,блюдце,0.7695829272270203,0.23041707277297974,0.6778987646102905,0.5979746580123901,донце,0.7094345688819885,0.2905654311180115,0.8243075609207153,0.5267037749290466,фрагмент,0.9960330128669739,0.003966987133026123,0.025895653292536736,0.9920660257339478,фарфор,0.8925392627716064,0.10746073722839355,0.41224637627601624,0.8092508912086487,0.15810255706310272,0.4850870887748897,0.7314988374710083
data/raw/images/ВО-1л58-2017-0973_orig.jpg,ВО-1л58-2017-0973,тарелка,0.6574569940567017,0.34254300594329834,0.7318797707557678,0.3326714336872101,донце,0.6830240488052368,0.3169759511947632,0.8626918196678162,0.4321556091308594,фрагмент,0.9988810420036316,0.0011189579963684082,0.008722135797142982,0.9977620840072632,фаянс,0.6931931972503662,0.3068068027496338,0.8208502531051636,0.4594440460205078,0.24186117947101593,0.6060359948314726,0.5555082932114601
data/raw/images/ВО-1л58-2017-0986_orig.jpg,ВО-1л58-2017-0986,изразец,0.951199471950531,0.048800528049468994,0.23919790983200073,0.9170137047767639,профиль,0.5843819975852966,0.41561800241470337,1.0034462213516235,0.333692342042923,фрагмент,0.916477382183075,0.08352261781692505,0.28728973865509033,0.8329547047615051,керамика,0.8978843688964844,0.10211563110351562,0.3821450471878052,0.8108896613121033,0.16251419484615326,0.47801972925662994,0.7236376032233238
data/raw/images/ВО-1л58-2017-0996_orig.jpg,ВО-1л58-2017-0996,крышка,0.9949806332588196,0.00501936674118042,0.03745698928833008,0.9926337599754333,ручка,0.976334810256958,0.023665189743041992,0.1378454715013504,0.9610256552696228,фрагмент,0.8557963371276855,0.14420366287231445,0.412521630525589,0.7115926146507263,керамика,0.7699611783027649,0.2300388216972351,0.7773947715759277,0.6426444053649902,0.100731760263443,0.3413047157227993,0.8269741088151932
data/raw/images/ВО-1л58-2017-1002_orig.jpg,ВО-1л58-2017-1002,изразец,0.9994070529937744,0.0005929470062255859,0.0055622137151658535,0.9990115761756897,профиль,0.8367485404014587,0.16325145959854126,0.5884779691696167,0.7185954451560974,фрагмент,0.680142343044281,0.319857656955719,0.6267620921134949,0.3602847158908844,керамика,0.9998420476913452,0.00015795230865478516,0.001714949612505734,0.9997547268867493,0.12096500396728516,0.3056293061526958,0.7694116160273552
data/raw/images/ВО-1л58-2017-1006_orig.jpg,ВО-1л58-2017-1006,изразец,0.9962798953056335,0.003720104694366455,0.02745497226715088,0.9941349029541016,профиль,0.878294825553894,0.12170517444610596,0.48127663135528564,0.7926594018936157,фрагмент,0.9995830655097961,0.0004169344902038574,0.00366148236207664,0.9991661310195923,керамика,0.9999336004257202,6.639957427978516e-05,0.0007453106809407473,0.9998788833618164,0.031477153301239014,0.12828459916636348,0.9464598298072815
data/raw/images/ВО-1л58-2017-1007_orig.jpg,ВО-1л58-2017-1007,изразец,0.9993472695350647,0.0006527304649353027,0.006170082837343216,0.9990634918212891,профиль,0.6299276351928711,0.3700723648071289,1.1115140914916992,0.43269407749176025,фрагмент,0.9907585382461548,0.009241461753845215,0.05248627811670303,0.9815170168876648,керамика,0.9993277788162231,0.0006722211837768555,0.006280370522290468,0.998951256275177,0.09515969455242157,0.294112705742009,0.8530564606189728
data/raw/images/ВО-1л58-2017-1008_orig.jpg,ВО-1л58-2017-1008,изразец,0.9993651509284973,0.0006348490715026855,0.005716603249311447,0.9988407492637634,венчик,0.5362576842308044,0.46374231576919556,1.1027648448944092,0.211313396692276,фрагмент,0.9969884753227234,0.0030115246772766113,0.020490068942308426,0.993976891040802,керамика,0.9992700219154358,0.000729978084564209,0.006604825146496296,0.9987950921058655,0.11702966690063477,0.28389408555813134,0.8007315322756767
data/raw/images/ВО-1л58-2017-1010_orig.jpg,ВО-1л58-2017-1010,изразец,0.9995473027229309,0.0004526972770690918,0.004438650794327259,0.9993334412574768,профиль,0.7416229844093323,0.2583770155906677,0.8385239839553833,0.6129378080368042,фрагмент,0.9969004392623901,0.0030995607376098633,0.0209994837641716,0.9938008785247803,керамика,0.9994434714317322,0.0005565285682678223,0.005265305750072002,0.9991010427474976,0.06562145054340363,0.21730685606598854,0.9012932926416397
data/raw/images/ВО-1л58-2017-1030_orig.jpg,ВО-1л58-2017-1030,изразец,0.7177863717079163,0.28221362829208374,0.7421509027481079,0.49118345975875854,венчик,0.823085367679596,0.17691463232040405,0.5577796697616577,0.6734293699264526,фрагмент,0.9987824559211731,0.0012175440788269043,0.009387495927512646,0.9975649118423462,керамика,0.9983031749725342,0.0016968250274658203,0.013582980260252953,0.9969263672828674,0.11551065742969513,0.3307252621743828,0.7897760272026062
data/raw/images/ВО-1л58-2017-1035_orig.jpg,ВО-1л58-2017-1035,изразец,0.9521487951278687,0.04785120487213135,0.24343760311603546,0.9282681345939636,профиль,0.9774755239486694,0.022524476051330566,0.12969568371772766,0.9630838632583618,фрагмент,0.9241443276405334,0.07585567235946655,0.2685288190841675,0.8482887148857117,керамика,0.9996002316474915,0.0003997683525085449,0.003886451944708824,0.9993605613708496,0.03665778040885925,0.16138713946565986,0.9347503185272217
data/raw/images/ВО-1л58-2017-1036_orig.jpg,ВО-1л58-2017-1036,изразец,0.9953504800796509,0.004649519920349121,0.035193685442209244,0.9935489892959595,профиль,0.8979339003562927,0.10206609964370728,0.45539847016334534,0.8568438291549683,целый,0.9638249278068542,0.03617507219314575,0.155591681599617,0.9276498556137085,керамика,0.9993921518325806,0.0006078481674194336,0.005787641275674105,0.9991034865379333,0.035874634981155396,0.16299286962021142,0.9442865401506424
data/raw/images/ВО-1л58-2017-1038_orig.jpg,ВО-1л58-2017-1038,изразец,0.9998468160629272,0.0001531839370727539,0.0016484512016177177,0.9997638463973999,венчик,0.38434898853302,0.61565101146698,1.3773609399795532,0.04438433051109314,фрагмент,0.9700407981872559,0.02995920181274414,0.13460026681423187,0.9400815963745117,керамика,0.9999048709869385,9.512901306152344e-05,0.0010835188440978527,0.9998576641082764,0.1614646315574646,0.37867329420987517,0.7460218593478203
data/raw/images/ВО-1л58-2017-1111_orig.jpg,ВО-1л58-2017-1111,блюдце,0.5046723484992981,0.4953276515007019,0.8333410024642944,0.04790544509887695,венчик,0.8684163093566895,0.13158369064331055,0.49465158581733704,0.8012922406196594,фрагмент,0.9999507665634155,4.9233436584472656e-05,0.0005370257422327995,0.9999015927314758,фарфор,0.9757290482521057,0.024270951747894287,0.12300660461187363,0.9536731839179993,0.1628078818321228,0.3628840546589345,0.7006931155920029
data/raw/images/ВО-1л58-2017-1155_orig.jpg,ВО-1л58-2017-1155,миска,0.9524180889129639,0.04758191108703613,0.24111606180667877,0.9241448044776917,венчик,0.5883556008338928,0.4116443991661072,0.7178357839584351,0.1833013892173767,фрагмент,0.9968584775924683,0.0031415224075317383,0.021241243928670883,0.9937169551849365,керамика,0.9696264863014221,0.03037351369857788,0.16708555817604065,0.9508172869682312,0.12318533658981323,0.28681966196745634,0.762995108962059
data/raw/images/ВО-1л58-2017-1156_orig.jpg,ВО-1л58-2017-1156,миска,0.9782650470733643,0.021734952926635742,0.11385803669691086,0.9588369727134705,венчик,0.6277675032615662,0.37223249673843384,0.696058452129364,0.26156899333000183,фрагмент,0.9998724460601807,0.00012755393981933594,0.0012708182912319899,0.9997449517250061,керамика,0.9979254007339478,0.002074599266052246,0.015591593459248543,0.9960064888000488,0.09904240071773529,0.20669472514418885,0.8040393516421318
data/raw/images/ВО-1л58-2017-1238_orig.jpg,ВО-1л58-2017-1238,миска,0.6044306755065918,0.3955693244934082,1.1023259162902832,0.42501989006996155,венчик,0.938278317451477,0.06172168254852295,0.2915098965167999,0.9061058163642883,фрагмент,0.9947197437286377,0.005280256271362305,0.03295467048883438,0.9894394874572754,керамика,0.9972611665725708,0.0027388334274291992,0.02144053392112255,0.9954159259796143,0.11632752418518066,0.36205775430426,0.8289952799677849
