image_file,group_key,pred_type,top1_prob_type,max_prob_type,entropy_type,margin_type,pred_part,top1_prob_part,max_prob_part,entropy_part,margin_part,pred_integrity,top1_prob_integrity,max_prob_integrity,entropy_integrity,margin_integrity,pred_material,top1_prob_material,max_prob_material,entropy_material,margin_material,mean_max_prob,mean_entropy,mean_margin
data/raw/images/М102-2012-1-0496_orig.jpg,М102-2012-1-0496,изразец,0.9998964071273804,0.0001035928726196289,0.001143445959314704,0.9998357892036438,венчик,0.34647509455680847,0.6535248756408691,1.3918880224227905,0.08313170075416565,фрагмент,0.9925867915153503,0.007413208484649658,0.04374385625123978,0.9851735234260559,керамика,0.9998190999031067,0.00018090009689331055,0.0019040284678339958,0.9996998310089111,0.16530564427375793,0.35966983827529475,0.7669602110981941
data/raw/images/М102-2012-1-0752_orig.jpg,М102-2012-1-0752,тарелка,0.927447497844696,0.07255250215530396,0.2750072479248047,0.8578624129295349,донце,0.9825993776321411,0.017400622367858887,0.10263826698064804,0.9708219766616821,фрагмент,0.9997357726097107,0.00026422739028930664,0.002441069344058633,0.9994715452194214,керамика,0.7722665071487427,0.22773349285125732,0.6115885376930237,0.5627291202545166,0.07948771119117737,0.24791878048563376,0.8477212637662888
data/raw/images/М102-2012-1-0833_orig.jpg,М102-2012-1-0833,тарелка,0.9975221753120422,0.0024778246879577637,0.01926032267510891,0.9956889748573303,донце,0.9724790453910828,0.027520954608917236,0.14184923470020294,0.9498544335365295,фрагмент,0.9998143315315247,0.0001856684684753418,0.0017808324191719294,0.9996286630630493,фаянс,0.9885868430137634,0.011413156986236572,0.06844120472669601,0.9789711833000183,0.010399401187896729,0.05783289863029495,0.9810358136892319
data/raw/images/М102-2012-1-0843_orig.jpg,М102-2012-1-0843,тарелка,0.995570957660675,0.004429042339324951,0.03428429365158081,0.9935204982757568,донце,0.8610889315605164,0.13891106843948364,0.4883272051811218,0.7500902414321899,фрагмент,0.9997588992118835,0.00024110078811645508,0.002249310491606593,0.9995177984237671,фаянс,0.9663928747177124,0.0336071252822876,0.1706395149230957,0.9418736696243286,0.04429708421230316,0.17387508106185123,0.9212505519390106
data/raw/images/М102-2012-2-0543_orig.jpg,М102-2012-2-0543,блюдце,0.9817829728126526,0.018217027187347412,0.10072047263383865,0.965964674949646,профиль,0.9989198446273804,0.001080155372619629,0.009064316749572754,0.9979995489120483,фрагмент,0.9961481094360352,0.0038518905639648438,0.025257650762796402,0.9922962784767151,фарфор,0.9827291965484619,0.017270803451538086,0.09684747457504272,0.9678955078125,0.010104969143867493,0.057972478680312634,0.9810390025377274
data/raw/images/М102-2012-2-1086_orig.jpg,М102-2012-2-1086,тарелка,0.9989538192749023,0.0010461807250976562,0.009245995432138443,0.9983536601066589,донце,0.9817761778831482,0.018223822116851807,0.09450186789035797,0.9641621708869934,фрагмент,0.9998483657836914,0.00015163421630859375,0.0014844685792922974,0.9996967911720276,фаянс,0.985821545124054,0.014178454875946045,0.07912333309650421,0.9727381467819214,0.008400022983551025,0.04608891624957323,0.9837376922369003
data/raw/images/М102-2012-2-1095_orig.jpg,М102-2012-2-1095,изразец,0.9995126724243164,0.00048732757568359375,0.004810526967048645,0.9992574453353882,профиль,0.46925169229507446,0.5307483077049255,1.389266848564148,0.2624642550945282,фрагмент,0.9813634157180786,0.018636584281921387,0.09268461912870407,0.9627267718315125,керамика,0.9909936785697937,0.009006321430206299,0.057206958532333374,0.9841547608375549,0.1397196352481842,0.3859922382980585,0.8021508082747459
data/raw/images/М102-2012-2-1121_orig.jpg,М102-2012-2-1121,блюдце,0.9199420213699341,0.08005797863006592,0.32804733514785767,0.859074592590332,профиль,0.9392741918563843,0.06072580814361572,0.30266061425209045,0.9111064076423645,фрагмент,0.9843404293060303,0.015659570693969727,0.0806281715631485,0.9686807990074158,фарфор,0.9849703311920166,0.015029668807983398,0.08725384622812271,0.973090648651123,0.04286825656890869,0.19964749179780483,0.9279881119728088
data/raw/images/М102-2012-2-1125_orig.jpg,М102-2012-2-1125,крышка,0.9849671721458435,0.015032827854156494,0.08423831313848495,0.9716947674751282,профиль,0.7546036839485168,0.24539631605148315,0.8099815249443054,0.5967377424240112,фрагмент,0.9982094764709473,0.0017905235290527344,0.013114498928189278,0.9964189529418945,фарфор,0.9597907066345215,0.040209293365478516,0.19184763729572296,0.9270752668380737,0.07560724020004272,0.27479549357667565,0.8729816824197769
data/raw/images/М102-2012-2-1181_orig.jpg,М102-2012-2-1181,изразец,0.9950875639915466,0.004912436008453369,0.03360221907496452,0.9910016655921936,донце,0.5240278244018555,0.47597217559814453,1.3655731678009033,0.36767059564590454,фрагмент,0.966398298740387,0.03360170125961304,0.14704731106758118,0.9327965974807739,керамика,0.9713560938835144,0.028643906116485596,0.15028299391269684,0.9497534036636353,0.13578255474567413,0.42412642296403646,0.8103055655956268
data/raw/images/М102-2012-2-1314_orig.jpg,М102-2012-2-1314,крышка,0.9725680947303772,0.027431905269622803,0.14284518361091614,0.9522178769111633,профиль,0.9053579568862915,0.0946420431137085,0.3754916787147522,0.8302868604660034,фрагмент,0.9996886253356934,0.0003113746643066406,0.0028257155790925026,0.9993772506713867,фарфор,0.9812546968460083,0.0187453031539917,0.10127832740545273,0.9647011160850525,0.03528265655040741,0.1556102263275534,0.9366457760334015
data/raw/images/М102-2012-2-1394_orig.jpg,М102-2012-2-1394,крышка,0.9938884973526001,0.006111502647399902,0.04412716627120972,0.990760326385498,профиль,0.555392324924469,0.444607675075531,1.1975553035736084,0.2861163020133972,целый,0.9866756796836853,0.013324320316314697,0.07077161222696304,0.9733514189720154,фаянс,0.8718510270118713,0.12814897298812866,0.5197349786758423,0.8067890405654907,0.14804811775684357,0.45804726518690586,0.7642542719841003
data/raw/images/М102-2012-2-1406_orig.jpg,М102-2012-2-1406,блюдце,0.9297089576721191,0.07029104232788086,0.2893543541431427,0.8682636618614197,профиль,0.9937400817871094,0.006259918212890625,0.04402017220854759,0.9903041124343872,фрагмент,0.999841570854187,0.00015842914581298828,0.0015442410949617624,0.9996832013130188,фаянс,0.9577645659446716,0.04223543405532837,0.19001610577106476,0.919045627117157,0.02973620593547821,0.1312337183044292,0.9443241506814957
data/raw/images/Мич11-ш01-029_orig.jpg,Мич11-ш01-029,изразец,0.9990445971488953,0.0009554028511047363,0.008475055918097496,0.9983972907066345,профиль,0.5233009457588196,0.4766990542411804,1.2098469734191895,0.2880864143371582,фрагмент,0.997368335723877,0.002631664276123047,0.01826053485274315,0.9947366714477539,керамика,0.999038815498352,0.0009611845016479492,0.008287427015602589,0.9982774257659912,0.12031182646751404,0.31121749780140817,0.8198744505643845
data/raw/images/Мич11-ш02-057_orig.jpg,Мич11-ш02-057,изразец,0.9992530941963196,0.0007469058036804199,0.006844381336122751,0.9987964034080505,профиль,0.4228699505329132,0.5771300792694092,1.13670015335083,0.02502003312110901,фрагмент,0.9835290908813477,0.016470909118652344,0.08396685868501663,0.9670581221580505,керамика,0.9998726844787598,0.00012731552124023438,0.0014151690993458033,0.9998065233230591,0.14861880242824554,0.3072316406178288,0.7476702705025673
data/raw/images/БП11-Р01-Г03-6493_orig.jpg,БП11-Р01-Г03-6493,изразец,0.9984779953956604,0.0015220046043395996,0.013180572539567947,0.9979334473609924,профиль,0.5943032503128052,0.4056967496871948,0.9515096545219421,0.2684139609336853,фрагмент,0.9680233001708984,0.03197669982910156,0.14154775440692902,0.9360465407371521,керамика,0.9998743534088135,0.00012564659118652344,0.001356986933387816,0.9997840523719788,0.10983027517795563,0.27689874210045673,0.8005445003509521
data/raw/images/БП11-Р01-Г01-1395_orig.jpg,БП11-Р01-Г01-1395,тарелка,0.9947414398193359,0.0052585601806640625,0.03949020802974701,0.9925298690795898,профиль,0.9556103944778442,0.04438960552215576,0.1877240687608719,0.9122849702835083,фрагмент,0.9990352392196655,0.0009647607803344727,0.00766356335952878,0.9980704188346863,фаянс,0.9712170958518982,0.028782904148101807,0.14156119525432587,0.945643961429596,0.019848957657814026,0.09410975885111839,0.9621323049068451
data/raw/images/БП11-Р01-тех-0061_orig.jpg,БП11-Р01-тех-0061,изразец,0.9969509840011597,0.003049015998840332,0.024042950943112373,0.9953435659408569,профиль,0.9883887767791748,0.011611223220825195,0.07740818709135056,0.9826993346214294,фрагмент,0.9953129291534424,0.004687070846557617,0.029812518507242203,0.9906258583068848,керамика,0.9996269941329956,0.00037300586700439453,0.0034576673060655594,0.9992870092391968,0.004930078983306885,0.03368033096194267,0.991988942027092
data/raw/images/БП11-Р01-Г03-3244_orig.jpg,БП11-Р01-Г03-3244,тарелка,0.9296806454658508,0.07031935453414917,0.28106456995010376,0.8653181791305542,профиль,0.6810017228126526,0.3189982771873474,0.6863887310028076,0.37624701857566833,фрагмент,0.9997705817222595,0.00022941827774047852,0.002151868538931012,0.999541163444519,керамика,0.9772606492042542,0.02273935079574585,0.11439549177885056,0.9558727741241455,0.10307160019874573,0.27100016531767324,0.7992447838187218
data/raw/images/БП11-Р01-тех-0443_orig.jpg,БП11-Р01-тех-0443,изразец,0.9971047043800354,0.0028952956199645996,0.022404281422495842,0.9951376914978027,профиль,0.29233503341674805,0.707664966583252,1.4598904848098755,0.009191185235977173,фрагмент,0.9992977380752563,0.0007022619247436523,0.0058014532551169395,0.9985954761505127,керамика,0.999934196472168,6.580352783203125e-05,0.0007621744298376143,0.9998950958251953,0.17783208191394806,0.37221459847933147,0.750704862177372
data/raw/images/БП11-Р01-Г01-1055_orig.jpg,БП11-Р01-Г01-1055,изразец,0.9992280006408691,0.0007719993591308594,0.007059765048325062,0.9988238215446472,профиль,0.9570411443710327,0.042958855628967285,0.22559669613838196,0.9350128769874573,фрагмент,0.962764322757721,0.03723567724227905,0.15905725955963135,0.9255286455154419,керамика,0.9999428987503052,5.710124969482422e-05,0.0006805293960496783,0.9999135136604309,0.020255908370018005,0.09809856253559701,0.9648197144269943
data/raw/images/БП11-Р01-тех-0060_orig.jpg,БП11-Р01-тех-0060,изразец,0.9997105002403259,0.00028949975967407227,0.003034304128959775,0.9996163845062256,профиль,0.9270574450492859,0.07294255495071411,0.36145249009132385,0.895862877368927,фрагмент,0.986748456954956,0.013251543045043945,0.07045844942331314,0.9734968543052673,керамика,0.9994271993637085,0.0005728006362915039,0.005425458773970604,0.9991636276245117,0.021764099597930908,0.11009267560439184,0.9670349359512329
data/raw/images/БП11-Р01-Г01-1289_orig.jpg,БП11-Р01-Г01-1289,тарелка,0.9861775636672974,0.013822436332702637,0.07774950563907623,0.9735170006752014,профиль,0.9891827702522278,0.010817229747772217,0.06360043585300446,0.9792942404747009,фрагмент,0.9999853372573853,1.4662742614746094e-05,0.0001780626189429313,0.9999706745147705,фаянс,0.9755613207817078,0.024438679218292236,0.12865450978279114,0.9558950066566467,0.012273252010345459,0.06754562847345369,0.9771692305803299
data/raw/images/БП11-Р01-Г03-6483_orig.jpg,БП11-Р01-Г03-6483,блюдце,0.9740332365036011,0.025966763496398926,0.14073145389556885,0.9543654918670654,профиль,0.9607223868370056,0.039277613162994385,0.1895662546157837,0.9297326803207397,фрагмент,0.9993168115615845,0.0006831884384155273,0.005662410985678434,0.998633623123169,фарфор,0.9610394835472107,0.03896051645278931,0.18012380599975586,0.9261967539787292,0.026222020387649536,0.1290209813741967,0.9522321373224258
data/raw/images/Кроп-2013-152_orig.jpg,Кроп-2013-152,тарелка,0.9932053089141846,0.00679469108581543,0.04332884028553963,0.9871711730957031,донце,0.9483187794685364,0.05168122053146362,0.24659791588783264,0.9222444891929626,фрагмент,0.9999186992645264,8.130073547363281e-05,0.0008465815335512161,0.9998374581336975,фарфор,0.9034249782562256,0.09657502174377441,0.3439376950263977,0.8125084042549133,0.038783058524131775,0.1586777581833303,0.9304403811693192
data/raw/images/Кроп-2013-155_orig.jpg,Кроп-2013-155,блюдце,0.9650787115097046,0.03492128849029541,0.1565851867198944,0.9311153888702393,венчик,0.9667435884475708,0.0332564115524292,0.17226718366146088,0.9437328577041626,фрагмент,0.9986227750778198,0.0013772249221801758,0.010449003428220749,0.9972455501556396,фарфор,0.9641544222831726,0.03584557771682739,0.16886670887470245,0.9316431283950806,0.026350125670433044,0.12704202067106962,0.9509342312812805
data/raw/images/Кроп-2013-158_orig.jpg,Кроп-2013-158,блюдце,0.975601851940155,0.02439814805984497,0.12137904763221741,0.9526053071022034,донце,0.9927352666854858,0.00726473331451416,0.05210607126355171,0.9891555309295654,фрагмент,0.9646678566932678,0.03533214330673218,0.15281446278095245,0.9293357133865356,фарфор,0.9619021415710449,0.03809785842895508,0.17717546224594116,0.9275287389755249,0.026273220777511597,0.12586876098066568,0.9496563225984573
data/raw/images/Кроп-2013-203_orig.jpg,Кроп-2013-203,миска,0.9981511235237122,0.0018488764762878418,0.016196005046367645,0.9975725412368774,профиль,0.962842583656311,0.037157416343688965,0.1741538941860199,0.9291131496429443,фрагмент,0.9940099716186523,0.005990028381347656,0.036627307534217834,0.9880198836326599,керамика,0.98080974817276,0.01919025182723999,0.11565452814102173,0.9715508222579956,0.016046643257141113,0.08565793372690678,0.9715640991926193
data/raw/images/Кроп-2013-268_orig.jpg,Кроп-2013-268,тарелка,0.9895033836364746,0.01049661636352539,0.06374122947454453,0.9809920191764832,донце,0.967553436756134,0.03244656324386597,0.14700767397880554,0.9357361793518066,фрагмент,0.9997188448905945,0.0002811551094055176,0.002579763066023588,0.9994377493858337,фарфор,0.9827027320861816,0.01729726791381836,0.08914642781019211,0.9657270908355713,0.015130400657653809,0.07561877358239144,0.9704732596874237
data/raw/images/Кроп-2013-399_orig.jpg,Кроп-2013-399,тарелка,0.983897864818573,0.016102135181427002,0.0843685120344162,0.9681193828582764,профиль,0.9559260010719299,0.04407399892807007,0.1897304505109787,0.9136616587638855,фрагмент,0.9999117851257324,8.821487426757812e-05,0.0009120401809923351,0.9998235106468201,фарфор,0.942722737789154,0.05727726221084595,0.22316160798072815,0.8860279321670532,0.02938540279865265,0.12454315267677885,0.9419081211090088
data/raw/images/Кроп-2013-401_orig.jpg,Кроп-2013-401,тарелка,0.9869515895843506,0.013048410415649414,0.07700985670089722,0.9766011238098145,донце,0.998054027557373,0.0019459724426269531,0.015297350473701954,0.9964638948440552,фрагмент,0.9995262622833252,0.0004737377166748047,0.004099735990166664,0.9990525841712952,фарфор,0.9610339999198914,0.03896600008010864,0.17398956418037415,0.9240425825119019,0.013608530163764954,0.067599126836285,0.9740400463342667
data/raw/images/Кроп-2013-478_orig.jpg,Кроп-2013-478,блюдце,0.8965453505516052,0.10345464944839478,0.33579131960868835,0.7935463190078735,донце,0.9603856801986694,0.039614319801330566,0.17425324022769928,0.922126054763794,фрагмент,0.9931418299674988,0.006858170032501221,0.041004471480846405,0.9862836003303528,фарфор,0.9816023707389832,0.018397629261016846,0.09500518441200256,0.9638872742652893,0.04208119213581085,0.16151355393230915,0.9164608120918274
data/raw/images/Кроп-2013-Тр1-023_orig.jpg,Кроп-2013-Тр1-023,изразец,0.9985154271125793,0.0014845728874206543,0.012623417191207409,0.9976325631141663,донце,0.5238865613937378,0.4761134386062622,1.3095104694366455,0.33683186769485474,целый,0.990796685218811,0.009203314781188965,0.05230789631605148,0.9815933108329773,керамика,0.9800112247467041,0.0199887752532959,0.11712942272424698,0.9665261507034302,0.12669752538204193,0.37289280141703784,0.8206459730863571
data/raw/images/Кроп-2013-Тр2-032_orig.jpg,Кроп-2013-Тр2-032,изразец,0.9989656209945679,0.001034379005432129,0.009271085262298584,0.9983952641487122,профиль,0.8133630156517029,0.18663698434829712,0.6195468306541443,0.6695958375930786,фрагмент,0.9921414852142334,0.007858514785766602,0.045911237597465515,0.9842829704284668,керамика,0.999839186668396,0.0001608133316040039,0.001726693008095026,0.9997477531433105,0.04892267286777496,0.16911396163050085,0.913005456328392
data/raw/images/Кроп-2013-Тр2-045_orig.jpg,Кроп-2013-Тр2-045,тарелка,0.9609919190406799,0.03900808095932007,0.19334018230438232,0.9309923052787781,венчик,0.9987770915031433,0.0012229084968566895,0.009986696764826775,0.9977055191993713,фрагмент,0.9995718598365784,0.00042814016342163086,0.0037490001413971186,0.999143660068512,фаянс,0.9209463000297546,0.07905369997024536,0.3308161795139313,0.8609780073165894,0.029928207397460938,0.13447301468113437,0.9472048729658127
data/raw/images/Нев11-Г02-009_orig.jpg,Нев11-Г02-009,тарелка,0.9726381301879883,0.02736186981201172,0.16230811178684235,0.9629641175270081,венчик,0.983288586139679,0.016711413860321045,0.09510566294193268,0.9705360531806946,фрагмент,0.9998670816421509,0.0001329183578491211,0.0013187428703531623,0.9997342228889465,керамика,0.9794768691062927,0.020523130893707275,0.11034334450960159,0.9616563320159912,0.01618233323097229,0.09226896552718244,0.9737226814031601
data/raw/images/Нев11-Г02-010_orig.jpg,Нев11-Г02-010,тарелка,0.9577358365058899,0.04226416349411011,0.20844946801662445,0.9299522638320923,донце,0.9726496338844299,0.02735036611557007,0.1393052339553833,0.9488266706466675,фрагмент,0.9997668862342834,0.00023311376571655273,0.0021831286139786243,0.9995337128639221,керамика,0.9735421538352966,0.02645784616470337,0.14251558482646942,0.9539119005203247,0.024076372385025024,0.12311335385311395,0.9580561369657516
data/raw/images/Нев11-Г02-023_orig.jpg,Нев11-Г02-023,изразец,0.9997228980064392,0.000277101993560791,0.0028494070284068584,0.999571681022644,донце,0.39811742305755615,0.6018825769424438,1.3214634656906128,0.13216012716293335,фрагмент,0.9661564826965332,0.0338435173034668,0.14785872399806976,0.9323129653930664,керамика,0.9994687438011169,0.0005312561988830566,0.005064927041530609,0.9991452097892761,0.15913361310958862,0.369309130939655,0.76579749584198
data/raw/images/Нев11-Г03-037_orig.jpg,Нев11-Г03-037,изразец,0.9998101592063904,0.00018984079360961914,0.0019908801186829805,0.9996826648712158,донце,0.47881898283958435,0.5211809873580933,1.3006157875061035,0.27415621280670166,фрагмент,0.9965581297874451,0.0034418702125549316,0.022957099601626396,0.9931163191795349,керамика,0.9998243451118469,0.00017565488815307617,0.0018216060707345605,0.9996854066848755,0.13124708831310272,0.33184634332428686,0.816660150885582
data/raw/images/Нев11-Г03-043_orig.jpg,Нев11-Г03-043,изразец,0.9993014335632324,0.0006985664367675781,0.006557769142091274,0.999017059803009,донце,0.6097946166992188,0.39020538330078125,1.0437983274459839,0.3589300513267517,фрагмент,0.9998347759246826,0.0001652240753173828,0.0016034485306590796,0.99966961145401,керамика,0.9998358488082886,0.00016415119171142578,0.001708126743324101,0.9997049570083618,0.09780833125114441,0.2634169179655146,0.8393304198980331
data/raw/images/Нев11-Г03-058_orig.jpg,Нев11-Г03-058,изразец,0.9998883008956909,0.00011169910430908203,0.0012396830134093761,0.9998271465301514,профиль,0.4920288622379303,0.5079711675643921,1.2615666389465332,0.22905144095420837,фрагмент,0.9819334149360657,0.018066585063934326,0.09041613340377808,0.9638668298721313,керамика,0.9998815059661865,0.00011849403381347656,0.0013030326226726174,0.9998027086257935,0.13156698644161224,0.3386313719965983,0.7981370314955711
data/raw/images/Нев11-Г03-181_orig.jpg,Нев11-Г03-181,изразец,0.9881626963615417,0.011837303638458252,0.07012414187192917,0.9783334136009216,профиль,0.6506145000457764,0.34938549995422363,1.0046939849853516,0.4469815492630005,фрагмент,0.997549831867218,0.0024501681327819824,0.01717640645802021,0.9950997233390808,керамика,0.9998286962509155,0.00017130374908447266,0.0017501006368547678,0.9996823668479919,0.09096106886863708,0.2734361584880389,0.8550242632627487
data/raw/images/Нев11-Г04А-210_orig.jpg,Нев11-Г04А-210,тарелка,0.9961643218994141,0.0038356781005859375,0.027515679597854614,0.9930042028427124,венчик,0.5000230073928833,0.4999769926071167,0.7476463317871094,0.009381532669067383,фрагмент,0.99985671043396,0.00014328956604003906,0.0014115320518612862,0.9997134208679199,керамика,0.9831308126449585,0.016869187355041504,0.08745291084051132,0.9665800929069519,0.13020628690719604,0.21600661356933415,0.7421698123216629
data/raw/images/Нев11-Г05-228_orig.jpg,Нев11-Г05-228,тарелка,0.9993723034858704,0.0006276965141296387,0.005813254043459892,0.998909056186676,профиль,0.7145004868507385,0.2854995131492615,0.8071706295013428,0.5724306106567383,фрагмент,0.9998708963394165,0.0001291036605834961,0.001284933416172862,0.9997418522834778,фаянс,0.9724606275558472,0.027539372444152832,0.13945169746875763,0.9495574235916138,0.07844892144203186,0.2384301286074333,0.8801597356796265
data/raw/images/БП12-Г01-0767_orig.jpg,БП12-Г01-0767,крышка,0.9993559718132019,0.0006440281867980957,0.006042777560651302,0.998948335647583,ручка,0.870781660079956,0.12921833992004395,0.5422544479370117,0.801405131816864,целый,0.9924944639205933,0.007505536079406738,0.04419523477554321,0.9849889278411865,фарфор,0.9056334495544434,0.09436655044555664,0.38412731885910034,0.8329368829727173,0.057933613657951355,0.24415494478307664,0.9045698195695877
data/raw/images/БП12-Г01-0794_orig.jpg,БП12-Г01-0794,блюдце,0.9476527571678162,0.05234724283218384,0.2290228009223938,0.9006436467170715,профиль,0.9710798263549805,0.02892017364501953,0.14396536350250244,0.9454615116119385,фрагмент,0.9994221925735474,0.0005778074264526367,0.004886073060333729,0.9988443851470947,фаянс,0.9869341850280762,0.013065814971923828,0.08128966391086578,0.9781111478805542,0.02372775971889496,0.11479097534902394,0.9557651728391647
data/raw/images/БП12-Г01-1017_orig.jpg,БП12-Г01-1017,крышка,0.9803337454795837,0.01966625452041626,0.11388349533081055,0.9694551229476929,профиль,0.9611451625823975,0.03885483741760254,0.19362792372703552,0.9307652115821838,фрагмент,0.999983549118042,1.6450881958007812e-05,0.00019801800954155624,0.9999670386314392,фаянс,0.8279994130134583,0.17200058698654175,0.524172842502594,0.671657145023346,0.05763453245162964,0.2079705698924954,0.8929611295461655
data/raw/images/БП12-Г01-1036_orig.jpg,БП12-Г01-1036,крышка,0.9881913065910339,0.011808693408966064,0.07422691583633423,0.9797139763832092,профиль,0.6446455121040344,0.3553544878959656,0.7454917430877686,0.30872705578804016,фрагмент,0.9708312153816223,0.029168784618377686,0.13184082508087158,0.9416624307632446,керамика,0.9849305152893066,0.01506948471069336,0.095701664686203,0.9778947830200195,0.10285036265850067,0.26181528717279434,0.8019995614886284
data/raw/images/БП12-Г01-1697_orig.jpg,БП12-Г01-1697,блюдце,0.9200572371482849,0.07994276285171509,0.3560444712638855,0.8684037327766418,донце,0.981756329536438,0.01824367046356201,0.11537754535675049,0.9754923582077026,фрагмент,0.9997003078460693,0.00029969215393066406,0.002731319284066558,0.9994005560874939,фаянс,0.9769850969314575,0.02301490306854248,0.13602125644683838,0.9669162034988403,0.03037525713443756,0.15254364808788523,0.9525532126426697
data/raw/images/БП12-Г01-1985_orig.jpg,БП12-Г01-1985,тарелка,0.9923998713493347,0.007600128650665283,0.05285244435071945,0.988114058971405,профиль,0.9628534913063049,0.03714650869369507,0.1628953069448471,0.9263759255409241,фрагмент,0.9999779462814331,2.205371856689453e-05,0.00025871527031995356,0.9999558925628662,фаянс,0.9864472150802612,0.01355278491973877,0.082267627120018,0.9776483774185181,0.014580368995666504,0.07456852342147613,0.9730235636234283
data/raw/images/БП12-Г01-3462_orig.jpg,БП12-Г01-3462,блюдце,0.9499471187591553,0.05005288124084473,0.20779427886009216,0.9019730687141418,профиль,0.9610215425491333,0.0389784574508667,0.2008158415555954,0.9408698081970215,фрагмент,0.9999427795410156,5.7220458984375e-05,0.0006166620296426117,0.9998854994773865,фаянс,0.9487760066986084,0.0512239933013916,0.24602439999580383,0.9188467264175415,0.03507813811302185,0.1638127956102835,0.9403937757015228
data/raw/images/БП12-Г01-4903_orig.jpg,БП12-Г01-4903,блюдце,0.7696080803871155,0.23039191961288452,0.6257261037826538,0.5618412494659424,донце,0.9776384234428406,0.022361576557159424,0.12803705036640167,0.9642729163169861,фрагмент,0.9998629093170166,0.00013709068298339844,0.001355978543870151,0.999725878238678,фаянс,0.9732340574264526,0.026765942573547363,0.1428409218788147,0.9528204202651978,0.06991413235664368,0.22449001364293508,0.869665116071701
data/raw/images/БП12-Г01-5688_orig.jpg,БП12-Г01-5688,тарелка,0.9897031188011169,0.010296881198883057,0.06175311654806137,0.9803768396377563,профиль,0.8419535756111145,0.1580464243888855,0.4779319763183594,0.6943873167037964,фрагмент,0.999160647392273,0.0008393526077270508,0.006783817429095507,0.9983213543891907,фаянс,0.8650869727134705,0.13491302728652954,0.4245802164077759,0.7359884977340698,0.07602392137050629,0.24276228167582303,0.8522685021162033
data/raw/images/БП12-Г01-6560_orig.jpg,БП12-Г01-6560,крышка,0.9824745059013367,0.01752549409866333,0.10315857827663422,0.9693632125854492,профиль,0.6596142649650574,0.3403857350349426,0.851972222328186,0.3969099819660187,фрагмент,0.9996556043624878,0.00034439563751220703,0.0030902414582669735,0.9993112683296204,фаянс,0.7779277563095093,0.22207224369049072,0.7173147201538086,0.6489338874816895,0.14508196711540222,0.41888394055422395,0.7536295875906944
data/raw/images/БП12-Г01-7209_orig.jpg,БП12-Г01-7209,изразец,0.9980890154838562,0.0019109845161437988,0.01611882448196411,0.9972450733184814,профиль,0.9146904945373535,0.08530950546264648,0.36458224058151245,0.8504073619842529,фрагмент,0.999284565448761,0.0007154345512390137,0.005897189024835825,0.9985690712928772,керамика,0.9963240623474121,0.0036759376525878906,0.026334742084145546,0.9932674169540405,0.022902965545654297,0.10323324904311448,0.959872230887413
data/raw/images/БП12-Г01-7274_orig.jpg,БП12-Г01-7274,крышка,0.9788836240768433,0.02111637592315674,0.12745168805122375,0.9689478278160095,профиль,0.760921835899353,0.23907816410064697,0.6955665946006775,0.5585453510284424,фрагмент,0.9995296001434326,0.0004703998565673828,0.00407428527250886,0.9990592002868652,керамика,0.5365135073661804,0.4634864926338196,0.848121166229248,0.11074712872505188,0.18103785812854767,0.41880343353841454,0.6593248769640923
data/raw/images/БП12-Г01-7738_orig.jpg,БП12-Г01-7738,тарелка,0.9440178871154785,0.055982112884521484,0.2665369212627411,0.9176827073097229,профиль,0.9786454439163208,0.0213545560836792,0.12187264859676361,0.9653725028038025,фрагмент,0.9998644590377808,0.00013554096221923828,0.0013430002145469189,0.9997288584709167,керамика,0.8510364294052124,0.1489635705947876,0.45026496052742004,0.7085105776786804,0.05660894513130188,0.21000438265036792,0.8978236615657806
data/raw/images/БП12-Г01-7742_orig.jpg,БП12-Г01-7742,крышка,0.9895145893096924,0.010485410690307617,0.06851627677679062,0.9826755523681641,ручка,0.98463374376297,0.01536625623703003,0.08860857784748077,0.971648097038269,фрагмент,0.9982245564460754,0.0017754435539245605,0.01301927026361227,0.9964490532875061,керамика,0.9771864414215088,0.02281355857849121,0.13170801103115082,0.9633670449256897,0.012610167264938354,0.07546303397975862,0.9785349369049072
data/raw/images/БП12-Г01-7762_orig.jpg,БП12-Г01-7762,тарелка,0.9914608001708984,0.008539199829101562,0.05943341553211212,0.9872301816940308,профиль,0.7590485215187073,0.24095147848129272,0.5972439050674438,0.5263932347297668,фрагмент,0.999915361404419,8.463859558105469e-05,0.000878628867212683,0.9998306632041931,фаянс,0.9951297044754028,0.004870295524597168,0.03589797019958496,0.9928632974624634,0.06361140310764313,0.1733634799165884,0.8765793442726135
data/raw/images/БП12-Г02-3807_orig.jpg,БП12-Г02-3807,тарелка,0.9932410717010498,0.006758928298950195,0.04537065699696541,0.9882445335388184,профиль,0.4769279360771179,0.5230720639228821,0.9796058535575867,0.030674874782562256,фрагмент,0.9999703168869019,2.968311309814453e-05,0.0003393813967704773,0.9999406337738037,керамика,0.9755895733833313,0.0244104266166687,0.12262376397848129,0.9529906511306763,0.13856777548789978,0.28698491398245096,0.7429626733064651
data/raw/images/БП12-Г02-3983_orig.jpg,БП12-Г02-3983,тарелка,0.9797393679618835,0.020260632038116455,0.12416690587997437,0.9706240892410278,донце,0.5006049275398254,0.49939507246017456,1.0803298950195312,0.1287631392478943,фрагмент,0.9999784231185913,2.1576881408691406e-05,0.00025352451484650373,0.9999568462371826,фаянс,0.6785616278648376,0.32143837213516235,0.6588498950004578,0.36243486404418945,0.21027891337871552,0.46590005510370247,0.6154447346925735
data/raw/images/БП12-Г02-4540_orig.jpg,БП12-Г02-4540,блюдце,0.9946303367614746,0.005369663238525391,0.03723524510860443,0.9904945492744446,профиль,0.991548478603363,0.008451521396636963,0.052710406482219696,0.9840202927589417,фрагмент,0.9980947375297546,0.0019052624702453613,0.013836251571774483,0.9961894750595093,фарфор,0.9693906307220459,0.0306093692779541,0.14018285274505615,0.9393261075019836,0.011583954095840454,0.06099118897691369,0.9775076061487198
data/raw/images/БП12-Г02-4758_orig.jpg,БП12-Г02-4758,тарелка,0.9943543672561646,0.005645632743835449,0.03910534456372261,0.99004727602005,донце,0.903246283531189,0.09675371646881104,0.39456334710121155,0.8534663319587708,фрагмент,0.999971866607666,2.8133392333984375e-05,0.0003226783301215619,0.999943733215332,фаянс,0.9361369609832764,0.06386303901672363,0.2698092460632324,0.8821983933448792,0.041572630405426025,0.17595015401457204,0.931413933634758
data/raw/images/БП12-Г02-5150_orig.jpg,БП12-Г02-5150,крышка,0.9948773980140686,0.0051226019859313965,0.03787428140640259,0.9924224615097046,ручка,0.9914516806602478,0.008548319339752197,0.058432742953300476,0.986019492149353,фрагмент,0.9988464117050171,0.0011535882949829102,0.008956982754170895,0.9976927638053894,керамика,0.9483774304389954,0.05162256956100464,0.2591590881347656,0.9170898795127869,0.016611769795417786,0.0911057738121599,0.9733061492443085
data/raw/images/БП12-Г02-6877_orig.jpg,БП12-Г02-6877,изразец,0.9995176792144775,0.00048232078552246094,0.00477404473349452,0.9993305802345276,профиль,0.8478405475616455,0.1521594524383545,0.5890733599662781,0.7674667835235596,фрагмент,0.888839840888977,0.11116015911102295,0.3489340543746948,0.7776796817779541,керамика,0.9995667338371277,0.00043326616287231445,0.004205812234431505,0.9992803335189819,0.06605879962444305,0.23674681782722473,0.8859393447637558
data/raw/images/БП12-Т01-8069_orig.jpg,БП12-Т01-8069,тарелка,0.995917022228241,0.004082977771759033,0.03064683824777603,0.9934003949165344,донце,0.992643415927887,0.007356584072113037,0.04687934368848801,0.9860649108886719,фрагмент,0.9962661862373352,0.003733813762664795,0.024599876254796982,0.9925324320793152,фаянс,0.9773839712142944,0.022616028785705566,0.12642523646354675,0.9637067914009094,0.009447351098060608,0.05713782366365194,0.9839261323213577
data/raw/images/Заг11-ш01-Г02-068_orig.jpg,Заг11-ш01-Г02-068,изразец,0.9997920393943787,0.0002079606056213379,0.00221355096437037,0.99971604347229,профиль,0.5878579020500183,0.4121420979499817,1.197027564048767,0.4067263603210449,фрагмент,0.9910538792610168,0.008946120738983154,0.051100753247737885,0.9821077585220337,керамика,0.9999161958694458,8.380413055419922e-05,0.0009399227565154433,0.9998551607131958,0.1053449958562851,0.3128204477543477,0.8471013307571411
data/raw/images/КБ-2014-Р1-0222_orig.jpg,КБ-2014-Р1-0222,тарелка,0.9954094290733337,0.00459057092666626,0.034897372126579285,0.993429958820343,венчик,0.7492474317550659,0.2507525682449341,0.7580667734146118,0.5976793766021729,фрагмент,0.9996851682662964,0.0003148317337036133,0.0028536042664200068,0.9993703365325928,фаянс,0.9885136485099792,0.011486351490020752,0.068894162774086,0.9789639115333557,0.06678608059883118,0.21617797814542428,0.8923608958721161
data/raw/images/КБ-2014-Р1-0320_orig.jpg,КБ-2014-Р1-0320,тарелка,0.9987325072288513,0.0012674927711486816,0.011083059944212437,0.9981127381324768,донце,0.8007014393806458,0.19929856061935425,0.6176425218582153,0.6405001282691956,фрагмент,0.9999866485595703,1.33514404296875e-05,0.00016269057232420892,0.9999733567237854,фаянс,0.9743698239326477,0.025630176067352295,0.139914870262146,0.9612821340560913,0.05655239522457123,0.1922007856592245,0.8999670892953873
data/raw/images/КБ-2014-Р1-0426_orig.jpg,КБ-2014-Р1-0426,блюдце,0.9886181354522705,0.011381864547729492,0.06994977593421936,0.9794826507568359,донце,0.9495890736579895,0.0504109263420105,0.2276134043931961,0.905907154083252,фрагмент,0.9957600235939026,0.004239976406097412,0.027394603937864304,0.99152010679245,фарфор,0.9861933588981628,0.013806641101837158,0.08647942543029785,0.9778273701667786,0.01995985209941864,0.1028593024238944,0.9636843204498291
data/raw/images/КБ-2014-Р1-0679_orig.jpg,КБ-2014-Р1-0679,блюдце,0.98191237449646,0.01808762550354004,0.09757165610790253,0.9655924439430237,профиль,0.8983791470527649,0.10162085294723511,0.38991159200668335,0.8213777542114258,фрагмент,0.9996540546417236,0.0003459453582763672,0.003102449933066964,0.999308168888092,фарфор,0.9923615455627441,0.007638454437255859,0.04944106191396713,0.9861178994178772,0.03192321956157684,0.135006689990405,0.9430990666151047
data/raw/images/КБ-2014-Р1-0719_orig.jpg,КБ-2014-Р1-0719,блюдце,0.9509769082069397,0.0490230917930603,0.19925013184547424,0.9024955630302429,донце,0.9297983050346375,0.07020169496536255,0.27080294489860535,0.8626246452331543,фрагмент,0.9929954409599304,0.00700455904006958,0.041731007397174835,0.9859908819198608,фарфор,0.9843761920928955,0.015623807907104492,0.09837545454502106,0.9784901142120361,0.03546328842639923,0.15253988467156887,0.9324003010988235
data/raw/images/КБ-2014-Р1-1101_orig.jpg,КБ-2014-Р1-1101,тарелка,0.9890779852867126,0.010922014713287354,0.07202515006065369,0.9838064312934875,донце,0.7496411204338074,0.2503588795661926,0.6729074120521545,0.5268959999084473,фрагмент,0.9937549829483032,0.006245017051696777,0.03792506456375122,0.9875099658966064,фаянс,0.939773678779602,0.06022632122039795,0.25810015201568604,0.8879486322402954,0.08193805813789368,0.26023944467306137,0.8465402573347092
data/raw/images/КБ-2014-Р1-1299_orig.jpg,КБ-2014-Р1-1299,тарелка,0.9925158619880676,0.007484138011932373,0.04700051248073578,0.9857089519500732,профиль,0.6092832088470459,0.3907167911529541,0.6889804601669312,0.22145184874534607,фрагмент,0.9903013706207275,0.009698629379272461,0.054611947387456894,0.9806028008460999,фарфор,0.9737437963485718,0.026256203651428223,0.12752941250801086,0.9487941861152649,0.10853894054889679,0.22953058313578367,0.784139446914196
data/raw/images/КБ-2014-Р1-1304_orig.jpg,КБ-2014-Р1-1304,блюдце,0.9744559526443481,0.025544047355651855,0.12695732712745667,0.9507895708084106,профиль,0.9169231653213501,0.0830768346786499,0.306365042924881,0.8376730680465698,фрагмент,0.9956158399581909,0.004384160041809082,0.028179513290524483,0.9912316799163818,фарфор,0.9961322546005249,0.0038677453994750977,0.02767106518149376,0.9929416179656982,0.029218196868896484,0.12229323713108897,0.9431589841842651
data/raw/images/КБ-2014-Р2-0088_orig.jpg,КБ-2014-Р2-0088,тарелка,0.9978680610656738,0.002131938934326172,0.0174714308232069,0.9968703389167786,донце,0.951749324798584,0.048250675201416016,0.20812222361564636,0.9076106548309326,фрагмент,0.9996819496154785,0.0003180503845214844,0.002879694104194641,0.9993638396263123,фаянс,0.9731795191764832,0.026820480823516846,0.12843167781829834,0.9473697543144226,0.01938028633594513,0.08922625659033656,0.9628036469221115
data/raw/images/КБ-2014-Р2-0133_orig.jpg,КБ-2014-Р2-0133,крышка,0.9993471503257751,0.0006528496742248535,0.006187450140714645,0.9989677667617798,ручка,0.8838618993759155,0.11613810062408447,0.508661150932312,0.8298140168190002,целый,0.985813558101654,0.014186441898345947,0.07445511966943741,0.9716271758079529,фарфор,0.986887514591217,0.013112485408782959,0.08541581779718399,0.9820476174354553,0.03602246940135956,0.16867988463491201,0.9456141442060471
data/raw/images/КБ-2014-Р2-0185_orig.jpg,КБ-2014-Р2-0185,крышка,0.9986603260040283,0.0013396739959716797,0.011855238117277622,0.9979110956192017,профиль,0.9727386236190796,0.02726137638092041,0.16165664792060852,0.9624930620193481,фрагмент,0.9675214290618896,0.03247857093811035,0.1432550698518753,0.9350428581237793,фаянс,0.9701340794563293,0.029865920543670654,0.15314476191997528,0.9452521800994873,0.022736385464668274,0.11747792945243418,0.9601747989654541
data/raw/images/КБ-2014-Р2-0189_orig.jpg,КБ-2014-Р2-0189,блюдце,0.9700338244438171,0.02996617555618286,0.14706376194953918,0.9433145523071289,профиль,0.9787599444389343,0.021240055561065674,0.11969682574272156,0.9667836427688599,фрагмент,0.9991611242294312,0.0008388757705688477,0.00678043020889163,0.9983223080635071,фарфор,0.9929379820823669,0.007062017917633057,0.04578762501478195,0.986836314201355,0.01477678120136261,0.07983216072898358,0.9738142043352127
data/raw/images/КБ-2014-Р2-0337_orig.jpg,КБ-2014-Р2-0337,изразец,0.9945002794265747,0.005499720573425293,0.03753076493740082,0.9902427196502686,профиль,0.8989298343658447,0.10107016563415527,0.4112512469291687,0.8342076539993286,целый,0.9924077987670898,0.007592201232910156,0.04461793601512909,0.9848156571388245,керамика,0.9961367249488831,0.0038632750511169434,0.028994234278798103,0.9937505722045898,0.029506340622901917,0.13059854554012418,0.9507541507482529
data/raw/images/КБ-2014-Р2-0338_orig.jpg,КБ-2014-Р2-0338,изразец,0.999204695224762,0.0007953047752380371,0.007067488040775061,0.9985671043395996,профиль,0.42884933948516846,0.5711506605148315,1.2081999778747559,0.12503176927566528,целый,0.9753250479698181,0.024674952030181885,0.1157136857509613,0.950650155544281,керамика,0.9985287189483643,0.0014712810516357422,0.012769415974617004,0.9979380369186401,0.1495230495929718,0.3359376419102773,0.7680467665195465
data/raw/images/КБ-2014-Р2-0555_orig.jpg,КБ-2014-Р2-0555,тарелка,0.9962282180786133,0.0037717819213867188,0.029237322509288788,0.9940886497497559,донце,0.8877820372581482,0.1122179627418518,0.3941331207752228,0.7877733111381531,фрагмент,0.9999910593032837,8.940696716308594e-06,0.00011281092156423256,0.9999821186065674,фаянс,0.9732087850570679,0.02679121494293213,0.13236093521118164,0.9490042924880981,0.03569747507572174,0.13896104735431436,0.9327120929956436
data/raw/images/КБ-2014-Р2-0558_orig.jpg,КБ-2014-Р2-0558,блюдце,0.9854211211204529,0.01457887887954712,0.0788966566324234,0.9713939428329468,донце,0.8945239782333374,0.1054760217666626,0.36542800068855286,0.7955149412155151,фрагмент,0.9807044863700867,0.01929551362991333,0.09528467804193497,0.9614089131355286,фаянс,0.9455306529998779,0.05446934700012207,0.22639736533164978,0.8948361873626709,0.04845494031906128,0.19150167517364025,0.9057884961366653
data/raw/images/КБ-2014-Р2-0559_orig.jpg,КБ-2014-Р2-0559,тарелка,0.9624730348587036,0.03752696514129639,0.18772968649864197,0.9342960715293884,профиль,0.8105159401893616,0.18948405981063843,0.5392477512359619,0.6320480108261108,фрагмент,0.9066894054412842,0.09331059455871582,0.3101310729980469,0.8133788704872131,фарфор,0.9929927587509155,0.007007241249084473,0.04716223478317261,0.9882645606994629,0.08183221518993378,0.27106768637895584,0.8419968783855438
data/raw/images/КБ-2014-Р2-0566_orig.jpg,КБ-2014-Р2-0566,тарелка,0.9974242448806763,0.0025757551193237305,0.021029310300946236,0.9962419867515564,донце,0.8050130605697632,0.19498693943023682,0.5028741955757141,0.6113442182540894,фрагмент,0.9998866319656372,0.00011336803436279297,0.0011429144069552422,0.9997733235359192,фаянс,0.997356653213501,0.0026433467864990234,0.01965823397040367,0.9951308369636536,0.05007985234260559,0.13617616356350482,0.9006225913763046
data/raw/images/КБ-2014-Р2-0571_orig.jpg,КБ-2014-Р2-0571,миска,0.9979456067085266,0.0020543932914733887,0.01783907040953636,0.9971684217453003,профиль,0.8498357534408569,0.15016424655914307,0.589000940322876,0.7786181569099426,фрагмент,0.9990965127944946,0.0009034872055053711,0.007236228324472904,0.9981929659843445,фаянс,0.9217591881752014,0.07824081182479858,0.33835822343826294,0.8645630478858948,0.0578407347202301,0.23810861562378705,0.9096356481313705
data/raw/images/КБ-2014-Р2-0576_orig.jpg,КБ-2014-Р2-0576,миска,0.9922716617584229,0.0077283382415771484,0.05027155950665474,0.98580002784729,профиль,0.9925892353057861,0.007410764694213867,0.05166327580809593,0.9889347553253174,фрагмент,0.9714092016220093,0.028590798377990723,0.12980905175209045,0.9428184032440186,керамика,0.9858864545822144,0.014113545417785645,0.08216957747936249,0.9740557670593262,0.014460861682891846,0.0784783661365509,0.972902238368988
data/raw/images/КБ-2014-Р2-0607_orig.jpg,КБ-2014-Р2-0607,тарелка,0.9815154075622559,0.01848459243774414,0.11207025498151779,0.9719447493553162,профиль,0.6007665991783142,0.3992334008216858,0.7937765121459961,0.22653919458389282,целый,0.9871727228164673,0.012827277183532715,0.06862242519855499,0.9743455052375793,фарфор,0.9638938307762146,0.0361061692237854,0.16773277521133423,0.9309110045433044,0.11666285991668701,0.2855504918843508,0.7759351134300232
data/raw/images/КБ-2014-Р2-0612_orig.jpg,КБ-2014-Р2-0612,крышка,0.999249279499054,0.0007507205009460449,0.007102223113179207,0.9989333748817444,ручка,0.940904974937439,0.059095025062561035,0.30655163526535034,0.9161040186882019,целый,0.9955536723136902,0.0044463276863098145,0.028516393154859543,0.9911073446273804,фарфор,0.9840759634971619,0.015924036502838135,0.10003329813480377,0.9778703451156616,0.020054027438163757,0.11055088741704822,0.9710037708282471
data/raw/images/КБ-2014-Р2-0643_orig.jpg,КБ-2014-Р2-0643,крышка,0.9879932403564453,0.012006759643554688,0.07827343046665192,0.9821967482566833,донце,0.6585989594459534,0.34140104055404663,1.1053154468536377,0.5132644772529602,фрагмент,0.9492231011390686,0.050776898860931396,0.20079655945301056,0.8984461426734924,стекло,0.9933748841285706,0.006625115871429443,0.04868374764919281,0.990901529788971,0.10270245373249054,0.35826729610562325,0.8462022244930267
data/raw/images/КБ-2014-Р2-0708_orig.jpg,КБ-2014-Р2-0708,тарелка,0.9712401628494263,0.02875983715057373,0.14195065200328827,0.945256233215332,профиль,0.9896230697631836,0.010376930236816406,0.06394343823194504,0.9820062518119812,фрагмент,0.999915361404419,8.463859558105469e-05,0.0008785172249190509,0.9998307228088379,фарфор,0.9010973572731018,0.0989026427268982,0.3305736184120178,0.8035833835601807,0.034531012177467346,0.13433655646804255,0.932669147849083
data/raw/images/КБ-2014-Р2-0755_orig.jpg,КБ-2014-Р2-0755,изразец,0.9977526068687439,0.0022473931312561035,0.01787695288658142,0.9964407086372375,венчик,0.5791108012199402,0.4208891987800598,1.1419496536254883,0.3292284607887268,фрагмент,0.9837362170219421,0.01626378297805786,0.08311843127012253,0.9674723744392395,керамика,0.9993665814399719,0.0006334185600280762,0.005866582505404949,0.9989449977874756,0.11000844836235046,0.3122029050718993,0.8230216354131699
data/raw/images/КБ-2014-Р2-0782_orig.jpg,КБ-2014-Р2-0782,тарелка,0.9881972670555115,0.011802732944488525,0.07499814033508301,0.9801998138427734,профиль,0.9825488328933716,0.017451167106628418,0.09738951921463013,0.9686198830604553,фрагмент,0.9999921321868896,7.867813110351562e-06,9.985746874008328e-05,0.9999843239784241,фаянс,0.9726587533950806,0.027341246604919434,0.135118767619133,0.9480591416358948,0.014150753617286682,0.07690157115939655,0.9742157906293869
data/raw/images/КБ-2014-Р3-0022_orig.jpg,КБ-2014-Р3-0022,тарелка,0.9942858815193176,0.005714118480682373,0.03759358078241348,0.9891183972358704,донце,0.9904493689537048,0.009550631046295166,0.05550364404916763,0.9811694622039795,фрагмент,0.991101861000061,0.008898138999938965,0.050874438136816025,0.9822037816047668,фарфор,0.950821578502655,0.04917842149734497,0.20407339930534363,0.9032806754112244,0.01833532750606537,0.08701126556843519,0.9639430791139603
data/raw/images/КБ-2014-Р3-0060_orig.jpg,КБ-2014-Р3-0060,изразец,0.9989305138587952,0.001069486141204834,0.009593987837433815,0.9983418583869934,профиль,0.9571781754493713,0.04282182455062866,0.23696184158325195,0.9426820278167725,фрагмент,0.920291006565094,0.079708993434906,0.2780580520629883,0.840582013130188,керамика,0.9994450211524963,0.0005549788475036621,0.005345403216779232,0.999211311340332,0.03103882074356079,0.13248982117511332,0.9452043026685715
data/raw/images/КБ-2014-Р3-0064_orig.jpg,КБ-2014-Р3-0064,блюдце,0.9801446199417114,0.019855380058288574,0.10729794949293137,0.9628687500953674,донце,0.9603933691978455,0.03960663080215454,0.20142164826393127,0.9339479804039001,фрагмент,0.998417854309082,0.0015821456909179688,0.01178403664380312,0.9968357086181641,фарфор,0.9143290519714355,0.08567094802856445,0.31209444999694824,0.832837700843811,0.036678776144981384,0.1581495210994035,0.9316225349903107
data/raw/images/КБ-2014-Р3-0086_orig.jpg,КБ-2014-Р3-0086,тарелка,0.999546229839325,0.00045377016067504883,0.004587790463119745,0.9993825554847717,донце,0.990983247756958,0.009016752243041992,0.05626368150115013,0.9833694100379944,фрагмент,0.999993085861206,6.9141387939453125e-06,8.950074698077515e-05,0.9999861121177673,фаянс,0.981295645236969,0.018704354763031006,0.10480853170156479,0.9677273035049438,0.007045447826385498,0.04143737610320386,0.9876163452863693
data/raw/images/КБ-2014-Р3-0158_orig.jpg,КБ-2014-Р3-0158,тарелка,0.9836792349815369,0.016320765018463135,0.08610596507787704,0.9679315686225891,донце,0.9529424905776978,0.047057509422302246,0.2047310471534729,0.9092581868171692,фрагмент,0.9962244033813477,0.0037755966186523438,0.02483336254954338,0.9924488067626953,фаянс,0.9623224139213562,0.0376775860786438,0.1625981330871582,0.9249740839004517,0.02620786428451538,0.11956712696701288,0.9486531615257263
data/raw/images/КБ-2014-Р3-0299_orig.jpg,КБ-2014-Р3-0299,блюдце,0.9903220534324646,0.0096779465675354,0.056536659598350525,0.9810908436775208,донце,0.993431031703949,0.006568968296051025,0.04266784340143204,0.9876223802566528,фрагмент,0.9835695624351501,0.016430437564849854,0.08380119502544403,0.9671391248703003,фарфор,0.99600750207901,0.00399249792098999,0.028520368039608,0.9927878379821777,0.009167462587356567,0.05288151651620865,0.9821600466966629
data/raw/images/КБ-2014-Р3-0394_orig.jpg,КБ-2014-Р3-0394,тарелка,0.9970901012420654,0.0029098987579345703,0.02150842919945717,0.9946920275688171,профиль,0.9875879883766174,0.012412011623382568,0.07804790884256363,0.9803001284599304,фрагмент,0.9999122619628906,8.7738037109375e-05,0.0009069549269042909,0.999824583530426,керамика,0.9674648642539978,0.0325351357460022,0.1542096883058548,0.9378997683525085,0.011986196041107178,0.06366824531869497,0.9781791269779205
data/raw/images/КБ-2014-Р3-0442_orig.jpg,КБ-2014-Р3-0442,крышка,0.9836435914039612,0.01635640859603882,0.09798211604356766,0.9757033586502075,профиль,0.9695442318916321,0.03045576810836792,0.16485640406608582,0.9501867294311523,фрагмент,0.996412456035614,0.0035875439643859863,0.023780325427651405,0.9928248524665833,фаянс,0.9777078032493591,0.02229219675064087,0.13245119154453278,0.9680272340774536,0.0181729793548584,0.10476750927045941,0.9716855436563492
data/raw/images/КБ-2014-Р4-389_orig.jpg,КБ-2014-Р4-389,блюдце,0.9862577319145203,0.013742268085479736,0.07580561190843582,0.9731826782226562,донце,0.5931907892227173,0.4068092107772827,0.8350169658660889,0.22734582424163818,фрагмент,0.9905624985694885,0.009437501430511475,0.05340058356523514,0.981124997138977,фарфор,0.9921727180480957,0.007827281951904297,0.050878897309303284,0.9858924150466919,0.10945406556129456,0.2537755146622658,0.7918864786624908
data/raw/images/КБ-2014-Р4-438_orig.jpg,КБ-2014-Р4-438,тарелка,0.9919732809066772,0.008026719093322754,0.049240365624427795,0.9846194386482239,донце,0.9370666146278381,0.06293338537216187,0.24612943828105927,0.876157820224762,фрагмент,0.9954240918159485,0.004575908184051514,0.029215697199106216,0.990848183631897,фарфор,0.9909720420837402,0.009027957916259766,0.05547674372792244,0.9829497933387756,0.021140992641448975,0.09501556120812893,0.9586438089609146
data/raw/images/КБ-2014-Р4-581_orig.jpg,КБ-2014-Р4-581,блюдце,0.9904569983482361,0.009543001651763916,0.05816345661878586,0.9818968772888184,донце,0.6682138442993164,0.3317861557006836,0.7308323979377747,0.356717973947525,целый,0.9692511558532715,0.030748844146728516,0.13733556866645813,0.9385023713111877,фарфор,0.995438277721405,0.004561722278594971,0.03372199833393097,0.9925317764282227,0.09415993094444275,0.2400133553892374,0.8174122497439384
data/raw/images/КБ-2014-Р4-583_orig.jpg,КБ-2014-Р4-583,блюдце,0.8838838934898376,0.11611610651016235,0.3708951771259308,0.7699465155601501,профиль,0.5291116237640381,0.4708883762359619,0.7079100608825684,0.06041198968887329,фрагмент,0.9938840270042419,0.006115972995758057,0.037269480526447296,0.9877680540084839,фарфор,0.9951360821723938,0.004863917827606201,0.03315878286957741,0.991026759147644,0.14949609339237213,0.28730837535113096,0.7022883296012878
data/raw/images/КБ-2014-Р5-0059_orig.jpg,КБ-2014-Р5-0059,крышка,0.9916081428527832,0.008391857147216797,0.05698379874229431,0.986699104309082,ручка,0.4292682409286499,0.5707317590713501,1.3382433652877808,0.11541473865509033,целый,0.9936936497688293,0.006306350231170654,0.03823551535606384,0.9873873591423035,стекло,0.9926122426986694,0.007387757301330566,0.05092087388038635,0.9876477122306824,0.14820443093776703,0.3710958883166313,0.7692872285842896
data/raw/images/КБ-2014-Р5-0065_orig.jpg,КБ-2014-Р5-0065,блюдце,0.9767714738845825,0.02322852611541748,0.11811178177595139,0.955315887928009,профиль,0.7750829458236694,0.22491705417633057,0.6884753704071045,0.5966183543205261,фрагмент,0.9808066487312317,0.01919335126876831,0.09488297253847122,0.9616132974624634,фарфор,0.990688681602478,0.009311318397521973,0.061935197561979294,0.9861260652542114,0.06916256248950958,0.2408513305708766,0.8749184012413025
data/raw/images/КБ-2014-Р5-0067_orig.jpg,КБ-2014-Р5-0067,блюдце,0.9699668288230896,0.0300331711769104,0.1409437507390976,0.9412268400192261,донце,0.9188200235366821,0.08117997646331787,0.31069448590278625,0.8449965119361877,фрагмент,0.993126630783081,0.006873369216918945,0.04107992723584175,0.9862532019615173,фарфор,0.9851344227790833,0.014865577220916748,0.07878507673740387,0.9705265760421753,0.03323802351951599,0.14287581015378237,0.9357507824897766
data/raw/images/КБ-2014-Р5-0069_orig.jpg,КБ-2014-Р5-0069,блюдце,0.9799734354019165,0.020026564598083496,0.09911218285560608,0.9600993394851685,донце,0.9689926505088806,0.031007349491119385,0.15362851321697235,0.9417630434036255,фрагмент,0.9996578693389893,0.0003421306610107422,0.003072146326303482,0.9993157982826233,фарфор,0.9601313471794128,0.03986865282058716,0.17653298377990723,0.9221882224082947,0.022811174392700195,0.10808645654469728,0.955841600894928
data/raw/images/КБ-2014-Р5-0070_orig.jpg,КБ-2014-Р5-0070,блюдце,0.9744160175323486,0.025583982467651367,0.1218031793832779,0.9492846131324768,донце,0.9732663631439209,0.0267336368560791,0.13629820942878723,0.949676513671875,фрагмент,0.9872753620147705,0.012724637985229492,0.0681765154004097,0.9745506644248962,фарфор,0.9755696058273315,0.024430394172668457,0.12203515321016312,0.9527177810668945,0.022368162870407104,0.11207826435565948,0.9565573930740356
data/raw/images/КБ-2014-Р5-0073_orig.jpg,КБ-2014-Р5-0073,блюдце,0.9810417294502258,0.01895827054977417,0.11211653053760529,0.9687880873680115,профиль,0.9801310300827026,0.019868969917297363,0.11511214077472687,0.9691323041915894,фрагмент,0.9944148063659668,0.005585193634033203,0.034543558955192566,0.9888296127319336,фарфор,0.9802650213241577,0.019734978675842285,0.09958186000585556,0.9609785676002502,0.016036853194236755,0.09033852256834507,0.9719321429729462
data/raw/images/КБ-2014-Р5-0082_orig.jpg,КБ-2014-Р5-0082,тарелка,0.9941641688346863,0.005835831165313721,0.03852294012904167,0.988935649394989,донце,0.9831453561782837,0.01685464382171631,0.09340350329875946,0.9681087136268616,фрагмент,0.9947913885116577,0.005208611488342285,0.03257908672094345,0.9895827770233154,фарфор,0.9381284713745117,0.06187152862548828,0.25132647156715393,0.8808302879333496,0.02244265377521515,0.10395800042897463,0.9568643569946289
data/raw/images/КБ-2014-Р5-0092_orig.jpg,КБ-2014-Р5-0092,блюдце,0.9809007048606873,0.019099295139312744,0.0985272079706192,0.9625755548477173,донце,0.9350623488426208,0.06493765115737915,0.2659296691417694,0.8769053220748901,фрагмент,0.964896023273468,0.03510397672653198,0.1520591825246811,0.929792046546936,фаянс,0.8180768489837646,0.18192315101623535,0.5305541753768921,0.6520980000495911,0.07526601850986481,0.26176755875349045,0.8553427308797836
data/raw/images/КБ-2014-Р5-0094_orig.jpg,КБ-2014-Р5-0094,тарелка,0.9880509376525879,0.01194906234741211,0.07680843025445938,0.9801412224769592,донце,0.8977414965629578,0.10225850343704224,0.3483823835849762,0.7986810803413391,фрагмент,0.995497465133667,0.004502534866333008,0.02882029302418232,0.9909948706626892,фаянс,0.9465376734733582,0.053462326526641846,0.21936383843421936,0.8955267071723938,0.0430431067943573,0.16834373632445931,0.9163359701633453
data/raw/images/КБ-2014-Р6-018_orig.jpg,КБ-2014-Р6-018,крышка,0.9996494054794312,0.00035059452056884766,0.0036485441960394382,0.9995237588882446,ручка,0.960600733757019,0.03939926624298096,0.20489387214183807,0.9339271783828735,целый,0.9892955422401428,0.010704457759857178,0.059213921427726746,0.9785911440849304,фарфор,0.9778702259063721,0.02212977409362793,0.12794077396392822,0.9639891982078552,0.018146023154258728,0.09892427793238312,0.969007819890976
data/raw/images/КБ-2014-Р6-068_orig.jpg,КБ-2014-Р6-068,крышка,0.9993537068367004,0.0006462931632995605,0.006012314464896917,0.9988905191421509,ручка,0.9769110083580017,0.02308899164199829,0.14302495121955872,0.9687986373901367,целый,0.9770742058753967,0.02292579412460327,0.10921730101108551,0.9541483521461487,фарфор,0.9800329804420471,0.01996701955795288,0.12125898152589798,0.9705127477645874,0.0166570246219635,0.09487838705535978,0.9730875641107559
data/raw/images/КБ-2014-Р6-072_orig.jpg,КБ-2014-Р6-072,блюдце,0.9759026169776917,0.02409738302230835,0.13129103183746338,0.9584527611732483,профиль,0.9939088821411133,0.006091117858886719,0.04302354156970978,0.9897736310958862,фрагмент,0.9976490139961243,0.0023509860038757324,0.01657838188111782,0.9952980875968933,фарфор,0.9976453185081482,0.0023546814918518066,0.018146980553865433,0.995780885219574,0.008723542094230652,0.0522599839605391,0.9848263412714005
data/raw/images/КБ-2014-Р6-091_orig.jpg,КБ-2014-Р6-091,крышка,0.9994387030601501,0.0005612969398498535,0.005541747435927391,0.9992595911026001,ручка,0.9752020239830017,0.02479797601699829,0.15086659789085388,0.9659177660942078,фрагмент,0.9760323762893677,0.023967623710632324,0.11310239136219025,0.9520648121833801,керамика,0.9770981073379517,0.02290189266204834,0.1350880265235901,0.9660949110984802,0.018057197332382202,0.1011496908031404,0.970834270119667
data/raw/images/КБ-2014-Р6-096_orig.jpg,КБ-2014-Р6-096,тарелка,0.9728720784187317,0.02712792158126831,0.12918271124362946,0.9466659426689148,профиль,0.9621058106422424,0.03789418935775757,0.1642872393131256,0.9246892333030701,фрагмент,0.9989020824432373,0.0010979175567626953,0.008578621782362461,0.9978042244911194,фарфор,0.8888705372810364,0.11112946271896362,0.3562125265598297,0.7788678407669067,0.04431237280368805,0.1645652747247368,0.9120068103075027
data/raw/images/КБ-2014-Р6-111_orig.jpg,КБ-2014-Р6-111,тарелка,0.9576760530471802,0.042323946952819824,0.19415847957134247,0.9216445088386536,донце,0.9903318881988525,0.009668111801147461,0.05957809090614319,0.9818352460861206,фрагмент,0.9984865188598633,0.0015134811401367188,0.011339761316776276,0.9969730377197266,фарфор,0.9702717065811157,0.029728293418884277,0.14523734152317047,0.9438303709030151,0.02080845832824707,0.1025784183293581,0.961070790886879
data/raw/images/КБ-2014-Р6-123_orig.jpg,КБ-2014-Р6-123,крышка,0.9814088940620422,0.018591105937957764,0.10516110062599182,0.9670513272285461,профиль,0.5943529009819031,0.4056470990180969,1.039128303527832,0.3046533465385437,фрагмент,0.9999542236328125,4.57763671875e-05,0.0005027457373216748,0.9999085068702698,керамика,0.9938799142837524,0.006120085716247559,0.04159299656748772,0.9890785813331604,0.10760101675987244,0.2965962866146583,0.81517294049263
data/raw/images/КБ-2014-Р6-194_orig.jpg,КБ-2014-Р6-194,тарелка,0.9925273656845093,0.007472634315490723,0.04556937515735626,0.985336422920227,донце,0.9877298474311829,0.012270152568817139,0.06807847321033478,0.9757878184318542,фрагмент,0.9978557229042053,0.0021442770957946777,0.015318385325372219,0.9957114458084106,фарфор,0.9792877435684204,0.02071225643157959,0.10340285301208496,0.9590206742286682,0.010649830102920532,0.058092271676287055,0.97896409034729
data/raw/images/ЛАО-2012-М102-Ш1-005_orig.jpg,ЛАО-2012-М102-Ш1-005,миска,0.9983389377593994,0.001661062240600586,0.01416221633553505,0.9975453019142151,профиль,0.9858841300010681,0.014115869998931885,0.08979135006666183,0.9787073731422424,фрагмент,0.999531626701355,0.00046837329864501953,0.00405937060713768,0.9990631937980652,керамика,0.9992974996566772,0.0007025003433227539,0.006557799875736237,0.9989387392997742,0.004236951470375061,0.0286426842212677,0.9935636520385742
data/raw/images/ЛАО-2012-М102-Ш1-057_orig.jpg,ЛАО-2012-М102-Ш1-057,изразец,0.9966128468513489,0.003387153148651123,0.024845711886882782,0.994239866733551,венчик,0.80424964427948,0.19575035572052002,0.643102765083313,0.6501137614250183,фрагмент,0.998149037361145,0.0018509626388549805,0.01349552534520626,0.99629807472229,керамика,0.9992724061012268,0.0007275938987731934,0.006264472845941782,0.9986181259155273,0.05042901635169983,0.17192711879033595,0.9098174571990967
data/raw/images/ЛАО-2012-М102-Ш4-179_orig.jpg,ЛАО-2012-М102-Ш4-179,миска,0.9944589138031006,0.005541086196899414,0.037895407527685165,0.9898461699485779,профиль,0.9746919274330139,0.025308072566986084,0.13219831883907318,0.9529492855072021,фрагмент,0.9999637603759766,3.62396240234375e-05,0.00040626918780617416,0.9999275803565979,керамика,0.9995243549346924,0.0004756450653076172,0.004408390261232853,0.9991303086280823,0.007840260863304138,0.04372709645394934,0.985463336110115
data/raw/images/ЛАО-2012-М102-Ш4-181_orig.jpg,ЛАО-2012-М102-Ш4-181,изразец,0.9999699592590332,3.0040740966796875e-05,0.0003782300336752087,0.999954342842102,профиль,0.7475407719612122,0.25245922803878784,0.8703364133834839,0.6340786814689636,фрагмент,0.9954858422279358,0.004514157772064209,0.02888290211558342,0.9909716844558716,керамика,0.9997653365135193,0.0002346634864807129,0.002363947918638587,0.9995824098587036,0.06430952250957489,0.22549037336284528,0.9061467796564102
data/raw/images/ЛАО-2012-М102-Ш4-182_orig.jpg,ЛАО-2012-М102-Ш4-182,изразец,0.9996073842048645,0.00039261579513549805,0.003744652261957526,0.9992889761924744,донце,0.6930843591690063,0.30691564083099365,0.8890824317932129,0.4633244574069977,фрагмент,0.9641348123550415,0.035865187644958496,0.15457318723201752,0.928269624710083,керамика,0.9986534118652344,0.001346588134765625,0.011813887394964695,0.9981325268745422,0.08613000810146332,0.26480353967053816,0.8472538962960243
data/raw/images/ЛАО-2012-М102-Ш5-186_orig.jpg,ЛАО-2012-М102-Ш5-186,тарелка,0.9862609505653381,0.013739049434661865,0.08782821893692017,0.9783836603164673,профиль,0.9229697585105896,0.0770302414894104,0.31194642186164856,0.8609990477561951,фрагмент,0.99985671043396,0.00014328956604003906,0.0014115513768047094,0.9997134208679199,фаянс,0.9952253103256226,0.004774689674377441,0.034717388451099396,0.9921995401382446,0.023921817541122437,0.10897589515661821,0.9578239172697067
data/raw/images/ЛАО-2012-М102-Ш5-188_orig.jpg,ЛАО-2012-М102-Ш5-188,тарелка,0.989694356918335,0.010305643081665039,0.06207924336194992,0.9804079532623291,донце,0.5062136054039001,0.49378639459609985,0.7145605683326721,0.015522360801696777,фрагмент,0.9941232800483704,0.005876719951629639,0.036046527326107025,0.9882466197013855,фаянс,0.997895359992981,0.002104640007019043,0.016750046983361244,0.9963608384132385,0.1280183494091034,0.20735909650102258,0.7451344430446625
data/raw/images/ЛАО-2012-М102-Ш5-190_orig.jpg,ЛАО-2012-М102-Ш5-190,тарелка,0.9846619367599487,0.01533806324005127,0.08774575591087341,0.971670925617218,профиль,0.7174808979034424,0.2825191020965576,0.6139249801635742,0.4376963973045349,фрагмент,0.9997556805610657,0.00024431943893432617,0.0022766643669456244,0.9995113015174866,фаянс,0.9861372709274292,0.0138627290725708,0.07910633087158203,0.9738258719444275,0.0779910534620285,0.19576343282824382,0.8456761240959167
data/raw/images/ЛАО-2012-М102-Ш5-191_orig.jpg,ЛАО-2012-М102-Ш5-191,тарелка,0.9913589954376221,0.00864100456237793,0.054886363446712494,0.9839931130409241,профиль,0.9180200099945068,0.08197999000549316,0.2891121208667755,0.8368666768074036,фрагмент,0.9978534579277039,0.0021465420722961426,0.015332488343119621,0.9957069158554077,фаянс,0.9592224955558777,0.040777504444122314,0.17936956882476807,0.9202831983566284,0.03338626027107239,0.13467513537034392,0.9342124760150909
data/raw/images/ЛАО-2012-М102-Ш5-192_orig.jpg,ЛАО-2012-М102-Ш5-192,тарелка,0.998706579208374,0.0012934207916259766,0.011347279883921146,0.9981123805046082,профиль,0.9710462093353271,0.02895379066467285,0.13235709071159363,0.9422711730003357,фрагмент,0.9999508857727051,4.9114227294921875e-05,0.0005361466901376843,0.9999017715454102,фаянс,0.9470580220222473,0.052941977977752686,0.21141475439071655,0.8948141932487488,0.02080957591533661,0.08891381791909225,0.9587748795747757
data/raw/images/ЛАО-2012-М102-Ш5-197_orig.jpg,ЛАО-2012-М102-Ш5-197,тарелка,0.9937068819999695,0.006293118000030518,0.04179253801703453,0.9884908199310303,профиль,0.97896808385849,0.02103191614151001,0.10469263792037964,0.9583719372749329,фрагмент,0.9998468160629272,0.0001531839370727539,0.00149848114233464,0.9996936917304993,фаянс,0.9491397142410278,0.05086028575897217,0.21492530405521393,0.9013247489929199,0.019584625959396362,0.09072724028374068,0.9619702994823456
data/raw/images/Маяк-11-Ш2-37_orig.jpg,Маяк-11-Ш2-37,изразец,0.9985935091972351,0.0014064908027648926,0.012159978039562702,0.9977796673774719,профиль,0.8347048163414001,0.16529518365859985,0.6331444978713989,0.7334020137786865,фрагмент,0.9972583055496216,0.002741694450378418,0.018911421298980713,0.9945166707038879,керамика,0.9998823404312134,0.0001176595687866211,0.001295321504585445,0.9998048543930054,0.042390257120132446,0.16637780467863195,0.9313758015632629
data/raw/images/Маяк-11-Ш3-68_orig.jpg,Маяк-11-Ш3-68,тарелка,0.9651651978492737,0.03483480215072632,0.15196198225021362,0.9304327368736267,профиль,0.9079689383506775,0.09203106164932251,0.3128132224082947,0.8167262077331543,фрагмент,0.9978972673416138,0.0021027326583862305,0.015063012950122356,0.9957944750785828,фарфор,0.9236931204795837,0.07630687952041626,0.2739820182323456,0.8480287790298462,0.05131886899471283,0.18845505896024406,0.8977455496788025
data/raw/images/Нц-23-0180_orig.jpg,Нц-23-0180,изразец,0.9853290915489197,0.014670908451080322,0.08618447184562683,0.9755698442459106,донце,0.7436190247535706,0.25638097524642944,0.9168797135353088,0.6443782448768616,фрагмент,0.9971831440925598,0.0028168559074401855,0.01935352385044098,0.9943663477897644,керамика,0.9994555115699768,0.0005444884300231934,0.0050383987836539745,0.9990346431732178,0.06860330700874329,0.25686402700375766,0.9033372700214386
data/raw/images/Нц-102-1976_orig.jpg,Нц-102-1976,изразец,0.7019659876823425,0.29803401231765747,0.7568195462226868,0.4538940191268921,донце,0.4588928818702698,0.5411071181297302,1.3831448554992676,0.24049444496631622,фрагмент,0.9978923201560974,0.002107679843902588,0.015093455091118813,0.9957846403121948,керамика,0.9902037382125854,0.00979626178741455,0.06139519065618515,0.9825775027275085,0.2127612680196762,0.5541132618673146,0.6681876517832279
data/raw/images/Нц-102-1977_orig.jpg,Нц-102-1977,тарелка,0.7875974178314209,0.2124025821685791,0.5814453959465027,0.591902494430542,донце,0.9819709062576294,0.018029093742370605,0.10823975503444672,0.9698600769042969,фрагмент,0.9951381087303162,0.004861891269683838,0.030746426433324814,0.9902761578559875,фаянс,0.9025413393974304,0.09745866060256958,0.359941303730011,0.8160983324050903,0.08318805694580078,0.2700932202860713,0.8420342653989792
data/raw/images/Нц-23-0561_orig.jpg,Нц-23-0561,изразец,0.9998794794082642,0.00012052059173583984,0.0013398437295109034,0.9998127818107605,профиль,0.6741424798965454,0.3258575201034546,0.9445810914039612,0.48284852504730225,фрагмент,0.9948111772537231,0.0051888227462768555,0.03247513622045517,0.9896223545074463,керамика,0.9999384880065918,6.151199340820312e-05,0.0007152094040066004,0.9998992681503296,0.08280709385871887,0.24477782018948346,0.8680457323789597
data/raw/images/Нц-23-1080_orig.jpg,Нц-23-1080,изразец,0.9866873621940613,0.01331263780593872,0.07587985694408417,0.9745660424232483,венчик,0.48250389099121094,0.5174961090087891,1.270195484161377,0.2067766785621643,фрагмент,0.9969909191131592,0.0030090808868408203,0.02047579549252987,0.9939817786216736,керамика,0.9953920841217041,0.0046079158782958984,0.033394038677215576,0.9927660822868347,0.13460643589496613,0.34998629381880164,0.7920226454734802
data/raw/images/Нц-23-1970_orig.jpg,Нц-23-1970,изразец,0.9982993006706238,0.0017006993293762207,0.01394833717495203,0.9974072575569153,венчик,0.8427019119262695,0.15729808807373047,0.62357497215271,0.7574265599250793,фрагмент,0.9565837383270264,0.04341626167297363,0.17865310609340668,0.9131675362586975,керамика,0.9998106360435486,0.00018936395645141602,0.0019811459351330996,0.9996786117553711,0.050651103258132935,0.20453939033905044,0.9169199913740158
data/raw/images/Нц-24-026_orig.jpg,Нц-24-026,тарелка,0.9812182188034058,0.01878178119659424,0.11459185928106308,0.9720579385757446,венчик,0.40619659423828125,0.5938034057617188,1.214856505393982,0.025832444429397583,фрагмент,0.9984071850776672,0.0015928149223327637,0.011852677911520004,0.9968144297599792,стекло,0.9552667140960693,0.044733285903930664,0.2367543876171112,0.9317676424980164,0.1647278219461441,0.39451385755091906,0.7316181138157845
data/raw/images/Нц-27-617_orig.jpg,Нц-27-617,изразец,0.9956477284431458,0.004352271556854248,0.03233904764056206,0.9928258061408997,профиль,0.6867827773094177,0.3132172226905823,0.9584306478500366,0.5211350917816162,фрагмент,0.9942103624343872,0.005789637565612793,0.03559908643364906,0.9884207844734192,керамика,0.9948182702064514,0.005181729793548584,0.03576858714222908,0.9905827045440674,0.08213521540164948,0.2655343422666192,0.8732410967350006
data/raw/images/Нц-30-025_orig.jpg,Нц-30-025,тарелка,0.9822989106178284,0.01770108938217163,0.09831217676401138,0.9680289030075073,венчик,0.6338650584220886,0.3661349415779114,0.9347665905952454,0.3701510429382324,фрагмент,0.9999791383743286,2.086162567138672e-05,0.00024545349879190326,0.9999582767486572,керамика,0.998816728591919,0.0011832714080810547,0.0093354107812047,0.9976664781570435,0.09626004099845886,0.26066490790981334,0.8339511752128601
data/raw/images/Нц-30-065_orig.jpg,Нц-30-065,тарелка,0.962023913860321,0.037976086139678955,0.18572133779525757,0.9306937456130981,венчик,0.9233793616294861,0.07662063837051392,0.35485368967056274,0.8906893134117126,фрагмент,0.9989615678787231,0.0010384321212768555,0.008171710185706615,0.9979231953620911,керамика,0.9975976347923279,0.002402365207672119,0.019622627645730972,0.9965669512748718,0.02950938045978546,0.14209234132431448,0.9539683014154434
data/raw/images/Нц-30-968_orig.jpg,Нц-30-968,блюдце,0.8655192852020264,0.13448071479797363,0.41997653245925903,0.7359104156494141,профиль,0.5843628644943237,0.41563713550567627,0.7083241939544678,0.173315167427063,фрагмент,0.9859421849250793,0.014057815074920654,0.07390908151865005,0.9718843698501587,фаянс,0.9672785401344299,0.03272145986557007,0.1602839231491089,0.9391052722930908,0.14922428131103516,0.34062343277037144,0.7050538063049316
data/raw/images/Нц-31-0251_orig.jpg,Нц-31-0251,изразец,0.9998052716255188,0.00019472837448120117,0.0020815287716686726,0.9996886849403381,профиль,0.6130515933036804,0.3869484066963196,1.105707049369812,0.40985816717147827,фрагмент,0.9707149267196655,0.029285073280334473,0.13224810361862183,0.941429853439331,керамика,0.9997290968894958,0.0002709031105041504,0.002809007652103901,0.9996073246002197,0.10417477786540985,0.3107114223530516,0.8376460075378418
data/raw/images/Нц-32-0018_orig.jpg,Нц-32-0018,изразец,0.998187243938446,0.001812756061553955,0.014508229680359364,0.9969314932823181,венчик,0.5840904712677002,0.4159095287322998,0.7825788855552673,0.189178466796875,фрагмент,0.9998593330383301,0.00014066696166992188,0.001388107193633914,0.9997186660766602,керамика,0.9998266100883484,0.00017338991165161133,0.0017511234618723392,0.9996716976165771,0.10450908541679382,0.20005658647278324,0.7963750809431076
data/raw/images/Нц-32-0019_orig.jpg,Нц-32-0019,изразец,0.9970614314079285,0.002938568592071533,0.021255526691675186,0.9944122433662415,профиль,0.8634555339813232,0.13654446601867676,0.5005900263786316,0.7612693905830383,фрагмент,0.9994485974311829,0.0005514025688171387,0.0046880245208740234,0.9988972544670105,керамика,0.9878617525100708,0.0121382474899292,0.0686236098408699,0.9763663411140442,0.03804317116737366,0.14878929685801268,0.9327363073825836
data/raw/images/Нц-32-0096_orig.jpg,Нц-32-0096,изразец,0.9982557892799377,0.0017442107200622559,0.013092991895973682,0.9965596795082092,донце,0.9403401613235474,0.05965983867645264,0.30621474981307983,0.9176331162452698,фрагмент,0.9898300766944885,0.010169923305511475,0.05678081139922142,0.979660153388977,керамика,0.9559758901596069,0.044024109840393066,0.20178629457950592,0.9180145263671875,0.02889952063560486,0.14446871192194521,0.9529668688774109
data/raw/images/Нц-32-0101_orig.jpg,Нц-32-0101,тарелка,0.9922542572021484,0.0077457427978515625,0.05082560330629349,0.9867069125175476,венчик,0.9527328610420227,0.047267138957977295,0.23269981145858765,0.9302481412887573,фрагмент,0.9998983144760132,0.0001016855239868164,0.0010367658687755466,0.9997966289520264,керамика,0.9878399968147278,0.012160003185272217,0.06761660426855087,0.9760623574256897,0.016818642616271973,0.08804469622555189,0.9732035100460052
data/raw/images/Нц-32-0785_orig.jpg,Нц-32-0785,миска,0.9898316264152527,0.010168373584747314,0.06835883855819702,0.985562264919281,профиль,0.9802941083908081,0.019705891609191895,0.11018990725278854,0.9649503827095032,фрагмент,0.9997991919517517,0.00020080804824829102,0.0019103031372651458,0.9995983839035034,керамика,0.9995291233062744,0.00047087669372558594,0.004617463797330856,0.9992791414260864,0.0076364874839782715,0.04626912818639539,0.9873475432395935
data/raw/images/Нц-32-0978_orig.jpg,Нц-32-0978,изразец,0.99946528673172,0.0005347132682800293,0.005084579810500145,0.9991304874420166,ручка,0.34986817836761475,0.6501318216323853,1.4894226789474487,0.054394811391830444,фрагмент,0.9934340715408325,0.0065659284591674805,0.03954392671585083,0.9868680834770203,керамика,0.9982411861419678,0.0017588138580322266,0.014354022219777107,0.9969717860221863,0.16474781930446625,0.3871013019233942,0.7593412920832634
data/raw/images/Нц-33-0129_orig.jpg,Нц-33-0129,крышка,0.9348994493484497,0.06510055065155029,0.31140249967575073,0.900558352470398,донце,0.5445961952209473,0.45540380477905273,1.2068119049072266,0.31217485666275024,фрагмент,0.9990754127502441,0.0009245872497558594,0.007383044343441725,0.9981508851051331,стекло,0.955614447593689,0.044385552406311035,0.23963120579719543,0.9402999877929688,0.14145362377166748,0.4413071636809036,0.7877960205078125
data/raw/images/Нц-33-0135_orig.jpg,Нц-33-0135,изразец,0.9991611242294312,0.0008388757705688477,0.00726334797218442,0.9984692931175232,венчик,0.628491997718811,0.37150800228118896,1.0215184688568115,0.399594247341156,фрагмент,0.9977102279663086,0.0022897720336914062,0.016207510605454445,0.9954204559326172,керамика,0.9999045133590698,9.548664093017578e-05,0.0010456228628754616,0.9998300671577454,0.09368303418159485,0.26150873757433146,0.8483285158872604
data/raw/images/Нц-33-0286_orig.jpg,Нц-33-0286,тарелка,0.9931538105010986,0.006846189498901367,0.04677383974194527,0.9896597862243652,донце,0.9906174540519714,0.009382545948028564,0.06156814843416214,0.984971821308136,фрагмент,0.9910961389541626,0.008903861045837402,0.05090169981122017,0.9821922779083252,фаянс,0.988121747970581,0.011878252029418945,0.07642991840839386,0.9818289279937744,0.00925271213054657,0.05891840159893036,0.9846632033586502
data/raw/images/Нц-33-0703_orig.jpg,Нц-33-0703,тарелка,0.9918395280838013,0.00816047191619873,0.05688246339559555,0.9878019094467163,донце,0.972165584564209,0.027834415435791016,0.15067720413208008,0.9513543248176575,фрагмент,0.9970239996910095,0.0029760003089904785,0.020283332094550133,0.9940480589866638,фаянс,0.9363088011741638,0.06369119882583618,0.2950941324234009,0.9041611552238464,0.0256655216217041,0.13073428301140666,0.959341362118721
data/raw/images/Нц-33-1499_orig.jpg,Нц-33-1499,тарелка,0.9919163584709167,0.008083641529083252,0.056769803166389465,0.9885064363479614,донце,0.9939058423042297,0.006094157695770264,0.04065829887986183,0.9886807799339294,целый,0.987480103969574,0.012519896030426025,0.06728357076644897,0.9749602675437927,фаянс,0.9752539396286011,0.024746060371398926,0.12199601531028748,0.9517586827278137,0.012860938906669617,0.07167692203074694,0.9759765416383743
data/raw/images/Нц-33-1733_orig.jpg,Нц-33-1733,тарелка,0.9931387305259705,0.006861269474029541,0.048598527908325195,0.9890592694282532,донце,0.9502976536750793,0.049702346324920654,0.20322462916374207,0.901473879814148,фрагмент,0.9819796085357666,0.0180203914642334,0.09023143351078033,0.9639592170715332,фаянс,0.9693036675453186,0.030696332454681396,0.14481988549232483,0.9402746558189392,0.026320084929466248,0.1217186190187931,0.9486917555332184
data/raw/images/Нц-33-2938_orig.jpg,Нц-33-2938,тарелка,0.9818883538246155,0.01811164617538452,0.10248170793056488,0.9676937460899353,донце,0.4983910918235779,0.5016089081764221,1.135412573814392,0.15508553385734558,фрагмент,0.9995442032814026,0.0004557967185974121,0.003961979411542416,0.99908846616745,керамика,0.9951216578483582,0.004878342151641846,0.03464958444237709,0.9916888475418091,0.13126367330551147,0.3191264613997191,0.778389148414135
data/raw/images/Нц-33-2989_orig.jpg,Нц-33-2989,тарелка,0.9952697157859802,0.004730284214019775,0.03510487452149391,0.9927302598953247,прочее,0.9942282438278198,0.005771756172180176,0.040268510580062866,0.9898549914360046,фрагмент,0.9997572302818298,0.00024276971817016602,0.0022638023365288973,0.9995144009590149,фаянс,0.9722803235054016,0.02771967649459839,0.15439295768737793,0.9560937881469727,0.009616121649742126,0.0580075362813659,0.9845483601093292
data/raw/images/Нц-33-4316_orig.jpg,Нц-33-4316,тарелка,0.9918813109397888,0.008118689060211182,0.05620267242193222,0.9875639081001282,венчик,0.9759806990623474,0.024019300937652588,0.12597091495990753,0.9553647041320801,фрагмент,0.9997236132621765,0.00027638673782348633,0.0025409534573554993,0.999447226524353,фаянс,0.975023627281189,0.024976372718811035,0.12598228454589844,0.9523383378982544,0.014347687363624573,0.07767420634627342,0.9736785441637039
data/raw/images/Нц-33-5212_orig.jpg,Нц-33-5212,тарелка,0.9490888118743896,0.05091118812561035,0.23722130060195923,0.9168047308921814,венчик,0.9953296184539795,0.004670381546020508,0.03375723212957382,0.9921213984489441,фрагмент,0.9998158812522888,0.00018411874771118164,0.0017680515302345157,0.9996317028999329,керамика,0.9993657469749451,0.0006342530250549316,0.0055493079125881195,0.9987878203392029,0.014099985361099243,0.06957397304358892,0.9768364131450653
data/raw/images/Нц-33-5563_orig.jpg,Нц-33-5563,изразец,0.9983195662498474,0.0016804337501525879,0.013453868217766285,0.9969789385795593,венчик,0.5012142658233643,0.49878573417663574,1.2554161548614502,0.253847599029541,фрагмент,0.9976576566696167,0.0023423433303833008,0.01652645878493786,0.9953152537345886,керамика,0.9996799230575562,0.00032007694244384766,0.0030992135871201754,0.9994206428527832,0.12578214704990387,0.32212392386281863,0.811390608549118
data/raw/images/Нц-33-5574_orig.jpg,Нц-33-5574,тарелка,0.995851993560791,0.004148006439208984,0.02904178760945797,0.9922230839729309,венчик,0.9787453413009644,0.021254658699035645,0.11810172349214554,0.9652453660964966,фрагмент,0.9995632767677307,0.0004367232322692871,0.003814752446487546,0.9991266131401062,керамика,0.9807738661766052,0.019226133823394775,0.10665398836135864,0.9658692479133606,0.011266380548477173,0.06440306297736242,0.9806160777807236
data/raw/images/Нц-33-5724_orig.jpg,Нц-33-5724,миска,0.9867877960205078,0.013212203979492188,0.08231083303689957,0.9778512120246887,венчик,0.832964301109314,0.16703569889068604,0.5679254531860352,0.7005884647369385,фрагмент,0.9995430707931519,0.00045692920684814453,0.003971257247030735,0.9990861415863037,керамика,0.9973841309547424,0.0026158690452575684,0.021328704431653023,0.9963045716285706,0.045830175280570984,0.16888406197540462,0.9184575974941254
data/raw/images/Нц-33-5736_orig.jpg,Нц-33-5736,изразец,0.9974129796028137,0.0025870203971862793,0.01905062049627304,0.9950994253158569,профиль,0.4229862689971924,0.5770137310028076,1.394239902496338,0.1919763684272766,фрагмент,0.9902125000953674,0.009787499904632568,0.055022552609443665,0.9804250597953796,керамика,0.9996448755264282,0.00035512447357177734,0.003365732729434967,0.9993391633033752,0.14743584394454956,0.3679197020828724,0.7917100042104721
data/raw/images/Нц-34-079_orig.jpg,Нц-34-079,изразец,0.9812171459197998,0.018782854080200195,0.10199905931949615,0.9652581810951233,профиль,0.5160003304481506,0.48399966955184937,1.0074052810668945,0.1482207179069519,фрагмент,0.9993789196014404,0.0006210803985595703,0.005206666886806488,0.9987578988075256,керамика,0.9955354928970337,0.004464507102966309,0.030111441388726234,0.9914308190345764,0.12696702778339386,0.28618061216548085,0.7759169042110443
data/raw/images/Нц-35-123_orig.jpg,Нц-35-123,изразец,0.9981840252876282,0.0018159747123718262,0.01477598212659359,0.9968583583831787,профиль,0.5660970211029053,0.4339029788970947,0.857990562915802,0.17378389835357666,фрагмент,0.9819439649581909,0.018056035041809082,0.0903739333152771,0.9638879299163818,керамика,0.9988773465156555,0.0011226534843444824,0.009982345625758171,0.9983593821525574,0.11372441053390503,0.24328070599585772,0.7832223922014236
data/raw/images/Нц-35-151_orig.jpg,Нц-35-151,тарелка,0.9874334931373596,0.01256650686264038,0.08443684875965118,0.9822873473167419,профиль,0.9293113350868225,0.07068866491317749,0.2697930335998535,0.8615428805351257,фрагмент,0.995949387550354,0.004050612449645996,0.026356589049100876,0.9918988347053528,фарфор,0.9251438975334167,0.07485610246658325,0.3158671259880066,0.8657302856445312,0.04054047167301178,0.17411339934915304,0.9253648370504379
data/raw/images/Нц-36-401_orig.jpg,Нц-36-401,тарелка,0.9978971481323242,0.0021028518676757812,0.018160540610551834,0.9970921277999878,донце,0.9961822628974915,0.003817737102508545,0.02857980877161026,0.9935009479522705,фрагмент,0.9948675632476807,0.005132436752319336,0.03217831254005432,0.9897351264953613,фаянс,0.9982408285140991,0.001759171485900879,0.014628829434514046,0.997256875038147,0.0032030493021011353,0.023386872839182615,0.9943962693214417
data/raw/images/Нц-37-0466_orig.jpg,Нц-37-0466,изразец,0.9993364214897156,0.0006635785102844238,0.0061608972027897835,0.9989773035049438,профиль,0.8458441495895386,0.15415585041046143,0.6361562013626099,0.7774322032928467,фрагмент,0.9903664588928223,0.009633541107177734,0.054310500621795654,0.9807329773902893,керамика,0.9959741234779358,0.004025876522064209,0.028510071337223053,0.9926392436027527,0.04211971163749695,0.1812844176311046,0.9374454319477081
data/raw/images/Нц-37-0588_orig.jpg,Нц-37-0588,изразец,0.9996447563171387,0.0003552436828613281,0.003617282724007964,0.9994528293609619,профиль,0.5579698085784912,0.4420301914215088,1.2648353576660156,0.3682873845100403,фрагмент,0.9459632039070129,0.05403679609298706,0.21023397147655487,0.8919264078140259,керамика,0.9926540851593018,0.007345914840698242,0.050176914781332016,0.9880631566047668,0.12594203650951385,0.3822158816619776,0.8119324445724487
data/raw/images/Нц-37-0655_orig.jpg,Нц-37-0655,изразец,0.9980210065841675,0.0019789934158325195,0.01640884205698967,0.9968971014022827,донце,0.5512084364891052,0.4487915635108948,0.9933388233184814,0.19945955276489258,фрагмент,0.9869421720504761,0.013057827949523926,0.06962186098098755,0.9738843441009521,керамика,0.9994756579399109,0.0005243420600891113,0.004998920485377312,0.9991258978843689,0.11608818173408508,0.271092111710459,0.7923417240381241
data/raw/images/Нц-38-09_orig.jpg,Нц-38-09,изразец,0.9763038754463196,0.02369612455368042,0.12678927183151245,0.9567479491233826,венчик,0.47192496061325073,0.5280750393867493,1.1663317680358887,0.12556082010269165,фрагмент,0.9970697164535522,0.002930283546447754,0.02001691609621048,0.9941394925117493,керамика,0.9994864463806152,0.0005135536193847656,0.004942900501191616,0.9992562532424927,0.13880375027656555,0.3295202141162008,0.768926128745079
data/raw/images/Нц-41-0069_orig.jpg,Нц-41-0069,изразец,0.9982171654701233,0.001782834529876709,0.014269579201936722,0.9967935085296631,донце,0.5693063139915466,0.43069368600845337,1.2733627557754517,0.41010695695877075,фрагмент,0.9986249208450317,0.0013750791549682617,0.010434998199343681,0.9972498416900635,керамика,0.9994511008262634,0.0005488991737365723,0.004907404538244009,0.9989632964134216,0.10860012471675873,0.325743684428744,0.8507784008979797
data/raw/images/Нц-41-0331_orig.jpg,Нц-41-0331,изразец,0.9895422458648682,0.010457754135131836,0.06959742307662964,0.9842333793640137,прочее,0.9836206436157227,0.016379356384277344,0.10466239601373672,0.9762160181999207,фрагмент,0.980276346206665,0.01972365379333496,0.09696163982152939,0.9605526924133301,керамика,0.9908164739608765,0.009183526039123535,0.05947199463844299,0.9840447902679443,0.013936072587966919,0.08267336338758469,0.9762617200613022
data/raw/images/Нц-41-1212_orig.jpg,Нц-41-1212,тарелка,0.9893655776977539,0.010634422302246094,0.07123032957315445,0.985000491142273,венчик,0.9955111742019653,0.004488825798034668,0.03305206447839737,0.9932973384857178,фрагмент,0.9999328851699829,6.711483001708984e-05,0.0007114961626939476,0.9998658299446106,керамика,0.9919410943984985,0.008058905601501465,0.050540193915367126,0.9850715398788452,0.005812317132949829,0.03888352103240322,0.9908087998628616
data/raw/images/Нц-44-0131_orig.jpg,Нц-44-0131,изразец,0.9992582201957703,0.0007417798042297363,0.007032220717519522,0.9989239573478699,венчик,0.38562101125717163,0.6143789887428284,1.4479341506958008,0.1187959611415863,фрагмент,0.9851385951042175,0.01486140489578247,0.07730180770158768,0.9702771902084351,керамика,0.996785044670105,0.0032149553298950195,0.024893619120121002,0.9950346350669861,0.1582992821931839,0.38929044955875725,0.7707579359412193
data/raw/images/Нц-44-0500_orig.jpg,Нц-44-0500,изразец,0.9963890314102173,0.003610968589782715,0.028041906654834747,0.9947092533111572,венчик,0.5352660417556763,0.46473395824432373,1.3395730257034302,0.3992816209793091,фрагмент,0.9920240640640259,0.007975935935974121,0.046478550881147385,0.984048068523407,керамика,0.9918322563171387,0.008167743682861328,0.05530671775341034,0.9872214794158936,0.12112215161323547,0.36735005024820566,0.8413151055574417
data/raw/images/Нц-44-1181_orig.jpg,Нц-44-1181,изразец,0.9931766986846924,0.006823301315307617,0.04373776167631149,0.9870491623878479,ручка,0.5177240371704102,0.48227596282958984,1.1453423500061035,0.2617996633052826,фрагмент,0.9931036829948425,0.006896317005157471,0.041193705052137375,0.9862074255943298,керамика,0.9995552897453308,0.00044471025466918945,0.004356216173619032,0.9992935061454773,0.12411007285118103,0.30865750822704285,0.8085874393582344
data/raw/images/Нц-45-0102_orig.jpg,Нц-45-0102,миска,0.9934037327766418,0.006596267223358154,0.04647672921419144,0.9889193773269653,венчик,0.9587064981460571,0.04129350185394287,0.18374955654144287,0.9197995662689209,фрагмент,0.9999626874923706,3.731250762939453e-05,0.0004178264643996954,0.9999253749847412,керамика,0.9857327342033386,0.014267265796661377,0.08949776738882065,0.9765409827232361,0.01554858684539795,0.08003546990221366,0.9712963253259659
data/raw/images/Нц-45-0160_orig.jpg,Нц-45-0160,изразец,0.9989840388298035,0.0010159611701965332,0.008388161659240723,0.9980577230453491,венчик,0.8080672025680542,0.1919327974319458,0.7047322392463684,0.7168943285942078,фрагмент,0.9601517915725708,0.0398482084274292,0.167461559176445,0.9203035235404968,керамика,0.9995217323303223,0.0004782676696777344,0.004541270900517702,0.9991881251335144,0.05831880867481232,0.22128080774564296,0.908610925078392
data/raw/images/Нц-45-0203_orig.jpg,Нц-45-0203,изразец,0.9954814910888672,0.0045185089111328125,0.03208807855844498,0.9923220276832581,венчик,0.6136742830276489,0.3863257169723511,0.9373916387557983,0.30626705288887024,фрагмент,0.9983339905738831,0.0016660094261169434,0.012322555296123028,0.9966679811477661,керамика,0.9998420476913452,0.00015795230865478516,0.001578309340402484,0.9996917843818665,0.0981670469045639,0.2458451454876922,0.8237372115254402
data/raw/images/Нц-45-0357_orig.jpg,Нц-45-0357,тарелка,0.9951352477073669,0.004864752292633057,0.03576277941465378,0.992834746837616,донце,0.9967644214630127,0.0032355785369873047,0.025679118931293488,0.995353639125824,фрагмент,0.9968268275260925,0.0031731724739074707,0.021423259750008583,0.9936537146568298,фаянс,0.9386163949966431,0.061383605003356934,0.2762775123119354,0.896133542060852,0.01816427707672119,0.08978566760197282,0.9694939106702805
data/raw/images/Нц-45-0375_orig.jpg,Нц-45-0375,изразец,0.9977366924285889,0.002263307571411133,0.01657704822719097,0.9955770373344421,венчик,0.5106063485145569,0.4893936514854431,0.9758394956588745,0.109916090965271,фрагмент,0.9696188569068909,0.03038114309310913,0.13606460392475128,0.9392377138137817,керамика,0.9943338632583618,0.005666136741638184,0.04081489145755768,0.9919286966323853,0.1319260597229004,0.2923240098170936,0.75916488468647
data/raw/images/Нц-45-0407_orig.jpg,Нц-45-0407,блюдце,0.9843851327896118,0.015614867210388184,0.08364540338516235,0.9694249033927917,профиль,0.990415096282959,0.009584903717041016,0.05836395174264908,0.981904149055481,фрагмент,0.9629600644111633,0.03703993558883667,0.15842007100582123,0.9259201288223267,фарфор,0.9899784326553345,0.010021567344665527,0.06020638346672058,0.9811187386512756,0.01806531846523285,0.09015895240008831,0.9645919799804688
data/raw/images/Нц-45-0513_orig.jpg,Нц-45-0513,изразец,0.9971399307250977,0.0028600692749023438,0.0215994231402874,0.9948819279670715,донце,0.4737267792224884,0.526273250579834,1.3708966970443726,0.2868560552597046,фрагмент,0.9992176294326782,0.0007823705673217773,0.006378114223480225,0.9984353184700012,керамика,0.9964599013328552,0.0035400986671447754,0.0272507406771183,0.9948941469192505,0.13336394727230072,0.3565312437713146,0.818766862154007
data/raw/images/Нц-45-0515_orig.jpg,Нц-45-0515,изразец,0.9981563687324524,0.0018436312675476074,0.01479995995759964,0.9967227578163147,донце,0.67634117603302,0.32365882396698,0.9737455248832703,0.47241419553756714,фрагмент,0.9979556798934937,0.0020443201065063477,0.014702001586556435,0.9959113597869873,керамика,0.9980900883674622,0.0019099116325378418,0.01591528207063675,0.9972428679466248,0.08236417174339294,0.25479069212451577,0.8655727952718735
data/raw/images/Нц-45-0522_orig.jpg,Нц-45-0522,изразец,0.9976890087127686,0.0023109912872314453,0.017192799597978592,0.9956365823745728,донце,0.4906349182128906,0.5093650817871094,1.1446430683135986,0.14960962533950806,фрагмент,0.9981637597084045,0.001836240291595459,0.013403046876192093,0.9963275194168091,керамика,0.9997064471244812,0.00029355287551879883,0.002824402879923582,0.9994518756866455,0.12845146656036377,0.2945158294169232,0.7852564007043839
data/raw/images/Нц-45-0905_orig.jpg,Нц-45-0905,тарелка,0.998042106628418,0.0019578933715820312,0.015657149255275726,0.996570885181427,донце,0.9709553718566895,0.029044628143310547,0.14308097958564758,0.9445356726646423,фрагмент,0.9918517470359802,0.008148252964019775,0.04730779677629471,0.9837034344673157,фаянс,0.9856508374214172,0.014349162578582764,0.07931946218013763,0.9723393321037292,0.01337498426437378,0.07134134694933891,0.9742873311042786
data/raw/images/Нц-45-0998_orig.jpg,Нц-45-0998,миска,0.992321789264679,0.007678210735321045,0.04922004044055939,0.9860594272613525,венчик,0.9810014367103577,0.018998563289642334,0.10049960762262344,0.9635748863220215,фрагмент,0.9996254444122314,0.0003745555877685547,0.0033293673768639565,0.9992509484291077,керамика,0.9997830986976624,0.00021690130233764648,0.0022273308131843805,0.9996274709701538,0.006817057728767395,0.03881908656330779,0.9871281832456589
data/raw/images/Нц-45-1013_orig.jpg,Нц-45-1013,изразец,0.9993155002593994,0.0006844997406005859,0.006237891502678394,0.9987970590591431,профиль,0.8445835113525391,0.15541648864746094,0.6430106163024902,0.7886999249458313,фрагмент,0.9941837191581726,0.005816280841827393,0.035736117511987686,0.98836749792099,керамика,0.9683248400688171,0.03167515993118286,0.16860513389110565,0.9494445323944092,0.048398107290267944,0.2133974398020655,0.9313272535800934
data/raw/images/Нц-45-1232_orig.jpg,Нц-45-1232,изразец,0.9995825886726379,0.00041741132736206055,0.0040229307487607,0.9992685317993164,профиль,0.410725474357605,0.589274525642395,1.423218011856079,0.13769406080245972,целый,0.992629885673523,0.007370114326477051,0.04353240132331848,0.9852598309516907,керамика,0.9954462647438049,0.004553735256195068,0.03344956040382385,0.9925867319107056,0.1504039466381073,0.37605572608299553,0.7787022888660431
data/raw/images/Нц-45-1233_orig.jpg,Нц-45-1233,изразец,0.9999430179595947,5.698204040527344e-05,0.0006837691180408001,0.99991375207901,ручка,0.37474897503852844,0.625251054763794,1.3877348899841309,0.06588950753211975,целый,0.8937952518463135,0.10620474815368652,0.3385061025619507,0.787590503692627,керамика,0.999840259552002,0.00015974044799804688,0.001733630197122693,0.9997483491897583,0.18291813135147095,0.43216459796531126,0.7132855281233788
data/raw/images/Нц-45-1236_orig.jpg,Нц-45-1236,изразец,0.9995167255401611,0.0004832744598388672,0.0047006020322442055,0.9992222785949707,профиль,0.6916801929473877,0.3083198070526123,1.0277597904205322,0.5785636305809021,фрагмент,0.9875162839889526,0.012483716011047363,0.06712581217288971,0.9750325679779053,керамика,0.9994158744812012,0.0005841255187988281,0.005622607655823231,0.9991941452026367,0.08046773076057434,0.27630220307037234,0.8880031555891037
data/raw/images/Нц-45-1287_orig.jpg,Нц-45-1287,изразец,0.9994727969169617,0.0005272030830383301,0.005135790910571814,0.999165952205658,профиль,0.6674675345420837,0.33253246545791626,1.0228822231292725,0.5006778836250305,целый,0.9760769009590149,0.023923099040985107,0.11293727159500122,0.9521538615226746,керамика,0.9983835220336914,0.0016164779663085938,0.01316952332854271,0.9971243739128113,0.08964981138706207,0.28853120224084705,0.8622805178165436
data/raw/images/Нц-45-1296_orig.jpg,Нц-45-1296,крышка,0.9968247413635254,0.0031752586364746094,0.02276069112122059,0.9939779043197632,ручка,0.817734956741333,0.182265043258667,0.6499048471450806,0.6853768825531006,целый,0.9531514644622803,0.04684853553771973,0.1891292780637741,0.9063029289245605,фарфор,0.5877285599708557,0.4122714400291443,1.029165267944336,0.3217824697494507,0.1611400693655014,0.4727400210686028,0.7268600463867188
data/raw/images/Нц-45-1299_orig.jpg,Нц-45-1299,изразец,0.9881159067153931,0.011884093284606934,0.07567362487316132,0.9822521805763245,профиль,0.8864004015922546,0.11359959840774536,0.4858091473579407,0.8272350430488586,фрагмент,0.9940540194511414,0.005945980548858643,0.03640162572264671,0.9881080389022827,керамика,0.999847412109375,0.000152587890625,0.001615667948499322,0.9997661113739014,0.032895565032958984,0.149875016475562,0.9493403434753418
data/raw/images/Нц-45-1306_orig.jpg,Нц-45-1306,изразец,0.9999313354492188,6.866455078125e-05,0.0008052017074078321,0.9998900294303894,донце,0.27012497186660767,0.7298750281333923,1.5847487449645996,0.006181269884109497,целый,0.9874534010887146,0.0125465989112854,0.06740029156208038,0.974906861782074,керамика,0.9973194003105164,0.0026805996894836426,0.02073870226740837,0.995437741279602,0.18629272282123566,0.41842323512537405,0.7441039755940437
data/raw/images/Нц-45-1436_orig.jpg,Нц-45-1436,изразец,0.9997150301933289,0.0002849698066711426,0.0029479493387043476,0.9995687007904053,профиль,0.49985894560813904,0.5001410245895386,1.3506574630737305,0.25895020365715027,фрагмент,0.9949586987495422,0.005041301250457764,0.03169781342148781,0.9899173378944397,керамика,0.9978786706924438,0.0021213293075561523,0.017496634274721146,0.9969765543937683,0.1268971562385559,0.35069996502716094,0.8113531991839409
data/raw/images/Нц-45-1463_orig.jpg,Нц-45-1463,изразец,0.999330997467041,0.0006690025329589844,0.006415513344109058,0.9990196228027344,профиль,0.7577184438705444,0.24228155612945557,0.7378621697425842,0.5774862170219421,фрагмент,0.9807300567626953,0.019269943237304688,0.09518390148878098,0.9614601731300354,керамика,0.9699693322181702,0.030030667781829834,0.14757005870342255,0.9429875612258911,0.07306279242038727,0.2467579108197242,0.8702383935451508
data/raw/images/Нц-45-1564_orig.jpg,Нц-45-1564,миска,0.9860820770263672,0.013917922973632812,0.0845109224319458,0.9768632650375366,венчик,0.9846840500831604,0.0153159499168396,0.09066177159547806,0.9730986952781677,фрагмент,0.9998241066932678,0.00017589330673217773,0.001696957042440772,0.9996481537818909,керамика,0.9974231719970703,0.0025768280029296875,0.01992311328649521,0.9954798221588135,0.00799664855003357,0.04919819108908996,0.9862724840641022
data/raw/images/Нц-46-137_orig.jpg,Нц-46-137,тарелка,0.9935328960418701,0.006467103958129883,0.04665492847561836,0.9900805950164795,донце,0.9268343448638916,0.0731656551361084,0.3211730718612671,0.8872882127761841,фрагмент,0.9998996257781982,0.00010037422180175781,0.0010243963915854692,0.9997992515563965,фаянс,0.9812688231468201,0.01873117685317993,0.10410651564598083,0.9657991528511047,0.024616077542304993,0.11823972809361294,0.9607418030500412
data/raw/images/Нц-46-144_orig.jpg,Нц-46-144,тарелка,0.9988672733306885,0.0011327266693115234,0.010048679076135159,0.99831622838974,донце,0.9864379167556763,0.01356208324432373,0.07385160028934479,0.9732276201248169,фрагмент,0.9961209893226624,0.0038790106773376465,0.025408374145627022,0.9922419786453247,фаянс,0.9548618197441101,0.04513818025588989,0.2171020209789276,0.9269064664840698,0.015928000211715698,0.08160266862250865,0.9726730734109879
data/raw/images/Нц-46-148_orig.jpg,Нц-46-148,изразец,0.9627144932746887,0.03728550672531128,0.173821359872818,0.9296624064445496,профиль,0.6315938830375671,0.36840611696243286,0.8167592287063599,0.3113531172275543,фрагмент,0.9990832805633545,0.0009167194366455078,0.0073287901468575,0.9981665015220642,керамика,0.9951570630073547,0.004842936992645264,0.03146267682313919,0.9904791116714478,0.10286282002925873,0.25734301388729364,0.807415284216404
data/raw/images/Нц-46-152_orig.jpg,Нц-46-152,миска,0.9926131963729858,0.00738680362701416,0.04635511711239815,0.9857915043830872,профиль,0.9963284134864807,0.003671586513519287,0.02745099365711212,0.9940757751464844,фрагмент,0.999853253364563,0.00014674663543701172,0.00144213589373976,0.999706506729126,фаянс,0.9097344875335693,0.09026551246643066,0.36764830350875854,0.8469333648681641,0.02536766231060028,0.11072413754300214,0.9566267877817154
data/raw/images/Нц-46-193_orig.jpg,Нц-46-193,тарелка,0.992953360080719,0.007046639919281006,0.051574621349573135,0.9904380440711975,профиль,0.9843757748603821,0.01562422513961792,0.08949878811836243,0.9716358184814453,фрагмент,0.9999439716339111,5.602836608886719e-05,0.0006048712530173361,0.9998878836631775,фаянс,0.9662356972694397,0.0337643027305603,0.17281070351600647,0.9489619135856628,0.014122799038887024,0.07862224605923984,0.9777309149503708
data/raw/images/Нц-46-225_orig.jpg,Нц-46-225,тарелка,0.9955175518989563,0.004482448101043701,0.031932707875967026,0.9919529557228088,донце,0.6374737620353699,0.3625262379646301,0.7276263236999512,0.2882055938243866,фрагмент,0.9994433522224426,0.000556647777557373,0.004727811086922884,0.9988867044448853,фаянс,0.8881591558456421,0.11184084415435791,0.3755286633968353,0.7823856472969055,0.11985154449939728,0.2849538765149191,0.7653577253222466
data/raw/images/Нц-46-253_orig.jpg,Нц-46-253,блюдце,0.9584763646125793,0.041523635387420654,0.21307384967803955,0.9297276735305786,профиль,0.9831985831260681,0.016801416873931885,0.09080871939659119,0.9674996137619019,фрагмент,0.9877838492393494,0.012216150760650635,0.06595350801944733,0.975567638874054,фарфор,0.9780202507972717,0.02197974920272827,0.12043667584657669,0.9601005911827087,0.02313023805618286,0.12256818823516369,0.9582238793373108
data/raw/images/Нц-46-374_orig.jpg,Нц-46-374,тарелка,0.994953453540802,0.005046546459197998,0.038981638848781586,0.9932157397270203,профиль,0.988246500492096,0.011753499507904053,0.07712756097316742,0.9820358753204346,фрагмент,0.9989320635795593,0.0010679364204406738,0.008373947814106941,0.9978641867637634,фаянс,0.97849041223526,0.02150958776473999,0.11685726791620255,0.9621635675430298,0.009844392538070679,0.06033510388806462,0.983819842338562
data/raw/images/Нц-46-437_orig.jpg,Нц-46-437,крышка,0.9949594736099243,0.005040526390075684,0.03839423879981041,0.9928849339485168,профиль,0.9296079277992249,0.07039207220077515,0.3253363370895386,0.8945403695106506,фрагмент,0.9983318448066711,0.0016681551933288574,0.012336526066064835,0.9966636300086975,керамика,0.9991662502288818,0.0008337497711181641,0.007646520622074604,0.998763382434845,0.019483625888824463,0.0959284056443721,0.9707130789756775
data/raw/images/Нц-47-324_orig.jpg,Нц-47-324,изразец,0.9993752837181091,0.0006247162818908691,0.0058024851605296135,0.9989410638809204,профиль,0.8376871347427368,0.16231286525726318,0.6536926031112671,0.7733861207962036,фрагмент,0.9957631826400757,0.004236817359924316,0.02737763524055481,0.9915263652801514,керамика,0.999129593372345,0.0008704066276550293,0.007679838687181473,0.9985657930374146,0.04201120138168335,0.17363814054988325,0.9406048357486725
data/raw/images/Нц-48-016_orig.jpg,Нц-48-016,изразец,0.9989781379699707,0.0010218620300292969,0.008697226643562317,0.9981344938278198,донце,0.4787023067474365,0.5212976932525635,1.354166030883789,0.23524078726768494,фрагмент,0.907953143119812,0.09204685688018799,0.3072480261325836,0.815906286239624,керамика,0.9903374910354614,0.009662508964538574,0.06210342049598694,0.9831289052963257,0.15600723028182983,0.4330536760389805,0.7581026181578636
data/raw/images/Нц-48-027_orig.jpg,Нц-48-027,тарелка,0.9758405089378357,0.024159491062164307,0.1294180154800415,0.9575208425521851,профиль,0.9216639995574951,0.07833600044250488,0.36281147599220276,0.8830258250236511,фрагмент,0.999760091304779,0.00023990869522094727,0.002239501802250743,0.9995201826095581,керамика,0.9979549646377563,0.0020450353622436523,0.015071247704327106,0.9959785342216492,0.026195108890533447,0.12738506024470553,0.9590113461017609
data/raw/images/Нц-48-342_orig.jpg,Нц-48-342,миска,0.9789354205131531,0.021064579486846924,0.11423499882221222,0.9609310626983643,венчик,0.9570625424385071,0.04293745756149292,0.19395916163921356,0.9183394908905029,фрагмент,0.9991931319236755,0.0008068680763244629,0.006553638260811567,0.9983862042427063,фаянс,0.9538900256156921,0.04610997438430786,0.21053661406040192,0.9139478206634521,0.027729719877243042,0.13132110319565982,0.9479011446237564
data/raw/images/Нц-48-376_orig.jpg,Нц-48-376,изразец,0.9828875660896301,0.017112433910369873,0.10055504739284515,0.9710056781768799,донце,0.9531729221343994,0.046827077865600586,0.2441433072090149,0.9339105486869812,фрагмент,0.9865604639053345,0.013439536094665527,0.07126735895872116,0.9731208682060242,керамика,0.9996882677078247,0.00031173229217529297,0.003179929219186306,0.9995200634002686,0.01942269504070282,0.10478641069494188,0.9693892896175385
data/raw/images/Нц-49-011_orig.jpg,Нц-49-011,изразец,0.9997891783714294,0.00021082162857055664,0.0021452491637319326,0.9996285438537598,профиль,0.7581771612167358,0.24182283878326416,0.7094256281852722,0.5679430961608887,фрагмент,0.9615727663040161,0.03842723369598389,0.1629132628440857,0.9231454730033875,керамика,0.9999300241470337,6.99758529663086e-05,0.0008151814108714461,0.9998924732208252,0.07013271749019623,0.21882483040099032,0.8726523965597153
data/raw/images/Нц-52-002_orig.jpg,Нц-52-002,изразец,0.9985028505325317,0.0014971494674682617,0.012656405568122864,0.9975612759590149,венчик,0.9162176251411438,0.0837823748588562,0.37641629576683044,0.8616397380828857,фрагмент,0.9439094066619873,0.056090593338012695,0.2160722315311432,0.8878188729286194,керамика,0.9998873472213745,0.00011265277862548828,0.0012485923944041133,0.9998217225074768,0.03537069261074066,0.15159838131512515,0.9367104023694992
data/raw/images/Нц-52-221_orig.jpg,Нц-52-221,изразец,0.9981755018234253,0.001824498176574707,0.01552889309823513,0.9972166419029236,профиль,0.7199415564537048,0.28005844354629517,0.9962849020957947,0.6003444194793701,фрагмент,0.929123044013977,0.07087695598602295,0.25590142607688904,0.8582460880279541,керамика,0.9906212091445923,0.009378790855407715,0.06189808249473572,0.9845830798149109,0.09053467214107513,0.33240332594141364,0.8600975573062897
data/raw/images/Нц-52-255_orig.jpg,Нц-52-255,тарелка,0.9970705509185791,0.0029294490814208984,0.023435574024915695,0.9954855442047119,донце,0.4616074860095978,0.5383925437927246,1.0937515497207642,0.1049143373966217,фрагмент,0.9997300505638123,0.00026994943618774414,0.0024884724989533424,0.9994600415229797,керамика,0.9665310382843018,0.03346896171569824,0.15560732781887054,0.9350026845932007,0.14376522600650787,0.31882073101587594,0.7587156519293785
data/raw/images/Нц-52-397_orig.jpg,Нц-52-397,изразец,0.9936497807502747,0.006350219249725342,0.04091859236359596,0.9878854155540466,донце,0.9804438352584839,0.019556164741516113,0.12162299454212189,0.972331166267395,фрагмент,0.9933879375457764,0.006612062454223633,0.039774876087903976,0.9867759346961975,керамика,0.9995782971382141,0.00042170286178588867,0.003852421883493662,0.9991933107376099,0.008235037326812744,0.05154222121927887,0.9865464568138123
data/raw/images/Нц-52-514_orig.jpg,Нц-52-514,изразец,0.9988735318183899,0.0011264681816101074,0.009672719985246658,0.9980020523071289,профиль,0.6902673244476318,0.30973267555236816,0.9901565909385681,0.5468471646308899,фрагмент,0.9926081895828247,0.007391810417175293,0.043638888746500015,0.9852163791656494,керамика,0.9985859394073486,0.0014140605926513672,0.011856555938720703,0.9975619316101074,0.07991625368595123,0.2638311889022589,0.8819068819284439
data/raw/images/Нц-53-067_orig.jpg,Нц-53-067,изразец,0.9986786246299744,0.0013213753700256348,0.01100305188447237,0.9976865649223328,профиль,0.9379927515983582,0.062007248401641846,0.3089948296546936,0.9063470363616943,фрагмент,0.9986451268196106,0.0013548731803894043,0.01030169427394867,0.9972902536392212,керамика,0.9991746544837952,0.000825345516204834,0.007392765488475561,0.9986308813095093,0.01637721061706543,0.08442308532539755,0.9749886840581894
data/raw/images/Нейш3А-2018-0108_orig.jpg,Нейш3А-2018-0108,крышка,0.9965628981590271,0.0034371018409729004,0.025051798671483994,0.9937348961830139,венчик,0.5307053923606873,0.46929460763931274,1.265049695968628,0.33088570833206177,фрагмент,0.999565064907074,0.0004349350929260254,0.0038013437297195196,0.999130129814148,фаянс,0.9212893843650818,0.07871061563491821,0.3491813540458679,0.8691465258598328,0.13796931505203247,0.41077104810392484,0.7982243150472641
data/raw/images/Нейш3А-2018-0117_orig.jpg,Нейш3А-2018-0117,тарелка,0.969534695148468,0.030465304851531982,0.15535828471183777,0.9443547129631042,профиль,0.9821192026138306,0.017880797386169434,0.09797759354114532,0.9664029479026794,фрагмент,0.9982112646102905,0.0017887353897094727,0.013103403151035309,0.9964224696159363,фарфор,0.9543325304985046,0.04566746950149536,0.23252466320991516,0.9295952916145325,0.023950576782226562,0.12474098615348339,0.9591938555240631
data/raw/images/Нейш3А-2018-0247_orig.jpg,Нейш3А-2018-0247,блюдце,0.971594512462616,0.028405487537384033,0.13204318284988403,0.9437471032142639,донце,0.9941873550415039,0.005812644958496094,0.04037446528673172,0.9896702170372009,фрагмент,0.9952352643013,0.004764735698699951,0.030227964743971825,0.9904705286026001,фарфор,0.993034839630127,0.006965160369873047,0.04518324136734009,0.987034022808075,0.011487007141113281,0.061957213561981916,0.977730467915535
data/raw/images/Нейш3А-2018-0248_orig.jpg,Нейш3А-2018-0248,тарелка,0.9961330890655518,0.003866910934448242,0.028461255133152008,0.9934154152870178,донце,0.9948505759239197,0.005149424076080322,0.03723566234111786,0.9914061427116394,фрагмент,0.9998217225074768,0.00017827749252319336,0.0017172202933579683,0.9996434450149536,фаянс,0.9782992601394653,0.021700739860534668,0.11871670931577682,0.961417019367218,0.0077238380908966064,0.046532711770851165,0.9864705055952072
data/raw/images/Нейш3А-2018-0288_orig.jpg,Нейш3А-2018-0288,крышка,0.9975647926330566,0.0024352073669433594,0.01990554854273796,0.9964292645454407,ручка,0.9996278285980225,0.00037217140197753906,0.0038236062973737717,0.9994547367095947,фрагмент,0.9845160245895386,0.015483975410461426,0.07990004122257233,0.9690319895744324,фаянс,0.9544374346733093,0.045562565326690674,0.21954584121704102,0.9218836426734924,0.01596347987651825,0.08079375931993127,0.97169990837574
data/raw/images/Нейш3А-2018-0377_orig.jpg,Нейш3А-2018-0377,тарелка,0.997397780418396,0.002602219581604004,0.021009203046560287,0.9961647987365723,донце,0.9675775170326233,0.03242248296737671,0.16473160684108734,0.9453845620155334,фрагмент,0.9998124241828918,0.0001875758171081543,0.0017974915681406856,0.9996247887611389,фаянс,0.9929881691932678,0.007011830806732178,0.04318607598543167,0.9862774014472961,0.010556027293205261,0.057681094360304996,0.9818628877401352
data/raw/images/Нейш3А-2018-0378_orig.jpg,Нейш3А-2018-0378,тарелка,0.9942336678504944,0.005766332149505615,0.03953457623720169,0.9898572564125061,донце,0.9960302710533142,0.003969728946685791,0.02801606059074402,0.9925514459609985,фрагмент,0.9999434947967529,5.650520324707031e-05,0.0006087838555686176,0.9998870491981506,фаянс,0.98438960313797,0.01561039686203003,0.08463272452354431,0.9696947336196899,0.0063507407903671265,0.03819803630176466,0.9879976212978363
data/raw/images/Нейш3А-2018-0384_orig.jpg,Нейш3А-2018-0384,тарелка,0.985817015171051,0.014182984828948975,0.07555647939443588,0.9718323349952698,донце,0.9638774394989014,0.03612256050109863,0.1765305995941162,0.9357470273971558,фрагмент,0.9999203681945801,7.963180541992188e-05,0.0008308287942782044,0.9998407959938049,фарфор,0.9764552712440491,0.023544728755950928,0.11292213946580887,0.9531224966049194,0.018482476472854614,0.09146001181215979,0.9651356637477875
data/raw/images/Нейш3А-2018-0394_orig.jpg,Нейш3А-2018-0394,тарелка,0.9964720010757446,0.003527998924255371,0.026843231171369553,0.9942991733551025,венчик,0.9807069301605225,0.01929306983947754,0.11378291249275208,0.9700432419776917,фрагмент,0.9997954964637756,0.00020450353622436523,0.0019421844044700265,0.9995909333229065,фарфор,0.8388217091560364,0.16117829084396362,0.590987503528595,0.7377204298973083,0.046050965785980225,0.18338895789929666,0.9254134446382523
data/raw/images/Нейш3А-2018-0426_orig.jpg,Нейш3А-2018-0426,тарелка,0.9772891402244568,0.022710859775543213,0.14143386483192444,0.9701370596885681,венчик,0.973543643951416,0.026456356048583984,0.1428472101688385,0.9531614780426025,фрагмент,0.9995354413986206,0.00046455860137939453,0.004029499366879463,0.9990708827972412,фаянс,0.96989506483078,0.03010493516921997,0.1651311218738556,0.9527531862258911,0.01993417739868164,0.1133604240603745,0.9687806516885757
data/raw/images/Нейш3А-2018-0454_orig.jpg,Нейш3А-2018-0454,блюдце,0.9616259336471558,0.03837406635284424,0.20348557829856873,0.9386366009712219,донце,0.9826527833938599,0.017347216606140137,0.11014590412378311,0.9745241403579712,фрагмент,0.9859524965286255,0.014047503471374512,0.07386533170938492,0.971904993057251,стекло,0.9944792985916138,0.0055207014083862305,0.04140589013695717,0.9925035238265991,0.01882237195968628,0.10722567606717348,0.9693923145532608
data/raw/images/Нейш3А-2018-0499_orig.jpg,Нейш3А-2018-0499,тарелка,0.998163640499115,0.0018363595008850098,0.0157480388879776,0.9972715973854065,профиль,0.9652754068374634,0.03472459316253662,0.1783428192138672,0.9449219703674316,фрагмент,0.9999163150787354,8.368492126464844e-05,0.0008694185526110232,0.9998326301574707,фаянс,0.9324149489402771,0.0675850510597229,0.3050140142440796,0.8953182101249695,0.026057422161102295,0.12499357272463385,0.9593361020088196
data/raw/images/Нейш3А-2018-0500_orig.jpg,Нейш3А-2018-0500,крышка,0.9975451827049255,0.002454817295074463,0.0208887942135334,0.9968031048774719,ручка,0.7387966513633728,0.2612033486366272,0.7590635418891907,0.529647171497345,целый,0.9810927510261536,0.018907248973846436,0.09375543892383575,0.9621854424476624,фарфор,0.8854206204414368,0.11457937955856323,0.5007612705230713,0.8328395485877991,0.09928619861602783,0.3436172613874078,0.8303688168525696
data/raw/images/Нейш3А-2018-0645_orig.jpg,Нейш3А-2018-0645,изразец,0.9986316561698914,0.0013683438301086426,0.01169643085449934,0.9978058934211731,профиль,0.9793074131011963,0.02069258689880371,0.12544366717338562,0.9666346311569214,фрагмент,0.9932918548583984,0.0067081451416015625,0.040256042033433914,0.9865837097167969,керамика,0.9992234706878662,0.0007765293121337891,0.007053217850625515,0.9988608360290527,0.007386401295661926,0.0461123394779861,0.987471267580986
data/raw/images/Нейш3А-2018-0735_orig.jpg,Нейш3А-2018-0735,блюдце,0.9609549045562744,0.039045095443725586,0.19505614042282104,0.9328309893608093,профиль,0.9837559461593628,0.016244053840637207,0.09107224643230438,0.9701643586158752,фрагмент,0.999913215637207,8.678436279296875e-05,0.0008981602150015533,0.9998264312744141,фарфор,0.9398228526115417,0.06017714738845825,0.24977970123291016,0.8848776817321777,0.028888270258903503,0.13420156207575928,0.9469248652458191
data/raw/images/Нейш3А-2018-0817_orig.jpg,Нейш3А-2018-0817,тарелка,0.9926793575286865,0.0073206424713134766,0.04974966496229172,0.9873085618019104,донце,0.975004255771637,0.024995744228363037,0.12862856686115265,0.9527172446250916,фрагмент,0.998033344745636,0.0019666552543640137,0.014219779521226883,0.996066689491272,фарфор,0.9731584191322327,0.026841580867767334,0.15419378876686096,0.9598555564880371,0.015281155705451965,0.08669795002788305,0.9739870131015778
data/raw/images/Нейш3А-2018-0833_orig.jpg,Нейш3А-2018-0833,блюдце,0.9797700643539429,0.02022993564605713,0.10159441828727722,0.9600586891174316,профиль,0.9812660813331604,0.0187339186668396,0.11396990716457367,0.9713292717933655,фрагмент,0.9985954165458679,0.00140458345413208,0.01062860433012247,0.9971908926963806,фарфор,0.9927606582641602,0.007239341735839844,0.04778122156858444,0.987106442451477,0.011901944875717163,0.06849353783763945,0.9789213240146637
data/raw/images/Нейш3А-2018-0838_orig.jpg,Нейш3А-2018-0838,крышка,0.9986787438392639,0.001321256160736084,0.011743487790226936,0.9981309175491333,ручка,0.9972158670425415,0.002784132957458496,0.022237565368413925,0.9954140186309814,фрагмент,0.9579573273658752,0.042042672634124756,0.1743825525045395,0.9159145951271057,фарфор,0.9276667237281799,0.07233327627182007,0.3297407627105713,0.8873901963233948,0.02962033450603485,0.1345260920934379,0.9492124319076538
data/raw/images/Нейш3А-2018-0844_orig.jpg,Нейш3А-2018-0844,блюдце,0.9067853689193726,0.09321463108062744,0.3637560307979584,0.835493266582489,профиль,0.9863021373748779,0.01369786262512207,0.08061036467552185,0.9748855829238892,фрагмент,0.9983863830566406,0.001613616943359375,0.01198696531355381,0.9967727065086365,фаянс,0.9676049947738647,0.032395005226135254,0.1665862649679184,0.9451196789741516,0.035230278968811035,0.1557349064387381,0.9380678087472916
data/raw/images/Нейш3А-2018-0848_orig.jpg,Нейш3А-2018-0848,тарелка,0.9966894388198853,0.003310561180114746,0.024012358859181404,0.9938760995864868,профиль,0.9760735034942627,0.023926496505737305,0.11758533120155334,0.9530718326568604,фрагмент,0.999968409538269,3.159046173095703e-05,0.0003592926368582994,0.9999367594718933,фаянс,0.9378796815872192,0.06212031841278076,0.23959198594093323,0.8769789934158325,0.022347241640090942,0.09538724215963157,0.9559659212827682
data/raw/images/Нейш3А-2018-0956_orig.jpg,Нейш3А-2018-0956,изразец,0.9995031356811523,0.0004968643188476562,0.004757663235068321,0.9991534948348999,профиль,0.9313817620277405,0.06861823797225952,0.32065218687057495,0.8952022194862366,фрагмент,0.9996591806411743,0.0003408193588256836,0.0030615320429205894,0.9993184208869934,керамика,0.998869001865387,0.0011309981346130371,0.009241625666618347,0.9978528618812561,0.017646729946136475,0.08442825195379555,0.9728817492723465
data/raw/images/Нейш3А-2018-0986_orig.jpg,Нейш3А-2018-0986,крышка,0.994831919670105,0.0051680803298950195,0.03814678266644478,0.9920516014099121,венчик,0.9734058380126953,0.026594161987304688,0.1404963731765747,0.9539596438407898,фрагмент,0.966002345085144,0.03399765491485596,0.1483747512102127,0.9320047497749329,керамика,0.998896598815918,0.0011034011840820312,0.009978985413908958,0.9984406232833862,0.016715824604034424,0.08424922311678529,0.9691141545772552
data/raw/images/Нейш3А-2018-1035_orig.jpg,Нейш3А-2018-1035,крышка,0.9970036149024963,0.002996385097503662,0.022828135639429092,0.9950001239776611,венчик,0.97125643491745,0.02874356508255005,0.15916968882083893,0.9530764222145081,фрагмент,0.998956561088562,0.0010434389114379883,0.00820651650428772,0.997913122177124,фарфор,0.9433976411819458,0.0566023588180542,0.2743070125579834,0.908184289932251,0.022346436977386475,0.11612783838063478,0.963543489575386
data/raw/images/Нейш3А-2018-1154_orig.jpg,Нейш3А-2018-1154,тарелка,0.9930526614189148,0.006947338581085205,0.048103075474500656,0.9894172549247742,венчик,0.9768394827842712,0.02316051721572876,0.13218149542808533,0.9611750245094299,фрагмент,0.9998149275779724,0.0001850724220275879,0.00177628337405622,0.9996297955513,керамика,0.9849992394447327,0.015000760555267334,0.08707710355520248,0.9729474782943726,0.011323422193527222,0.06728448945796117,0.9807923883199692
data/raw/images/Нейш3А-2018-1174_orig.jpg,Нейш3А-2018-1174,крышка,0.9318525791168213,0.06814742088317871,0.3048649728298187,0.8811646699905396,профиль,0.9016347527503967,0.09836524724960327,0.3895081877708435,0.8225210309028625,фрагмент,0.99991774559021,8.225440979003906e-05,0.0008553909137845039,0.9998355507850647,фаянс,0.9864641427993774,0.013535857200622559,0.08190001547336578,0.9772316813468933,0.045032694935798645,0.19428214174695313,0.92018823325634
data/raw/images/Нейш3А-2018-1178_orig.jpg,Нейш3А-2018-1178,тарелка,0.9764838814735413,0.02351611852645874,0.14049646258354187,0.9665623307228088,профиль,0.9868326187133789,0.013167381286621094,0.08323533833026886,0.9778778553009033,фрагмент,0.9980257749557495,0.0019742250442504883,0.014266765676438808,0.996051549911499,керамика,0.9463942646980286,0.053605735301971436,0.22385714948177338,0.8960157036781311,0.02306586503982544,0.11546392901800573,0.9591268599033356
data/raw/images/Нейш3А-2018-1180_orig.jpg,Нейш3А-2018-1180,блюдце,0.9771050214767456,0.022894978523254395,0.12687772512435913,0.9657440781593323,профиль,0.9886442422866821,0.011355757713317871,0.07258301228284836,0.9830877780914307,фрагмент,0.9994485974311829,0.0005514025688171387,0.004688161425292492,0.9988972544670105,фарфор,0.9919162392616272,0.008083760738372803,0.05414518341422081,0.9863733649253845,0.010721474885940552,0.0645735205616802,0.9835256189107895
data/raw/images/Нейш3А-2018-1182_orig.jpg,Нейш3А-2018-1182,крышка,0.9991703033447266,0.0008296966552734375,0.007638599723577499,0.9986722469329834,ручка,0.9974429607391357,0.002557039260864258,0.021644584834575653,0.9966121912002563,фрагмент,0.9836371541023254,0.01636284589767456,0.08352446556091309,0.9672743082046509,фарфор,0.9272882342338562,0.0727117657661438,0.3288195729255676,0.8855574727058411,0.023115336894989014,0.11040680576115847,0.9620290547609329
data/raw/images/Нейш3А-2018-1232_orig.jpg,Нейш3А-2018-1232,тарелка,0.9585190415382385,0.041480958461761475,0.21068136394023895,0.9314928650856018,венчик,0.9882787466049194,0.011721253395080566,0.06908606737852097,0.9778174161911011,фрагмент,0.9995262622833252,0.0004737377166748047,0.004100014455616474,0.9990525245666504,керамика,0.9843940138816833,0.01560598611831665,0.08920587599277496,0.9712290167808533,0.017320483922958374,0.09326833044178784,0.9698979556560516
data/raw/images/Нейш3А-2018-1282_orig.jpg,Нейш3А-2018-1282,тарелка,0.9974567294120789,0.0025432705879211426,0.020518667995929718,0.99630206823349,донце,0.9852619767189026,0.014738023281097412,0.08902029693126678,0.9762310981750488,фрагмент,0.9999028444290161,9.715557098388672e-05,0.0009944624034687877,0.999805748462677,фаянс,0.9548531174659729,0.0451468825340271,0.2151021659374237,0.9223611354827881,0.015631332993507385,0.08140889831702225,0.973675012588501
data/raw/images/Нейш3А-2018-1311_orig.jpg,Нейш3А-2018-1311,крышка,0.9683176875114441,0.03168231248855591,0.1676008403301239,0.9463087916374207,профиль,0.9916734099388123,0.008326590061187744,0.059237562119960785,0.9878207445144653,фрагмент,0.9996405839920044,0.00035941600799560547,0.0032096621580421925,0.9992812275886536,фарфор,0.9509309530258179,0.04906904697418213,0.23779766261577606,0.9165631532669067,0.022359341382980347,0.11696143180597574,0.9624934792518616
data/raw/images/Нейш3А-2018-1469_orig.jpg,Нейш3А-2018-1469,крышка,0.9885064363479614,0.011493563652038574,0.06425859779119492,0.977294385433197,ручка,0.41878288984298706,0.5812171101570129,1.4778821468353271,0.14753395318984985,целый,0.9775773882865906,0.022422611713409424,0.1073233038187027,0.9551547765731812,фарфор,0.9669297933578491,0.03307020664215088,0.16068904101848602,0.9375085234642029,0.16205087304115295,0.4525382723659277,0.7543729096651077
data/raw/images/Нейш3А-2018-1473_orig.jpg,Нейш3А-2018-1473,крышка,0.9881721138954163,0.01182788610458374,0.07444515824317932,0.9799454808235168,ручка,0.9927685260772705,0.007231473922729492,0.05380627512931824,0.9906185269355774,фрагмент,0.9911276698112488,0.00887233018875122,0.05075298622250557,0.9822553396224976,фаянс,0.9310393929481506,0.06896060705184937,0.3250129818916321,0.9001960754394531,0.024223074316978455,0.1260043503716588,0.9632538557052612
data/raw/images/Нейш3А-2018-1671_orig.jpg,Нейш3А-2018-1671,крышка,0.9923819899559021,0.0076180100440979,0.04556437209248543,0.9848971962928772,профиль,0.7987309098243713,0.20126909017562866,0.7383753061294556,0.6752597689628601,целый,0.9923801422119141,0.0076198577880859375,0.04475266858935356,0.9847602844238281,стекло,0.9636823534965515,0.036317646503448486,0.17220908403396606,0.9311661124229431,0.06320615112781525,0.25022535771131516,0.8940208405256271
data/raw/images/Нейш3А-2018-1719_orig.jpg,Нейш3А-2018-1719,блюдце,0.9794131517410278,0.020586848258972168,0.11353828758001328,0.9643195271492004,профиль,0.9853600859642029,0.01463991403579712,0.08624953776597977,0.9746045470237732,фрагмент,0.999340832233429,0.0006591677665710449,0.005487238522619009,0.9986816048622131,фарфор,0.994831919670105,0.0051680803298950195,0.0354626439511776,0.9906253218650818,0.010263502597808838,0.06018442695494741,0.9820577502250671
data/raw/images/Нейш3А-2018-1755_orig.jpg,Нейш3А-2018-1755,миска,0.9926424622535706,0.007357537746429443,0.05116476118564606,0.9892587065696716,профиль,0.9935711622238159,0.006428837776184082,0.04150169715285301,0.9877579808235168,фрагмент,0.9971168041229248,0.0028831958770751953,0.019742581993341446,0.9942335486412048,керамика,0.99733966588974,0.0026603341102600098,0.02038428746163845,0.9952524900436401,0.004832476377487183,0.03319833194836974,0.9916256815195084
data/raw/images/Нейш3А-2018-1839_orig.jpg,Нейш3А-2018-1839,крышка,0.9983458518981934,0.0016541481018066406,0.013771549798548222,0.997168242931366,ручка,0.9578052759170532,0.04219472408294678,0.23815539479255676,0.9439443945884705,целый,0.9897938966751099,0.010206103324890137,0.05694662779569626,0.979587733745575,стекло,0.9684752225875854,0.03152477741241455,0.16991561651229858,0.9481678605079651,0.021394938230514526,0.11969729722477496,0.9672170579433441
data/raw/images/Нейш3А-2018-2400_orig.jpg,Нейш3А-2018-2400,крышка,0.9952168464660645,0.004783153533935547,0.03543545678257942,0.9922471642494202,ручка,0.9967581629753113,0.0032418370246887207,0.025900986045598984,0.9954778552055359,фрагмент,0.9994860887527466,0.000513911247253418,0.004406024236232042,0.9989721775054932,керамика,0.9940680265426636,0.005931973457336426,0.04371267557144165,0.9913625121116638,0.003617718815803528,0.027363785658963025,0.9945149272680283
data/raw/images/Нейш3А-2018-2510_orig.jpg,Нейш3А-2018-2510,крышка,0.997387707233429,0.002612292766571045,0.019571220502257347,0.9951100945472717,венчик,0.9781628251075745,0.021837174892425537,0.12899334728717804,0.966948390007019,фрагмент,0.9998334646224976,0.0001665353775024414,0.0016151239397004247,0.9996669888496399,фаянс,0.9542967081069946,0.04570329189300537,0.22964881360530853,0.926830530166626,0.0175798237323761,0.09495712633361109,0.9721390008926392
data/raw/images/Нейш3А-2018-2553_orig.jpg,Нейш3А-2018-2553,крышка,0.9998021721839905,0.00019782781600952148,0.0020347442477941513,0.9996625781059265,ручка,0.9931414723396301,0.006858527660369873,0.050700727850198746,0.989958643913269,фрагмент,0.8318182826042175,0.16818171739578247,0.4529913067817688,0.6636365652084351,фарфор,0.929828405380249,0.07017159461975098,0.3167169690132141,0.8891512155532837,0.06135241687297821,0.20561093697324395,0.8856022506952286
data/raw/images/Нейш3А-2018-2581_orig.jpg,Нейш3А-2018-2581,блюдце,0.992936909198761,0.007063090801239014,0.04954146221280098,0.9884161949157715,профиль,0.98028963804245,0.01971036195755005,0.11106179654598236,0.9647154211997986,фрагмент,0.9550257325172424,0.04497426748275757,0.18344245851039886,0.9100514650344849,фарфор,0.9730684161186218,0.026931583881378174,0.14189818501472473,0.952312171459198,0.0246698260307312,0.12148597557097673,0.9538738131523132
data/raw/images/Нейш3А-2018-2588_orig.jpg,Нейш3А-2018-2588,крышка,0.9953983426094055,0.004601657390594482,0.030862124636769295,0.9911414980888367,ручка,0.9940040707588196,0.00599592924118042,0.04557313770055771,0.9919702410697937,фрагмент,0.9124481678009033,0.08755183219909668,0.2968367040157318,0.8248963356018066,фарфор,0.9779647588729858,0.02203524112701416,0.12151499092578888,0.960839033126831,0.030046164989471436,0.12369673931971192,0.942211776971817
data/raw/images/Нейш3А-2018-2665_orig.jpg,Нейш3А-2018-2665,тарелка,0.984154462814331,0.015845537185668945,0.09926962852478027,0.9771713018417358,донце,0.9805072546005249,0.019492745399475098,0.11999811977148056,0.971828043460846,фрагмент,0.9991067051887512,0.0008932948112487793,0.007164151407778263,0.9982134699821472,керамика,0.9962081909179688,0.00379180908203125,0.027771100401878357,0.9934492111206055,0.010005846619606018,0.06355075002647936,0.9851655066013336
data/raw/images/Нейш3А-2018-3050_orig.jpg,Нейш3А-2018-3050,изразец,0.998992383480072,0.0010076165199279785,0.009159870445728302,0.9985682368278503,профиль,0.704689621925354,0.295310378074646,0.904415488243103,0.4990496039390564,целый,0.9757204055786133,0.02427959442138672,0.1142568588256836,0.9514408111572266,керамика,0.9981936812400818,0.0018063187599182129,0.015243170782923698,0.997494101524353,0.08060097694396973,0.26076884707435966,0.8616381883621216
data/raw/images/Нейш3А-2018-3690_orig.jpg,Нейш3А-2018-3690,блюдце,0.9973547458648682,0.002645254135131836,0.02102537825703621,0.9958270192146301,профиль,0.9690502882003784,0.030949711799621582,0.17435318231582642,0.9562807679176331,фрагмент,0.9944103360176086,0.005589663982391357,0.03456686809659004,0.9888206124305725,стекло,0.9836892485618591,0.01631075143814087,0.10159585624933243,0.9764710068702698,0.013873845338821411,0.08288532122969627,0.9793498516082764
data/raw/images/Нейш3А-2018-4071_orig.jpg,Нейш3А-2018-4071,изразец,0.9983581900596619,0.0016418099403381348,0.01400772761553526,0.9976381659507751,донце,0.3968033194541931,0.6031966805458069,1.4587640762329102,0.15443742275238037,целый,0.9866488575935364,0.013351142406463623,0.07088733464479446,0.973297655582428,керамика,0.9981605410575867,0.00183945894241333,0.015398148447275162,0.9971575736999512,0.1550072729587555,0.38976432173512876,0.7806327044963837
data/raw/images/Нейш3А-2018-4581_orig.jpg,Нейш3А-2018-4581,тарелка,0.9635134339332581,0.03648656606674194,0.16297027468681335,0.928155779838562,донце,0.9562529921531677,0.043747007846832275,0.19700443744659424,0.9164603352546692,фрагмент,0.9890838265419006,0.010916173458099365,0.06017036363482475,0.9781676530838013,фарфор,0.9956846237182617,0.004315376281738281,0.02960044890642166,0.9918248653411865,0.023866280913352966,0.1124363811686635,0.9536521583795547
data/raw/images/Нейш3А-2018-4583_orig.jpg,Нейш3А-2018-4583,блюдце,0.937750518321991,0.06224948167800903,0.28994959592819214,0.8945584297180176,профиль,0.9832143783569336,0.016785621643066406,0.09827037155628204,0.9709033966064453,фрагмент,0.9239907264709473,0.07600927352905273,0.2689127027988434,0.8479814529418945,фарфор,0.9949291944503784,0.005070805549621582,0.03715336322784424,0.9922543168067932,0.04002879559993744,0.17357150837779045,0.9264243990182877
data/raw/images/Нейш3А-2018-4742_orig.jpg,Нейш3А-2018-4742,блюдце,0.9966837763786316,0.003316223621368408,0.025382861495018005,0.9943781495094299,профиль,0.9903202652931213,0.009679734706878662,0.057923831045627594,0.9813414216041565,фрагмент,0.9487043619155884,0.05129563808441162,0.202312633395195,0.8974087238311768,фарфор,0.9811790585517883,0.01882094144821167,0.10906054079532623,0.9671825766563416,0.02077813446521759,0.09866996668279171,0.9600777179002762
data/raw/images/Нейш3А-2018-4743_orig.jpg,Нейш3А-2018-4743,блюдце,0.9806251525878906,0.019374847412109375,0.10127989947795868,0.9624521732330322,профиль,0.9858250617980957,0.014174938201904297,0.07815033197402954,0.9724027514457703,фрагмент,0.9554662704467773,0.044533729553222656,0.18209412693977356,0.9109325408935547,фарфор,0.9709367156028748,0.029063284397125244,0.1392967849969864,0.943464994430542,0.026786699891090393,0.12520528584718704,0.9473131150007248
data/raw/images/Нейш3А-2018-4751_orig.jpg,Нейш3А-2018-4751,блюдце,0.9766610264778137,0.02333897352218628,0.11425644159317017,0.9539385437965393,профиль,0.9239681363105774,0.07603186368942261,0.32839757204055786,0.8845732808113098,фрагмент,0.9962368011474609,0.0037631988525390625,0.024764250963926315,0.9924735426902771,фарфор,0.990760087966919,0.009239912033081055,0.05675327032804489,0.982568085193634,0.02809348702430725,0.1310428837314248,0.9533883631229401
data/raw/images/Нейш3А-2018-4837_orig.jpg,Нейш3А-2018-4837,миска,0.9904649257659912,0.009535074234008789,0.062033478170633316,0.9851890206336975,профиль,0.9885077476501465,0.011492252349853516,0.07545307278633118,0.9833448529243469,фрагмент,0.9979473948478699,0.002052605152130127,0.014753136783838272,0.9958948493003845,керамика,0.9993995428085327,0.0006004571914672852,0.005610375665128231,0.9989928603172302,0.005920097231864929,0.03946251585148275,0.9908553957939148
data/raw/images/Нейш3А-2018-4978_orig.jpg,Нейш3А-2018-4978,тарелка,0.9875932335853577,0.012406766414642334,0.0694696307182312,0.975802481174469,донце,0.996733546257019,0.003266453742980957,0.023412585258483887,0.9937935471534729,фрагмент,0.9999585151672363,4.1484832763671875e-05,0.0004597491933964193,0.9999170899391174,фаянс,0.9815927147865295,0.01840728521347046,0.09789547324180603,0.964725911617279,0.008530497550964355,0.047809359602979384,0.9835597574710846
data/raw/images/Нейш3А-2018-5005_orig.jpg,Нейш3А-2018-5005,блюдце,0.9495676755905151,0.05043232440948486,0.2133650779724121,0.9021851420402527,донце,0.9742156863212585,0.025784313678741455,0.14059826731681824,0.9595679044723511,фрагмент,0.9997987151145935,0.00020128488540649414,0.0019148977007716894,0.9995973706245422,фарфор,0.9811390042304993,0.018860995769500732,0.09737412631511688,0.9629877805709839,0.023819729685783386,0.11331309232627973,0.9560845494270325
data/raw/images/Нейш3А-2018-5125_orig.jpg,Нейш3А-2018-5125,тарелка,0.9658522009849548,0.034147799015045166,0.18631845712661743,0.946956217288971,венчик,0.9937229752540588,0.006277024745941162,0.04549568146467209,0.991263210773468,фрагмент,0.9957276582717896,0.004272341728210449,0.027571391314268112,0.9914553165435791,керамика,0.9965119957923889,0.003488004207611084,0.027177296578884125,0.9949660301208496,0.012046292424201965,0.07164070662111044,0.9811601936817169
data/raw/images/Нейш3А-2018-5221_orig.jpg,Нейш3А-2018-5221,блюдце,0.8991744518280029,0.10082554817199707,0.3967716693878174,0.8400906324386597,донце,0.9416600465774536,0.05833995342254639,0.2794814705848694,0.9062908887863159,фрагмент,0.999687671661377,0.0003123283386230469,0.002833215519785881,0.9993753433227539,фарфор,0.9417641758918762,0.05823582410812378,0.24426162242889404,0.8894601464271545,0.05442841351032257,0.23083699448034167,0.908804252743721
data/raw/images/Нейш3А-2018-5225_orig.jpg,Нейш3А-2018-5225,тарелка,0.9836134910583496,0.01638650894165039,0.09291264414787292,0.9696273803710938,профиль,0.9530643224716187,0.04693567752838135,0.20369791984558105,0.9090477228164673,фрагмент,0.9967620372772217,0.0032379627227783203,0.021795131266117096,0.9935241341590881,фарфор,0.9965218305587769,0.0034781694412231445,0.025010548532009125,0.9935484528541565,0.0175095796585083,0.08585406094789505,0.9664369225502014
data/raw/images/Нейш3А-2018-5236_orig.jpg,Нейш3А-2018-5236,тарелка,0.9747533202171326,0.02524667978286743,0.13672375679016113,0.9547861814498901,профиль,0.9860783815383911,0.013921618461608887,0.0799834281206131,0.9736769795417786,фрагмент,0.9869707822799683,0.013029217720031738,0.06949831545352936,0.9739415049552917,фарфор,0.983866810798645,0.01613318920135498,0.08870090544223785,0.9691175222396851,0.01708267629146576,0.09372660145163536,0.9678805470466614
data/raw/images/Нейш3А-2018-5599_orig.jpg,Нейш3А-2018-5599,тарелка,0.9981290698051453,0.0018709301948547363,0.014903061091899872,0.9966117739677429,донце,0.9978289008140564,0.0021710991859436035,0.01790020987391472,0.9965457916259766,фрагмент,0.9977768063545227,0.002223193645477295,0.01580195501446724,0.9955535531044006,фаянс,0.9870284795761108,0.01297152042388916,0.07746630907058716,0.9766517877578735,0.004809185862541199,0.03151788376271725,0.9913407266139984
data/raw/images/Нейш3А-2018-6024_orig.jpg,Нейш3А-2018-6024,миска,0.9936123490333557,0.006387650966644287,0.04153502732515335,0.987952709197998,венчик,0.9924117922782898,0.007588207721710205,0.04903305321931839,0.9861104488372803,фрагмент,0.9998613595962524,0.0001386404037475586,0.0013701152056455612,0.9997227191925049,керамика,0.9834893941879272,0.016510605812072754,0.08750166743993759,0.9676434397697449,0.007656276226043701,0.04485996579751372,0.985357329249382
data/raw/images/Нейш3А-2018-6028_orig.jpg,Нейш3А-2018-6028,миска,0.9832731485366821,0.01672685146331787,0.09829108417034149,0.9733355641365051,венчик,0.9286798238754272,0.07132017612457275,0.30100223422050476,0.8703820109367371,фрагмент,0.9999579191207886,4.208087921142578e-05,0.0004660862614400685,0.9999158382415771,керамика,0.9941644072532654,0.005835592746734619,0.037430815398693085,0.9886612296104431,0.023481175303459167,0.10929755501274485,0.9580736607313156
data/raw/images/Нейш3А-2018-6220_orig.jpg,Нейш3А-2018-6220,миска,0.9986145496368408,0.0013854503631591797,0.012075571343302727,0.9977805018424988,профиль,0.9913347363471985,0.008665263652801514,0.05764324963092804,0.9852184653282166,фрагмент,0.9998738765716553,0.00012612342834472656,0.0012587199453264475,0.9997477531433105,керамика,0.9852750301361084,0.014724969863891602,0.09229064732789993,0.976475179195404,0.006225451827049255,0.04081704706186429,0.9898054748773575
data/raw/images/Нейш3А-2018-6973_orig.jpg,Нейш3А-2018-6973,тарелка,0.9968132376670837,0.0031867623329162598,0.022672908380627632,0.9938806891441345,донце,0.9917118549346924,0.008288145065307617,0.05437677726149559,0.9851331114768982,фрагмент,0.9987472295761108,0.0012527704238891602,0.009623119607567787,0.9974945187568665,фаянс,0.9805049300193787,0.019495069980621338,0.10807865858078003,0.965819239616394,0.008055686950683594,0.04868786595761776,0.9855818897485733
data/raw/images/Нейш3А-2018-7213_orig.jpg,Нейш3А-2018-7213,тарелка,0.9752791523933411,0.024720847606658936,0.13165631890296936,0.954841673374176,профиль,0.9974530339241028,0.002546966075897217,0.019200019538402557,0.9953159689903259,фрагмент,0.9999635219573975,3.647804260253906e-05,0.0004086951375938952,0.9999271035194397,фаянс,0.879876434803009,0.12012356519699097,0.454183429479599,0.8088853359222412,0.036856964230537415,0.1513621157646412,0.9397425204515457
data/raw/images/Т-12-Р2-1636_orig.jpg,Т-12-Р2-1636,крышка,0.9969905614852905,0.0030094385147094727,0.02316931262612343,0.9951642751693726,профиль,0.48277875781059265,0.517221212387085,1.025589942932129,0.052892863750457764,фрагмент,0.9473966360092163,0.05260336399078369,0.20611043274402618,0.8947932720184326,стекло,0.9770299196243286,0.022970080375671387,0.12863408029079437,0.9626836776733398,0.14895102381706238,0.3458759421482682,0.7263835221529007
data/raw/images/Т-12-Р2-2696_orig.jpg,Т-12-Р2-2696,тарелка,0.9799817800521851,0.02001821994781494,0.11522455513477325,0.9647376537322998,донце,0.804363489151001,0.19563651084899902,0.5225907564163208,0.6137419939041138,фрагмент,0.9993446469306946,0.0006553530693054199,0.005459195468574762,0.9986892938613892,фаянс,0.9922572374343872,0.007742762565612793,0.052021369338035583,0.9870194792747498,0.056013211607933044,0.1738239690894261,0.8910471051931381
data/raw/images/Т-12-Р2-2697_orig.jpg,Т-12-Р2-2697,тарелка,0.9890908598899841,0.01090914011001587,0.07033376395702362,0.9811313152313232,профиль,0.981694757938385,0.01830524206161499,0.0970311239361763,0.9645722508430481,фрагмент,0.9996441602706909,0.00035583972930908203,0.003181691514328122,0.9992883205413818,фаянс,0.9977408647537231,0.0022591352462768555,0.018470363691449165,0.9966509938240051,0.0079573392868042,0.0472542357747443,0.9854107201099396
data/raw/images/Т-12-Р2-2699_orig.jpg,Т-12-Р2-2699,тарелка,0.9779387712478638,0.02206122875213623,0.11831490695476532,0.9595878720283508,донце,0.9555625915527344,0.044437408447265625,0.19609712064266205,0.9141892194747925,фрагмент,0.999332845211029,0.0006671547889709473,0.005545124877244234,0.9986657500267029,фаянс,0.9342020750045776,0.06579792499542236,0.25637733936309814,0.8713874220848083,0.03324092924594879,0.14408362295944244,0.9359575659036636
data/raw/images/Т-12-Р2-2712_orig.jpg,Т-12-Р2-2712,блюдце,0.9843706488609314,0.015629351139068604,0.08631764352321625,0.9703611731529236,профиль,0.9868249297142029,0.01317507028579712,0.07923126965761185,0.976423978805542,фрагмент,0.9990014433860779,0.0009985566139221191,0.00789734348654747,0.9980028867721558,фарфор,0.95307856798172,0.04692143201828003,0.21977964043617249,0.9148773550987244,0.019181102514266968,0.09830647427588701,0.9649163484573364
data/raw/images/Т-12-Р2-2921_orig.jpg,Т-12-Р2-2921,миска,0.9936750531196594,0.006324946880340576,0.045231789350509644,0.9902307391166687,профиль,0.6748339533805847,0.3251660466194153,0.7540351748466492,0.3854641318321228,фрагмент,0.9997259974479675,0.0002740025520324707,0.0025209193117916584,0.9994520545005798,керамика,0.9977254271507263,0.0022745728492736816,0.01848207600414753,0.9965106844902039,0.0835098922252655,0.2050674898782745,0.8429144024848938
data/raw/images/Т-12-Р2-3018_orig.jpg,Т-12-Р2-3018,крышка,0.9834469556808472,0.016553044319152832,0.10189855098724365,0.9729889631271362,профиль,0.8345798254013062,0.16542017459869385,0.6809723377227783,0.7662616968154907,фрагмент,0.9252640604972839,0.07473593950271606,0.2657204568386078,0.8505281805992126,керамика,0.6128467917442322,0.3871532082557678,0.9248244166374207,0.2953190505504608,0.16096559166908264,0.4933539405465126,0.7212744727730751
data/raw/images/Т-12-Р3-1008_orig.jpg,Т-12-Р3-1008,блюдце,0.9967376589775085,0.003262341022491455,0.024721849709749222,0.9947301149368286,профиль,0.8906612992286682,0.10933870077133179,0.454113245010376,0.8348327279090881,целый,0.9471321105957031,0.052867889404296875,0.2068745493888855,0.8942642211914062,фарфор,0.9960572719573975,0.003942728042602539,0.029264910146594048,0.9939902424812317,0.042352914810180664,0.17874363856390119,0.9294543266296387
data/raw/images/Т-12-Р3-1009_orig.jpg,Т-12-Р3-1009,миска,0.9993914365768433,0.0006085634231567383,0.005607429891824722,0.9989808201789856,профиль,0.9872549772262573,0.012745022773742676,0.08079829066991806,0.9792851209640503,фрагмент,0.9998478889465332,0.00015211105346679688,0.0014891455648466945,0.9996957778930664,керамика,0.9970556497573853,0.002944350242614746,0.02214747481048107,0.9946902990341187,0.004112511873245239,0.027510585234267637,0.9931630045175552
data/raw/images/Т-12-Р3-1124_orig.jpg,Т-12-Р3-1124,блюдце,0.9967094659805298,0.003290534019470215,0.024754956364631653,0.99500972032547,профиль,0.9611166715621948,0.038883328437805176,0.18813097476959229,0.9291844367980957,фрагмент,0.8944131731987,0.10558682680130005,0.33718788623809814,0.7888263463973999,фарфор,0.9983647465705872,0.0016352534294128418,0.013577825389802456,0.9974716901779175,0.03734898567199707,0.14091291069053113,0.9276230484247208
data/raw/images/Т-12-Р3-1540_orig.jpg,Т-12-Р3-1540,тарелка,0.9090963006019592,0.09090369939804077,0.3806600868701935,0.8535917401313782,профиль,0.9891752600669861,0.010824739933013916,0.06882461160421371,0.981634259223938,фрагмент,0.9997915625572205,0.00020843744277954102,0.0019754895474761724,0.9995830655097961,керамика,0.9930588006973267,0.00694119930267334,0.0426279753446579,0.9863362312316895,0.027219519019126892,0.12352204084163532,0.9552863240242004
data/raw/images/Т-12-Р3-2194_orig.jpg,Т-12-Р3-2194,тарелка,0.9833322763442993,0.016667723655700684,0.10371016710996628,0.9743835926055908,профиль,0.9982494115829468,0.0017505884170532227,0.013505818322300911,0.9966611862182617,фрагмент,0.9969307780265808,0.0030692219734191895,0.020824430510401726,0.9938614964485168,фаянс,0.9690687656402588,0.03093123435974121,0.15622417628765106,0.9437496066093445,0.013104692101478577,0.07356614805758,0.9771639704704285
data/raw/images/Т-12-Р3-2250_orig.jpg,Т-12-Р3-2250,изразец,0.9935664534568787,0.006433546543121338,0.04591839760541916,0.99031662940979,профиль,0.5994157195091248,0.40058428049087524,1.1592466831207275,0.41789841651916504,фрагмент,0.9938706159591675,0.0061293840408325195,0.03733756020665169,0.9877412915229797,керамика,0.9939425587654114,0.006057441234588623,0.04483293369412422,0.9919589161872864,0.10480116307735443,0.32183389365673065,0.8469788134098053
data/raw/images/Т-12-Р3-2937_orig.jpg,Т-12-Р3-2937,миска,0.9923182725906372,0.007681727409362793,0.05323706194758415,0.9885550141334534,профиль,0.5066096782684326,0.4933903217315674,0.9986417293548584,0.10578364133834839,целый,0.9785503149032593,0.021449685096740723,0.10362868010997772,0.9571006298065186,керамика,0.99724942445755,0.002750575542449951,0.021989665925502777,0.9957081079483032,0.1313180774450302,0.29437428433448076,0.7617868483066559
data/raw/images/Т-12-Р4-1097_orig.jpg,Т-12-Р4-1097,миска,0.999103844165802,0.000896155834197998,0.00833625067025423,0.9987197518348694,профиль,0.9844136238098145,0.015586376190185547,0.09115731716156006,0.9718316793441772,фрагмент,0.9996119141578674,0.00038808584213256836,0.0034362250007689,0.9992238283157349,керамика,0.9975589513778687,0.0024410486221313477,0.019347550347447395,0.9959736466407776,0.004827916622161865,0.030569335795007646,0.9914372265338898
data/raw/images/Т-12-Р4-1122_orig.jpg,Т-12-Р4-1122,тарелка,0.987929105758667,0.012070894241333008,0.07212605327367783,0.9776434898376465,профиль,0.9761949181556702,0.023805081844329834,0.12029674649238586,0.9539768695831299,фрагмент,0.9983474016189575,0.0016525983810424805,0.012236533686518669,0.9966948628425598,фаянс,0.9013060927391052,0.09869390726089478,0.3571363389492035,0.8116217255592346,0.034055620431900024,0.14044891810044646,0.9349842369556427
data/raw/images/Т-12-Р4-1123_orig.jpg,Т-12-Р4-1123,тарелка,0.975867509841919,0.024132490158081055,0.11665219813585281,0.9522663354873657,профиль,0.8858122825622559,0.11418771743774414,0.36490342020988464,0.7732340097427368,фрагмент,0.9730777144432068,0.026922285556793213,0.1238752156496048,0.9461554288864136,фаянс,0.9634959101676941,0.03650408983230591,0.15946894884109497,0.9274596571922302,0.05043664574623108,0.1912249457091093,0.8997788578271866
data/raw/images/Т-12-Р4-1141_orig.jpg,Т-12-Р4-1141,крышка,0.9485989212989807,0.05140107870101929,0.23025627434253693,0.9045464992523193,профиль,0.9960743188858032,0.003925681114196777,0.030379537492990494,0.9937833547592163,фрагмент,0.9997757077217102,0.00022429227828979492,0.002109169028699398,0.9995513558387756,фаянс,0.9746675491333008,0.02533245086669922,0.14787563681602478,0.9654234647750854,0.02022087574005127,0.1026551544200629,0.9658261686563492
data/raw/images/Т-12-Р4-1204_orig.jpg,Т-12-Р4-1204,блюдце,0.9299978017807007,0.07000219821929932,0.26198962330818176,0.8616969585418701,донце,0.9141066074371338,0.08589339256286621,0.31946295499801636,0.8335927128791809,фрагмент,0.9788732528686523,0.021126747131347656,0.1023923009634018,0.9577465653419495,фарфор,0.9522237181663513,0.04777628183364868,0.20068588852882385,0.9063425660133362,0.056199654936790466,0.22113269194960594,0.8898447006940842
data/raw/images/Т-12-Р4-1210_orig.jpg,Т-12-Р4-1210,блюдце,0.959710419178009,0.04028958082199097,0.18689483404159546,0.9241249561309814,донце,0.8016048669815063,0.19839513301849365,0.5343880653381348,0.6097172498703003,фрагмент,0.969283401966095,0.03071659803390503,0.13722428679466248,0.9385668635368347,фарфор,0.9758585691452026,0.024141430854797363,0.11741193383932114,0.9523665904998779,0.07338568568229675,0.24397978000342846,0.8561939150094986
data/raw/images/Т-12-Р4-1245_orig.jpg,Т-12-Р4-1245,тарелка,0.9895094633102417,0.0104905366897583,0.07033143937587738,0.9846181869506836,донце,0.8020427227020264,0.19795727729797363,0.6883468627929688,0.6660770177841187,фрагмент,0.9963973164558411,0.0036026835441589355,0.023865381255745888,0.9927945733070374,фаянс,0.9268613457679749,0.07313865423202515,0.3234497308731079,0.8739292621612549,0.071297287940979,0.276498353574425,0.8793547600507736
data/raw/images/ВО-1л58-2017-0013_orig.jpg,ВО-1л58-2017-0013,изразец,0.9982159733772278,0.0017840266227722168,0.014798682183027267,0.9970506429672241,профиль,0.9788843393325806,0.021115660667419434,0.12603692710399628,0.9703317284584045,фрагмент,0.9439338445663452,0.056066155433654785,0.2160033881664276,0.8878676295280457,керамика,0.9998879432678223,0.00011205673217773438,0.0012372296769171953,0.9998282790184021,0.019769474864006042,0.08951905678259209,0.9637695699930191
data/raw/images/ВО-1л58-2017-0015_orig.jpg,ВО-1л58-2017-0015,изразец,0.9982432126998901,0.0017567873001098633,0.0151682049036026,0.9976029396057129,профиль,0.9975710511207581,0.0024289488792419434,0.019248992204666138,0.9959165453910828,фрагмент,0.9975988268852234,0.0024011731147766113,0.016881611198186874,0.9951976537704468,керамика,0.9990648627281189,0.0009351372718811035,0.008172568865120411,0.9984054565429688,0.0018805116415023804,0.014867844292894006,0.9967806488275528
data/raw/images/ВО-1л58-2017-0019_orig.jpg,ВО-1л58-2017-0019,изразец,0.9996645450592041,0.00033545494079589844,0.0034191454760730267,0.9994847178459167,профиль,0.7913020253181458,0.20869797468185425,0.6683487892150879,0.6249276995658875,фрагмент,0.9449784755706787,0.05502152442932129,0.2130434513092041,0.8899569511413574,керамика,0.9977784752845764,0.002221524715423584,0.01725492812693119,0.9960183501243591,0.06656911969184875,0.22551657853182405,0.8775969296693802
data/raw/images/ВО-1л58-2017-0022_orig.jpg,ВО-1л58-2017-0022,изразец,0.8069834113121033,0.19301658868789673,0.6186009049415588,0.6828423142433167,донце,0.7415028214454651,0.2584971785545349,0.7173227071762085,0.5225343108177185,фрагмент,0.9879177212715149,0.012082278728485107,0.06536442041397095,0.9758354425430298,керамика,0.9768237471580505,0.023176252841949463,0.11791133880615234,0.9554997682571411,0.12169307470321655,0.37979984283447266,0.7841779589653015
data/raw/images/ВО-1л58-2017-0072_orig.jpg,ВО-1л58-2017-0072,блюдце,0.9854764342308044,0.014523565769195557,0.08248856663703918,0.9726007580757141,венчик,0.9583384990692139,0.04166150093078613,0.20460915565490723,0.9294869303703308,фрагмент,0.9959052801132202,0.004094719886779785,0.026599451899528503,0.9918105602264404,фарфор,0.9632073044776917,0.03679269552230835,0.18364772200584412,0.936012864112854,0.024268120527267456,0.12433622404932976,0.9574777781963348
data/raw/images/ВО-1л58-2017-0074_orig.jpg,ВО-1л58-2017-0074,блюдце,0.9803177118301392,0.01968228816986084,0.10167349874973297,0.961580753326416,донце,0.910608172416687,0.08939182758331299,0.34171628952026367,0.8309240341186523,фрагмент,0.9787105917930603,0.021289408206939697,0.1030157059431076,0.9574211835861206,фарфор,0.9972807168960571,0.002719283103942871,0.02059699408710003,0.9951519966125488,0.0332707017660141,0.14175062207505107,0.9362694919109344
data/raw/images/ВО-1л58-2017-0077_orig.jpg,ВО-1л58-2017-0077,крышка,0.997853696346283,0.002146303653717041,0.016790999099612236,0.9964923858642578,ручка,0.42192143201828003,0.57807856798172,1.2754006385803223,0.09298688173294067,фрагмент,0.9988516569137573,0.0011483430862426758,0.008921443484723568,0.9977033138275146,фарфор,0.9634047746658325,0.03659522533416748,0.17651250958442688,0.9338183999061584,0.1544921100139618,0.36940639768727124,0.7552502453327179
data/raw/images/ВО-1л58-2017-0092_orig.jpg,ВО-1л58-2017-0092,тарелка,0.9831517934799194,0.016848206520080566,0.10741622745990753,0.9750127196311951,профиль,0.9643463492393494,0.035653650760650635,0.1716989129781723,0.9338245987892151,фрагмент,0.9832725524902344,0.016727447509765625,0.08501379936933517,0.9665451049804688,фарфор,0.991474986076355,0.00852501392364502,0.05427918583154678,0.9843810796737671,0.01943857967853546,0.10460203140974045,0.9649408757686615
data/raw/images/ВО-1л58-2017-0104_orig.jpg,ВО-1л58-2017-0104,изразец,0.9894707202911377,0.010529279708862305,0.06613051146268845,0.9817466139793396,ручка,0.3121258020401001,0.6878741979598999,1.548150658607483,0.03365534543991089,фрагмент,0.9946517944335938,0.00534820556640625,0.03331000730395317,0.9893036484718323,керамика,0.9932032823562622,0.006796717643737793,0.042891208082437515,0.9869270324707031,0.17763710021972656,0.4226205963641405,0.7479081600904465
data/raw/images/ВО-1л58-2017-0105_orig.jpg,ВО-1л58-2017-0105,изразец,0.9998189806938171,0.00018101930618286133,0.0019494169391691685,0.9997186660766602,ручка,0.31702932715415955,0.6829706430435181,1.3588082790374756,0.017867833375930786,фрагмент,0.9891223311424255,0.010877668857574463,0.059996701776981354,0.9782446622848511,керамика,0.9996273517608643,0.0003726482391357422,0.00368107738904655,0.9993963241577148,0.17360049486160278,0.35610886878566816,0.7488068714737892
data/raw/images/ВО-1л58-2017-0281_orig.jpg,ВО-1л58-2017-0281,тарелка,0.9940775632858276,0.005922436714172363,0.04420922324061394,0.991441547870636,профиль,0.9679885506629944,0.032011449337005615,0.1730932593345642,0.9480765461921692,фрагмент,0.9998522996902466,0.00014770030975341797,0.001450560288503766,0.9997045993804932,фаянс,0.9571295976638794,0.042870402336120605,0.18086962401866913,0.9149121046066284,0.020237997174263,0.09990566672058776,0.9635336995124817
data/raw/images/ВО-1л58-2017-0297_orig.jpg,ВО-1л58-2017-0297,тарелка,0.9945117235183716,0.005488276481628418,0.04132147878408432,0.9923532605171204,донце,0.973032534122467,0.02696746587753296,0.1528560072183609,0.960665762424469,фрагмент,0.9999830722808838,1.6927719116210938e-05,0.00020295497961342335,0.9999661445617676,керамика,0.9687645435333252,0.031235456466674805,0.15604880452156067,0.9434500932693481,0.015927031636238098,0.08760731137590483,0.9741088151931763
data/raw/images/ВО-1л58-2017-0307_orig.jpg,ВО-1л58-2017-0307,изразец,0.9972459077835083,0.0027540922164916992,0.021491127088665962,0.9953460097312927,ручка,0.31717321276664734,0.6828267574310303,1.4171929359436035,0.023495197296142578,фрагмент,0.9964081645011902,0.0035918354988098145,0.023804111406207085,0.9928163290023804,керамика,0.9995442032814026,0.0004557967185974121,0.0045224754139781,0.9993619322776794,0.1724071204662323,0.36675266246311367,0.7527548670768738
data/raw/images/ВО-1л58-2017-0376_orig.jpg,ВО-1л58-2017-0376,миска,0.9993322491645813,0.0006677508354187012,0.0061888727359473705,0.998867392539978,венчик,0.9970898032188416,0.0029101967811584473,0.02155391499400139,0.9946130514144897,фрагмент,0.9999628067016602,3.719329833984375e-05,0.0004168063460383564,0.9999256134033203,керамика,0.9935909509658813,0.006409049034118652,0.04314380884170532,0.9884316325187683,0.002506047487258911,0.01782585072942311,0.9954594224691391
data/raw/images/ВО-1л58-2017-0393_orig.jpg,ВО-1л58-2017-0393,изразец,0.9944139719009399,0.005586028099060059,0.039457324892282486,0.9905200004577637,профиль,0.8363028168678284,0.16369718313217163,0.5916835069656372,0.7454923987388611,фрагмент,0.9770886301994324,0.022911369800567627,0.1091630607843399,0.9541772603988647,керамика,0.9996906518936157,0.00030934810638427734,0.0031626923009753227,0.9995699524879456,0.0481259822845459,0.18586664623580873,0.9224399030208588
data/raw/images/ВО-1л58-2017-0418_orig.jpg,ВО-1л58-2017-0418,тарелка,0.9950577020645142,0.00494229793548584,0.03762802109122276,0.9930976033210754,венчик,0.9712157249450684,0.02878427505493164,0.15443050861358643,0.9519410133361816,фрагмент,0.9943033456802368,0.005696654319763184,0.035120002925395966,0.9886066913604736,керамика,0.9914416670799255,0.008558332920074463,0.05597712844610214,0.9850257039070129,0.011995390057563782,0.07078891526907682,0.9796677529811859
data/raw/images/ВО-1л58-2017-0421_orig.jpg,ВО-1л58-2017-0421,тарелка,0.9841293096542358,0.01587069034576416,0.10464690625667572,0.9783375263214111,профиль,0.9842032194137573,0.015796780586242676,0.10209400951862335,0.9771689176559448,фрагмент,0.9998672008514404,0.0001327991485595703,0.0013178709195926785,0.9997344613075256,фаянс,0.9673618674278259,0.03263813257217407,0.17199108004570007,0.9476489424705505,0.01610960066318512,0.09501246668514796,0.975722461938858
data/raw/images/ВО-1л58-2017-0441_orig.jpg,ВО-1л58-2017-0441,миска,0.9869043231010437,0.013095676898956299,0.08097323775291443,0.9803781509399414,венчик,0.9353466629981995,0.06465333700180054,0.28666314482688904,0.8867369890213013,фрагмент,0.9997805953025818,0.0002194046974182129,0.0020679242443293333,0.9995611906051636,керамика,0.9997628331184387,0.0002371668815612793,0.002419181866571307,0.9995970129966736,0.019551396369934082,0.09303087217267603,0.96656833589077
data/raw/images/ВО-1л58-2017-0448_orig.jpg,ВО-1л58-2017-0448,изразец,0.9996044039726257,0.0003955960273742676,0.003957012668251991,0.9993923902511597,венчик,0.6270829439163208,0.3729170560836792,1.1190495491027832,0.4597399830818176,целый,0.929997980594635,0.07000201940536499,0.2536441683769226,0.85999596118927,керамика,0.9990251064300537,0.0009748935699462891,0.008886951021850109,0.998550534248352,0.11107239127159119,0.346384420292452,0.8294197171926498
data/raw/images/ВО-1л58-2017-0547_orig.jpg,ВО-1л58-2017-0547,тарелка,0.990906834602356,0.009093165397644043,0.06125341355800629,0.9853053092956543,венчик,0.9842950105667114,0.015704989433288574,0.09117317944765091,0.9717827439308167,фрагмент,0.9998481273651123,0.0001518726348876953,0.0014870836166664958,0.9996962547302246,фаянс,0.9910423755645752,0.008957624435424805,0.0557120218873024,0.9834590554237366,0.00847691297531128,0.05240642462740652,0.985060840845108
data/raw/images/ВО-1л58-2017-0573_orig.jpg,ВО-1л58-2017-0573,тарелка,0.9868360757827759,0.013163924217224121,0.0827036052942276,0.9790578484535217,венчик,0.9901224970817566,0.009877502918243408,0.06324784457683563,0.9835945963859558,фрагмент,0.9995542168617249,0.0004457831382751465,0.003885416081175208,0.9991083741188049,керамика,0.9548752903938293,0.045124709606170654,0.22444285452365875,0.9254929423332214,0.017152979969978333,0.0935699301189743,0.971813440322876
data/raw/images/ВО-1л58-2017-0635_orig.jpg,ВО-1л58-2017-0635,изразец,0.9969794750213623,0.0030205249786376953,0.024626892060041428,0.9956704378128052,профиль,0.7151681780815125,0.28483182191848755,0.8456214070320129,0.5475221872329712,фрагмент,0.974223256111145,0.02577674388885498,0.11974027752876282,0.94844651222229,керамика,0.9955022931098938,0.004497706890106201,0.03234240412712097,0.9928578734397888,0.0795316994190216,0.25558274518698454,0.8711242526769638
data/raw/images/ВО-1л58-2017-0689_orig.jpg,ВО-1л58-2017-0689,тарелка,0.9963499307632446,0.003650069236755371,0.02739574760198593,0.9937615394592285,донце,0.9937143921852112,0.006285607814788818,0.04444364830851555,0.989665687084198,фрагмент,0.9998026490211487,0.00019735097885131836,0.0018809708999469876,0.9996052980422974,фаянс,0.9294161200523376,0.07058387994766235,0.3138309121131897,0.8925453424453735,0.020179226994514465,0.09688781973090954,0.9688944667577744
data/raw/images/ВО-1л58-2017-0713_orig.jpg,ВО-1л58-2017-0713,изразец,0.9997157454490662,0.0002842545509338379,0.002951687900349498,0.9996063113212585,профиль,0.5487003922462463,0.45129960775375366,1.1445388793945312,0.318245530128479,фрагмент,0.9901589751243591,0.00984102487564087,0.05526990815997124,0.9803178906440735,керамика,0.9995965361595154,0.00040346384048461914,0.004096883814781904,0.9994595050811768,0.11545708775520325,0.3017143398174085,0.824407309293747
data/raw/images/ВО-1л58-2017-0721_orig.jpg,ВО-1л58-2017-0721,изразец,0.9931486248970032,0.006851375102996826,0.05005146563053131,0.9901898503303528,профиль,0.765625,0.234375,0.7789677381515503,0.6091001033782959,целый,0.9275392889976501,0.07246071100234985,0.2599579989910126,0.8550785779953003,керамика,0.998603880405426,0.0013961195945739746,0.01202023308724165,0.9977650046348572,0.07877080142498016,0.27524935896508396,0.8630333840847015
data/raw/images/ВО-1л58-2017-0734_orig.jpg,ВО-1л58-2017-0734,крышка,0.9913629293441772,0.008637070655822754,0.057551637291908264,0.9871429800987244,ручка,0.995943009853363,0.004056990146636963,0.03151658549904823,0.9945266842842102,фрагмент,0.9911211729049683,0.008878827095031738,0.05078358203172684,0.9822423458099365,керамика,0.9910774230957031,0.008922576904296875,0.05766147002577782,0.9841582775115967,0.0076238662004470825,0.04937831871211529,0.9870175719261169
data/raw/images/ВО-1л58-2017-0743_orig.jpg,ВО-1л58-2017-0743,тарелка,0.9920532703399658,0.00794672966003418,0.05509832501411438,0.987923264503479,профиль,0.9980870485305786,0.0019129514694213867,0.015738096088171005,0.9971545338630676,фрагмент,0.9999401569366455,5.984306335449219e-05,0.0006413048249669373,0.9998803734779358,керамика,0.9492209553718567,0.05077904462814331,0.20892012119293213,0.9001772403717041,0.015174642205238342,0.07009946178004611,0.9712838530540466
data/raw/images/ВО-1л58-2017-0745_orig.jpg,ВО-1л58-2017-0745,миска,0.9925030469894409,0.007496953010559082,0.04719993472099304,0.9857007265090942,венчик,0.9909335374832153,0.009066462516784668,0.05365411564707756,0.9822563529014587,фрагмент,0.9989551305770874,0.0010448694229125977,0.008216127753257751,0.9979102611541748,керамика,0.9934577345848083,0.00654226541519165,0.04404081031680107,0.9883108139038086,0.0060376375913619995,0.038277747109532356,0.9885445386171341
data/raw/images/ВО-1л58-2017-0753_orig.jpg,ВО-1л58-2017-0753,миска,0.9872645139694214,0.012735486030578613,0.07648581266403198,0.9770779609680176,венчик,0.972234308719635,0.02776569128036499,0.14836230874061584,0.9539835453033447,фрагмент,0.9995715022087097,0.0004284977912902832,0.0037515617441385984,0.9991430044174194,фаянс,0.9766445159912109,0.023355484008789062,0.1372026801109314,0.9677150845527649,0.016071289777755737,0.09145059081492946,0.9744798988103867
data/raw/images/ВО-1л58-2017-0768_orig.jpg,ВО-1л58-2017-0768,изразец,0.9929413795471191,0.007058620452880859,0.04686670005321503,0.9875133037567139,профиль,0.7011402249336243,0.29885977506637573,0.8222530484199524,0.4726170301437378,фрагмент,0.9979335069656372,0.002066493034362793,0.014839119277894497,0.9958670139312744,керамика,0.9893754720687866,0.010624527931213379,0.0604667142033577,0.9790608882904053,0.07965235412120819,0.2361063954886049,0.8587645590305328
data/raw/images/ВО-1л58-2017-0841_orig.jpg,ВО-1л58-2017-0841,изразец,0.9991909861564636,0.000809013843536377,0.00720418244600296,0.9985792636871338,профиль,0.7301890254020691,0.2698109745979309,0.674543559551239,0.4804561734199524,фрагмент,0.9930316209793091,0.006968379020690918,0.04155155271291733,0.9860632419586182,керамика,0.999665379524231,0.00033462047576904297,0.003215204458683729,0.9993941187858582,0.06948074698448181,0.18162862479221076,0.8661231994628906
data/raw/images/ВО-1л58-2017-0977_orig.jpg,ВО-1л58-2017-0977,миска,0.989516019821167,0.010483980178833008,0.0695490837097168,0.9847683310508728,венчик,0.916655421257019,0.08334457874298096,0.2978507876396179,0.835218608379364,фрагмент,0.9996843338012695,0.00031566619873046875,0.0028605395928025246,0.9993686079978943,керамика,0.9275832176208496,0.07241678237915039,0.31195345520973206,0.8699417114257812,0.041640251874923706,0.17055346653796732,0.9223243147134781
data/raw/images/ВО-1л58-2017-0981_orig.jpg,ВО-1л58-2017-0981,изразец,0.9994685053825378,0.0005314946174621582,0.005139012821018696,0.9992080926895142,профиль,0.670352041721344,0.329647958278656,0.8539664149284363,0.4196339249610901,фрагмент,0.8967945575714111,0.10320544242858887,0.3320695459842682,0.7935891151428223,керамика,0.9999121427536011,8.785724639892578e-05,0.0010051156859844923,0.9998660683631897,0.10836818814277649,0.2980450223549269,0.803074300289154
data/raw/images/ВО-1л58-2017-1001_orig.jpg,ВО-1л58-2017-1001,изразец,0.9996834993362427,0.0003165006637573242,0.0032415217719972134,0.9995213150978088,профиль,0.9128100872039795,0.08718991279602051,0.402737021446228,0.876352846622467,целый,0.9675767421722412,0.03242325782775879,0.14306709170341492,0.9351535439491272,керамика,0.999862790107727,0.00013720989227294922,0.0015132392290979624,0.999805748462677,0.030016720294952393,0.13763971853768453,0.95270836353302
data/raw/images/ВО-1л58-2017-1005_orig.jpg,ВО-1л58-2017-1005,изразец,0.9998524188995361,0.0001475811004638672,0.0016106974799185991,0.9997638463973999,профиль,0.7232298254966736,0.2767701745033264,0.9581860303878784,0.6008535027503967,фрагмент,0.9968354105949402,0.0031645894050598145,0.021374432370066643,0.9936707615852356,керамика,0.9992445707321167,0.0007554292678833008,0.006929061375558376,0.9987824559211731,0.07020944356918335,0.2470250554033555,0.8982676416635513
data/raw/images/ВО-1л58-2017-1009_orig.jpg,ВО-1л58-2017-1009,изразец,0.9993834495544434,0.0006165504455566406,0.005776052828878164,0.9990926384925842,профиль,0.6799439787864685,0.3200560212135315,0.8745656609535217,0.44157570600509644,фрагмент,0.9884979128837585,0.011502087116241455,0.06279502809047699,0.9769958257675171,керамика,0.99916672706604,0.0008332729339599609,0.007577168755233288,0.9986945986747742,0.08325198292732239,0.23767847765702754,0.854089692234993
data/raw/images/ВО-1л58-2017-1042_orig.jpg,ВО-1л58-2017-1042,изразец,0.9997547268867493,0.0002452731132507324,0.002578949322924018,0.9996378421783447,венчик,0.6648699641227722,0.3351300358772278,0.9576874375343323,0.4520489573478699,фрагмент,0.8524826169013977,0.1475173830986023,0.41837841272354126,0.7049652934074402,керамика,0.9995126724243164,0.00048732757568359375,0.004644033499062061,0.9992014765739441,0.1208450049161911,0.3458222082699649,0.7889633923768997
data/raw/images/ВО-1л58-2017-1102_orig.jpg,ВО-1л58-2017-1102,тарелка,0.9935495257377625,0.006450474262237549,0.04709994047880173,0.9904149770736694,венчик,0.9792436957359314,0.020756304264068604,0.12170495837926865,0.9672598242759705,фрагмент,0.9999268054962158,7.319450378417969e-05,0.0007705159368924797,0.9998535513877869,фаянс,0.9746320247650146,0.02536797523498535,0.14267706871032715,0.9595766663551331,0.013161987066268921,0.0780631208763225,0.97927625477314
data/raw/images/ВО-1л58-2017-1152_orig.jpg,ВО-1л58-2017-1152,миска,0.9909536838531494,0.009046316146850586,0.05494453012943268,0.982750654220581,венчик,0.9962233304977417,0.0037766695022583008,0.028514249250292778,0.9943286180496216,фрагмент,0.9989866614341736,0.001013338565826416,0.007999179884791374,0.9979733228683472,керамика,0.9966277480125427,0.0033722519874572754,0.025450168177485466,0.9943870902061462,0.0043021440505981445,0.029227031860500574,0.992359921336174
data/raw/images/ВО-1л58-2017-1157_orig.jpg,ВО-1л58-2017-1157,миска,0.9898897409439087,0.010110259056091309,0.06502939015626907,0.9848054647445679,венчик,0.9907041192054749,0.009295880794525146,0.05534295737743378,0.981981098651886,фрагмент,0.9949291944503784,0.005070805549621582,0.031853608787059784,0.9898583292961121,керамика,0.9996680021286011,0.0003319978713989258,0.003314936999231577,0.9994668960571289,0.006202235817909241,0.03888522332999855,0.9890279471874237
data/raw/images/ВО-1л58-2017-1273_orig.jpg,ВО-1л58-2017-1273,изразец,0.9964801669120789,0.0035198330879211426,0.02685900405049324,0.9942189455032349,профиль,0.9394453167915344,0.060554683208465576,0.28737756609916687,0.8998230695724487,целый,0.9707611203193665,0.029238879680633545,0.1320863664150238,0.9415222406387329,керамика,0.9993752837181091,0.0006247162818908691,0.005900140851736069,0.9990124106407166,0.023484528064727783,0.113055769354105,0.9586441665887833
